ISO-10303-21;
HEADER;
/* Generated by software containing ST-Developer
 * from STEP Tools, Inc. (www.steptools.com) 
 */
/* OPTION: using custom renumber hook */

FILE_DESCRIPTION(
/* description */ ('STEP AP242',
'CAx-IF Rec.Pracs.---Representation and Presentation of Product Manufa
cturing Information (PMI)---4.0---2014-10-13',
'CAx-IF Rec.Pracs.---3D Tessellated Geometry---0.4---2014-09-14','2;1'),

/* implementation_level */ '2;1');

FILE_NAME(
/* name */ '2060-472_998-404',
/* time_stamp */ '2025-11-23T16:00:42+01:00',
/* author */ ('License CC BY-ND 4.0'),
/* organization */ ('CADENAS'),
/* preprocessor_version */ 'ST-DEVELOPER v20',
/* originating_system */ 'PARTsolutions',
/* authorisation */ '  ');

FILE_SCHEMA (('AP242_MANAGED_MODEL_BASED_3D_ENGINEERING_MIM_LF { 1 0 10303 442 1 1 4 }'));
ENDSEC;

DATA;
#10=SHAPE_REPRESENTATION_RELATIONSHIP('','',#6215,#11);
#11=ADVANCED_BREP_SHAPE_REPRESENTATION('',(#6213),#9426);
#12=SPHERICAL_SURFACE('',#6490,0.799999999999999);
#13=SPHERICAL_SURFACE('',#6545,0.799999999999999);
#14=SPHERICAL_SURFACE('',#6632,0.2);
#15=SPHERICAL_SURFACE('',#6659,0.2);
#16=SPHERICAL_SURFACE('',#6664,0.2);
#17=SPHERICAL_SURFACE('',#6669,0.2);
#18=DEGENERATE_TOROIDAL_SURFACE('',#6354,0.249999999999992,0.25,.T.);
#19=DEGENERATE_TOROIDAL_SURFACE('',#6371,0.249999999999992,0.25,.T.);
#20=TOROIDAL_SURFACE('',#6314,0.499999999999999,0.25);
#21=TOROIDAL_SURFACE('',#6321,0.499999999999999,0.25);
#22=TOROIDAL_SURFACE('',#6347,0.5,0.25);
#23=TOROIDAL_SURFACE('',#6351,0.500000000000001,0.25);
#24=TOROIDAL_SURFACE('',#6358,10.7500000000001,0.25);
#25=TOROIDAL_SURFACE('',#6360,1.25,0.25);
#26=TOROIDAL_SURFACE('',#6365,1.25,0.25);
#27=TOROIDAL_SURFACE('',#6367,10.7500000000001,0.25);
#28=TOROIDAL_SURFACE('',#6374,0.500000000000001,0.25);
#29=TOROIDAL_SURFACE('',#6378,0.5,0.25);
#30=TOROIDAL_SURFACE('',#6608,0.399999999999999,0.2);
#31=TOROIDAL_SURFACE('',#6612,1.55,0.2);
#32=TOROIDAL_SURFACE('',#6614,0.39999999999988,0.2);
#33=TOROIDAL_SURFACE('',#6619,0.399999999999999,0.2);
#34=TOROIDAL_SURFACE('',#6623,1.55,0.2);
#35=TOROIDAL_SURFACE('',#6625,0.39999999999988,0.2);
#36=TOROIDAL_SURFACE('',#6635,0.399999999999999,0.2);
#37=TOROIDAL_SURFACE('',#6639,1.55,0.2);
#38=TOROIDAL_SURFACE('',#6641,0.39999999999988,0.2);
#39=TOROIDAL_SURFACE('',#6646,0.399999999999999,0.2);
#40=TOROIDAL_SURFACE('',#6650,1.55,0.2);
#41=TOROIDAL_SURFACE('',#6652,0.39999999999988,0.2);
#42=CYLINDRICAL_SURFACE('',#6247,1.5);
#43=CYLINDRICAL_SURFACE('',#6250,1.5);
#44=CYLINDRICAL_SURFACE('',#6252,1.5);
#45=CYLINDRICAL_SURFACE('',#6254,0.250000000000001);
#46=CYLINDRICAL_SURFACE('',#6257,0.250000000000001);
#47=CYLINDRICAL_SURFACE('',#6261,0.499999999999992);
#48=CYLINDRICAL_SURFACE('',#6264,0.499999999999992);
#49=CYLINDRICAL_SURFACE('',#6268,11.0000000000001);
#50=CYLINDRICAL_SURFACE('',#6271,11.0000000000001);
#51=CYLINDRICAL_SURFACE('',#6273,0.250000000000001);
#52=CYLINDRICAL_SURFACE('',#6276,0.499999999999992);
#53=CYLINDRICAL_SURFACE('',#6279,11.0000000000001);
#54=CYLINDRICAL_SURFACE('',#6281,0.749999999999999);
#55=CYLINDRICAL_SURFACE('',#6284,0.749999999999999);
#56=CYLINDRICAL_SURFACE('',#6289,0.25);
#57=CYLINDRICAL_SURFACE('',#6290,0.25);
#58=CYLINDRICAL_SURFACE('',#6299,0.749999999999999);
#59=CYLINDRICAL_SURFACE('',#6316,0.25);
#60=CYLINDRICAL_SURFACE('',#6318,0.25);
#61=CYLINDRICAL_SURFACE('',#6339,0.75);
#62=CYLINDRICAL_SURFACE('',#6349,0.25);
#63=CYLINDRICAL_SURFACE('',#6352,0.25);
#64=CYLINDRICAL_SURFACE('',#6356,0.25);
#65=CYLINDRICAL_SURFACE('',#6362,0.25);
#66=CYLINDRICAL_SURFACE('',#6363,0.25);
#67=CYLINDRICAL_SURFACE('',#6369,0.25);
#68=CYLINDRICAL_SURFACE('',#6373,0.25);
#69=CYLINDRICAL_SURFACE('',#6376,0.25);
#70=CYLINDRICAL_SURFACE('',#6383,2.2);
#71=CYLINDRICAL_SURFACE('',#6384,2.20000000000001);
#72=CYLINDRICAL_SURFACE('',#6385,2.2);
#73=CYLINDRICAL_SURFACE('',#6386,0.499999999999999);
#74=CYLINDRICAL_SURFACE('',#6387,2.19999999999999);
#75=CYLINDRICAL_SURFACE('',#6388,1.125);
#76=CYLINDRICAL_SURFACE('',#6391,1.125);
#77=CYLINDRICAL_SURFACE('',#6398,0.2);
#78=CYLINDRICAL_SURFACE('',#6399,0.200000000000001);
#79=CYLINDRICAL_SURFACE('',#6408,0.2);
#80=CYLINDRICAL_SURFACE('',#6409,0.200000000000001);
#81=CYLINDRICAL_SURFACE('',#6412,1.25);
#82=CYLINDRICAL_SURFACE('',#6418,1.25);
#83=CYLINDRICAL_SURFACE('',#6424,1.25);
#84=CYLINDRICAL_SURFACE('',#6430,1.25);
#85=CYLINDRICAL_SURFACE('',#6437,1.24999999999999);
#86=CYLINDRICAL_SURFACE('',#6441,0.199999999999999);
#87=CYLINDRICAL_SURFACE('',#6445,0.0999999999999983);
#88=CYLINDRICAL_SURFACE('',#6456,0.200000000000001);
#89=CYLINDRICAL_SURFACE('',#6472,0.19999999999988);
#90=CYLINDRICAL_SURFACE('',#6475,1.75);
#91=CYLINDRICAL_SURFACE('',#6479,0.199999999999999);
#92=CYLINDRICAL_SURFACE('',#6492,1.24999999999999);
#93=CYLINDRICAL_SURFACE('',#6496,0.199999999999999);
#94=CYLINDRICAL_SURFACE('',#6500,0.0999999999999983);
#95=CYLINDRICAL_SURFACE('',#6511,0.200000000000001);
#96=CYLINDRICAL_SURFACE('',#6527,0.19999999999988);
#97=CYLINDRICAL_SURFACE('',#6530,1.75);
#98=CYLINDRICAL_SURFACE('',#6534,0.199999999999999);
#99=CYLINDRICAL_SURFACE('',#6546,0.600000000000024);
#100=CYLINDRICAL_SURFACE('',#6550,0.600000000000003);
#101=CYLINDRICAL_SURFACE('',#6557,0.599999999999995);
#102=CYLINDRICAL_SURFACE('',#6565,0.449999999999994);
#103=CYLINDRICAL_SURFACE('',#6576,0.749999999999995);
#104=CYLINDRICAL_SURFACE('',#6577,0.600000000000024);
#105=CYLINDRICAL_SURFACE('',#6581,0.600000000000003);
#106=CYLINDRICAL_SURFACE('',#6588,0.599999999999995);
#107=CYLINDRICAL_SURFACE('',#6596,0.449999999999994);
#108=CYLINDRICAL_SURFACE('',#6607,0.749999999999995);
#109=CYLINDRICAL_SURFACE('',#6610,0.2);
#110=CYLINDRICAL_SURFACE('',#6616,0.2);
#111=CYLINDRICAL_SURFACE('',#6618,0.2);
#112=CYLINDRICAL_SURFACE('',#6621,0.2);
#113=CYLINDRICAL_SURFACE('',#6627,0.2);
#114=CYLINDRICAL_SURFACE('',#6629,0.2);
#115=CYLINDRICAL_SURFACE('',#6630,0.2);
#116=CYLINDRICAL_SURFACE('',#6634,0.2);
#117=CYLINDRICAL_SURFACE('',#6637,0.2);
#118=CYLINDRICAL_SURFACE('',#6643,0.2);
#119=CYLINDRICAL_SURFACE('',#6645,0.2);
#120=CYLINDRICAL_SURFACE('',#6648,0.2);
#121=CYLINDRICAL_SURFACE('',#6654,0.2);
#122=CYLINDRICAL_SURFACE('',#6656,0.2);
#123=CYLINDRICAL_SURFACE('',#6657,0.2);
#124=CYLINDRICAL_SURFACE('',#6661,0.2);
#125=CYLINDRICAL_SURFACE('',#6662,0.2);
#126=CYLINDRICAL_SURFACE('',#6666,0.2);
#127=CYLINDRICAL_SURFACE('',#6667,0.2);
#128=CYLINDRICAL_SURFACE('',#6671,0.2);
#129=B_SPLINE_CURVE_WITH_KNOTS('',3,(#8094,#8095,#8096,#8097),
 .UNSPECIFIED.,.F.,.F.,(4,4),(0.,0.000409499075193859),.UNSPECIFIED.);
#130=B_SPLINE_CURVE_WITH_KNOTS('',3,(#8101,#8102,#8103,#8104),
 .UNSPECIFIED.,.F.,.F.,(4,4),(0.,0.000409499075193859),.UNSPECIFIED.);
#131=B_SPLINE_CURVE_WITH_KNOTS('',3,(#8164,#8165,#8166,#8167),
 .UNSPECIFIED.,.F.,.F.,(4,4),(0.,0.00040949907519386),.UNSPECIFIED.);
#132=B_SPLINE_CURVE_WITH_KNOTS('',3,(#8171,#8172,#8173,#8174),
 .UNSPECIFIED.,.F.,.F.,(4,4),(0.,0.00040949907519386),.UNSPECIFIED.);
#133=B_SPLINE_CURVE_WITH_KNOTS('',3,(#8219,#8220,#8221,#8222),
 .UNSPECIFIED.,.F.,.F.,(4,4),(0.,0.000169218412377195),.UNSPECIFIED.);
#134=B_SPLINE_CURVE_WITH_KNOTS('',3,(#8233,#8234,#8235,#8236),
 .UNSPECIFIED.,.F.,.F.,(4,4),(0.,0.000169219327176828),.UNSPECIFIED.);
#135=B_SPLINE_CURVE_WITH_KNOTS('',3,(#8240,#8241,#8242,#8243),
 .UNSPECIFIED.,.F.,.F.,(4,4),(0.,0.000169218412377195),.UNSPECIFIED.);
#136=B_SPLINE_CURVE_WITH_KNOTS('',3,(#8284,#8285,#8286,#8287),
 .UNSPECIFIED.,.F.,.F.,(4,4),(0.,0.000169219327176827),.UNSPECIFIED.);
#137=B_SPLINE_CURVE_WITH_KNOTS('',3,(#8312,#8313,#8314,#8315),
 .UNSPECIFIED.,.F.,.F.,(4,4),(2.20619158197413E-19,0.000713474084911779),
 .UNSPECIFIED.);
#138=B_SPLINE_CURVE_WITH_KNOTS('',3,(#8321,#8322,#8323,#8324),
 .UNSPECIFIED.,.F.,.F.,(4,4),(0.,0.000227436981250246),.UNSPECIFIED.);
#139=B_SPLINE_CURVE_WITH_KNOTS('',3,(#8326,#8327,#8328,#8329,#8330),
 .UNSPECIFIED.,.F.,.F.,(4,1,4),(1.35525271560688E-20,0.000427703720234111,
0.000855407440468223),.UNSPECIFIED.);
#140=B_SPLINE_CURVE_WITH_KNOTS('',3,(#8332,#8333,#8334,#8335),
 .UNSPECIFIED.,.F.,.F.,(4,4),(2.30101237209584E-8,0.000227459991373969),
 .UNSPECIFIED.);
#141=B_SPLINE_CURVE_WITH_KNOTS('',3,(#8341,#8342,#8343,#8344),
 .UNSPECIFIED.,.F.,.F.,(4,4),(1.22055942735908E-7,0.000713176604695546),
 .UNSPECIFIED.);
#142=B_SPLINE_CURVE_WITH_KNOTS('',3,(#8349,#8350,#8351,#8352),
 .UNSPECIFIED.,.F.,.F.,(4,4),(3.0934218431476E-19,0.000713474084911779),
 .UNSPECIFIED.);
#143=B_SPLINE_CURVE_WITH_KNOTS('',3,(#8358,#8359,#8360,#8361),
 .UNSPECIFIED.,.F.,.F.,(4,4),(0.,0.000416635046601025),.UNSPECIFIED.);
#144=B_SPLINE_CURVE_WITH_KNOTS('',3,(#8423,#8424,#8425,#8426,#8427,#8428),
 .UNSPECIFIED.,.F.,.F.,(4,1,1,4),(4.37055868292169E-19,0.000157868607449738,
0.000315737214899477,0.000631474429798953),.UNSPECIFIED.);
#145=B_SPLINE_CURVE_WITH_KNOTS('',3,(#8430,#8431,#8432,#8433,#8434,#8435),
 .UNSPECIFIED.,.F.,.F.,(4,1,1,4),(6.54587712421067E-21,0.000322798619745775,
0.000484197929618663,0.00064559723949155),.UNSPECIFIED.);
#146=B_SPLINE_CURVE_WITH_KNOTS('',3,(#8439,#8440,#8441,#8442,#8443,#8444),
 .UNSPECIFIED.,.F.,.F.,(4,1,1,4),(2.71050543121376E-19,0.000163278365180325,
0.000326556730360649,0.000653113460721298),.UNSPECIFIED.);
#147=B_SPLINE_CURVE_WITH_KNOTS('',3,(#8446,#8447,#8448,#8449,#8450,#8451),
 .UNSPECIFIED.,.F.,.F.,(4,1,1,4),(3.95633913189611E-19,0.000311923376764184,
0.000467885065146276,0.000623846753528368),.UNSPECIFIED.);
#148=B_SPLINE_CURVE_WITH_KNOTS('',3,(#8468,#8469,#8470,#8471),
 .UNSPECIFIED.,.F.,.F.,(4,4),(1.22055942736439E-7,0.000713176604695547),
 .UNSPECIFIED.);
#149=B_SPLINE_CURVE_WITH_KNOTS('',3,(#8477,#8478,#8479,#8480),
 .UNSPECIFIED.,.F.,.F.,(4,4),(2.23647328307691E-8,0.000416657411333854),
 .UNSPECIFIED.);
#150=B_SPLINE_CURVE_WITH_KNOTS('',3,(#8538,#8539,#8540,#8541),
 .UNSPECIFIED.,.F.,.F.,(4,4),(2.92456769128656E-6,8.75839228765113E-5),
 .UNSPECIFIED.);
#151=B_SPLINE_CURVE_WITH_KNOTS('',3,(#8543,#8544,#8545,#8546,#8547),
 .UNSPECIFIED.,.F.,.F.,(4,1,4),(2.78554838419485E-13,0.000347568821700147,
0.000695137643121739),.UNSPECIFIED.);
#152=B_SPLINE_CURVE_WITH_KNOTS('',3,(#8554,#8555,#8556,#8557,#8558),
 .UNSPECIFIED.,.F.,.F.,(4,1,4),(1.55140562223052E-10,0.000344150279514582,
0.000688300403888602),.UNSPECIFIED.);
#153=B_SPLINE_CURVE_WITH_KNOTS('',3,(#8563,#8564,#8565,#8566),
 .UNSPECIFIED.,.F.,.F.,(4,4),(3.63999362034661E-7,8.5023511382498E-5),
 .UNSPECIFIED.);
#154=B_SPLINE_CURVE_WITH_KNOTS('',3,(#8643,#8644,#8645,#8646),
 .UNSPECIFIED.,.F.,.F.,(4,4),(0.,0.00039067480520923),.UNSPECIFIED.);
#155=B_SPLINE_CURVE_WITH_KNOTS('',3,(#8669,#8670,#8671,#8672),
 .UNSPECIFIED.,.F.,.F.,(4,4),(0.,0.000390674805209237),.UNSPECIFIED.);
#156=CIRCLE('',#6219,0.667720293898145);
#157=CIRCLE('',#6221,0.531787260847757);
#158=CIRCLE('',#6224,0.669412823504268);
#159=CIRCLE('',#6227,0.667720293898145);
#160=CIRCLE('',#6229,0.531787260847757);
#161=CIRCLE('',#6232,0.669412823504268);
#162=CIRCLE('',#6234,1.25);
#163=CIRCLE('',#6235,0.250000000000001);
#164=CIRCLE('',#6236,0.499999999999992);
#165=CIRCLE('',#6237,11.0000000000001);
#166=CIRCLE('',#6238,1.5);
#167=CIRCLE('',#6241,1.25);
#168=CIRCLE('',#6242,0.250000000000001);
#169=CIRCLE('',#6243,0.499999999999992);
#170=CIRCLE('',#6244,11.0000000000001);
#171=CIRCLE('',#6245,1.5);
#172=CIRCLE('',#6248,1.5);
#173=CIRCLE('',#6249,1.5);
#174=CIRCLE('',#6251,1.5);
#175=CIRCLE('',#6253,1.5);
#176=CIRCLE('',#6255,0.250000000000001);
#177=CIRCLE('',#6256,0.250000000000001);
#178=CIRCLE('',#6258,0.250000000000001);
#179=CIRCLE('',#6262,0.499999999999992);
#180=CIRCLE('',#6263,0.499999999999992);
#181=CIRCLE('',#6265,0.499999999999992);
#182=CIRCLE('',#6269,11.0000000000001);
#183=CIRCLE('',#6270,11.0000000000001);
#184=CIRCLE('',#6272,11.0000000000001);
#185=CIRCLE('',#6274,0.250000000000001);
#186=CIRCLE('',#6277,0.499999999999992);
#187=CIRCLE('',#6280,11.0000000000001);
#188=CIRCLE('',#6282,1.125);
#189=CIRCLE('',#6283,1.125);
#190=CIRCLE('',#6285,1.125);
#191=CIRCLE('',#6286,0.749999999999999);
#192=CIRCLE('',#6292,1.125);
#193=CIRCLE('',#6293,2.20000000000001);
#194=CIRCLE('',#6294,2.2);
#195=CIRCLE('',#6296,1.125);
#196=CIRCLE('',#6297,2.19999999999999);
#197=CIRCLE('',#6298,2.2);
#198=CIRCLE('',#6300,1.125);
#199=CIRCLE('',#6301,0.749999999999999);
#200=CIRCLE('',#6303,0.5);
#201=CIRCLE('',#6304,0.500000000000001);
#202=CIRCLE('',#6305,0.249999999999992);
#203=CIRCLE('',#6306,10.7500000000001);
#204=CIRCLE('',#6307,1.25);
#205=CIRCLE('',#6309,1.25);
#206=CIRCLE('',#6310,10.7500000000001);
#207=CIRCLE('',#6311,0.249999999999992);
#208=CIRCLE('',#6312,0.500000000000001);
#209=CIRCLE('',#6313,0.5);
#210=CIRCLE('',#6315,0.25);
#211=CIRCLE('',#6317,0.25);
#212=CIRCLE('',#6319,0.25);
#213=CIRCLE('',#6320,0.25);
#214=CIRCLE('',#6323,0.25);
#215=CIRCLE('',#6325,0.25);
#216=CIRCLE('',#6327,2.2);
#217=CIRCLE('',#6329,2.20000000000001);
#218=CIRCLE('',#6333,2.19999999999999);
#219=CIRCLE('',#6334,0.499999999999999);
#220=CIRCLE('',#6335,2.2);
#221=CIRCLE('',#6340,0.75);
#222=CIRCLE('',#6341,0.75);
#223=CIRCLE('',#6343,0.2);
#224=CIRCLE('',#6344,0.200000000000001);
#225=CIRCLE('',#6345,0.2);
#226=CIRCLE('',#6346,0.200000000000001);
#227=CIRCLE('',#6348,0.25);
#228=CIRCLE('',#6350,0.25);
#229=CIRCLE('',#6353,0.25);
#230=CIRCLE('',#6355,0.25);
#231=CIRCLE('',#6357,0.25);
#232=CIRCLE('',#6359,0.25);
#233=CIRCLE('',#6361,0.25);
#234=CIRCLE('',#6364,0.25);
#235=CIRCLE('',#6366,0.25);
#236=CIRCLE('',#6368,0.25);
#237=CIRCLE('',#6370,0.25);
#238=CIRCLE('',#6372,0.25);
#239=CIRCLE('',#6375,0.25);
#240=CIRCLE('',#6377,0.25);
#241=CIRCLE('',#6389,1.125);
#242=CIRCLE('',#6392,1.125);
#243=CIRCLE('',#6395,0.2);
#244=CIRCLE('',#6396,0.200000000000001);
#245=CIRCLE('',#6401,1.25);
#246=CIRCLE('',#6403,0.2);
#247=CIRCLE('',#6404,0.200000000000001);
#248=CIRCLE('',#6406,1.25);
#249=CIRCLE('',#6413,1.25);
#250=CIRCLE('',#6419,1.25);
#251=CIRCLE('',#6425,1.25);
#252=CIRCLE('',#6431,1.25);
#253=CIRCLE('',#6438,1.24999999999999);
#254=CIRCLE('',#6439,1.24999999999999);
#255=CIRCLE('',#6442,0.199999999999999);
#256=CIRCLE('',#6443,0.199999999999999);
#257=CIRCLE('',#6446,0.0999999999999983);
#258=CIRCLE('',#6447,0.0999999999999983);
#259=CIRCLE('',#6453,0.2);
#260=CIRCLE('',#6454,0.2);
#261=CIRCLE('',#6457,0.200000000000001);
#262=CIRCLE('',#6458,0.200000000000001);
#263=CIRCLE('',#6460,0.720506566714343);
#264=CIRCLE('',#6463,0.667720293898145);
#265=CIRCLE('',#6465,0.531787260847757);
#266=CIRCLE('',#6468,0.669412823504268);
#267=CIRCLE('',#6470,0.721491099709454);
#268=CIRCLE('',#6473,0.19999999999988);
#269=CIRCLE('',#6474,0.19999999999988);
#270=CIRCLE('',#6476,1.75);
#271=CIRCLE('',#6477,1.75);
#272=CIRCLE('',#6480,0.199999999999999);
#273=CIRCLE('',#6481,0.199999999999999);
#274=CIRCLE('',#6483,0.39999999999988);
#275=CIRCLE('',#6484,1.55);
#276=CIRCLE('',#6485,0.399999999999999);
#277=CIRCLE('',#6487,0.399999999999999);
#278=CIRCLE('',#6488,1.55);
#279=CIRCLE('',#6489,0.39999999999988);
#280=CIRCLE('',#6493,1.24999999999999);
#281=CIRCLE('',#6494,1.24999999999999);
#282=CIRCLE('',#6497,0.199999999999999);
#283=CIRCLE('',#6498,0.199999999999999);
#284=CIRCLE('',#6501,0.0999999999999983);
#285=CIRCLE('',#6502,0.0999999999999983);
#286=CIRCLE('',#6508,0.2);
#287=CIRCLE('',#6509,0.2);
#288=CIRCLE('',#6512,0.200000000000001);
#289=CIRCLE('',#6513,0.200000000000001);
#290=CIRCLE('',#6515,0.720506566714343);
#291=CIRCLE('',#6518,0.667720293898145);
#292=CIRCLE('',#6520,0.531787260847757);
#293=CIRCLE('',#6523,0.669412823504268);
#294=CIRCLE('',#6525,0.721491099709454);
#295=CIRCLE('',#6528,0.19999999999988);
#296=CIRCLE('',#6529,0.19999999999988);
#297=CIRCLE('',#6531,1.75);
#298=CIRCLE('',#6532,1.75);
#299=CIRCLE('',#6535,0.199999999999999);
#300=CIRCLE('',#6536,0.199999999999999);
#301=CIRCLE('',#6538,0.39999999999988);
#302=CIRCLE('',#6539,1.55);
#303=CIRCLE('',#6540,0.399999999999999);
#304=CIRCLE('',#6542,0.399999999999999);
#305=CIRCLE('',#6543,1.55);
#306=CIRCLE('',#6544,0.39999999999988);
#307=CIRCLE('',#6547,0.600000000000024);
#308=CIRCLE('',#6548,0.600000000000024);
#309=CIRCLE('',#6551,0.600000000000003);
#310=CIRCLE('',#6552,0.600000000000003);
#311=CIRCLE('',#6558,0.599999999999995);
#312=CIRCLE('',#6559,0.599999999999995);
#313=CIRCLE('',#6566,0.449999999999994);
#314=CIRCLE('',#6567,0.449999999999994);
#315=CIRCLE('',#6569,0.749999999999995);
#316=CIRCLE('',#6571,0.749999999999995);
#317=CIRCLE('',#6578,0.600000000000024);
#318=CIRCLE('',#6579,0.600000000000024);
#319=CIRCLE('',#6582,0.600000000000003);
#320=CIRCLE('',#6583,0.600000000000003);
#321=CIRCLE('',#6589,0.599999999999995);
#322=CIRCLE('',#6590,0.599999999999995);
#323=CIRCLE('',#6597,0.449999999999994);
#324=CIRCLE('',#6598,0.449999999999994);
#325=CIRCLE('',#6600,0.749999999999995);
#326=CIRCLE('',#6602,0.749999999999995);
#327=CIRCLE('',#6609,0.2);
#328=CIRCLE('',#6611,0.2);
#329=CIRCLE('',#6613,0.2);
#330=CIRCLE('',#6615,0.2);
#331=CIRCLE('',#6620,0.2);
#332=CIRCLE('',#6622,0.2);
#333=CIRCLE('',#6624,0.2);
#334=CIRCLE('',#6626,0.2);
#335=CIRCLE('',#6631,0.2);
#336=CIRCLE('',#6633,0.2);
#337=CIRCLE('',#6636,0.2);
#338=CIRCLE('',#6638,0.2);
#339=CIRCLE('',#6640,0.2);
#340=CIRCLE('',#6642,0.2);
#341=CIRCLE('',#6647,0.2);
#342=CIRCLE('',#6649,0.2);
#343=CIRCLE('',#6651,0.2);
#344=CIRCLE('',#6653,0.2);
#345=CIRCLE('',#6658,0.2);
#346=CIRCLE('',#6660,0.2);
#347=CIRCLE('',#6663,0.2);
#348=CIRCLE('',#6665,0.2);
#349=CIRCLE('',#6668,0.2);
#350=CIRCLE('',#6670,0.2);
#351=ELLIPSE('',#6218,0.212835554495182,0.2);
#352=ELLIPSE('',#6223,0.222520388095038,0.2);
#353=ELLIPSE('',#6226,0.212835554495182,0.2);
#354=ELLIPSE('',#6231,0.222520388095038,0.2);
#355=ELLIPSE('',#6337,1.29903810567666,1.125);
#356=ELLIPSE('',#6338,1.29903810567666,1.125);
#357=ELLIPSE('',#6462,0.212835554495182,0.2);
#358=ELLIPSE('',#6467,0.222520388095038,0.2);
#359=ELLIPSE('',#6517,0.212835554495182,0.2);
#360=ELLIPSE('',#6522,0.222520388095038,0.2);
#361=ELLIPSE('',#6617,0.202127810157057,0.2);
#362=ELLIPSE('',#6628,0.202127810157057,0.2);
#363=ELLIPSE('',#6644,0.202127810157057,0.2);
#364=ELLIPSE('',#6655,0.202127810157057,0.2);
#365=ORIENTED_EDGE('',*,*,#1681,.F.);
#366=ORIENTED_EDGE('',*,*,#1682,.T.);
#367=ORIENTED_EDGE('',*,*,#1683,.T.);
#368=ORIENTED_EDGE('',*,*,#1684,.T.);
#369=ORIENTED_EDGE('',*,*,#1685,.F.);
#370=ORIENTED_EDGE('',*,*,#1685,.T.);
#371=ORIENTED_EDGE('',*,*,#1686,.T.);
#372=ORIENTED_EDGE('',*,*,#1687,.F.);
#373=ORIENTED_EDGE('',*,*,#1688,.F.);
#374=ORIENTED_EDGE('',*,*,#1689,.F.);
#375=ORIENTED_EDGE('',*,*,#1690,.T.);
#376=ORIENTED_EDGE('',*,*,#1691,.F.);
#377=ORIENTED_EDGE('',*,*,#1687,.T.);
#378=ORIENTED_EDGE('',*,*,#1692,.T.);
#379=ORIENTED_EDGE('',*,*,#1693,.F.);
#380=ORIENTED_EDGE('',*,*,#1694,.T.);
#381=ORIENTED_EDGE('',*,*,#1695,.T.);
#382=ORIENTED_EDGE('',*,*,#1696,.T.);
#383=ORIENTED_EDGE('',*,*,#1697,.F.);
#384=ORIENTED_EDGE('',*,*,#1697,.T.);
#385=ORIENTED_EDGE('',*,*,#1698,.T.);
#386=ORIENTED_EDGE('',*,*,#1699,.F.);
#387=ORIENTED_EDGE('',*,*,#1700,.F.);
#388=ORIENTED_EDGE('',*,*,#1701,.F.);
#389=ORIENTED_EDGE('',*,*,#1702,.T.);
#390=ORIENTED_EDGE('',*,*,#1703,.F.);
#391=ORIENTED_EDGE('',*,*,#1699,.T.);
#392=ORIENTED_EDGE('',*,*,#1704,.T.);
#393=ORIENTED_EDGE('',*,*,#1705,.F.);
#394=ORIENTED_EDGE('',*,*,#1706,.F.);
#395=ORIENTED_EDGE('',*,*,#1707,.F.);
#396=ORIENTED_EDGE('',*,*,#1708,.F.);
#397=ORIENTED_EDGE('',*,*,#1709,.F.);
#398=ORIENTED_EDGE('',*,*,#1710,.F.);
#399=ORIENTED_EDGE('',*,*,#1711,.T.);
#400=ORIENTED_EDGE('',*,*,#1712,.F.);
#401=ORIENTED_EDGE('',*,*,#1713,.F.);
#402=ORIENTED_EDGE('',*,*,#1714,.F.);
#403=ORIENTED_EDGE('',*,*,#1715,.T.);
#404=ORIENTED_EDGE('',*,*,#1716,.T.);
#405=ORIENTED_EDGE('',*,*,#1717,.T.);
#406=ORIENTED_EDGE('',*,*,#1718,.T.);
#407=ORIENTED_EDGE('',*,*,#1719,.T.);
#408=ORIENTED_EDGE('',*,*,#1720,.F.);
#409=ORIENTED_EDGE('',*,*,#1721,.F.);
#410=ORIENTED_EDGE('',*,*,#1722,.T.);
#411=ORIENTED_EDGE('',*,*,#1723,.T.);
#412=ORIENTED_EDGE('',*,*,#1724,.T.);
#413=ORIENTED_EDGE('',*,*,#1725,.T.);
#414=ORIENTED_EDGE('',*,*,#1726,.T.);
#415=ORIENTED_EDGE('',*,*,#1727,.T.);
#416=ORIENTED_EDGE('',*,*,#1728,.T.);
#417=ORIENTED_EDGE('',*,*,#1729,.F.);
#418=ORIENTED_EDGE('',*,*,#1730,.T.);
#419=ORIENTED_EDGE('',*,*,#1731,.F.);
#420=ORIENTED_EDGE('',*,*,#1732,.T.);
#421=ORIENTED_EDGE('',*,*,#1733,.T.);
#422=ORIENTED_EDGE('',*,*,#1710,.T.);
#423=ORIENTED_EDGE('',*,*,#1734,.T.);
#424=ORIENTED_EDGE('',*,*,#1735,.F.);
#425=ORIENTED_EDGE('',*,*,#1736,.T.);
#426=ORIENTED_EDGE('',*,*,#1705,.T.);
#427=ORIENTED_EDGE('',*,*,#1737,.F.);
#428=ORIENTED_EDGE('',*,*,#1738,.F.);
#429=ORIENTED_EDGE('',*,*,#1739,.F.);
#430=ORIENTED_EDGE('',*,*,#1740,.F.);
#431=ORIENTED_EDGE('',*,*,#1741,.F.);
#432=ORIENTED_EDGE('',*,*,#1742,.F.);
#433=ORIENTED_EDGE('',*,*,#1743,.T.);
#434=ORIENTED_EDGE('',*,*,#1744,.F.);
#435=ORIENTED_EDGE('',*,*,#1745,.F.);
#436=ORIENTED_EDGE('',*,*,#1746,.F.);
#437=ORIENTED_EDGE('',*,*,#1747,.T.);
#438=ORIENTED_EDGE('',*,*,#1748,.T.);
#439=ORIENTED_EDGE('',*,*,#1749,.T.);
#440=ORIENTED_EDGE('',*,*,#1750,.T.);
#441=ORIENTED_EDGE('',*,*,#1751,.T.);
#442=ORIENTED_EDGE('',*,*,#1752,.F.);
#443=ORIENTED_EDGE('',*,*,#1753,.F.);
#444=ORIENTED_EDGE('',*,*,#1754,.T.);
#445=ORIENTED_EDGE('',*,*,#1755,.T.);
#446=ORIENTED_EDGE('',*,*,#1756,.T.);
#447=ORIENTED_EDGE('',*,*,#1757,.T.);
#448=ORIENTED_EDGE('',*,*,#1758,.T.);
#449=ORIENTED_EDGE('',*,*,#1759,.T.);
#450=ORIENTED_EDGE('',*,*,#1760,.T.);
#451=ORIENTED_EDGE('',*,*,#1761,.F.);
#452=ORIENTED_EDGE('',*,*,#1762,.T.);
#453=ORIENTED_EDGE('',*,*,#1763,.F.);
#454=ORIENTED_EDGE('',*,*,#1764,.T.);
#455=ORIENTED_EDGE('',*,*,#1765,.T.);
#456=ORIENTED_EDGE('',*,*,#1742,.T.);
#457=ORIENTED_EDGE('',*,*,#1766,.T.);
#458=ORIENTED_EDGE('',*,*,#1767,.F.);
#459=ORIENTED_EDGE('',*,*,#1768,.T.);
#460=ORIENTED_EDGE('',*,*,#1737,.T.);
#461=ORIENTED_EDGE('',*,*,#1769,.F.);
#462=ORIENTED_EDGE('',*,*,#1770,.F.);
#463=ORIENTED_EDGE('',*,*,#1771,.T.);
#464=ORIENTED_EDGE('',*,*,#1772,.T.);
#465=ORIENTED_EDGE('',*,*,#1773,.F.);
#466=ORIENTED_EDGE('',*,*,#1719,.F.);
#467=ORIENTED_EDGE('',*,*,#1774,.T.);
#468=ORIENTED_EDGE('',*,*,#1775,.F.);
#469=ORIENTED_EDGE('',*,*,#1776,.F.);
#470=ORIENTED_EDGE('',*,*,#1751,.F.);
#471=ORIENTED_EDGE('',*,*,#1777,.T.);
#472=ORIENTED_EDGE('',*,*,#1778,.T.);
#473=ORIENTED_EDGE('',*,*,#1779,.T.);
#474=ORIENTED_EDGE('',*,*,#1780,.T.);
#475=ORIENTED_EDGE('',*,*,#1781,.F.);
#476=ORIENTED_EDGE('',*,*,#1782,.T.);
#477=ORIENTED_EDGE('',*,*,#1783,.T.);
#478=ORIENTED_EDGE('',*,*,#1714,.T.);
#479=ORIENTED_EDGE('',*,*,#1784,.T.);
#480=ORIENTED_EDGE('',*,*,#1785,.T.);
#481=ORIENTED_EDGE('',*,*,#1786,.T.);
#482=ORIENTED_EDGE('',*,*,#1787,.T.);
#483=ORIENTED_EDGE('',*,*,#1788,.F.);
#484=ORIENTED_EDGE('',*,*,#1789,.F.);
#485=ORIENTED_EDGE('',*,*,#1790,.F.);
#486=ORIENTED_EDGE('',*,*,#1791,.T.);
#487=ORIENTED_EDGE('',*,*,#1781,.T.);
#488=ORIENTED_EDGE('',*,*,#1715,.F.);
#489=ORIENTED_EDGE('',*,*,#1788,.T.);
#490=ORIENTED_EDGE('',*,*,#1792,.F.);
#491=ORIENTED_EDGE('',*,*,#1793,.F.);
#492=ORIENTED_EDGE('',*,*,#1794,.F.);
#493=ORIENTED_EDGE('',*,*,#1795,.F.);
#494=ORIENTED_EDGE('',*,*,#1796,.T.);
#495=ORIENTED_EDGE('',*,*,#1790,.T.);
#496=ORIENTED_EDGE('',*,*,#1716,.F.);
#497=ORIENTED_EDGE('',*,*,#1793,.T.);
#498=ORIENTED_EDGE('',*,*,#1797,.F.);
#499=ORIENTED_EDGE('',*,*,#1798,.F.);
#500=ORIENTED_EDGE('',*,*,#1799,.F.);
#501=ORIENTED_EDGE('',*,*,#1800,.F.);
#502=ORIENTED_EDGE('',*,*,#1801,.T.);
#503=ORIENTED_EDGE('',*,*,#1795,.T.);
#504=ORIENTED_EDGE('',*,*,#1717,.F.);
#505=ORIENTED_EDGE('',*,*,#1798,.T.);
#506=ORIENTED_EDGE('',*,*,#1802,.F.);
#507=ORIENTED_EDGE('',*,*,#1803,.F.);
#508=ORIENTED_EDGE('',*,*,#1804,.F.);
#509=ORIENTED_EDGE('',*,*,#1772,.F.);
#510=ORIENTED_EDGE('',*,*,#1805,.T.);
#511=ORIENTED_EDGE('',*,*,#1800,.T.);
#512=ORIENTED_EDGE('',*,*,#1718,.F.);
#513=ORIENTED_EDGE('',*,*,#1803,.T.);
#514=ORIENTED_EDGE('',*,*,#1806,.F.);
#515=ORIENTED_EDGE('',*,*,#1774,.F.);
#516=ORIENTED_EDGE('',*,*,#1746,.T.);
#517=ORIENTED_EDGE('',*,*,#1807,.T.);
#518=ORIENTED_EDGE('',*,*,#1808,.T.);
#519=ORIENTED_EDGE('',*,*,#1809,.T.);
#520=ORIENTED_EDGE('',*,*,#1810,.F.);
#521=ORIENTED_EDGE('',*,*,#1747,.F.);
#522=ORIENTED_EDGE('',*,*,#1810,.T.);
#523=ORIENTED_EDGE('',*,*,#1811,.T.);
#524=ORIENTED_EDGE('',*,*,#1812,.F.);
#525=ORIENTED_EDGE('',*,*,#1748,.F.);
#526=ORIENTED_EDGE('',*,*,#1812,.T.);
#527=ORIENTED_EDGE('',*,*,#1813,.T.);
#528=ORIENTED_EDGE('',*,*,#1814,.F.);
#529=ORIENTED_EDGE('',*,*,#1749,.F.);
#530=ORIENTED_EDGE('',*,*,#1814,.T.);
#531=ORIENTED_EDGE('',*,*,#1815,.T.);
#532=ORIENTED_EDGE('',*,*,#1816,.F.);
#533=ORIENTED_EDGE('',*,*,#1750,.F.);
#534=ORIENTED_EDGE('',*,*,#1816,.T.);
#535=ORIENTED_EDGE('',*,*,#1817,.T.);
#536=ORIENTED_EDGE('',*,*,#1777,.F.);
#537=ORIENTED_EDGE('',*,*,#1818,.F.);
#538=ORIENTED_EDGE('',*,*,#1819,.T.);
#539=ORIENTED_EDGE('',*,*,#1820,.F.);
#540=ORIENTED_EDGE('',*,*,#1821,.T.);
#541=ORIENTED_EDGE('',*,*,#1822,.F.);
#542=ORIENTED_EDGE('',*,*,#1823,.T.);
#543=ORIENTED_EDGE('',*,*,#1824,.F.);
#544=ORIENTED_EDGE('',*,*,#1825,.T.);
#545=ORIENTED_EDGE('',*,*,#1826,.F.);
#546=ORIENTED_EDGE('',*,*,#1827,.T.);
#547=ORIENTED_EDGE('',*,*,#1828,.F.);
#548=ORIENTED_EDGE('',*,*,#1829,.T.);
#549=ORIENTED_EDGE('',*,*,#1830,.F.);
#550=ORIENTED_EDGE('',*,*,#1831,.T.);
#551=ORIENTED_EDGE('',*,*,#1832,.F.);
#552=ORIENTED_EDGE('',*,*,#1833,.T.);
#553=ORIENTED_EDGE('',*,*,#1834,.T.);
#554=ORIENTED_EDGE('',*,*,#1835,.T.);
#555=ORIENTED_EDGE('',*,*,#1836,.F.);
#556=ORIENTED_EDGE('',*,*,#1837,.F.);
#557=ORIENTED_EDGE('',*,*,#1838,.F.);
#558=ORIENTED_EDGE('',*,*,#1839,.T.);
#559=ORIENTED_EDGE('',*,*,#1840,.F.);
#560=ORIENTED_EDGE('',*,*,#1841,.F.);
#561=ORIENTED_EDGE('',*,*,#1842,.T.);
#562=ORIENTED_EDGE('',*,*,#1843,.T.);
#563=ORIENTED_EDGE('',*,*,#1844,.F.);
#564=ORIENTED_EDGE('',*,*,#1845,.F.);
#565=ORIENTED_EDGE('',*,*,#1846,.F.);
#566=ORIENTED_EDGE('',*,*,#1847,.F.);
#567=ORIENTED_EDGE('',*,*,#1848,.T.);
#568=ORIENTED_EDGE('',*,*,#1849,.T.);
#569=ORIENTED_EDGE('',*,*,#1850,.F.);
#570=ORIENTED_EDGE('',*,*,#1851,.F.);
#571=ORIENTED_EDGE('',*,*,#1852,.F.);
#572=ORIENTED_EDGE('',*,*,#1853,.T.);
#573=ORIENTED_EDGE('',*,*,#1854,.F.);
#574=ORIENTED_EDGE('',*,*,#1855,.F.);
#575=ORIENTED_EDGE('',*,*,#1856,.T.);
#576=ORIENTED_EDGE('',*,*,#1857,.T.);
#577=ORIENTED_EDGE('',*,*,#1858,.F.);
#578=ORIENTED_EDGE('',*,*,#1859,.F.);
#579=ORIENTED_EDGE('',*,*,#1860,.F.);
#580=ORIENTED_EDGE('',*,*,#1861,.F.);
#581=ORIENTED_EDGE('',*,*,#1862,.F.);
#582=ORIENTED_EDGE('',*,*,#1844,.T.);
#583=ORIENTED_EDGE('',*,*,#1863,.F.);
#584=ORIENTED_EDGE('',*,*,#1864,.F.);
#585=ORIENTED_EDGE('',*,*,#1865,.F.);
#586=ORIENTED_EDGE('',*,*,#1858,.T.);
#587=ORIENTED_EDGE('',*,*,#1866,.F.);
#588=ORIENTED_EDGE('',*,*,#1867,.F.);
#589=ORIENTED_EDGE('',*,*,#1821,.F.);
#590=ORIENTED_EDGE('',*,*,#1868,.F.);
#591=ORIENTED_EDGE('',*,*,#1869,.F.);
#592=ORIENTED_EDGE('',*,*,#1870,.T.);
#593=ORIENTED_EDGE('',*,*,#1864,.T.);
#594=ORIENTED_EDGE('',*,*,#1871,.T.);
#595=ORIENTED_EDGE('',*,*,#1831,.F.);
#596=ORIENTED_EDGE('',*,*,#1872,.F.);
#597=ORIENTED_EDGE('',*,*,#1825,.F.);
#598=ORIENTED_EDGE('',*,*,#1873,.T.);
#599=ORIENTED_EDGE('',*,*,#1867,.T.);
#600=ORIENTED_EDGE('',*,*,#1874,.T.);
#601=ORIENTED_EDGE('',*,*,#1869,.T.);
#602=ORIENTED_EDGE('',*,*,#1875,.F.);
#603=ORIENTED_EDGE('',*,*,#1876,.T.);
#604=ORIENTED_EDGE('',*,*,#1877,.F.);
#605=ORIENTED_EDGE('',*,*,#1878,.T.);
#606=ORIENTED_EDGE('',*,*,#1879,.F.);
#607=ORIENTED_EDGE('',*,*,#1880,.T.);
#608=ORIENTED_EDGE('',*,*,#1881,.T.);
#609=ORIENTED_EDGE('',*,*,#1882,.T.);
#610=ORIENTED_EDGE('',*,*,#1883,.T.);
#611=ORIENTED_EDGE('',*,*,#1884,.T.);
#612=ORIENTED_EDGE('',*,*,#1885,.T.);
#613=ORIENTED_EDGE('',*,*,#1886,.T.);
#614=ORIENTED_EDGE('',*,*,#1887,.T.);
#615=ORIENTED_EDGE('',*,*,#1888,.T.);
#616=ORIENTED_EDGE('',*,*,#1889,.T.);
#617=ORIENTED_EDGE('',*,*,#1890,.T.);
#618=ORIENTED_EDGE('',*,*,#1891,.T.);
#619=ORIENTED_EDGE('',*,*,#1892,.T.);
#620=ORIENTED_EDGE('',*,*,#1893,.F.);
#621=ORIENTED_EDGE('',*,*,#1894,.F.);
#622=ORIENTED_EDGE('',*,*,#1895,.F.);
#623=ORIENTED_EDGE('',*,*,#1896,.T.);
#624=ORIENTED_EDGE('',*,*,#1897,.T.);
#625=ORIENTED_EDGE('',*,*,#1898,.T.);
#626=ORIENTED_EDGE('',*,*,#1899,.T.);
#627=ORIENTED_EDGE('',*,*,#1900,.T.);
#628=ORIENTED_EDGE('',*,*,#1901,.T.);
#629=ORIENTED_EDGE('',*,*,#1902,.T.);
#630=ORIENTED_EDGE('',*,*,#1903,.T.);
#631=ORIENTED_EDGE('',*,*,#1904,.T.);
#632=ORIENTED_EDGE('',*,*,#1905,.T.);
#633=ORIENTED_EDGE('',*,*,#1906,.F.);
#634=ORIENTED_EDGE('',*,*,#1907,.T.);
#635=ORIENTED_EDGE('',*,*,#1878,.F.);
#636=ORIENTED_EDGE('',*,*,#1882,.F.);
#637=ORIENTED_EDGE('',*,*,#1908,.T.);
#638=ORIENTED_EDGE('',*,*,#1906,.T.);
#639=ORIENTED_EDGE('',*,*,#1909,.F.);
#640=ORIENTED_EDGE('',*,*,#1910,.F.);
#641=ORIENTED_EDGE('',*,*,#1911,.F.);
#642=ORIENTED_EDGE('',*,*,#1912,.T.);
#643=ORIENTED_EDGE('',*,*,#1905,.F.);
#644=ORIENTED_EDGE('',*,*,#1913,.T.);
#645=ORIENTED_EDGE('',*,*,#1914,.F.);
#646=ORIENTED_EDGE('',*,*,#1833,.F.);
#647=ORIENTED_EDGE('',*,*,#1915,.T.);
#648=ORIENTED_EDGE('',*,*,#1911,.T.);
#649=ORIENTED_EDGE('',*,*,#1916,.F.);
#650=ORIENTED_EDGE('',*,*,#1917,.T.);
#651=ORIENTED_EDGE('',*,*,#1918,.T.);
#652=ORIENTED_EDGE('',*,*,#1919,.T.);
#653=ORIENTED_EDGE('',*,*,#1895,.T.);
#654=ORIENTED_EDGE('',*,*,#1920,.T.);
#655=ORIENTED_EDGE('',*,*,#1921,.T.);
#656=ORIENTED_EDGE('',*,*,#1922,.F.);
#657=ORIENTED_EDGE('',*,*,#1892,.F.);
#658=ORIENTED_EDGE('',*,*,#1923,.T.);
#659=ORIENTED_EDGE('',*,*,#1924,.F.);
#660=ORIENTED_EDGE('',*,*,#1925,.T.);
#661=ORIENTED_EDGE('',*,*,#1916,.T.);
#662=ORIENTED_EDGE('',*,*,#1894,.T.);
#663=ORIENTED_EDGE('',*,*,#1926,.T.);
#664=ORIENTED_EDGE('',*,*,#1927,.F.);
#665=ORIENTED_EDGE('',*,*,#1880,.F.);
#666=ORIENTED_EDGE('',*,*,#1922,.T.);
#667=ORIENTED_EDGE('',*,*,#1928,.F.);
#668=ORIENTED_EDGE('',*,*,#1759,.F.);
#669=ORIENTED_EDGE('',*,*,#1752,.T.);
#670=ORIENTED_EDGE('',*,*,#1776,.T.);
#671=ORIENTED_EDGE('',*,*,#1929,.T.);
#672=ORIENTED_EDGE('',*,*,#1918,.F.);
#673=ORIENTED_EDGE('',*,*,#1930,.T.);
#674=ORIENTED_EDGE('',*,*,#1861,.T.);
#675=ORIENTED_EDGE('',*,*,#1931,.T.);
#676=ORIENTED_EDGE('',*,*,#1932,.F.);
#677=ORIENTED_EDGE('',*,*,#1933,.T.);
#678=ORIENTED_EDGE('',*,*,#1847,.T.);
#679=ORIENTED_EDGE('',*,*,#1934,.T.);
#680=ORIENTED_EDGE('',*,*,#1920,.F.);
#681=ORIENTED_EDGE('',*,*,#1935,.T.);
#682=ORIENTED_EDGE('',*,*,#1770,.T.);
#683=ORIENTED_EDGE('',*,*,#1936,.F.);
#684=ORIENTED_EDGE('',*,*,#1727,.F.);
#685=ORIENTED_EDGE('',*,*,#1720,.T.);
#686=ORIENTED_EDGE('',*,*,#1773,.T.);
#687=ORIENTED_EDGE('',*,*,#1932,.T.);
#688=ORIENTED_EDGE('',*,*,#1937,.T.);
#689=ORIENTED_EDGE('',*,*,#1938,.F.);
#690=ORIENTED_EDGE('',*,*,#1939,.F.);
#691=ORIENTED_EDGE('',*,*,#1938,.T.);
#692=ORIENTED_EDGE('',*,*,#1940,.T.);
#693=ORIENTED_EDGE('',*,*,#1941,.F.);
#694=ORIENTED_EDGE('',*,*,#1942,.T.);
#695=ORIENTED_EDGE('',*,*,#1943,.F.);
#696=ORIENTED_EDGE('',*,*,#1944,.T.);
#697=ORIENTED_EDGE('',*,*,#1877,.T.);
#698=ORIENTED_EDGE('',*,*,#1945,.T.);
#699=ORIENTED_EDGE('',*,*,#1818,.T.);
#700=ORIENTED_EDGE('',*,*,#1946,.T.);
#701=ORIENTED_EDGE('',*,*,#1828,.T.);
#702=ORIENTED_EDGE('',*,*,#1914,.T.);
#703=ORIENTED_EDGE('',*,*,#1947,.F.);
#704=ORIENTED_EDGE('',*,*,#1909,.T.);
#705=ORIENTED_EDGE('',*,*,#1948,.F.);
#706=ORIENTED_EDGE('',*,*,#1949,.T.);
#707=ORIENTED_EDGE('',*,*,#1947,.T.);
#708=ORIENTED_EDGE('',*,*,#1950,.T.);
#709=ORIENTED_EDGE('',*,*,#1951,.F.);
#710=ORIENTED_EDGE('',*,*,#1783,.F.);
#711=ORIENTED_EDGE('',*,*,#1952,.T.);
#712=ORIENTED_EDGE('',*,*,#1948,.T.);
#713=ORIENTED_EDGE('',*,*,#1953,.T.);
#714=ORIENTED_EDGE('',*,*,#1808,.F.);
#715=ORIENTED_EDGE('',*,*,#1954,.F.);
#716=ORIENTED_EDGE('',*,*,#1955,.F.);
#717=ORIENTED_EDGE('',*,*,#1956,.F.);
#718=ORIENTED_EDGE('',*,*,#1785,.F.);
#719=ORIENTED_EDGE('',*,*,#1957,.F.);
#720=ORIENTED_EDGE('',*,*,#1958,.F.);
#721=ORIENTED_EDGE('',*,*,#1910,.T.);
#722=ORIENTED_EDGE('',*,*,#1949,.F.);
#723=ORIENTED_EDGE('',*,*,#1959,.F.);
#724=ORIENTED_EDGE('',*,*,#1883,.F.);
#725=ORIENTED_EDGE('',*,*,#1959,.T.);
#726=ORIENTED_EDGE('',*,*,#1952,.F.);
#727=ORIENTED_EDGE('',*,*,#1960,.F.);
#728=ORIENTED_EDGE('',*,*,#1884,.F.);
#729=ORIENTED_EDGE('',*,*,#1960,.T.);
#730=ORIENTED_EDGE('',*,*,#1782,.F.);
#731=ORIENTED_EDGE('',*,*,#1961,.F.);
#732=ORIENTED_EDGE('',*,*,#1885,.F.);
#733=ORIENTED_EDGE('',*,*,#1961,.T.);
#734=ORIENTED_EDGE('',*,*,#1791,.F.);
#735=ORIENTED_EDGE('',*,*,#1962,.F.);
#736=ORIENTED_EDGE('',*,*,#1886,.F.);
#737=ORIENTED_EDGE('',*,*,#1962,.T.);
#738=ORIENTED_EDGE('',*,*,#1796,.F.);
#739=ORIENTED_EDGE('',*,*,#1963,.F.);
#740=ORIENTED_EDGE('',*,*,#1887,.F.);
#741=ORIENTED_EDGE('',*,*,#1963,.T.);
#742=ORIENTED_EDGE('',*,*,#1801,.F.);
#743=ORIENTED_EDGE('',*,*,#1964,.F.);
#744=ORIENTED_EDGE('',*,*,#1888,.F.);
#745=ORIENTED_EDGE('',*,*,#1964,.T.);
#746=ORIENTED_EDGE('',*,*,#1805,.F.);
#747=ORIENTED_EDGE('',*,*,#1965,.F.);
#748=ORIENTED_EDGE('',*,*,#1889,.F.);
#749=ORIENTED_EDGE('',*,*,#1965,.T.);
#750=ORIENTED_EDGE('',*,*,#1771,.F.);
#751=ORIENTED_EDGE('',*,*,#1966,.F.);
#752=ORIENTED_EDGE('',*,*,#1890,.F.);
#753=ORIENTED_EDGE('',*,*,#1966,.T.);
#754=ORIENTED_EDGE('',*,*,#1935,.F.);
#755=ORIENTED_EDGE('',*,*,#1923,.F.);
#756=ORIENTED_EDGE('',*,*,#1891,.F.);
#757=ORIENTED_EDGE('',*,*,#1919,.F.);
#758=ORIENTED_EDGE('',*,*,#1929,.F.);
#759=ORIENTED_EDGE('',*,*,#1967,.F.);
#760=ORIENTED_EDGE('',*,*,#1896,.F.);
#761=ORIENTED_EDGE('',*,*,#1967,.T.);
#762=ORIENTED_EDGE('',*,*,#1778,.F.);
#763=ORIENTED_EDGE('',*,*,#1968,.F.);
#764=ORIENTED_EDGE('',*,*,#1897,.F.);
#765=ORIENTED_EDGE('',*,*,#1968,.T.);
#766=ORIENTED_EDGE('',*,*,#1817,.F.);
#767=ORIENTED_EDGE('',*,*,#1969,.F.);
#768=ORIENTED_EDGE('',*,*,#1898,.F.);
#769=ORIENTED_EDGE('',*,*,#1969,.T.);
#770=ORIENTED_EDGE('',*,*,#1815,.F.);
#771=ORIENTED_EDGE('',*,*,#1970,.F.);
#772=ORIENTED_EDGE('',*,*,#1899,.F.);
#773=ORIENTED_EDGE('',*,*,#1970,.T.);
#774=ORIENTED_EDGE('',*,*,#1813,.F.);
#775=ORIENTED_EDGE('',*,*,#1971,.F.);
#776=ORIENTED_EDGE('',*,*,#1900,.F.);
#777=ORIENTED_EDGE('',*,*,#1971,.T.);
#778=ORIENTED_EDGE('',*,*,#1811,.F.);
#779=ORIENTED_EDGE('',*,*,#1972,.F.);
#780=ORIENTED_EDGE('',*,*,#1901,.F.);
#781=ORIENTED_EDGE('',*,*,#1972,.T.);
#782=ORIENTED_EDGE('',*,*,#1809,.F.);
#783=ORIENTED_EDGE('',*,*,#1973,.F.);
#784=ORIENTED_EDGE('',*,*,#1902,.F.);
#785=ORIENTED_EDGE('',*,*,#1973,.T.);
#786=ORIENTED_EDGE('',*,*,#1953,.F.);
#787=ORIENTED_EDGE('',*,*,#1974,.F.);
#788=ORIENTED_EDGE('',*,*,#1903,.F.);
#789=ORIENTED_EDGE('',*,*,#1974,.T.);
#790=ORIENTED_EDGE('',*,*,#1950,.F.);
#791=ORIENTED_EDGE('',*,*,#1913,.F.);
#792=ORIENTED_EDGE('',*,*,#1904,.F.);
#793=ORIENTED_EDGE('',*,*,#1842,.F.);
#794=ORIENTED_EDGE('',*,*,#1933,.F.);
#795=ORIENTED_EDGE('',*,*,#1939,.T.);
#796=ORIENTED_EDGE('',*,*,#1944,.F.);
#797=ORIENTED_EDGE('',*,*,#1934,.F.);
#798=ORIENTED_EDGE('',*,*,#1846,.T.);
#799=ORIENTED_EDGE('',*,*,#1926,.F.);
#800=ORIENTED_EDGE('',*,*,#1921,.F.);
#801=ORIENTED_EDGE('',*,*,#1925,.F.);
#802=ORIENTED_EDGE('',*,*,#1856,.F.);
#803=ORIENTED_EDGE('',*,*,#1930,.F.);
#804=ORIENTED_EDGE('',*,*,#1917,.F.);
#805=ORIENTED_EDGE('',*,*,#1937,.F.);
#806=ORIENTED_EDGE('',*,*,#1931,.F.);
#807=ORIENTED_EDGE('',*,*,#1860,.T.);
#808=ORIENTED_EDGE('',*,*,#1940,.F.);
#809=ORIENTED_EDGE('',*,*,#1866,.T.);
#810=ORIENTED_EDGE('',*,*,#1857,.F.);
#811=ORIENTED_EDGE('',*,*,#1924,.T.);
#812=ORIENTED_EDGE('',*,*,#1893,.T.);
#813=ORIENTED_EDGE('',*,*,#1912,.F.);
#814=ORIENTED_EDGE('',*,*,#1915,.F.);
#815=ORIENTED_EDGE('',*,*,#1832,.T.);
#816=ORIENTED_EDGE('',*,*,#1874,.F.);
#817=ORIENTED_EDGE('',*,*,#1862,.T.);
#818=ORIENTED_EDGE('',*,*,#1870,.F.);
#819=ORIENTED_EDGE('',*,*,#1879,.T.);
#820=ORIENTED_EDGE('',*,*,#1907,.F.);
#821=ORIENTED_EDGE('',*,*,#1908,.F.);
#822=ORIENTED_EDGE('',*,*,#1881,.F.);
#823=ORIENTED_EDGE('',*,*,#1927,.T.);
#824=ORIENTED_EDGE('',*,*,#1845,.T.);
#825=ORIENTED_EDGE('',*,*,#1863,.T.);
#826=ORIENTED_EDGE('',*,*,#1843,.F.);
#827=ORIENTED_EDGE('',*,*,#1943,.T.);
#828=ORIENTED_EDGE('',*,*,#1975,.T.);
#829=ORIENTED_EDGE('',*,*,#1822,.T.);
#830=ORIENTED_EDGE('',*,*,#1871,.F.);
#831=ORIENTED_EDGE('',*,*,#1975,.F.);
#832=ORIENTED_EDGE('',*,*,#1942,.F.);
#833=ORIENTED_EDGE('',*,*,#1976,.T.);
#834=ORIENTED_EDGE('',*,*,#1823,.F.);
#835=ORIENTED_EDGE('',*,*,#1865,.T.);
#836=ORIENTED_EDGE('',*,*,#1873,.F.);
#837=ORIENTED_EDGE('',*,*,#1824,.T.);
#838=ORIENTED_EDGE('',*,*,#1976,.F.);
#839=ORIENTED_EDGE('',*,*,#1941,.T.);
#840=ORIENTED_EDGE('',*,*,#1859,.T.);
#841=ORIENTED_EDGE('',*,*,#1977,.F.);
#842=ORIENTED_EDGE('',*,*,#1826,.T.);
#843=ORIENTED_EDGE('',*,*,#1872,.T.);
#844=ORIENTED_EDGE('',*,*,#1830,.T.);
#845=ORIENTED_EDGE('',*,*,#1829,.F.);
#846=ORIENTED_EDGE('',*,*,#1946,.F.);
#847=ORIENTED_EDGE('',*,*,#1827,.F.);
#848=ORIENTED_EDGE('',*,*,#1977,.T.);
#849=ORIENTED_EDGE('',*,*,#1978,.F.);
#850=ORIENTED_EDGE('',*,*,#1875,.T.);
#851=ORIENTED_EDGE('',*,*,#1868,.T.);
#852=ORIENTED_EDGE('',*,*,#1820,.T.);
#853=ORIENTED_EDGE('',*,*,#1819,.F.);
#854=ORIENTED_EDGE('',*,*,#1945,.F.);
#855=ORIENTED_EDGE('',*,*,#1876,.F.);
#856=ORIENTED_EDGE('',*,*,#1978,.T.);
#857=ORIENTED_EDGE('',*,*,#1979,.F.);
#858=ORIENTED_EDGE('',*,*,#1980,.T.);
#859=ORIENTED_EDGE('',*,*,#1981,.T.);
#860=ORIENTED_EDGE('',*,*,#1982,.T.);
#861=ORIENTED_EDGE('',*,*,#1983,.T.);
#862=ORIENTED_EDGE('',*,*,#1744,.T.);
#863=ORIENTED_EDGE('',*,*,#1955,.T.);
#864=ORIENTED_EDGE('',*,*,#1984,.T.);
#865=ORIENTED_EDGE('',*,*,#1982,.F.);
#866=ORIENTED_EDGE('',*,*,#1985,.F.);
#867=ORIENTED_EDGE('',*,*,#1956,.T.);
#868=ORIENTED_EDGE('',*,*,#1985,.T.);
#869=ORIENTED_EDGE('',*,*,#1981,.F.);
#870=ORIENTED_EDGE('',*,*,#1986,.F.);
#871=ORIENTED_EDGE('',*,*,#1786,.F.);
#872=ORIENTED_EDGE('',*,*,#1954,.T.);
#873=ORIENTED_EDGE('',*,*,#1807,.F.);
#874=ORIENTED_EDGE('',*,*,#1745,.T.);
#875=ORIENTED_EDGE('',*,*,#1983,.F.);
#876=ORIENTED_EDGE('',*,*,#1984,.F.);
#877=ORIENTED_EDGE('',*,*,#1987,.T.);
#878=ORIENTED_EDGE('',*,*,#1760,.F.);
#879=ORIENTED_EDGE('',*,*,#1928,.T.);
#880=ORIENTED_EDGE('',*,*,#1775,.T.);
#881=ORIENTED_EDGE('',*,*,#1806,.T.);
#882=ORIENTED_EDGE('',*,*,#1802,.T.);
#883=ORIENTED_EDGE('',*,*,#1797,.T.);
#884=ORIENTED_EDGE('',*,*,#1792,.T.);
#885=ORIENTED_EDGE('',*,*,#1787,.F.);
#886=ORIENTED_EDGE('',*,*,#1986,.T.);
#887=ORIENTED_EDGE('',*,*,#1980,.F.);
#888=ORIENTED_EDGE('',*,*,#1988,.F.);
#889=ORIENTED_EDGE('',*,*,#1764,.F.);
#890=ORIENTED_EDGE('',*,*,#1989,.F.);
#891=ORIENTED_EDGE('',*,*,#1990,.T.);
#892=ORIENTED_EDGE('',*,*,#1991,.T.);
#893=ORIENTED_EDGE('',*,*,#1992,.F.);
#894=ORIENTED_EDGE('',*,*,#1993,.T.);
#895=ORIENTED_EDGE('',*,*,#1994,.T.);
#896=ORIENTED_EDGE('',*,*,#1995,.T.);
#897=ORIENTED_EDGE('',*,*,#1996,.T.);
#898=ORIENTED_EDGE('',*,*,#1712,.T.);
#899=ORIENTED_EDGE('',*,*,#1997,.T.);
#900=ORIENTED_EDGE('',*,*,#1728,.F.);
#901=ORIENTED_EDGE('',*,*,#1936,.T.);
#902=ORIENTED_EDGE('',*,*,#1769,.T.);
#903=ORIENTED_EDGE('',*,*,#1804,.T.);
#904=ORIENTED_EDGE('',*,*,#1799,.T.);
#905=ORIENTED_EDGE('',*,*,#1794,.T.);
#906=ORIENTED_EDGE('',*,*,#1789,.T.);
#907=ORIENTED_EDGE('',*,*,#1780,.F.);
#908=ORIENTED_EDGE('',*,*,#1998,.T.);
#909=ORIENTED_EDGE('',*,*,#1993,.F.);
#910=ORIENTED_EDGE('',*,*,#1999,.F.);
#911=ORIENTED_EDGE('',*,*,#1732,.F.);
#912=ORIENTED_EDGE('',*,*,#2000,.F.);
#913=ORIENTED_EDGE('',*,*,#2001,.T.);
#914=ORIENTED_EDGE('',*,*,#2002,.T.);
#915=ORIENTED_EDGE('',*,*,#1958,.T.);
#916=ORIENTED_EDGE('',*,*,#2003,.T.);
#917=ORIENTED_EDGE('',*,*,#1995,.F.);
#918=ORIENTED_EDGE('',*,*,#2004,.F.);
#919=ORIENTED_EDGE('',*,*,#1951,.T.);
#920=ORIENTED_EDGE('',*,*,#2004,.T.);
#921=ORIENTED_EDGE('',*,*,#1994,.F.);
#922=ORIENTED_EDGE('',*,*,#1998,.F.);
#923=ORIENTED_EDGE('',*,*,#1779,.F.);
#924=ORIENTED_EDGE('',*,*,#1713,.T.);
#925=ORIENTED_EDGE('',*,*,#1996,.F.);
#926=ORIENTED_EDGE('',*,*,#2003,.F.);
#927=ORIENTED_EDGE('',*,*,#1957,.T.);
#928=ORIENTED_EDGE('',*,*,#1784,.F.);
#929=ORIENTED_EDGE('',*,*,#1979,.T.);
#930=ORIENTED_EDGE('',*,*,#1743,.F.);
#931=ORIENTED_EDGE('',*,*,#1765,.F.);
#932=ORIENTED_EDGE('',*,*,#1988,.T.);
#933=ORIENTED_EDGE('',*,*,#1992,.T.);
#934=ORIENTED_EDGE('',*,*,#1711,.F.);
#935=ORIENTED_EDGE('',*,*,#1733,.F.);
#936=ORIENTED_EDGE('',*,*,#1999,.T.);
#937=ORIENTED_EDGE('',*,*,#1739,.T.);
#938=ORIENTED_EDGE('',*,*,#2005,.F.);
#939=ORIENTED_EDGE('',*,*,#2006,.F.);
#940=ORIENTED_EDGE('',*,*,#2007,.T.);
#941=ORIENTED_EDGE('',*,*,#1768,.F.);
#942=ORIENTED_EDGE('',*,*,#2008,.F.);
#943=ORIENTED_EDGE('',*,*,#2005,.T.);
#944=ORIENTED_EDGE('',*,*,#1738,.T.);
#945=ORIENTED_EDGE('',*,*,#1766,.F.);
#946=ORIENTED_EDGE('',*,*,#1741,.T.);
#947=ORIENTED_EDGE('',*,*,#2009,.F.);
#948=ORIENTED_EDGE('',*,*,#2010,.F.);
#949=ORIENTED_EDGE('',*,*,#1740,.T.);
#950=ORIENTED_EDGE('',*,*,#2007,.F.);
#951=ORIENTED_EDGE('',*,*,#2011,.F.);
#952=ORIENTED_EDGE('',*,*,#2009,.T.);
#953=ORIENTED_EDGE('',*,*,#2008,.T.);
#954=ORIENTED_EDGE('',*,*,#1767,.T.);
#955=ORIENTED_EDGE('',*,*,#2010,.T.);
#956=ORIENTED_EDGE('',*,*,#2011,.T.);
#957=ORIENTED_EDGE('',*,*,#2006,.T.);
#958=ORIENTED_EDGE('',*,*,#1707,.T.);
#959=ORIENTED_EDGE('',*,*,#2012,.F.);
#960=ORIENTED_EDGE('',*,*,#2013,.F.);
#961=ORIENTED_EDGE('',*,*,#2014,.T.);
#962=ORIENTED_EDGE('',*,*,#1736,.F.);
#963=ORIENTED_EDGE('',*,*,#2015,.F.);
#964=ORIENTED_EDGE('',*,*,#2012,.T.);
#965=ORIENTED_EDGE('',*,*,#1706,.T.);
#966=ORIENTED_EDGE('',*,*,#1734,.F.);
#967=ORIENTED_EDGE('',*,*,#1709,.T.);
#968=ORIENTED_EDGE('',*,*,#2016,.F.);
#969=ORIENTED_EDGE('',*,*,#2017,.F.);
#970=ORIENTED_EDGE('',*,*,#1708,.T.);
#971=ORIENTED_EDGE('',*,*,#2014,.F.);
#972=ORIENTED_EDGE('',*,*,#2018,.F.);
#973=ORIENTED_EDGE('',*,*,#2016,.T.);
#974=ORIENTED_EDGE('',*,*,#2015,.T.);
#975=ORIENTED_EDGE('',*,*,#1735,.T.);
#976=ORIENTED_EDGE('',*,*,#2017,.T.);
#977=ORIENTED_EDGE('',*,*,#2018,.T.);
#978=ORIENTED_EDGE('',*,*,#2013,.T.);
#979=ORIENTED_EDGE('',*,*,#1991,.F.);
#980=ORIENTED_EDGE('',*,*,#2019,.F.);
#981=ORIENTED_EDGE('',*,*,#2020,.T.);
#982=ORIENTED_EDGE('',*,*,#2021,.T.);
#983=ORIENTED_EDGE('',*,*,#2022,.T.);
#984=ORIENTED_EDGE('',*,*,#1761,.T.);
#985=ORIENTED_EDGE('',*,*,#1987,.F.);
#986=ORIENTED_EDGE('',*,*,#2021,.F.);
#987=ORIENTED_EDGE('',*,*,#1989,.T.);
#988=ORIENTED_EDGE('',*,*,#1763,.T.);
#989=ORIENTED_EDGE('',*,*,#2023,.T.);
#990=ORIENTED_EDGE('',*,*,#2024,.T.);
#991=ORIENTED_EDGE('',*,*,#1990,.F.);
#992=ORIENTED_EDGE('',*,*,#2024,.F.);
#993=ORIENTED_EDGE('',*,*,#2025,.T.);
#994=ORIENTED_EDGE('',*,*,#2019,.T.);
#995=ORIENTED_EDGE('',*,*,#1762,.F.);
#996=ORIENTED_EDGE('',*,*,#2022,.F.);
#997=ORIENTED_EDGE('',*,*,#2020,.F.);
#998=ORIENTED_EDGE('',*,*,#2025,.F.);
#999=ORIENTED_EDGE('',*,*,#2023,.F.);
#1000=ORIENTED_EDGE('',*,*,#2002,.F.);
#1001=ORIENTED_EDGE('',*,*,#2026,.F.);
#1002=ORIENTED_EDGE('',*,*,#2027,.T.);
#1003=ORIENTED_EDGE('',*,*,#2028,.T.);
#1004=ORIENTED_EDGE('',*,*,#2029,.T.);
#1005=ORIENTED_EDGE('',*,*,#1729,.T.);
#1006=ORIENTED_EDGE('',*,*,#1997,.F.);
#1007=ORIENTED_EDGE('',*,*,#2028,.F.);
#1008=ORIENTED_EDGE('',*,*,#2000,.T.);
#1009=ORIENTED_EDGE('',*,*,#1731,.T.);
#1010=ORIENTED_EDGE('',*,*,#2030,.T.);
#1011=ORIENTED_EDGE('',*,*,#2031,.T.);
#1012=ORIENTED_EDGE('',*,*,#2001,.F.);
#1013=ORIENTED_EDGE('',*,*,#2031,.F.);
#1014=ORIENTED_EDGE('',*,*,#2032,.T.);
#1015=ORIENTED_EDGE('',*,*,#2026,.T.);
#1016=ORIENTED_EDGE('',*,*,#1730,.F.);
#1017=ORIENTED_EDGE('',*,*,#2029,.F.);
#1018=ORIENTED_EDGE('',*,*,#2027,.F.);
#1019=ORIENTED_EDGE('',*,*,#2032,.F.);
#1020=ORIENTED_EDGE('',*,*,#2030,.F.);
#1021=ORIENTED_EDGE('',*,*,#1726,.F.);
#1022=ORIENTED_EDGE('',*,*,#2033,.T.);
#1023=ORIENTED_EDGE('',*,*,#2034,.F.);
#1024=ORIENTED_EDGE('',*,*,#2035,.F.);
#1025=ORIENTED_EDGE('',*,*,#2036,.F.);
#1026=ORIENTED_EDGE('',*,*,#2037,.F.);
#1027=ORIENTED_EDGE('',*,*,#2038,.T.);
#1028=ORIENTED_EDGE('',*,*,#2034,.T.);
#1029=ORIENTED_EDGE('',*,*,#2039,.T.);
#1030=ORIENTED_EDGE('',*,*,#2040,.F.);
#1031=ORIENTED_EDGE('',*,*,#2041,.F.);
#1032=ORIENTED_EDGE('',*,*,#2037,.T.);
#1033=ORIENTED_EDGE('',*,*,#2042,.F.);
#1034=ORIENTED_EDGE('',*,*,#2043,.F.);
#1035=ORIENTED_EDGE('',*,*,#2044,.T.);
#1036=ORIENTED_EDGE('',*,*,#2040,.T.);
#1037=ORIENTED_EDGE('',*,*,#2045,.T.);
#1038=ORIENTED_EDGE('',*,*,#2046,.F.);
#1039=ORIENTED_EDGE('',*,*,#2047,.F.);
#1040=ORIENTED_EDGE('',*,*,#2043,.T.);
#1041=ORIENTED_EDGE('',*,*,#2048,.T.);
#1042=ORIENTED_EDGE('',*,*,#2049,.F.);
#1043=ORIENTED_EDGE('',*,*,#2050,.F.);
#1044=ORIENTED_EDGE('',*,*,#2046,.T.);
#1045=ORIENTED_EDGE('',*,*,#2051,.T.);
#1046=ORIENTED_EDGE('',*,*,#2052,.F.);
#1047=ORIENTED_EDGE('',*,*,#2053,.F.);
#1048=ORIENTED_EDGE('',*,*,#2049,.T.);
#1049=ORIENTED_EDGE('',*,*,#2054,.T.);
#1050=ORIENTED_EDGE('',*,*,#2055,.F.);
#1051=ORIENTED_EDGE('',*,*,#2056,.F.);
#1052=ORIENTED_EDGE('',*,*,#2052,.T.);
#1053=ORIENTED_EDGE('',*,*,#2057,.T.);
#1054=ORIENTED_EDGE('',*,*,#2058,.F.);
#1055=ORIENTED_EDGE('',*,*,#2059,.F.);
#1056=ORIENTED_EDGE('',*,*,#2055,.T.);
#1057=ORIENTED_EDGE('',*,*,#2060,.T.);
#1058=ORIENTED_EDGE('',*,*,#2061,.F.);
#1059=ORIENTED_EDGE('',*,*,#2062,.F.);
#1060=ORIENTED_EDGE('',*,*,#2058,.T.);
#1061=ORIENTED_EDGE('',*,*,#2063,.F.);
#1062=ORIENTED_EDGE('',*,*,#2064,.T.);
#1063=ORIENTED_EDGE('',*,*,#2065,.F.);
#1064=ORIENTED_EDGE('',*,*,#2061,.T.);
#1065=ORIENTED_EDGE('',*,*,#2066,.T.);
#1066=ORIENTED_EDGE('',*,*,#2067,.T.);
#1067=ORIENTED_EDGE('',*,*,#2068,.F.);
#1068=ORIENTED_EDGE('',*,*,#2069,.T.);
#1069=ORIENTED_EDGE('',*,*,#2063,.T.);
#1070=ORIENTED_EDGE('',*,*,#2070,.T.);
#1071=ORIENTED_EDGE('',*,*,#2071,.F.);
#1072=ORIENTED_EDGE('',*,*,#2072,.T.);
#1073=ORIENTED_EDGE('',*,*,#2068,.T.);
#1074=ORIENTED_EDGE('',*,*,#2073,.T.);
#1075=ORIENTED_EDGE('',*,*,#1695,.F.);
#1076=ORIENTED_EDGE('',*,*,#2074,.T.);
#1077=ORIENTED_EDGE('',*,*,#2071,.T.);
#1078=ORIENTED_EDGE('',*,*,#2075,.T.);
#1079=ORIENTED_EDGE('',*,*,#2076,.F.);
#1080=ORIENTED_EDGE('',*,*,#2077,.T.);
#1081=ORIENTED_EDGE('',*,*,#2076,.T.);
#1082=ORIENTED_EDGE('',*,*,#2078,.T.);
#1083=ORIENTED_EDGE('',*,*,#2079,.T.);
#1084=ORIENTED_EDGE('',*,*,#2080,.F.);
#1085=ORIENTED_EDGE('',*,*,#2081,.T.);
#1086=ORIENTED_EDGE('',*,*,#2082,.F.);
#1087=ORIENTED_EDGE('',*,*,#2083,.T.);
#1088=ORIENTED_EDGE('',*,*,#2080,.T.);
#1089=ORIENTED_EDGE('',*,*,#2084,.T.);
#1090=ORIENTED_EDGE('',*,*,#2085,.T.);
#1091=ORIENTED_EDGE('',*,*,#2086,.T.);
#1092=ORIENTED_EDGE('',*,*,#2087,.F.);
#1093=ORIENTED_EDGE('',*,*,#2088,.T.);
#1094=ORIENTED_EDGE('',*,*,#2082,.T.);
#1095=ORIENTED_EDGE('',*,*,#2087,.T.);
#1096=ORIENTED_EDGE('',*,*,#2089,.T.);
#1097=ORIENTED_EDGE('',*,*,#2090,.F.);
#1098=ORIENTED_EDGE('',*,*,#2091,.T.);
#1099=ORIENTED_EDGE('',*,*,#1701,.T.);
#1100=ORIENTED_EDGE('',*,*,#2092,.T.);
#1101=ORIENTED_EDGE('',*,*,#2090,.T.);
#1102=ORIENTED_EDGE('',*,*,#2093,.T.);
#1103=ORIENTED_EDGE('',*,*,#2094,.F.);
#1104=ORIENTED_EDGE('',*,*,#2095,.T.);
#1105=ORIENTED_EDGE('',*,*,#2094,.T.);
#1106=ORIENTED_EDGE('',*,*,#2096,.T.);
#1107=ORIENTED_EDGE('',*,*,#2097,.F.);
#1108=ORIENTED_EDGE('',*,*,#2098,.T.);
#1109=ORIENTED_EDGE('',*,*,#2097,.T.);
#1110=ORIENTED_EDGE('',*,*,#2099,.T.);
#1111=ORIENTED_EDGE('',*,*,#2100,.F.);
#1112=ORIENTED_EDGE('',*,*,#2101,.T.);
#1113=ORIENTED_EDGE('',*,*,#2100,.T.);
#1114=ORIENTED_EDGE('',*,*,#2102,.T.);
#1115=ORIENTED_EDGE('',*,*,#2103,.F.);
#1116=ORIENTED_EDGE('',*,*,#2104,.T.);
#1117=ORIENTED_EDGE('',*,*,#2103,.T.);
#1118=ORIENTED_EDGE('',*,*,#2105,.T.);
#1119=ORIENTED_EDGE('',*,*,#1723,.F.);
#1120=ORIENTED_EDGE('',*,*,#2106,.T.);
#1121=ORIENTED_EDGE('',*,*,#1703,.T.);
#1122=ORIENTED_EDGE('',*,*,#2107,.T.);
#1123=ORIENTED_EDGE('',*,*,#2108,.T.);
#1124=ORIENTED_EDGE('',*,*,#2109,.T.);
#1125=ORIENTED_EDGE('',*,*,#2110,.T.);
#1126=ORIENTED_EDGE('',*,*,#2111,.T.);
#1127=ORIENTED_EDGE('',*,*,#2112,.T.);
#1128=ORIENTED_EDGE('',*,*,#1721,.T.);
#1129=ORIENTED_EDGE('',*,*,#2035,.T.);
#1130=ORIENTED_EDGE('',*,*,#2038,.F.);
#1131=ORIENTED_EDGE('',*,*,#2041,.T.);
#1132=ORIENTED_EDGE('',*,*,#2044,.F.);
#1133=ORIENTED_EDGE('',*,*,#2047,.T.);
#1134=ORIENTED_EDGE('',*,*,#2050,.T.);
#1135=ORIENTED_EDGE('',*,*,#2053,.T.);
#1136=ORIENTED_EDGE('',*,*,#2056,.T.);
#1137=ORIENTED_EDGE('',*,*,#2059,.T.);
#1138=ORIENTED_EDGE('',*,*,#2062,.T.);
#1139=ORIENTED_EDGE('',*,*,#2065,.T.);
#1140=ORIENTED_EDGE('',*,*,#2113,.T.);
#1141=ORIENTED_EDGE('',*,*,#2114,.T.);
#1142=ORIENTED_EDGE('',*,*,#1693,.T.);
#1143=ORIENTED_EDGE('',*,*,#1700,.T.);
#1144=ORIENTED_EDGE('',*,*,#2115,.T.);
#1145=ORIENTED_EDGE('',*,*,#2116,.T.);
#1146=ORIENTED_EDGE('',*,*,#2085,.F.);
#1147=ORIENTED_EDGE('',*,*,#2084,.F.);
#1148=ORIENTED_EDGE('',*,*,#2079,.F.);
#1149=ORIENTED_EDGE('',*,*,#2117,.T.);
#1150=ORIENTED_EDGE('',*,*,#2118,.T.);
#1151=ORIENTED_EDGE('',*,*,#2066,.F.);
#1152=ORIENTED_EDGE('',*,*,#2060,.F.);
#1153=ORIENTED_EDGE('',*,*,#2057,.F.);
#1154=ORIENTED_EDGE('',*,*,#2054,.F.);
#1155=ORIENTED_EDGE('',*,*,#2051,.F.);
#1156=ORIENTED_EDGE('',*,*,#2048,.F.);
#1157=ORIENTED_EDGE('',*,*,#2045,.F.);
#1158=ORIENTED_EDGE('',*,*,#2042,.T.);
#1159=ORIENTED_EDGE('',*,*,#2039,.F.);
#1160=ORIENTED_EDGE('',*,*,#2036,.T.);
#1161=ORIENTED_EDGE('',*,*,#2033,.F.);
#1162=ORIENTED_EDGE('',*,*,#1725,.F.);
#1163=ORIENTED_EDGE('',*,*,#2119,.T.);
#1164=ORIENTED_EDGE('',*,*,#2120,.T.);
#1165=ORIENTED_EDGE('',*,*,#2121,.T.);
#1166=ORIENTED_EDGE('',*,*,#2122,.T.);
#1167=ORIENTED_EDGE('',*,*,#2077,.F.);
#1168=ORIENTED_EDGE('',*,*,#2081,.F.);
#1169=ORIENTED_EDGE('',*,*,#2083,.F.);
#1170=ORIENTED_EDGE('',*,*,#2088,.F.);
#1171=ORIENTED_EDGE('',*,*,#2092,.F.);
#1172=ORIENTED_EDGE('',*,*,#1704,.F.);
#1173=ORIENTED_EDGE('',*,*,#1698,.F.);
#1174=ORIENTED_EDGE('',*,*,#1696,.F.);
#1175=ORIENTED_EDGE('',*,*,#1758,.F.);
#1176=ORIENTED_EDGE('',*,*,#2123,.T.);
#1177=ORIENTED_EDGE('',*,*,#2124,.F.);
#1178=ORIENTED_EDGE('',*,*,#2125,.F.);
#1179=ORIENTED_EDGE('',*,*,#2126,.F.);
#1180=ORIENTED_EDGE('',*,*,#2127,.F.);
#1181=ORIENTED_EDGE('',*,*,#2128,.T.);
#1182=ORIENTED_EDGE('',*,*,#2124,.T.);
#1183=ORIENTED_EDGE('',*,*,#2129,.T.);
#1184=ORIENTED_EDGE('',*,*,#2130,.F.);
#1185=ORIENTED_EDGE('',*,*,#2131,.F.);
#1186=ORIENTED_EDGE('',*,*,#2127,.T.);
#1187=ORIENTED_EDGE('',*,*,#2132,.F.);
#1188=ORIENTED_EDGE('',*,*,#2133,.F.);
#1189=ORIENTED_EDGE('',*,*,#2134,.T.);
#1190=ORIENTED_EDGE('',*,*,#2130,.T.);
#1191=ORIENTED_EDGE('',*,*,#2135,.T.);
#1192=ORIENTED_EDGE('',*,*,#2136,.F.);
#1193=ORIENTED_EDGE('',*,*,#2137,.F.);
#1194=ORIENTED_EDGE('',*,*,#2133,.T.);
#1195=ORIENTED_EDGE('',*,*,#2138,.T.);
#1196=ORIENTED_EDGE('',*,*,#2139,.F.);
#1197=ORIENTED_EDGE('',*,*,#2140,.F.);
#1198=ORIENTED_EDGE('',*,*,#2136,.T.);
#1199=ORIENTED_EDGE('',*,*,#2141,.T.);
#1200=ORIENTED_EDGE('',*,*,#2142,.F.);
#1201=ORIENTED_EDGE('',*,*,#2143,.F.);
#1202=ORIENTED_EDGE('',*,*,#2139,.T.);
#1203=ORIENTED_EDGE('',*,*,#2144,.T.);
#1204=ORIENTED_EDGE('',*,*,#2145,.F.);
#1205=ORIENTED_EDGE('',*,*,#2146,.F.);
#1206=ORIENTED_EDGE('',*,*,#2142,.T.);
#1207=ORIENTED_EDGE('',*,*,#2147,.T.);
#1208=ORIENTED_EDGE('',*,*,#2148,.F.);
#1209=ORIENTED_EDGE('',*,*,#2149,.F.);
#1210=ORIENTED_EDGE('',*,*,#2145,.T.);
#1211=ORIENTED_EDGE('',*,*,#2150,.T.);
#1212=ORIENTED_EDGE('',*,*,#2151,.F.);
#1213=ORIENTED_EDGE('',*,*,#2152,.F.);
#1214=ORIENTED_EDGE('',*,*,#2148,.T.);
#1215=ORIENTED_EDGE('',*,*,#2153,.T.);
#1216=ORIENTED_EDGE('',*,*,#2154,.T.);
#1217=ORIENTED_EDGE('',*,*,#2155,.F.);
#1218=ORIENTED_EDGE('',*,*,#2156,.T.);
#1219=ORIENTED_EDGE('',*,*,#2157,.F.);
#1220=ORIENTED_EDGE('',*,*,#2151,.T.);
#1221=ORIENTED_EDGE('',*,*,#2155,.T.);
#1222=ORIENTED_EDGE('',*,*,#2158,.T.);
#1223=ORIENTED_EDGE('',*,*,#2159,.F.);
#1224=ORIENTED_EDGE('',*,*,#2160,.T.);
#1225=ORIENTED_EDGE('',*,*,#2159,.T.);
#1226=ORIENTED_EDGE('',*,*,#2161,.T.);
#1227=ORIENTED_EDGE('',*,*,#2162,.F.);
#1228=ORIENTED_EDGE('',*,*,#2163,.T.);
#1229=ORIENTED_EDGE('',*,*,#2162,.T.);
#1230=ORIENTED_EDGE('',*,*,#2164,.T.);
#1231=ORIENTED_EDGE('',*,*,#2165,.F.);
#1232=ORIENTED_EDGE('',*,*,#2166,.T.);
#1233=ORIENTED_EDGE('',*,*,#1683,.F.);
#1234=ORIENTED_EDGE('',*,*,#2167,.T.);
#1235=ORIENTED_EDGE('',*,*,#2165,.T.);
#1236=ORIENTED_EDGE('',*,*,#2168,.T.);
#1237=ORIENTED_EDGE('',*,*,#2169,.T.);
#1238=ORIENTED_EDGE('',*,*,#2170,.F.);
#1239=ORIENTED_EDGE('',*,*,#2171,.T.);
#1240=ORIENTED_EDGE('',*,*,#2172,.F.);
#1241=ORIENTED_EDGE('',*,*,#2173,.T.);
#1242=ORIENTED_EDGE('',*,*,#2170,.T.);
#1243=ORIENTED_EDGE('',*,*,#2174,.T.);
#1244=ORIENTED_EDGE('',*,*,#2175,.T.);
#1245=ORIENTED_EDGE('',*,*,#2176,.T.);
#1246=ORIENTED_EDGE('',*,*,#2177,.F.);
#1247=ORIENTED_EDGE('',*,*,#2178,.T.);
#1248=ORIENTED_EDGE('',*,*,#2172,.T.);
#1249=ORIENTED_EDGE('',*,*,#2177,.T.);
#1250=ORIENTED_EDGE('',*,*,#2179,.T.);
#1251=ORIENTED_EDGE('',*,*,#2180,.F.);
#1252=ORIENTED_EDGE('',*,*,#2181,.T.);
#1253=ORIENTED_EDGE('',*,*,#1689,.T.);
#1254=ORIENTED_EDGE('',*,*,#2182,.T.);
#1255=ORIENTED_EDGE('',*,*,#2180,.T.);
#1256=ORIENTED_EDGE('',*,*,#2183,.T.);
#1257=ORIENTED_EDGE('',*,*,#2184,.F.);
#1258=ORIENTED_EDGE('',*,*,#2185,.T.);
#1259=ORIENTED_EDGE('',*,*,#2184,.T.);
#1260=ORIENTED_EDGE('',*,*,#2186,.T.);
#1261=ORIENTED_EDGE('',*,*,#2187,.F.);
#1262=ORIENTED_EDGE('',*,*,#2188,.T.);
#1263=ORIENTED_EDGE('',*,*,#2187,.T.);
#1264=ORIENTED_EDGE('',*,*,#2189,.T.);
#1265=ORIENTED_EDGE('',*,*,#2190,.F.);
#1266=ORIENTED_EDGE('',*,*,#2191,.T.);
#1267=ORIENTED_EDGE('',*,*,#2190,.T.);
#1268=ORIENTED_EDGE('',*,*,#2192,.T.);
#1269=ORIENTED_EDGE('',*,*,#2193,.F.);
#1270=ORIENTED_EDGE('',*,*,#2194,.T.);
#1271=ORIENTED_EDGE('',*,*,#2193,.T.);
#1272=ORIENTED_EDGE('',*,*,#2195,.T.);
#1273=ORIENTED_EDGE('',*,*,#1755,.F.);
#1274=ORIENTED_EDGE('',*,*,#2196,.T.);
#1275=ORIENTED_EDGE('',*,*,#1691,.T.);
#1276=ORIENTED_EDGE('',*,*,#2197,.T.);
#1277=ORIENTED_EDGE('',*,*,#2198,.T.);
#1278=ORIENTED_EDGE('',*,*,#2199,.T.);
#1279=ORIENTED_EDGE('',*,*,#2200,.T.);
#1280=ORIENTED_EDGE('',*,*,#2201,.T.);
#1281=ORIENTED_EDGE('',*,*,#2202,.T.);
#1282=ORIENTED_EDGE('',*,*,#1753,.T.);
#1283=ORIENTED_EDGE('',*,*,#2125,.T.);
#1284=ORIENTED_EDGE('',*,*,#2128,.F.);
#1285=ORIENTED_EDGE('',*,*,#2131,.T.);
#1286=ORIENTED_EDGE('',*,*,#2134,.F.);
#1287=ORIENTED_EDGE('',*,*,#2137,.T.);
#1288=ORIENTED_EDGE('',*,*,#2140,.T.);
#1289=ORIENTED_EDGE('',*,*,#2143,.T.);
#1290=ORIENTED_EDGE('',*,*,#2146,.T.);
#1291=ORIENTED_EDGE('',*,*,#2149,.T.);
#1292=ORIENTED_EDGE('',*,*,#2152,.T.);
#1293=ORIENTED_EDGE('',*,*,#2157,.T.);
#1294=ORIENTED_EDGE('',*,*,#2203,.T.);
#1295=ORIENTED_EDGE('',*,*,#2204,.T.);
#1296=ORIENTED_EDGE('',*,*,#1681,.T.);
#1297=ORIENTED_EDGE('',*,*,#1688,.T.);
#1298=ORIENTED_EDGE('',*,*,#2205,.T.);
#1299=ORIENTED_EDGE('',*,*,#2206,.T.);
#1300=ORIENTED_EDGE('',*,*,#2175,.F.);
#1301=ORIENTED_EDGE('',*,*,#2174,.F.);
#1302=ORIENTED_EDGE('',*,*,#2169,.F.);
#1303=ORIENTED_EDGE('',*,*,#2207,.T.);
#1304=ORIENTED_EDGE('',*,*,#2208,.T.);
#1305=ORIENTED_EDGE('',*,*,#2153,.F.);
#1306=ORIENTED_EDGE('',*,*,#2150,.F.);
#1307=ORIENTED_EDGE('',*,*,#2147,.F.);
#1308=ORIENTED_EDGE('',*,*,#2144,.F.);
#1309=ORIENTED_EDGE('',*,*,#2141,.F.);
#1310=ORIENTED_EDGE('',*,*,#2138,.F.);
#1311=ORIENTED_EDGE('',*,*,#2135,.F.);
#1312=ORIENTED_EDGE('',*,*,#2132,.T.);
#1313=ORIENTED_EDGE('',*,*,#2129,.F.);
#1314=ORIENTED_EDGE('',*,*,#2126,.T.);
#1315=ORIENTED_EDGE('',*,*,#2123,.F.);
#1316=ORIENTED_EDGE('',*,*,#1757,.F.);
#1317=ORIENTED_EDGE('',*,*,#2209,.T.);
#1318=ORIENTED_EDGE('',*,*,#2210,.T.);
#1319=ORIENTED_EDGE('',*,*,#2211,.T.);
#1320=ORIENTED_EDGE('',*,*,#2212,.T.);
#1321=ORIENTED_EDGE('',*,*,#2166,.F.);
#1322=ORIENTED_EDGE('',*,*,#2171,.F.);
#1323=ORIENTED_EDGE('',*,*,#2173,.F.);
#1324=ORIENTED_EDGE('',*,*,#2178,.F.);
#1325=ORIENTED_EDGE('',*,*,#2182,.F.);
#1326=ORIENTED_EDGE('',*,*,#1692,.F.);
#1327=ORIENTED_EDGE('',*,*,#1686,.F.);
#1328=ORIENTED_EDGE('',*,*,#1684,.F.);
#1329=ORIENTED_EDGE('',*,*,#2213,.F.);
#1330=ORIENTED_EDGE('',*,*,#2214,.F.);
#1331=ORIENTED_EDGE('',*,*,#2215,.T.);
#1332=ORIENTED_EDGE('',*,*,#2216,.T.);
#1333=ORIENTED_EDGE('',*,*,#2217,.T.);
#1334=ORIENTED_EDGE('',*,*,#2218,.F.);
#1335=ORIENTED_EDGE('',*,*,#2219,.F.);
#1336=ORIENTED_EDGE('',*,*,#2214,.T.);
#1337=ORIENTED_EDGE('',*,*,#2220,.T.);
#1338=ORIENTED_EDGE('',*,*,#2221,.F.);
#1339=ORIENTED_EDGE('',*,*,#2222,.F.);
#1340=ORIENTED_EDGE('',*,*,#2218,.T.);
#1341=ORIENTED_EDGE('',*,*,#2223,.T.);
#1342=ORIENTED_EDGE('',*,*,#2224,.F.);
#1343=ORIENTED_EDGE('',*,*,#2225,.F.);
#1344=ORIENTED_EDGE('',*,*,#2221,.T.);
#1345=ORIENTED_EDGE('',*,*,#2226,.T.);
#1346=ORIENTED_EDGE('',*,*,#2227,.F.);
#1347=ORIENTED_EDGE('',*,*,#2228,.F.);
#1348=ORIENTED_EDGE('',*,*,#2224,.T.);
#1349=ORIENTED_EDGE('',*,*,#2229,.T.);
#1350=ORIENTED_EDGE('',*,*,#2230,.F.);
#1351=ORIENTED_EDGE('',*,*,#2231,.F.);
#1352=ORIENTED_EDGE('',*,*,#2227,.T.);
#1353=ORIENTED_EDGE('',*,*,#2232,.T.);
#1354=ORIENTED_EDGE('',*,*,#2233,.F.);
#1355=ORIENTED_EDGE('',*,*,#2234,.F.);
#1356=ORIENTED_EDGE('',*,*,#2230,.T.);
#1357=ORIENTED_EDGE('',*,*,#2235,.F.);
#1358=ORIENTED_EDGE('',*,*,#2236,.F.);
#1359=ORIENTED_EDGE('',*,*,#2237,.T.);
#1360=ORIENTED_EDGE('',*,*,#2233,.T.);
#1361=ORIENTED_EDGE('',*,*,#1839,.F.);
#1362=ORIENTED_EDGE('',*,*,#2238,.T.);
#1363=ORIENTED_EDGE('',*,*,#2215,.F.);
#1364=ORIENTED_EDGE('',*,*,#2219,.T.);
#1365=ORIENTED_EDGE('',*,*,#2222,.T.);
#1366=ORIENTED_EDGE('',*,*,#2225,.T.);
#1367=ORIENTED_EDGE('',*,*,#2228,.T.);
#1368=ORIENTED_EDGE('',*,*,#2231,.T.);
#1369=ORIENTED_EDGE('',*,*,#2234,.T.);
#1370=ORIENTED_EDGE('',*,*,#2237,.F.);
#1371=ORIENTED_EDGE('',*,*,#2239,.T.);
#1372=ORIENTED_EDGE('',*,*,#2240,.F.);
#1373=ORIENTED_EDGE('',*,*,#1841,.T.);
#1374=ORIENTED_EDGE('',*,*,#2241,.F.);
#1375=ORIENTED_EDGE('',*,*,#2235,.T.);
#1376=ORIENTED_EDGE('',*,*,#2232,.F.);
#1377=ORIENTED_EDGE('',*,*,#2229,.F.);
#1378=ORIENTED_EDGE('',*,*,#2226,.F.);
#1379=ORIENTED_EDGE('',*,*,#2223,.F.);
#1380=ORIENTED_EDGE('',*,*,#2220,.F.);
#1381=ORIENTED_EDGE('',*,*,#2217,.F.);
#1382=ORIENTED_EDGE('',*,*,#2213,.T.);
#1383=ORIENTED_EDGE('',*,*,#2241,.T.);
#1384=ORIENTED_EDGE('',*,*,#1840,.T.);
#1385=ORIENTED_EDGE('',*,*,#2239,.F.);
#1386=ORIENTED_EDGE('',*,*,#2236,.T.);
#1387=ORIENTED_EDGE('',*,*,#2238,.F.);
#1388=ORIENTED_EDGE('',*,*,#1838,.T.);
#1389=ORIENTED_EDGE('',*,*,#2240,.T.);
#1390=ORIENTED_EDGE('',*,*,#2216,.F.);
#1391=ORIENTED_EDGE('',*,*,#2242,.T.);
#1392=ORIENTED_EDGE('',*,*,#1836,.T.);
#1393=ORIENTED_EDGE('',*,*,#2243,.F.);
#1394=ORIENTED_EDGE('',*,*,#2244,.T.);
#1395=ORIENTED_EDGE('',*,*,#1834,.F.);
#1396=ORIENTED_EDGE('',*,*,#2245,.F.);
#1397=ORIENTED_EDGE('',*,*,#2246,.F.);
#1398=ORIENTED_EDGE('',*,*,#2247,.T.);
#1399=ORIENTED_EDGE('',*,*,#1835,.F.);
#1400=ORIENTED_EDGE('',*,*,#2247,.F.);
#1401=ORIENTED_EDGE('',*,*,#2248,.T.);
#1402=ORIENTED_EDGE('',*,*,#2249,.T.);
#1403=ORIENTED_EDGE('',*,*,#2250,.T.);
#1404=ORIENTED_EDGE('',*,*,#2251,.T.);
#1405=ORIENTED_EDGE('',*,*,#2252,.T.);
#1406=ORIENTED_EDGE('',*,*,#2243,.T.);
#1407=ORIENTED_EDGE('',*,*,#2245,.T.);
#1408=ORIENTED_EDGE('',*,*,#1837,.T.);
#1409=ORIENTED_EDGE('',*,*,#2242,.F.);
#1410=ORIENTED_EDGE('',*,*,#2253,.F.);
#1411=ORIENTED_EDGE('',*,*,#2254,.F.);
#1412=ORIENTED_EDGE('',*,*,#2255,.F.);
#1413=ORIENTED_EDGE('',*,*,#2256,.F.);
#1414=ORIENTED_EDGE('',*,*,#2257,.F.);
#1415=ORIENTED_EDGE('',*,*,#2257,.T.);
#1416=ORIENTED_EDGE('',*,*,#2258,.F.);
#1417=ORIENTED_EDGE('',*,*,#2248,.F.);
#1418=ORIENTED_EDGE('',*,*,#2246,.T.);
#1419=ORIENTED_EDGE('',*,*,#2256,.T.);
#1420=ORIENTED_EDGE('',*,*,#2259,.F.);
#1421=ORIENTED_EDGE('',*,*,#2249,.F.);
#1422=ORIENTED_EDGE('',*,*,#2258,.T.);
#1423=ORIENTED_EDGE('',*,*,#2255,.T.);
#1424=ORIENTED_EDGE('',*,*,#2260,.F.);
#1425=ORIENTED_EDGE('',*,*,#2250,.F.);
#1426=ORIENTED_EDGE('',*,*,#2259,.T.);
#1427=ORIENTED_EDGE('',*,*,#2254,.T.);
#1428=ORIENTED_EDGE('',*,*,#2261,.F.);
#1429=ORIENTED_EDGE('',*,*,#2251,.F.);
#1430=ORIENTED_EDGE('',*,*,#2260,.T.);
#1431=ORIENTED_EDGE('',*,*,#2253,.T.);
#1432=ORIENTED_EDGE('',*,*,#2244,.F.);
#1433=ORIENTED_EDGE('',*,*,#2252,.F.);
#1434=ORIENTED_EDGE('',*,*,#2261,.T.);
#1435=ORIENTED_EDGE('',*,*,#2262,.F.);
#1436=ORIENTED_EDGE('',*,*,#2263,.F.);
#1437=ORIENTED_EDGE('',*,*,#2264,.T.);
#1438=ORIENTED_EDGE('',*,*,#2265,.T.);
#1439=ORIENTED_EDGE('',*,*,#2266,.T.);
#1440=ORIENTED_EDGE('',*,*,#2267,.F.);
#1441=ORIENTED_EDGE('',*,*,#2268,.F.);
#1442=ORIENTED_EDGE('',*,*,#2263,.T.);
#1443=ORIENTED_EDGE('',*,*,#2269,.T.);
#1444=ORIENTED_EDGE('',*,*,#2270,.F.);
#1445=ORIENTED_EDGE('',*,*,#2271,.F.);
#1446=ORIENTED_EDGE('',*,*,#2267,.T.);
#1447=ORIENTED_EDGE('',*,*,#2272,.T.);
#1448=ORIENTED_EDGE('',*,*,#2273,.F.);
#1449=ORIENTED_EDGE('',*,*,#2274,.F.);
#1450=ORIENTED_EDGE('',*,*,#2270,.T.);
#1451=ORIENTED_EDGE('',*,*,#2275,.T.);
#1452=ORIENTED_EDGE('',*,*,#2276,.F.);
#1453=ORIENTED_EDGE('',*,*,#2277,.F.);
#1454=ORIENTED_EDGE('',*,*,#2273,.T.);
#1455=ORIENTED_EDGE('',*,*,#2278,.T.);
#1456=ORIENTED_EDGE('',*,*,#2279,.F.);
#1457=ORIENTED_EDGE('',*,*,#2280,.F.);
#1458=ORIENTED_EDGE('',*,*,#2276,.T.);
#1459=ORIENTED_EDGE('',*,*,#2281,.T.);
#1460=ORIENTED_EDGE('',*,*,#2282,.F.);
#1461=ORIENTED_EDGE('',*,*,#2283,.F.);
#1462=ORIENTED_EDGE('',*,*,#2279,.T.);
#1463=ORIENTED_EDGE('',*,*,#2284,.F.);
#1464=ORIENTED_EDGE('',*,*,#2285,.F.);
#1465=ORIENTED_EDGE('',*,*,#2286,.T.);
#1466=ORIENTED_EDGE('',*,*,#2282,.T.);
#1467=ORIENTED_EDGE('',*,*,#1853,.F.);
#1468=ORIENTED_EDGE('',*,*,#2287,.T.);
#1469=ORIENTED_EDGE('',*,*,#2264,.F.);
#1470=ORIENTED_EDGE('',*,*,#2268,.T.);
#1471=ORIENTED_EDGE('',*,*,#2271,.T.);
#1472=ORIENTED_EDGE('',*,*,#2274,.T.);
#1473=ORIENTED_EDGE('',*,*,#2277,.T.);
#1474=ORIENTED_EDGE('',*,*,#2280,.T.);
#1475=ORIENTED_EDGE('',*,*,#2283,.T.);
#1476=ORIENTED_EDGE('',*,*,#2286,.F.);
#1477=ORIENTED_EDGE('',*,*,#2288,.T.);
#1478=ORIENTED_EDGE('',*,*,#2289,.F.);
#1479=ORIENTED_EDGE('',*,*,#1855,.T.);
#1480=ORIENTED_EDGE('',*,*,#2290,.F.);
#1481=ORIENTED_EDGE('',*,*,#2284,.T.);
#1482=ORIENTED_EDGE('',*,*,#2281,.F.);
#1483=ORIENTED_EDGE('',*,*,#2278,.F.);
#1484=ORIENTED_EDGE('',*,*,#2275,.F.);
#1485=ORIENTED_EDGE('',*,*,#2272,.F.);
#1486=ORIENTED_EDGE('',*,*,#2269,.F.);
#1487=ORIENTED_EDGE('',*,*,#2266,.F.);
#1488=ORIENTED_EDGE('',*,*,#2262,.T.);
#1489=ORIENTED_EDGE('',*,*,#2290,.T.);
#1490=ORIENTED_EDGE('',*,*,#1854,.T.);
#1491=ORIENTED_EDGE('',*,*,#2288,.F.);
#1492=ORIENTED_EDGE('',*,*,#2285,.T.);
#1493=ORIENTED_EDGE('',*,*,#2287,.F.);
#1494=ORIENTED_EDGE('',*,*,#1852,.T.);
#1495=ORIENTED_EDGE('',*,*,#2289,.T.);
#1496=ORIENTED_EDGE('',*,*,#2265,.F.);
#1497=ORIENTED_EDGE('',*,*,#2291,.T.);
#1498=ORIENTED_EDGE('',*,*,#1850,.T.);
#1499=ORIENTED_EDGE('',*,*,#2292,.F.);
#1500=ORIENTED_EDGE('',*,*,#2293,.T.);
#1501=ORIENTED_EDGE('',*,*,#1848,.F.);
#1502=ORIENTED_EDGE('',*,*,#2294,.F.);
#1503=ORIENTED_EDGE('',*,*,#2295,.F.);
#1504=ORIENTED_EDGE('',*,*,#2296,.T.);
#1505=ORIENTED_EDGE('',*,*,#1849,.F.);
#1506=ORIENTED_EDGE('',*,*,#2296,.F.);
#1507=ORIENTED_EDGE('',*,*,#2297,.T.);
#1508=ORIENTED_EDGE('',*,*,#2298,.T.);
#1509=ORIENTED_EDGE('',*,*,#2299,.T.);
#1510=ORIENTED_EDGE('',*,*,#2300,.T.);
#1511=ORIENTED_EDGE('',*,*,#2301,.T.);
#1512=ORIENTED_EDGE('',*,*,#2292,.T.);
#1513=ORIENTED_EDGE('',*,*,#2294,.T.);
#1514=ORIENTED_EDGE('',*,*,#1851,.T.);
#1515=ORIENTED_EDGE('',*,*,#2291,.F.);
#1516=ORIENTED_EDGE('',*,*,#2302,.F.);
#1517=ORIENTED_EDGE('',*,*,#2303,.F.);
#1518=ORIENTED_EDGE('',*,*,#2304,.F.);
#1519=ORIENTED_EDGE('',*,*,#2305,.F.);
#1520=ORIENTED_EDGE('',*,*,#2306,.F.);
#1521=ORIENTED_EDGE('',*,*,#2306,.T.);
#1522=ORIENTED_EDGE('',*,*,#2307,.F.);
#1523=ORIENTED_EDGE('',*,*,#2297,.F.);
#1524=ORIENTED_EDGE('',*,*,#2295,.T.);
#1525=ORIENTED_EDGE('',*,*,#2305,.T.);
#1526=ORIENTED_EDGE('',*,*,#2308,.F.);
#1527=ORIENTED_EDGE('',*,*,#2298,.F.);
#1528=ORIENTED_EDGE('',*,*,#2307,.T.);
#1529=ORIENTED_EDGE('',*,*,#2304,.T.);
#1530=ORIENTED_EDGE('',*,*,#2309,.F.);
#1531=ORIENTED_EDGE('',*,*,#2299,.F.);
#1532=ORIENTED_EDGE('',*,*,#2308,.T.);
#1533=ORIENTED_EDGE('',*,*,#2303,.T.);
#1534=ORIENTED_EDGE('',*,*,#2310,.F.);
#1535=ORIENTED_EDGE('',*,*,#2300,.F.);
#1536=ORIENTED_EDGE('',*,*,#2309,.T.);
#1537=ORIENTED_EDGE('',*,*,#2302,.T.);
#1538=ORIENTED_EDGE('',*,*,#2293,.F.);
#1539=ORIENTED_EDGE('',*,*,#2301,.F.);
#1540=ORIENTED_EDGE('',*,*,#2310,.T.);
#1541=ORIENTED_EDGE('',*,*,#1756,.F.);
#1542=ORIENTED_EDGE('',*,*,#2195,.F.);
#1543=ORIENTED_EDGE('',*,*,#2311,.F.);
#1544=ORIENTED_EDGE('',*,*,#2209,.F.);
#1545=ORIENTED_EDGE('',*,*,#2311,.T.);
#1546=ORIENTED_EDGE('',*,*,#2192,.F.);
#1547=ORIENTED_EDGE('',*,*,#2312,.F.);
#1548=ORIENTED_EDGE('',*,*,#2210,.F.);
#1549=ORIENTED_EDGE('',*,*,#2312,.T.);
#1550=ORIENTED_EDGE('',*,*,#2189,.F.);
#1551=ORIENTED_EDGE('',*,*,#2313,.F.);
#1552=ORIENTED_EDGE('',*,*,#2211,.F.);
#1553=ORIENTED_EDGE('',*,*,#2313,.T.);
#1554=ORIENTED_EDGE('',*,*,#2186,.F.);
#1555=ORIENTED_EDGE('',*,*,#2314,.F.);
#1556=ORIENTED_EDGE('',*,*,#2212,.F.);
#1557=ORIENTED_EDGE('',*,*,#2314,.T.);
#1558=ORIENTED_EDGE('',*,*,#2183,.F.);
#1559=ORIENTED_EDGE('',*,*,#2315,.F.);
#1560=ORIENTED_EDGE('',*,*,#2205,.F.);
#1561=ORIENTED_EDGE('',*,*,#2176,.F.);
#1562=ORIENTED_EDGE('',*,*,#2206,.F.);
#1563=ORIENTED_EDGE('',*,*,#2315,.T.);
#1564=ORIENTED_EDGE('',*,*,#2179,.F.);
#1565=ORIENTED_EDGE('',*,*,#1754,.F.);
#1566=ORIENTED_EDGE('',*,*,#2202,.F.);
#1567=ORIENTED_EDGE('',*,*,#2316,.F.);
#1568=ORIENTED_EDGE('',*,*,#2196,.F.);
#1569=ORIENTED_EDGE('',*,*,#2316,.T.);
#1570=ORIENTED_EDGE('',*,*,#2201,.F.);
#1571=ORIENTED_EDGE('',*,*,#2317,.F.);
#1572=ORIENTED_EDGE('',*,*,#2194,.F.);
#1573=ORIENTED_EDGE('',*,*,#2317,.T.);
#1574=ORIENTED_EDGE('',*,*,#2200,.F.);
#1575=ORIENTED_EDGE('',*,*,#2318,.F.);
#1576=ORIENTED_EDGE('',*,*,#2191,.F.);
#1577=ORIENTED_EDGE('',*,*,#2318,.T.);
#1578=ORIENTED_EDGE('',*,*,#2199,.F.);
#1579=ORIENTED_EDGE('',*,*,#2319,.F.);
#1580=ORIENTED_EDGE('',*,*,#2188,.F.);
#1581=ORIENTED_EDGE('',*,*,#2319,.T.);
#1582=ORIENTED_EDGE('',*,*,#2198,.F.);
#1583=ORIENTED_EDGE('',*,*,#2320,.F.);
#1584=ORIENTED_EDGE('',*,*,#2185,.F.);
#1585=ORIENTED_EDGE('',*,*,#1690,.F.);
#1586=ORIENTED_EDGE('',*,*,#2181,.F.);
#1587=ORIENTED_EDGE('',*,*,#2320,.T.);
#1588=ORIENTED_EDGE('',*,*,#2197,.F.);
#1589=ORIENTED_EDGE('',*,*,#2321,.F.);
#1590=ORIENTED_EDGE('',*,*,#2158,.F.);
#1591=ORIENTED_EDGE('',*,*,#2154,.F.);
#1592=ORIENTED_EDGE('',*,*,#2208,.F.);
#1593=ORIENTED_EDGE('',*,*,#2161,.F.);
#1594=ORIENTED_EDGE('',*,*,#2321,.T.);
#1595=ORIENTED_EDGE('',*,*,#2322,.F.);
#1596=ORIENTED_EDGE('',*,*,#2322,.T.);
#1597=ORIENTED_EDGE('',*,*,#2207,.F.);
#1598=ORIENTED_EDGE('',*,*,#2168,.F.);
#1599=ORIENTED_EDGE('',*,*,#2164,.F.);
#1600=ORIENTED_EDGE('',*,*,#1724,.F.);
#1601=ORIENTED_EDGE('',*,*,#2105,.F.);
#1602=ORIENTED_EDGE('',*,*,#2323,.F.);
#1603=ORIENTED_EDGE('',*,*,#2119,.F.);
#1604=ORIENTED_EDGE('',*,*,#2323,.T.);
#1605=ORIENTED_EDGE('',*,*,#2102,.F.);
#1606=ORIENTED_EDGE('',*,*,#2324,.F.);
#1607=ORIENTED_EDGE('',*,*,#2120,.F.);
#1608=ORIENTED_EDGE('',*,*,#2324,.T.);
#1609=ORIENTED_EDGE('',*,*,#2099,.F.);
#1610=ORIENTED_EDGE('',*,*,#2325,.F.);
#1611=ORIENTED_EDGE('',*,*,#2121,.F.);
#1612=ORIENTED_EDGE('',*,*,#2325,.T.);
#1613=ORIENTED_EDGE('',*,*,#2096,.F.);
#1614=ORIENTED_EDGE('',*,*,#2326,.F.);
#1615=ORIENTED_EDGE('',*,*,#2122,.F.);
#1616=ORIENTED_EDGE('',*,*,#2326,.T.);
#1617=ORIENTED_EDGE('',*,*,#2093,.F.);
#1618=ORIENTED_EDGE('',*,*,#2327,.F.);
#1619=ORIENTED_EDGE('',*,*,#2115,.F.);
#1620=ORIENTED_EDGE('',*,*,#2086,.F.);
#1621=ORIENTED_EDGE('',*,*,#2116,.F.);
#1622=ORIENTED_EDGE('',*,*,#2327,.T.);
#1623=ORIENTED_EDGE('',*,*,#2089,.F.);
#1624=ORIENTED_EDGE('',*,*,#1722,.F.);
#1625=ORIENTED_EDGE('',*,*,#2112,.F.);
#1626=ORIENTED_EDGE('',*,*,#2328,.F.);
#1627=ORIENTED_EDGE('',*,*,#2106,.F.);
#1628=ORIENTED_EDGE('',*,*,#2328,.T.);
#1629=ORIENTED_EDGE('',*,*,#2111,.F.);
#1630=ORIENTED_EDGE('',*,*,#2329,.F.);
#1631=ORIENTED_EDGE('',*,*,#2104,.F.);
#1632=ORIENTED_EDGE('',*,*,#2329,.T.);
#1633=ORIENTED_EDGE('',*,*,#2110,.F.);
#1634=ORIENTED_EDGE('',*,*,#2330,.F.);
#1635=ORIENTED_EDGE('',*,*,#2101,.F.);
#1636=ORIENTED_EDGE('',*,*,#2330,.T.);
#1637=ORIENTED_EDGE('',*,*,#2109,.F.);
#1638=ORIENTED_EDGE('',*,*,#2331,.F.);
#1639=ORIENTED_EDGE('',*,*,#2098,.F.);
#1640=ORIENTED_EDGE('',*,*,#2331,.T.);
#1641=ORIENTED_EDGE('',*,*,#2108,.F.);
#1642=ORIENTED_EDGE('',*,*,#2332,.F.);
#1643=ORIENTED_EDGE('',*,*,#2095,.F.);
#1644=ORIENTED_EDGE('',*,*,#1702,.F.);
#1645=ORIENTED_EDGE('',*,*,#2091,.F.);
#1646=ORIENTED_EDGE('',*,*,#2332,.T.);
#1647=ORIENTED_EDGE('',*,*,#2107,.F.);
#1648=ORIENTED_EDGE('',*,*,#2064,.F.);
#1649=ORIENTED_EDGE('',*,*,#2069,.F.);
#1650=ORIENTED_EDGE('',*,*,#2333,.F.);
#1651=ORIENTED_EDGE('',*,*,#2113,.F.);
#1652=ORIENTED_EDGE('',*,*,#2333,.T.);
#1653=ORIENTED_EDGE('',*,*,#2072,.F.);
#1654=ORIENTED_EDGE('',*,*,#2334,.F.);
#1655=ORIENTED_EDGE('',*,*,#2334,.T.);
#1656=ORIENTED_EDGE('',*,*,#2074,.F.);
#1657=ORIENTED_EDGE('',*,*,#1694,.F.);
#1658=ORIENTED_EDGE('',*,*,#2114,.F.);
#1659=ORIENTED_EDGE('',*,*,#2156,.F.);
#1660=ORIENTED_EDGE('',*,*,#2160,.F.);
#1661=ORIENTED_EDGE('',*,*,#2335,.F.);
#1662=ORIENTED_EDGE('',*,*,#2203,.F.);
#1663=ORIENTED_EDGE('',*,*,#2335,.T.);
#1664=ORIENTED_EDGE('',*,*,#2163,.F.);
#1665=ORIENTED_EDGE('',*,*,#2336,.F.);
#1666=ORIENTED_EDGE('',*,*,#2336,.T.);
#1667=ORIENTED_EDGE('',*,*,#2167,.F.);
#1668=ORIENTED_EDGE('',*,*,#1682,.F.);
#1669=ORIENTED_EDGE('',*,*,#2204,.F.);
#1670=ORIENTED_EDGE('',*,*,#2337,.F.);
#1671=ORIENTED_EDGE('',*,*,#2070,.F.);
#1672=ORIENTED_EDGE('',*,*,#2067,.F.);
#1673=ORIENTED_EDGE('',*,*,#2118,.F.);
#1674=ORIENTED_EDGE('',*,*,#2073,.F.);
#1675=ORIENTED_EDGE('',*,*,#2337,.T.);
#1676=ORIENTED_EDGE('',*,*,#2338,.F.);
#1677=ORIENTED_EDGE('',*,*,#2338,.T.);
#1678=ORIENTED_EDGE('',*,*,#2117,.F.);
#1679=ORIENTED_EDGE('',*,*,#2078,.F.);
#1680=ORIENTED_EDGE('',*,*,#2075,.F.);
#1681=EDGE_CURVE('',#2339,#2340,#2761,.T.);
#1682=EDGE_CURVE('',#2339,#2341,#351,.F.);
#1683=EDGE_CURVE('',#2341,#2342,#2762,.T.);
#1684=EDGE_CURVE('',#2342,#2343,#156,.T.);
#1685=EDGE_CURVE('',#2340,#2343,#2763,.T.);
#1686=EDGE_CURVE('',#2343,#2344,#157,.T.);
#1687=EDGE_CURVE('',#2345,#2344,#2764,.T.);
#1688=EDGE_CURVE('',#2340,#2345,#2765,.T.);
#1689=EDGE_CURVE('',#2346,#2347,#2766,.T.);
#1690=EDGE_CURVE('',#2346,#2348,#352,.F.);
#1691=EDGE_CURVE('',#2345,#2348,#2767,.T.);
#1692=EDGE_CURVE('',#2344,#2347,#158,.T.);
#1693=EDGE_CURVE('',#2349,#2350,#2768,.T.);
#1694=EDGE_CURVE('',#2349,#2351,#353,.F.);
#1695=EDGE_CURVE('',#2351,#2352,#2769,.T.);
#1696=EDGE_CURVE('',#2352,#2353,#159,.T.);
#1697=EDGE_CURVE('',#2350,#2353,#2770,.T.);
#1698=EDGE_CURVE('',#2353,#2354,#160,.T.);
#1699=EDGE_CURVE('',#2355,#2354,#2771,.T.);
#1700=EDGE_CURVE('',#2350,#2355,#2772,.T.);
#1701=EDGE_CURVE('',#2356,#2357,#2773,.T.);
#1702=EDGE_CURVE('',#2356,#2358,#354,.F.);
#1703=EDGE_CURVE('',#2355,#2358,#2774,.T.);
#1704=EDGE_CURVE('',#2354,#2357,#161,.T.);
#1705=EDGE_CURVE('',#2359,#2360,#2775,.T.);
#1706=EDGE_CURVE('',#2361,#2359,#2776,.T.);
#1707=EDGE_CURVE('',#2362,#2361,#162,.T.);
#1708=EDGE_CURVE('',#2363,#2362,#2777,.T.);
#1709=EDGE_CURVE('',#2364,#2363,#2778,.T.);
#1710=EDGE_CURVE('',#2365,#2364,#2779,.T.);
#1711=EDGE_CURVE('',#2365,#2366,#2780,.T.);
#1712=EDGE_CURVE('',#2367,#2366,#2781,.T.);
#1713=EDGE_CURVE('',#2368,#2367,#2782,.T.);
#1714=EDGE_CURVE('',#2369,#2368,#163,.T.);
#1715=EDGE_CURVE('',#2369,#2370,#2783,.T.);
#1716=EDGE_CURVE('',#2370,#2371,#164,.T.);
#1717=EDGE_CURVE('',#2371,#2372,#2784,.T.);
#1718=EDGE_CURVE('',#2372,#2373,#165,.T.);
#1719=EDGE_CURVE('',#2373,#2374,#166,.T.);
#1720=EDGE_CURVE('',#2360,#2374,#2785,.T.);
#1721=EDGE_CURVE('',#2375,#2376,#2786,.T.);
#1722=EDGE_CURVE('',#2375,#2377,#129,.T.);
#1723=EDGE_CURVE('',#2377,#2378,#2787,.T.);
#1724=EDGE_CURVE('',#2378,#2379,#130,.F.);
#1725=EDGE_CURVE('',#2379,#2380,#2788,.T.);
#1726=EDGE_CURVE('',#2380,#2376,#2789,.T.);
#1727=EDGE_CURVE('',#2360,#2381,#2790,.T.);
#1728=EDGE_CURVE('',#2381,#2382,#2791,.T.);
#1729=EDGE_CURVE('',#2383,#2382,#2792,.T.);
#1730=EDGE_CURVE('',#2383,#2384,#2793,.T.);
#1731=EDGE_CURVE('',#2385,#2384,#2794,.T.);
#1732=EDGE_CURVE('',#2385,#2386,#2795,.T.);
#1733=EDGE_CURVE('',#2386,#2365,#2796,.T.);
#1734=EDGE_CURVE('',#2364,#2387,#2797,.T.);
#1735=EDGE_CURVE('',#2388,#2387,#2798,.T.);
#1736=EDGE_CURVE('',#2388,#2359,#2799,.T.);
#1737=EDGE_CURVE('',#2389,#2390,#2800,.T.);
#1738=EDGE_CURVE('',#2391,#2389,#2801,.T.);
#1739=EDGE_CURVE('',#2392,#2391,#167,.T.);
#1740=EDGE_CURVE('',#2393,#2392,#2802,.T.);
#1741=EDGE_CURVE('',#2394,#2393,#2803,.T.);
#1742=EDGE_CURVE('',#2395,#2394,#2804,.T.);
#1743=EDGE_CURVE('',#2395,#2396,#2805,.T.);
#1744=EDGE_CURVE('',#2397,#2396,#2806,.T.);
#1745=EDGE_CURVE('',#2398,#2397,#2807,.T.);
#1746=EDGE_CURVE('',#2399,#2398,#168,.T.);
#1747=EDGE_CURVE('',#2399,#2400,#2808,.T.);
#1748=EDGE_CURVE('',#2400,#2401,#169,.T.);
#1749=EDGE_CURVE('',#2401,#2402,#2809,.T.);
#1750=EDGE_CURVE('',#2402,#2403,#170,.T.);
#1751=EDGE_CURVE('',#2403,#2404,#171,.T.);
#1752=EDGE_CURVE('',#2390,#2404,#2810,.T.);
#1753=EDGE_CURVE('',#2405,#2406,#2811,.T.);
#1754=EDGE_CURVE('',#2405,#2407,#131,.T.);
#1755=EDGE_CURVE('',#2407,#2408,#2812,.T.);
#1756=EDGE_CURVE('',#2408,#2409,#132,.F.);
#1757=EDGE_CURVE('',#2409,#2410,#2813,.T.);
#1758=EDGE_CURVE('',#2410,#2406,#2814,.T.);
#1759=EDGE_CURVE('',#2390,#2411,#2815,.T.);
#1760=EDGE_CURVE('',#2411,#2412,#2816,.T.);
#1761=EDGE_CURVE('',#2413,#2412,#2817,.T.);
#1762=EDGE_CURVE('',#2413,#2414,#2818,.T.);
#1763=EDGE_CURVE('',#2415,#2414,#2819,.T.);
#1764=EDGE_CURVE('',#2415,#2416,#2820,.T.);
#1765=EDGE_CURVE('',#2416,#2395,#2821,.T.);
#1766=EDGE_CURVE('',#2394,#2417,#2822,.T.);
#1767=EDGE_CURVE('',#2418,#2417,#2823,.T.);
#1768=EDGE_CURVE('',#2418,#2389,#2824,.T.);
#1769=EDGE_CURVE('',#2419,#2420,#172,.T.);
#1770=EDGE_CURVE('',#2421,#2419,#2825,.T.);
#1771=EDGE_CURVE('',#2421,#2422,#173,.F.);
#1772=EDGE_CURVE('',#2422,#2420,#2826,.T.);
#1773=EDGE_CURVE('',#2374,#2423,#2827,.T.);
#1774=EDGE_CURVE('',#2373,#2424,#2828,.T.);
#1775=EDGE_CURVE('',#2423,#2424,#174,.T.);
#1776=EDGE_CURVE('',#2404,#2425,#2829,.T.);
#1777=EDGE_CURVE('',#2403,#2426,#2830,.T.);
#1778=EDGE_CURVE('',#2426,#2425,#175,.T.);
#1779=EDGE_CURVE('',#2427,#2428,#133,.T.);
#1780=EDGE_CURVE('',#2428,#2429,#176,.T.);
#1781=EDGE_CURVE('',#2430,#2429,#2831,.T.);
#1782=EDGE_CURVE('',#2430,#2431,#177,.T.);
#1783=EDGE_CURVE('',#2431,#2427,#2832,.T.);
#1784=EDGE_CURVE('',#2368,#2432,#134,.T.);
#1785=EDGE_CURVE('',#2432,#2433,#2833,.T.);
#1786=EDGE_CURVE('',#2433,#2434,#135,.T.);
#1787=EDGE_CURVE('',#2434,#2435,#178,.T.);
#1788=EDGE_CURVE('',#2369,#2435,#2834,.T.);
#1789=EDGE_CURVE('',#2436,#2429,#2835,.T.);
#1790=EDGE_CURVE('',#2437,#2436,#2836,.T.);
#1791=EDGE_CURVE('',#2437,#2430,#2837,.F.);
#1792=EDGE_CURVE('',#2438,#2435,#2838,.T.);
#1793=EDGE_CURVE('',#2370,#2438,#2839,.T.);
#1794=EDGE_CURVE('',#2439,#2436,#179,.T.);
#1795=EDGE_CURVE('',#2440,#2439,#2840,.T.);
#1796=EDGE_CURVE('',#2440,#2437,#180,.F.);
#1797=EDGE_CURVE('',#2441,#2438,#181,.T.);
#1798=EDGE_CURVE('',#2371,#2441,#2841,.T.);
#1799=EDGE_CURVE('',#2442,#2439,#2842,.T.);
#1800=EDGE_CURVE('',#2443,#2442,#2843,.T.);
#1801=EDGE_CURVE('',#2443,#2440,#2844,.F.);
#1802=EDGE_CURVE('',#2444,#2441,#2845,.T.);
#1803=EDGE_CURVE('',#2372,#2444,#2846,.T.);
#1804=EDGE_CURVE('',#2420,#2442,#182,.T.);
#1805=EDGE_CURVE('',#2422,#2443,#183,.F.);
#1806=EDGE_CURVE('',#2424,#2444,#184,.T.);
#1807=EDGE_CURVE('',#2398,#2445,#136,.T.);
#1808=EDGE_CURVE('',#2445,#2446,#2847,.T.);
#1809=EDGE_CURVE('',#2446,#2447,#185,.F.);
#1810=EDGE_CURVE('',#2399,#2447,#2848,.T.);
#1811=EDGE_CURVE('',#2447,#2448,#2849,.T.);
#1812=EDGE_CURVE('',#2400,#2448,#2850,.T.);
#1813=EDGE_CURVE('',#2448,#2449,#186,.T.);
#1814=EDGE_CURVE('',#2401,#2449,#2851,.T.);
#1815=EDGE_CURVE('',#2449,#2450,#2852,.T.);
#1816=EDGE_CURVE('',#2402,#2450,#2853,.T.);
#1817=EDGE_CURVE('',#2450,#2426,#187,.T.);
#1818=EDGE_CURVE('',#2451,#2452,#2854,.T.);
#1819=EDGE_CURVE('',#2451,#2453,#137,.T.);
#1820=EDGE_CURVE('',#2454,#2453,#188,.T.);
#1821=EDGE_CURVE('',#2454,#2455,#2855,.T.);
#1822=EDGE_CURVE('',#2456,#2455,#138,.T.);
#1823=EDGE_CURVE('',#2456,#2457,#139,.T.);
#1824=EDGE_CURVE('',#2458,#2457,#140,.T.);
#1825=EDGE_CURVE('',#2458,#2459,#2856,.T.);
#1826=EDGE_CURVE('',#2460,#2459,#189,.T.);
#1827=EDGE_CURVE('',#2460,#2452,#141,.T.);
#1828=EDGE_CURVE('',#2461,#2462,#2857,.T.);
#1829=EDGE_CURVE('',#2461,#2463,#142,.T.);
#1830=EDGE_CURVE('',#2464,#2463,#190,.T.);
#1831=EDGE_CURVE('',#2464,#2465,#2858,.T.);
#1832=EDGE_CURVE('',#2466,#2465,#143,.T.);
#1833=EDGE_CURVE('',#2466,#2462,#191,.T.);
#1834=EDGE_CURVE('',#2467,#2468,#2859,.F.);
#1835=EDGE_CURVE('',#2468,#2469,#2860,.T.);
#1836=EDGE_CURVE('',#2470,#2469,#2861,.T.);
#1837=EDGE_CURVE('',#2467,#2470,#2862,.T.);
#1838=EDGE_CURVE('',#2471,#2472,#2863,.T.);
#1839=EDGE_CURVE('',#2471,#2473,#2864,.T.);
#1840=EDGE_CURVE('',#2474,#2473,#2865,.T.);
#1841=EDGE_CURVE('',#2472,#2474,#2866,.T.);
#1842=EDGE_CURVE('',#2475,#2476,#2867,.T.);
#1843=EDGE_CURVE('',#2476,#2477,#2868,.T.);
#1844=EDGE_CURVE('',#2478,#2477,#2869,.T.);
#1845=EDGE_CURVE('',#2479,#2478,#2870,.T.);
#1846=EDGE_CURVE('',#2480,#2479,#2871,.T.);
#1847=EDGE_CURVE('',#2475,#2480,#2872,.T.);
#1848=EDGE_CURVE('',#2481,#2482,#2873,.F.);
#1849=EDGE_CURVE('',#2482,#2483,#2874,.T.);
#1850=EDGE_CURVE('',#2484,#2483,#2875,.T.);
#1851=EDGE_CURVE('',#2481,#2484,#2876,.T.);
#1852=EDGE_CURVE('',#2485,#2486,#2877,.T.);
#1853=EDGE_CURVE('',#2485,#2487,#2878,.T.);
#1854=EDGE_CURVE('',#2488,#2487,#2879,.T.);
#1855=EDGE_CURVE('',#2486,#2488,#2880,.T.);
#1856=EDGE_CURVE('',#2489,#2490,#2881,.T.);
#1857=EDGE_CURVE('',#2490,#2491,#2882,.T.);
#1858=EDGE_CURVE('',#2492,#2491,#2883,.T.);
#1859=EDGE_CURVE('',#2493,#2492,#2884,.T.);
#1860=EDGE_CURVE('',#2494,#2493,#2885,.T.);
#1861=EDGE_CURVE('',#2489,#2494,#2886,.T.);
#1862=EDGE_CURVE('',#2478,#2495,#144,.T.);
#1863=EDGE_CURVE('',#2496,#2477,#145,.T.);
#1864=EDGE_CURVE('',#2495,#2496,#2887,.T.);
#1865=EDGE_CURVE('',#2492,#2497,#146,.T.);
#1866=EDGE_CURVE('',#2498,#2491,#147,.T.);
#1867=EDGE_CURVE('',#2497,#2498,#2888,.T.);
#1868=EDGE_CURVE('',#2499,#2454,#192,.T.);
#1869=EDGE_CURVE('',#2500,#2499,#2889,.T.);
#1870=EDGE_CURVE('',#2500,#2495,#193,.T.);
#1871=EDGE_CURVE('',#2496,#2455,#194,.T.);
#1872=EDGE_CURVE('',#2459,#2464,#195,.T.);
#1873=EDGE_CURVE('',#2458,#2497,#196,.T.);
#1874=EDGE_CURVE('',#2498,#2465,#197,.T.);
#1875=EDGE_CURVE('',#2501,#2499,#198,.T.);
#1876=EDGE_CURVE('',#2501,#2502,#148,.T.);
#1877=EDGE_CURVE('',#2503,#2502,#2890,.T.);
#1878=EDGE_CURVE('',#2503,#2504,#199,.F.);
#1879=EDGE_CURVE('',#2500,#2504,#149,.T.);
#1880=EDGE_CURVE('',#2505,#2506,#2891,.T.);
#1881=EDGE_CURVE('',#2506,#2507,#2892,.T.);
#1882=EDGE_CURVE('',#2507,#2508,#2893,.T.);
#1883=EDGE_CURVE('',#2508,#2509,#200,.T.);
#1884=EDGE_CURVE('',#2509,#2510,#2894,.T.);
#1885=EDGE_CURVE('',#2510,#2511,#201,.F.);
#1886=EDGE_CURVE('',#2511,#2512,#2895,.T.);
#1887=EDGE_CURVE('',#2512,#2513,#202,.T.);
#1888=EDGE_CURVE('',#2513,#2514,#2896,.T.);
#1889=EDGE_CURVE('',#2514,#2515,#203,.T.);
#1890=EDGE_CURVE('',#2515,#2516,#204,.T.);
#1891=EDGE_CURVE('',#2516,#2517,#2897,.T.);
#1892=EDGE_CURVE('',#2517,#2505,#2898,.T.);
#1893=EDGE_CURVE('',#2518,#2519,#2899,.T.);
#1894=EDGE_CURVE('',#2520,#2518,#2900,.T.);
#1895=EDGE_CURVE('',#2521,#2520,#2901,.T.);
#1896=EDGE_CURVE('',#2521,#2522,#2902,.F.);
#1897=EDGE_CURVE('',#2522,#2523,#205,.F.);
#1898=EDGE_CURVE('',#2523,#2524,#206,.F.);
#1899=EDGE_CURVE('',#2524,#2525,#2903,.F.);
#1900=EDGE_CURVE('',#2525,#2526,#207,.F.);
#1901=EDGE_CURVE('',#2526,#2527,#2904,.F.);
#1902=EDGE_CURVE('',#2527,#2528,#208,.T.);
#1903=EDGE_CURVE('',#2528,#2529,#2905,.F.);
#1904=EDGE_CURVE('',#2529,#2530,#209,.F.);
#1905=EDGE_CURVE('',#2530,#2519,#2906,.F.);
#1906=EDGE_CURVE('',#2531,#2503,#210,.T.);
#1907=EDGE_CURVE('',#2531,#2504,#150,.T.);
#1908=EDGE_CURVE('',#2507,#2531,#151,.T.);
#1909=EDGE_CURVE('',#2532,#2503,#2907,.F.);
#1910=EDGE_CURVE('',#2508,#2532,#211,.T.);
#1911=EDGE_CURVE('',#2533,#2462,#212,.T.);
#1912=EDGE_CURVE('',#2533,#2519,#152,.T.);
#1913=EDGE_CURVE('',#2530,#2534,#213,.T.);
#1914=EDGE_CURVE('',#2462,#2534,#2908,.T.);
#1915=EDGE_CURVE('',#2466,#2533,#153,.T.);
#1916=EDGE_CURVE('',#2535,#2520,#2909,.T.);
#1917=EDGE_CURVE('',#2535,#2536,#2910,.T.);
#1918=EDGE_CURVE('',#2536,#2537,#2911,.T.);
#1919=EDGE_CURVE('',#2537,#2521,#214,.F.);
#1920=EDGE_CURVE('',#2538,#2539,#2912,.T.);
#1921=EDGE_CURVE('',#2539,#2540,#2913,.T.);
#1922=EDGE_CURVE('',#2505,#2540,#2914,.T.);
#1923=EDGE_CURVE('',#2517,#2538,#215,.F.);
#1924=EDGE_CURVE('',#2490,#2518,#216,.T.);
#1925=EDGE_CURVE('',#2490,#2535,#2915,.T.);
#1926=EDGE_CURVE('',#2540,#2479,#2916,.T.);
#1927=EDGE_CURVE('',#2506,#2479,#217,.T.);
#1928=EDGE_CURVE('',#2411,#2423,#2917,.T.);
#1929=EDGE_CURVE('',#2425,#2537,#2918,.T.);
#1930=EDGE_CURVE('',#2536,#2489,#2919,.T.);
#1931=EDGE_CURVE('',#2494,#2541,#2920,.T.);
#1932=EDGE_CURVE('',#2542,#2541,#2921,.T.);
#1933=EDGE_CURVE('',#2542,#2475,#2922,.T.);
#1934=EDGE_CURVE('',#2480,#2539,#2923,.T.);
#1935=EDGE_CURVE('',#2538,#2421,#2924,.F.);
#1936=EDGE_CURVE('',#2381,#2419,#2925,.T.);
#1937=EDGE_CURVE('',#2541,#2543,#2926,.T.);
#1938=EDGE_CURVE('',#2544,#2543,#2927,.T.);
#1939=EDGE_CURVE('',#2542,#2544,#2928,.T.);
#1940=EDGE_CURVE('',#2543,#2493,#2929,.T.);
#1941=EDGE_CURVE('',#2545,#2493,#218,.T.);
#1942=EDGE_CURVE('',#2545,#2546,#219,.T.);
#1943=EDGE_CURVE('',#2476,#2546,#220,.T.);
#1944=EDGE_CURVE('',#2476,#2544,#2930,.T.);
#1945=EDGE_CURVE('',#2502,#2451,#355,.T.);
#1946=EDGE_CURVE('',#2452,#2461,#356,.T.);
#1947=EDGE_CURVE('',#2532,#2534,#2931,.T.);
#1948=EDGE_CURVE('',#2547,#2548,#2932,.T.);
#1949=EDGE_CURVE('',#2547,#2532,#221,.F.);
#1950=EDGE_CURVE('',#2534,#2548,#222,.T.);
#1951=EDGE_CURVE('',#2427,#2549,#223,.F.);
#1952=EDGE_CURVE('',#2431,#2547,#2933,.F.);
#1953=EDGE_CURVE('',#2548,#2446,#2934,.T.);
#1954=EDGE_CURVE('',#2550,#2445,#224,.F.);
#1955=EDGE_CURVE('',#2551,#2550,#2935,.T.);
#1956=EDGE_CURVE('',#2433,#2551,#225,.F.);
#1957=EDGE_CURVE('',#2552,#2432,#226,.F.);
#1958=EDGE_CURVE('',#2549,#2552,#2936,.T.);
#1959=EDGE_CURVE('',#2509,#2547,#227,.T.);
#1960=EDGE_CURVE('',#2510,#2431,#228,.T.);
#1961=EDGE_CURVE('',#2511,#2430,#154,.F.);
#1962=EDGE_CURVE('',#2512,#2437,#229,.T.);
#1963=EDGE_CURVE('',#2513,#2440,#230,.T.);
#1964=EDGE_CURVE('',#2514,#2443,#231,.T.);
#1965=EDGE_CURVE('',#2515,#2422,#232,.T.);
#1966=EDGE_CURVE('',#2516,#2421,#233,.T.);
#1967=EDGE_CURVE('',#2522,#2425,#234,.T.);
#1968=EDGE_CURVE('',#2523,#2426,#235,.T.);
#1969=EDGE_CURVE('',#2524,#2450,#236,.T.);
#1970=EDGE_CURVE('',#2525,#2449,#237,.T.);
#1971=EDGE_CURVE('',#2526,#2448,#238,.T.);
#1972=EDGE_CURVE('',#2527,#2447,#155,.F.);
#1973=EDGE_CURVE('',#2528,#2446,#239,.T.);
#1974=EDGE_CURVE('',#2529,#2548,#240,.T.);
#1975=EDGE_CURVE('',#2546,#2456,#2937,.T.);
#1976=EDGE_CURVE('',#2545,#2457,#2938,.T.);
#1977=EDGE_CURVE('',#2553,#2553,#241,.T.);
#1978=EDGE_CURVE('',#2554,#2554,#242,.T.);
#1979=EDGE_CURVE('',#2555,#2396,#2939,.T.);
#1980=EDGE_CURVE('',#2555,#2556,#2940,.T.);
#1981=EDGE_CURVE('',#2556,#2557,#243,.T.);
#1982=EDGE_CURVE('',#2557,#2558,#2941,.T.);
#1983=EDGE_CURVE('',#2558,#2397,#244,.T.);
#1984=EDGE_CURVE('',#2550,#2558,#2942,.T.);
#1985=EDGE_CURVE('',#2551,#2557,#2943,.T.);
#1986=EDGE_CURVE('',#2434,#2556,#2944,.T.);
#1987=EDGE_CURVE('',#2559,#2412,#2945,.T.);
#1988=EDGE_CURVE('',#2416,#2555,#2946,.T.);
#1989=EDGE_CURVE('',#2560,#2415,#2947,.T.);
#1990=EDGE_CURVE('',#2560,#2561,#2948,.T.);
#1991=EDGE_CURVE('',#2561,#2559,#245,.T.);
#1992=EDGE_CURVE('',#2562,#2366,#2949,.T.);
#1993=EDGE_CURVE('',#2562,#2563,#2950,.T.);
#1994=EDGE_CURVE('',#2563,#2564,#246,.T.);
#1995=EDGE_CURVE('',#2564,#2565,#2951,.T.);
#1996=EDGE_CURVE('',#2565,#2367,#247,.T.);
#1997=EDGE_CURVE('',#2566,#2382,#2952,.T.);
#1998=EDGE_CURVE('',#2428,#2563,#2953,.T.);
#1999=EDGE_CURVE('',#2386,#2562,#2954,.T.);
#2000=EDGE_CURVE('',#2567,#2385,#2955,.T.);
#2001=EDGE_CURVE('',#2567,#2568,#2956,.T.);
#2002=EDGE_CURVE('',#2568,#2566,#248,.T.);
#2003=EDGE_CURVE('',#2552,#2565,#2957,.T.);
#2004=EDGE_CURVE('',#2549,#2564,#2958,.T.);
#2005=EDGE_CURVE('',#2569,#2391,#2959,.T.);
#2006=EDGE_CURVE('',#2570,#2569,#249,.T.);
#2007=EDGE_CURVE('',#2570,#2392,#2960,.T.);
#2008=EDGE_CURVE('',#2569,#2418,#2961,.T.);
#2009=EDGE_CURVE('',#2571,#2393,#2962,.T.);
#2010=EDGE_CURVE('',#2417,#2571,#2963,.T.);
#2011=EDGE_CURVE('',#2571,#2570,#2964,.T.);
#2012=EDGE_CURVE('',#2572,#2361,#2965,.T.);
#2013=EDGE_CURVE('',#2573,#2572,#250,.T.);
#2014=EDGE_CURVE('',#2573,#2362,#2966,.T.);
#2015=EDGE_CURVE('',#2572,#2388,#2967,.T.);
#2016=EDGE_CURVE('',#2574,#2363,#2968,.T.);
#2017=EDGE_CURVE('',#2387,#2574,#2969,.T.);
#2018=EDGE_CURVE('',#2574,#2573,#2970,.T.);
#2019=EDGE_CURVE('',#2575,#2561,#2971,.T.);
#2020=EDGE_CURVE('',#2575,#2576,#251,.T.);
#2021=EDGE_CURVE('',#2576,#2559,#2972,.T.);
#2022=EDGE_CURVE('',#2576,#2413,#2973,.T.);
#2023=EDGE_CURVE('',#2414,#2577,#2974,.T.);
#2024=EDGE_CURVE('',#2577,#2560,#2975,.T.);
#2025=EDGE_CURVE('',#2577,#2575,#2976,.T.);
#2026=EDGE_CURVE('',#2578,#2568,#2977,.T.);
#2027=EDGE_CURVE('',#2578,#2579,#252,.T.);
#2028=EDGE_CURVE('',#2579,#2566,#2978,.T.);
#2029=EDGE_CURVE('',#2579,#2383,#2979,.T.);
#2030=EDGE_CURVE('',#2384,#2580,#2980,.T.);
#2031=EDGE_CURVE('',#2580,#2567,#2981,.T.);
#2032=EDGE_CURVE('',#2580,#2578,#2982,.T.);
#2033=EDGE_CURVE('',#2380,#2581,#2983,.T.);
#2034=EDGE_CURVE('',#2582,#2581,#2984,.T.);
#2035=EDGE_CURVE('',#2376,#2582,#2985,.T.);
#2036=EDGE_CURVE('',#2583,#2581,#253,.T.);
#2037=EDGE_CURVE('',#2584,#2583,#2986,.T.);
#2038=EDGE_CURVE('',#2584,#2582,#254,.T.);
#2039=EDGE_CURVE('',#2583,#2585,#2987,.T.);
#2040=EDGE_CURVE('',#2586,#2585,#2988,.T.);
#2041=EDGE_CURVE('',#2584,#2586,#2989,.T.);
#2042=EDGE_CURVE('',#2587,#2585,#255,.T.);
#2043=EDGE_CURVE('',#2588,#2587,#2990,.T.);
#2044=EDGE_CURVE('',#2588,#2586,#256,.T.);
#2045=EDGE_CURVE('',#2587,#2589,#2991,.T.);
#2046=EDGE_CURVE('',#2590,#2589,#2992,.T.);
#2047=EDGE_CURVE('',#2588,#2590,#2993,.T.);
#2048=EDGE_CURVE('',#2589,#2591,#257,.T.);
#2049=EDGE_CURVE('',#2592,#2591,#2994,.T.);
#2050=EDGE_CURVE('',#2590,#2592,#258,.T.);
#2051=EDGE_CURVE('',#2591,#2593,#2995,.T.);
#2052=EDGE_CURVE('',#2594,#2593,#2996,.T.);
#2053=EDGE_CURVE('',#2592,#2594,#2997,.T.);
#2054=EDGE_CURVE('',#2593,#2595,#2998,.T.);
#2055=EDGE_CURVE('',#2596,#2595,#2999,.T.);
#2056=EDGE_CURVE('',#2594,#2596,#3000,.T.);
#2057=EDGE_CURVE('',#2595,#2597,#3001,.T.);
#2058=EDGE_CURVE('',#2598,#2597,#3002,.T.);
#2059=EDGE_CURVE('',#2596,#2598,#3003,.T.);
#2060=EDGE_CURVE('',#2597,#2599,#3004,.T.);
#2061=EDGE_CURVE('',#2600,#2599,#3005,.T.);
#2062=EDGE_CURVE('',#2598,#2600,#3006,.T.);
#2063=EDGE_CURVE('',#2601,#2602,#3007,.T.);
#2064=EDGE_CURVE('',#2601,#2603,#259,.F.);
#2065=EDGE_CURVE('',#2600,#2603,#3008,.T.);
#2066=EDGE_CURVE('',#2599,#2604,#3009,.T.);
#2067=EDGE_CURVE('',#2604,#2602,#260,.F.);
#2068=EDGE_CURVE('',#2605,#2606,#3010,.T.);
#2069=EDGE_CURVE('',#2605,#2601,#3011,.F.);
#2070=EDGE_CURVE('',#2602,#2606,#3012,.T.);
#2071=EDGE_CURVE('',#2607,#2608,#3013,.T.);
#2072=EDGE_CURVE('',#2607,#2605,#261,.T.);
#2073=EDGE_CURVE('',#2606,#2608,#262,.F.);
#2074=EDGE_CURVE('',#2351,#2607,#3014,.F.);
#2075=EDGE_CURVE('',#2608,#2609,#3015,.T.);
#2076=EDGE_CURVE('',#2610,#2609,#3016,.T.);
#2077=EDGE_CURVE('',#2610,#2352,#263,.T.);
#2078=EDGE_CURVE('',#2609,#2611,#357,.F.);
#2079=EDGE_CURVE('',#2611,#2612,#3017,.T.);
#2080=EDGE_CURVE('',#2613,#2612,#3018,.T.);
#2081=EDGE_CURVE('',#2613,#2610,#264,.T.);
#2082=EDGE_CURVE('',#2614,#2615,#3019,.T.);
#2083=EDGE_CURVE('',#2614,#2613,#265,.T.);
#2084=EDGE_CURVE('',#2612,#2615,#3020,.T.);
#2085=EDGE_CURVE('',#2615,#2616,#3021,.T.);
#2086=EDGE_CURVE('',#2616,#2617,#358,.F.);
#2087=EDGE_CURVE('',#2618,#2617,#3022,.T.);
#2088=EDGE_CURVE('',#2618,#2614,#266,.T.);
#2089=EDGE_CURVE('',#2617,#2619,#3023,.T.);
#2090=EDGE_CURVE('',#2620,#2619,#3024,.T.);
#2091=EDGE_CURVE('',#2620,#2356,#3025,.F.);
#2092=EDGE_CURVE('',#2357,#2618,#267,.T.);
#2093=EDGE_CURVE('',#2619,#2621,#3026,.T.);
#2094=EDGE_CURVE('',#2622,#2621,#3027,.T.);
#2095=EDGE_CURVE('',#2622,#2620,#3028,.F.);
#2096=EDGE_CURVE('',#2621,#2623,#268,.F.);
#2097=EDGE_CURVE('',#2624,#2623,#3029,.T.);
#2098=EDGE_CURVE('',#2624,#2622,#269,.T.);
#2099=EDGE_CURVE('',#2623,#2625,#270,.T.);
#2100=EDGE_CURVE('',#2626,#2625,#3030,.T.);
#2101=EDGE_CURVE('',#2626,#2624,#271,.F.);
#2102=EDGE_CURVE('',#2625,#2627,#3031,.T.);
#2103=EDGE_CURVE('',#2628,#2627,#3032,.T.);
#2104=EDGE_CURVE('',#2628,#2626,#3033,.F.);
#2105=EDGE_CURVE('',#2627,#2378,#272,.F.);
#2106=EDGE_CURVE('',#2377,#2628,#273,.T.);
#2107=EDGE_CURVE('',#2358,#2629,#3034,.T.);
#2108=EDGE_CURVE('',#2629,#2630,#3035,.T.);
#2109=EDGE_CURVE('',#2630,#2631,#274,.F.);
#2110=EDGE_CURVE('',#2631,#2632,#275,.T.);
#2111=EDGE_CURVE('',#2632,#2633,#3036,.T.);
#2112=EDGE_CURVE('',#2633,#2375,#276,.F.);
#2113=EDGE_CURVE('',#2603,#2634,#3037,.T.);
#2114=EDGE_CURVE('',#2634,#2349,#3038,.T.);
#2115=EDGE_CURVE('',#2635,#2636,#3039,.F.);
#2116=EDGE_CURVE('',#2636,#2616,#3040,.F.);
#2117=EDGE_CURVE('',#2611,#2637,#3041,.F.);
#2118=EDGE_CURVE('',#2637,#2604,#3042,.F.);
#2119=EDGE_CURVE('',#2379,#2638,#277,.T.);
#2120=EDGE_CURVE('',#2638,#2639,#3043,.F.);
#2121=EDGE_CURVE('',#2639,#2640,#278,.F.);
#2122=EDGE_CURVE('',#2640,#2635,#279,.T.);
#2123=EDGE_CURVE('',#2410,#2641,#3044,.T.);
#2124=EDGE_CURVE('',#2642,#2641,#3045,.T.);
#2125=EDGE_CURVE('',#2406,#2642,#3046,.T.);
#2126=EDGE_CURVE('',#2643,#2641,#280,.T.);
#2127=EDGE_CURVE('',#2644,#2643,#3047,.T.);
#2128=EDGE_CURVE('',#2644,#2642,#281,.T.);
#2129=EDGE_CURVE('',#2643,#2645,#3048,.T.);
#2130=EDGE_CURVE('',#2646,#2645,#3049,.T.);
#2131=EDGE_CURVE('',#2644,#2646,#3050,.T.);
#2132=EDGE_CURVE('',#2647,#2645,#282,.T.);
#2133=EDGE_CURVE('',#2648,#2647,#3051,.T.);
#2134=EDGE_CURVE('',#2648,#2646,#283,.T.);
#2135=EDGE_CURVE('',#2647,#2649,#3052,.T.);
#2136=EDGE_CURVE('',#2650,#2649,#3053,.T.);
#2137=EDGE_CURVE('',#2648,#2650,#3054,.T.);
#2138=EDGE_CURVE('',#2649,#2651,#284,.T.);
#2139=EDGE_CURVE('',#2652,#2651,#3055,.T.);
#2140=EDGE_CURVE('',#2650,#2652,#285,.T.);
#2141=EDGE_CURVE('',#2651,#2653,#3056,.T.);
#2142=EDGE_CURVE('',#2654,#2653,#3057,.T.);
#2143=EDGE_CURVE('',#2652,#2654,#3058,.T.);
#2144=EDGE_CURVE('',#2653,#2655,#3059,.T.);
#2145=EDGE_CURVE('',#2656,#2655,#3060,.T.);
#2146=EDGE_CURVE('',#2654,#2656,#3061,.T.);
#2147=EDGE_CURVE('',#2655,#2657,#3062,.T.);
#2148=EDGE_CURVE('',#2658,#2657,#3063,.T.);
#2149=EDGE_CURVE('',#2656,#2658,#3064,.T.);
#2150=EDGE_CURVE('',#2657,#2659,#3065,.T.);
#2151=EDGE_CURVE('',#2660,#2659,#3066,.T.);
#2152=EDGE_CURVE('',#2658,#2660,#3067,.T.);
#2153=EDGE_CURVE('',#2659,#2661,#3068,.T.);
#2154=EDGE_CURVE('',#2661,#2662,#286,.F.);
#2155=EDGE_CURVE('',#2663,#2662,#3069,.T.);
#2156=EDGE_CURVE('',#2663,#2664,#287,.F.);
#2157=EDGE_CURVE('',#2660,#2664,#3070,.T.);
#2158=EDGE_CURVE('',#2662,#2665,#3071,.T.);
#2159=EDGE_CURVE('',#2666,#2665,#3072,.T.);
#2160=EDGE_CURVE('',#2666,#2663,#3073,.F.);
#2161=EDGE_CURVE('',#2665,#2667,#288,.F.);
#2162=EDGE_CURVE('',#2668,#2667,#3074,.T.);
#2163=EDGE_CURVE('',#2668,#2666,#289,.T.);
#2164=EDGE_CURVE('',#2667,#2669,#3075,.T.);
#2165=EDGE_CURVE('',#2670,#2669,#3076,.T.);
#2166=EDGE_CURVE('',#2670,#2342,#290,.T.);
#2167=EDGE_CURVE('',#2341,#2668,#3077,.F.);
#2168=EDGE_CURVE('',#2669,#2671,#359,.F.);
#2169=EDGE_CURVE('',#2671,#2672,#3078,.T.);
#2170=EDGE_CURVE('',#2673,#2672,#3079,.T.);
#2171=EDGE_CURVE('',#2673,#2670,#291,.T.);
#2172=EDGE_CURVE('',#2674,#2675,#3080,.T.);
#2173=EDGE_CURVE('',#2674,#2673,#292,.T.);
#2174=EDGE_CURVE('',#2672,#2675,#3081,.T.);
#2175=EDGE_CURVE('',#2675,#2676,#3082,.T.);
#2176=EDGE_CURVE('',#2676,#2677,#360,.F.);
#2177=EDGE_CURVE('',#2678,#2677,#3083,.T.);
#2178=EDGE_CURVE('',#2678,#2674,#293,.T.);
#2179=EDGE_CURVE('',#2677,#2679,#3084,.T.);
#2180=EDGE_CURVE('',#2680,#2679,#3085,.T.);
#2181=EDGE_CURVE('',#2680,#2346,#3086,.F.);
#2182=EDGE_CURVE('',#2347,#2678,#294,.T.);
#2183=EDGE_CURVE('',#2679,#2681,#3087,.T.);
#2184=EDGE_CURVE('',#2682,#2681,#3088,.T.);
#2185=EDGE_CURVE('',#2682,#2680,#3089,.F.);
#2186=EDGE_CURVE('',#2681,#2683,#295,.F.);
#2187=EDGE_CURVE('',#2684,#2683,#3090,.T.);
#2188=EDGE_CURVE('',#2684,#2682,#296,.T.);
#2189=EDGE_CURVE('',#2683,#2685,#297,.T.);
#2190=EDGE_CURVE('',#2686,#2685,#3091,.T.);
#2191=EDGE_CURVE('',#2686,#2684,#298,.F.);
#2192=EDGE_CURVE('',#2685,#2687,#3092,.T.);
#2193=EDGE_CURVE('',#2688,#2687,#3093,.T.);
#2194=EDGE_CURVE('',#2688,#2686,#3094,.F.);
#2195=EDGE_CURVE('',#2687,#2408,#299,.F.);
#2196=EDGE_CURVE('',#2407,#2688,#300,.T.);
#2197=EDGE_CURVE('',#2348,#2689,#3095,.T.);
#2198=EDGE_CURVE('',#2689,#2690,#3096,.T.);
#2199=EDGE_CURVE('',#2690,#2691,#301,.F.);
#2200=EDGE_CURVE('',#2691,#2692,#302,.T.);
#2201=EDGE_CURVE('',#2692,#2693,#3097,.T.);
#2202=EDGE_CURVE('',#2693,#2405,#303,.F.);
#2203=EDGE_CURVE('',#2664,#2694,#3098,.T.);
#2204=EDGE_CURVE('',#2694,#2339,#3099,.T.);
#2205=EDGE_CURVE('',#2695,#2696,#3100,.F.);
#2206=EDGE_CURVE('',#2696,#2676,#3101,.F.);
#2207=EDGE_CURVE('',#2671,#2697,#3102,.F.);
#2208=EDGE_CURVE('',#2697,#2661,#3103,.F.);
#2209=EDGE_CURVE('',#2409,#2698,#304,.T.);
#2210=EDGE_CURVE('',#2698,#2699,#3104,.F.);
#2211=EDGE_CURVE('',#2699,#2700,#305,.F.);
#2212=EDGE_CURVE('',#2700,#2695,#306,.T.);
#2213=EDGE_CURVE('',#2701,#2702,#307,.T.);
#2214=EDGE_CURVE('',#2703,#2701,#3105,.T.);
#2215=EDGE_CURVE('',#2703,#2704,#308,.T.);
#2216=EDGE_CURVE('',#2704,#2702,#3106,.T.);
#2217=EDGE_CURVE('',#2701,#2705,#3107,.T.);
#2218=EDGE_CURVE('',#2706,#2705,#3108,.T.);
#2219=EDGE_CURVE('',#2703,#2706,#3109,.T.);
#2220=EDGE_CURVE('',#2705,#2707,#309,.T.);
#2221=EDGE_CURVE('',#2708,#2707,#3110,.T.);
#2222=EDGE_CURVE('',#2706,#2708,#310,.T.);
#2223=EDGE_CURVE('',#2707,#2709,#3111,.T.);
#2224=EDGE_CURVE('',#2710,#2709,#3112,.T.);
#2225=EDGE_CURVE('',#2708,#2710,#3113,.T.);
#2226=EDGE_CURVE('',#2709,#2711,#3114,.T.);
#2227=EDGE_CURVE('',#2712,#2711,#3115,.T.);
#2228=EDGE_CURVE('',#2710,#2712,#3116,.T.);
#2229=EDGE_CURVE('',#2711,#2713,#3117,.T.);
#2230=EDGE_CURVE('',#2714,#2713,#3118,.T.);
#2231=EDGE_CURVE('',#2712,#2714,#3119,.T.);
#2232=EDGE_CURVE('',#2713,#2715,#3120,.T.);
#2233=EDGE_CURVE('',#2716,#2715,#3121,.T.);
#2234=EDGE_CURVE('',#2714,#2716,#3122,.T.);
#2235=EDGE_CURVE('',#2717,#2715,#311,.T.);
#2236=EDGE_CURVE('',#2718,#2717,#3123,.T.);
#2237=EDGE_CURVE('',#2718,#2716,#312,.T.);
#2238=EDGE_CURVE('',#2471,#2704,#3124,.T.);
#2239=EDGE_CURVE('',#2718,#2473,#3125,.T.);
#2240=EDGE_CURVE('',#2472,#2702,#3126,.T.);
#2241=EDGE_CURVE('',#2717,#2474,#3127,.T.);
#2242=EDGE_CURVE('',#2719,#2470,#3128,.T.);
#2243=EDGE_CURVE('',#2720,#2469,#3129,.T.);
#2244=EDGE_CURVE('',#2720,#2719,#3130,.T.);
#2245=EDGE_CURVE('',#2721,#2467,#313,.T.);
#2246=EDGE_CURVE('',#2722,#2721,#3131,.T.);
#2247=EDGE_CURVE('',#2722,#2468,#314,.T.);
#2248=EDGE_CURVE('',#2722,#2723,#3132,.T.);
#2249=EDGE_CURVE('',#2723,#2724,#3133,.T.);
#2250=EDGE_CURVE('',#2724,#2725,#3134,.T.);
#2251=EDGE_CURVE('',#2725,#2726,#3135,.T.);
#2252=EDGE_CURVE('',#2726,#2720,#315,.T.);
#2253=EDGE_CURVE('',#2727,#2719,#316,.T.);
#2254=EDGE_CURVE('',#2728,#2727,#3136,.T.);
#2255=EDGE_CURVE('',#2729,#2728,#3137,.T.);
#2256=EDGE_CURVE('',#2730,#2729,#3138,.T.);
#2257=EDGE_CURVE('',#2721,#2730,#3139,.T.);
#2258=EDGE_CURVE('',#2723,#2730,#3140,.T.);
#2259=EDGE_CURVE('',#2724,#2729,#3141,.T.);
#2260=EDGE_CURVE('',#2725,#2728,#3142,.T.);
#2261=EDGE_CURVE('',#2726,#2727,#3143,.T.);
#2262=EDGE_CURVE('',#2731,#2732,#317,.T.);
#2263=EDGE_CURVE('',#2733,#2731,#3144,.T.);
#2264=EDGE_CURVE('',#2733,#2734,#318,.T.);
#2265=EDGE_CURVE('',#2734,#2732,#3145,.T.);
#2266=EDGE_CURVE('',#2731,#2735,#3146,.T.);
#2267=EDGE_CURVE('',#2736,#2735,#3147,.T.);
#2268=EDGE_CURVE('',#2733,#2736,#3148,.T.);
#2269=EDGE_CURVE('',#2735,#2737,#319,.T.);
#2270=EDGE_CURVE('',#2738,#2737,#3149,.T.);
#2271=EDGE_CURVE('',#2736,#2738,#320,.T.);
#2272=EDGE_CURVE('',#2737,#2739,#3150,.T.);
#2273=EDGE_CURVE('',#2740,#2739,#3151,.T.);
#2274=EDGE_CURVE('',#2738,#2740,#3152,.T.);
#2275=EDGE_CURVE('',#2739,#2741,#3153,.T.);
#2276=EDGE_CURVE('',#2742,#2741,#3154,.T.);
#2277=EDGE_CURVE('',#2740,#2742,#3155,.T.);
#2278=EDGE_CURVE('',#2741,#2743,#3156,.T.);
#2279=EDGE_CURVE('',#2744,#2743,#3157,.T.);
#2280=EDGE_CURVE('',#2742,#2744,#3158,.T.);
#2281=EDGE_CURVE('',#2743,#2745,#3159,.T.);
#2282=EDGE_CURVE('',#2746,#2745,#3160,.T.);
#2283=EDGE_CURVE('',#2744,#2746,#3161,.T.);
#2284=EDGE_CURVE('',#2747,#2745,#321,.T.);
#2285=EDGE_CURVE('',#2748,#2747,#3162,.T.);
#2286=EDGE_CURVE('',#2748,#2746,#322,.T.);
#2287=EDGE_CURVE('',#2485,#2734,#3163,.T.);
#2288=EDGE_CURVE('',#2748,#2487,#3164,.T.);
#2289=EDGE_CURVE('',#2486,#2732,#3165,.T.);
#2290=EDGE_CURVE('',#2747,#2488,#3166,.T.);
#2291=EDGE_CURVE('',#2749,#2484,#3167,.T.);
#2292=EDGE_CURVE('',#2750,#2483,#3168,.T.);
#2293=EDGE_CURVE('',#2750,#2749,#3169,.T.);
#2294=EDGE_CURVE('',#2751,#2481,#323,.T.);
#2295=EDGE_CURVE('',#2752,#2751,#3170,.T.);
#2296=EDGE_CURVE('',#2752,#2482,#324,.T.);
#2297=EDGE_CURVE('',#2752,#2753,#3171,.T.);
#2298=EDGE_CURVE('',#2753,#2754,#3172,.T.);
#2299=EDGE_CURVE('',#2754,#2755,#3173,.T.);
#2300=EDGE_CURVE('',#2755,#2756,#3174,.T.);
#2301=EDGE_CURVE('',#2756,#2750,#325,.T.);
#2302=EDGE_CURVE('',#2757,#2749,#326,.T.);
#2303=EDGE_CURVE('',#2758,#2757,#3175,.T.);
#2304=EDGE_CURVE('',#2759,#2758,#3176,.T.);
#2305=EDGE_CURVE('',#2760,#2759,#3177,.T.);
#2306=EDGE_CURVE('',#2751,#2760,#3178,.T.);
#2307=EDGE_CURVE('',#2753,#2760,#3179,.T.);
#2308=EDGE_CURVE('',#2754,#2759,#3180,.T.);
#2309=EDGE_CURVE('',#2755,#2758,#3181,.T.);
#2310=EDGE_CURVE('',#2756,#2757,#3182,.T.);
#2311=EDGE_CURVE('',#2698,#2687,#327,.T.);
#2312=EDGE_CURVE('',#2699,#2685,#328,.T.);
#2313=EDGE_CURVE('',#2700,#2683,#329,.T.);
#2314=EDGE_CURVE('',#2695,#2681,#330,.T.);
#2315=EDGE_CURVE('',#2696,#2679,#361,.F.);
#2316=EDGE_CURVE('',#2688,#2693,#331,.T.);
#2317=EDGE_CURVE('',#2686,#2692,#332,.T.);
#2318=EDGE_CURVE('',#2684,#2691,#333,.T.);
#2319=EDGE_CURVE('',#2682,#2690,#334,.T.);
#2320=EDGE_CURVE('',#2680,#2689,#362,.T.);
#2321=EDGE_CURVE('',#2665,#2697,#335,.T.);
#2322=EDGE_CURVE('',#2667,#2697,#336,.T.);
#2323=EDGE_CURVE('',#2638,#2627,#337,.T.);
#2324=EDGE_CURVE('',#2639,#2625,#338,.T.);
#2325=EDGE_CURVE('',#2640,#2623,#339,.T.);
#2326=EDGE_CURVE('',#2635,#2621,#340,.T.);
#2327=EDGE_CURVE('',#2636,#2619,#363,.F.);
#2328=EDGE_CURVE('',#2628,#2633,#341,.T.);
#2329=EDGE_CURVE('',#2626,#2632,#342,.T.);
#2330=EDGE_CURVE('',#2624,#2631,#343,.T.);
#2331=EDGE_CURVE('',#2622,#2630,#344,.T.);
#2332=EDGE_CURVE('',#2620,#2629,#364,.T.);
#2333=EDGE_CURVE('',#2634,#2605,#345,.T.);
#2334=EDGE_CURVE('',#2634,#2607,#346,.T.);
#2335=EDGE_CURVE('',#2694,#2666,#347,.T.);
#2336=EDGE_CURVE('',#2694,#2668,#348,.T.);
#2337=EDGE_CURVE('',#2606,#2637,#349,.T.);
#2338=EDGE_CURVE('',#2608,#2637,#350,.T.);
#2339=VERTEX_POINT('',#8009);
#2340=VERTEX_POINT('',#8010);
#2341=VERTEX_POINT('',#8012);
#2342=VERTEX_POINT('',#8014);
#2343=VERTEX_POINT('',#8016);
#2344=VERTEX_POINT('',#8020);
#2345=VERTEX_POINT('',#8022);
#2346=VERTEX_POINT('',#8026);
#2347=VERTEX_POINT('',#8027);
#2348=VERTEX_POINT('',#8029);
#2349=VERTEX_POINT('',#8034);
#2350=VERTEX_POINT('',#8035);
#2351=VERTEX_POINT('',#8037);
#2352=VERTEX_POINT('',#8039);
#2353=VERTEX_POINT('',#8041);
#2354=VERTEX_POINT('',#8045);
#2355=VERTEX_POINT('',#8047);
#2356=VERTEX_POINT('',#8051);
#2357=VERTEX_POINT('',#8052);
#2358=VERTEX_POINT('',#8054);
#2359=VERTEX_POINT('',#8059);
#2360=VERTEX_POINT('',#8060);
#2361=VERTEX_POINT('',#8062);
#2362=VERTEX_POINT('',#8064);
#2363=VERTEX_POINT('',#8066);
#2364=VERTEX_POINT('',#8068);
#2365=VERTEX_POINT('',#8070);
#2366=VERTEX_POINT('',#8072);
#2367=VERTEX_POINT('',#8074);
#2368=VERTEX_POINT('',#8076);
#2369=VERTEX_POINT('',#8078);
#2370=VERTEX_POINT('',#8080);
#2371=VERTEX_POINT('',#8082);
#2372=VERTEX_POINT('',#8084);
#2373=VERTEX_POINT('',#8086);
#2374=VERTEX_POINT('',#8088);
#2375=VERTEX_POINT('',#8092);
#2376=VERTEX_POINT('',#8093);
#2377=VERTEX_POINT('',#8098);
#2378=VERTEX_POINT('',#8100);
#2379=VERTEX_POINT('',#8105);
#2380=VERTEX_POINT('',#8107);
#2381=VERTEX_POINT('',#8110);
#2382=VERTEX_POINT('',#8112);
#2383=VERTEX_POINT('',#8114);
#2384=VERTEX_POINT('',#8116);
#2385=VERTEX_POINT('',#8118);
#2386=VERTEX_POINT('',#8120);
#2387=VERTEX_POINT('',#8123);
#2388=VERTEX_POINT('',#8125);
#2389=VERTEX_POINT('',#8129);
#2390=VERTEX_POINT('',#8130);
#2391=VERTEX_POINT('',#8132);
#2392=VERTEX_POINT('',#8134);
#2393=VERTEX_POINT('',#8136);
#2394=VERTEX_POINT('',#8138);
#2395=VERTEX_POINT('',#8140);
#2396=VERTEX_POINT('',#8142);
#2397=VERTEX_POINT('',#8144);
#2398=VERTEX_POINT('',#8146);
#2399=VERTEX_POINT('',#8148);
#2400=VERTEX_POINT('',#8150);
#2401=VERTEX_POINT('',#8152);
#2402=VERTEX_POINT('',#8154);
#2403=VERTEX_POINT('',#8156);
#2404=VERTEX_POINT('',#8158);
#2405=VERTEX_POINT('',#8162);
#2406=VERTEX_POINT('',#8163);
#2407=VERTEX_POINT('',#8168);
#2408=VERTEX_POINT('',#8170);
#2409=VERTEX_POINT('',#8175);
#2410=VERTEX_POINT('',#8177);
#2411=VERTEX_POINT('',#8180);
#2412=VERTEX_POINT('',#8182);
#2413=VERTEX_POINT('',#8184);
#2414=VERTEX_POINT('',#8186);
#2415=VERTEX_POINT('',#8188);
#2416=VERTEX_POINT('',#8190);
#2417=VERTEX_POINT('',#8193);
#2418=VERTEX_POINT('',#8195);
#2419=VERTEX_POINT('',#8199);
#2420=VERTEX_POINT('',#8200);
#2421=VERTEX_POINT('',#8202);
#2422=VERTEX_POINT('',#8204);
#2423=VERTEX_POINT('',#8208);
#2424=VERTEX_POINT('',#8210);
#2425=VERTEX_POINT('',#8214);
#2426=VERTEX_POINT('',#8216);
#2427=VERTEX_POINT('',#8223);
#2428=VERTEX_POINT('',#8224);
#2429=VERTEX_POINT('',#8226);
#2430=VERTEX_POINT('',#8228);
#2431=VERTEX_POINT('',#8230);
#2432=VERTEX_POINT('',#8237);
#2433=VERTEX_POINT('',#8239);
#2434=VERTEX_POINT('',#8244);
#2435=VERTEX_POINT('',#8246);
#2436=VERTEX_POINT('',#8250);
#2437=VERTEX_POINT('',#8252);
#2438=VERTEX_POINT('',#8256);
#2439=VERTEX_POINT('',#8260);
#2440=VERTEX_POINT('',#8262);
#2441=VERTEX_POINT('',#8266);
#2442=VERTEX_POINT('',#8270);
#2443=VERTEX_POINT('',#8272);
#2444=VERTEX_POINT('',#8276);
#2445=VERTEX_POINT('',#8288);
#2446=VERTEX_POINT('',#8290);
#2447=VERTEX_POINT('',#8292);
#2448=VERTEX_POINT('',#8296);
#2449=VERTEX_POINT('',#8300);
#2450=VERTEX_POINT('',#8304);
#2451=VERTEX_POINT('',#8310);
#2452=VERTEX_POINT('',#8311);
#2453=VERTEX_POINT('',#8316);
#2454=VERTEX_POINT('',#8318);
#2455=VERTEX_POINT('',#8320);
#2456=VERTEX_POINT('',#8325);
#2457=VERTEX_POINT('',#8331);
#2458=VERTEX_POINT('',#8336);
#2459=VERTEX_POINT('',#8338);
#2460=VERTEX_POINT('',#8340);
#2461=VERTEX_POINT('',#8347);
#2462=VERTEX_POINT('',#8348);
#2463=VERTEX_POINT('',#8353);
#2464=VERTEX_POINT('',#8355);
#2465=VERTEX_POINT('',#8357);
#2466=VERTEX_POINT('',#8362);
#2467=VERTEX_POINT('',#8366);
#2468=VERTEX_POINT('',#8367);
#2469=VERTEX_POINT('',#8369);
#2470=VERTEX_POINT('',#8371);
#2471=VERTEX_POINT('',#8374);
#2472=VERTEX_POINT('',#8375);
#2473=VERTEX_POINT('',#8377);
#2474=VERTEX_POINT('',#8379);
#2475=VERTEX_POINT('',#8382);
#2476=VERTEX_POINT('',#8383);
#2477=VERTEX_POINT('',#8385);
#2478=VERTEX_POINT('',#8387);
#2479=VERTEX_POINT('',#8389);
#2480=VERTEX_POINT('',#8391);
#2481=VERTEX_POINT('',#8395);
#2482=VERTEX_POINT('',#8396);
#2483=VERTEX_POINT('',#8398);
#2484=VERTEX_POINT('',#8400);
#2485=VERTEX_POINT('',#8403);
#2486=VERTEX_POINT('',#8404);
#2487=VERTEX_POINT('',#8406);
#2488=VERTEX_POINT('',#8408);
#2489=VERTEX_POINT('',#8411);
#2490=VERTEX_POINT('',#8412);
#2491=VERTEX_POINT('',#8414);
#2492=VERTEX_POINT('',#8416);
#2493=VERTEX_POINT('',#8418);
#2494=VERTEX_POINT('',#8420);
#2495=VERTEX_POINT('',#8429);
#2496=VERTEX_POINT('',#8436);
#2497=VERTEX_POINT('',#8445);
#2498=VERTEX_POINT('',#8452);
#2499=VERTEX_POINT('',#8456);
#2500=VERTEX_POINT('',#8458);
#2501=VERTEX_POINT('',#8467);
#2502=VERTEX_POINT('',#8472);
#2503=VERTEX_POINT('',#8474);
#2504=VERTEX_POINT('',#8476);
#2505=VERTEX_POINT('',#8483);
#2506=VERTEX_POINT('',#8484);
#2507=VERTEX_POINT('',#8486);
#2508=VERTEX_POINT('',#8488);
#2509=VERTEX_POINT('',#8490);
#2510=VERTEX_POINT('',#8492);
#2511=VERTEX_POINT('',#8494);
#2512=VERTEX_POINT('',#8496);
#2513=VERTEX_POINT('',#8498);
#2514=VERTEX_POINT('',#8500);
#2515=VERTEX_POINT('',#8502);
#2516=VERTEX_POINT('',#8504);
#2517=VERTEX_POINT('',#8506);
#2518=VERTEX_POINT('',#8510);
#2519=VERTEX_POINT('',#8511);
#2520=VERTEX_POINT('',#8513);
#2521=VERTEX_POINT('',#8515);
#2522=VERTEX_POINT('',#8517);
#2523=VERTEX_POINT('',#8519);
#2524=VERTEX_POINT('',#8521);
#2525=VERTEX_POINT('',#8523);
#2526=VERTEX_POINT('',#8525);
#2527=VERTEX_POINT('',#8527);
#2528=VERTEX_POINT('',#8529);
#2529=VERTEX_POINT('',#8531);
#2530=VERTEX_POINT('',#8533);
#2531=VERTEX_POINT('',#8537);
#2532=VERTEX_POINT('',#8549);
#2533=VERTEX_POINT('',#8553);
#2534=VERTEX_POINT('',#8560);
#2535=VERTEX_POINT('',#8569);
#2536=VERTEX_POINT('',#8571);
#2537=VERTEX_POINT('',#8573);
#2538=VERTEX_POINT('',#8577);
#2539=VERTEX_POINT('',#8578);
#2540=VERTEX_POINT('',#8580);
#2541=VERTEX_POINT('',#8594);
#2542=VERTEX_POINT('',#8596);
#2543=VERTEX_POINT('',#8603);
#2544=VERTEX_POINT('',#8605);
#2545=VERTEX_POINT('',#8610);
#2546=VERTEX_POINT('',#8612);
#2547=VERTEX_POINT('',#8621);
#2548=VERTEX_POINT('',#8622);
#2549=VERTEX_POINT('',#8627);
#2550=VERTEX_POINT('',#8631);
#2551=VERTEX_POINT('',#8633);
#2552=VERTEX_POINT('',#8636);
#2553=VERTEX_POINT('',#8691);
#2554=VERTEX_POINT('',#8695);
#2555=VERTEX_POINT('',#8699);
#2556=VERTEX_POINT('',#8701);
#2557=VERTEX_POINT('',#8703);
#2558=VERTEX_POINT('',#8705);
#2559=VERTEX_POINT('',#8715);
#2560=VERTEX_POINT('',#8718);
#2561=VERTEX_POINT('',#8720);
#2562=VERTEX_POINT('',#8724);
#2563=VERTEX_POINT('',#8726);
#2564=VERTEX_POINT('',#8728);
#2565=VERTEX_POINT('',#8730);
#2566=VERTEX_POINT('',#8734);
#2567=VERTEX_POINT('',#8738);
#2568=VERTEX_POINT('',#8740);
#2569=VERTEX_POINT('',#8751);
#2570=VERTEX_POINT('',#8753);
#2571=VERTEX_POINT('',#8759);
#2572=VERTEX_POINT('',#8766);
#2573=VERTEX_POINT('',#8768);
#2574=VERTEX_POINT('',#8774);
#2575=VERTEX_POINT('',#8781);
#2576=VERTEX_POINT('',#8783);
#2577=VERTEX_POINT('',#8789);
#2578=VERTEX_POINT('',#8796);
#2579=VERTEX_POINT('',#8798);
#2580=VERTEX_POINT('',#8804);
#2581=VERTEX_POINT('',#8811);
#2582=VERTEX_POINT('',#8813);
#2583=VERTEX_POINT('',#8817);
#2584=VERTEX_POINT('',#8819);
#2585=VERTEX_POINT('',#8823);
#2586=VERTEX_POINT('',#8825);
#2587=VERTEX_POINT('',#8829);
#2588=VERTEX_POINT('',#8831);
#2589=VERTEX_POINT('',#8835);
#2590=VERTEX_POINT('',#8837);
#2591=VERTEX_POINT('',#8841);
#2592=VERTEX_POINT('',#8843);
#2593=VERTEX_POINT('',#8847);
#2594=VERTEX_POINT('',#8849);
#2595=VERTEX_POINT('',#8853);
#2596=VERTEX_POINT('',#8855);
#2597=VERTEX_POINT('',#8859);
#2598=VERTEX_POINT('',#8861);
#2599=VERTEX_POINT('',#8865);
#2600=VERTEX_POINT('',#8867);
#2601=VERTEX_POINT('',#8871);
#2602=VERTEX_POINT('',#8872);
#2603=VERTEX_POINT('',#8874);
#2604=VERTEX_POINT('',#8877);
#2605=VERTEX_POINT('',#8881);
#2606=VERTEX_POINT('',#8882);
#2607=VERTEX_POINT('',#8887);
#2608=VERTEX_POINT('',#8888);
#2609=VERTEX_POINT('',#8894);
#2610=VERTEX_POINT('',#8896);
#2611=VERTEX_POINT('',#8900);
#2612=VERTEX_POINT('',#8902);
#2613=VERTEX_POINT('',#8904);
#2614=VERTEX_POINT('',#8908);
#2615=VERTEX_POINT('',#8909);
#2616=VERTEX_POINT('',#8914);
#2617=VERTEX_POINT('',#8916);
#2618=VERTEX_POINT('',#8918);
#2619=VERTEX_POINT('',#8922);
#2620=VERTEX_POINT('',#8924);
#2621=VERTEX_POINT('',#8929);
#2622=VERTEX_POINT('',#8931);
#2623=VERTEX_POINT('',#8935);
#2624=VERTEX_POINT('',#8937);
#2625=VERTEX_POINT('',#8941);
#2626=VERTEX_POINT('',#8943);
#2627=VERTEX_POINT('',#8947);
#2628=VERTEX_POINT('',#8949);
#2629=VERTEX_POINT('',#8956);
#2630=VERTEX_POINT('',#8958);
#2631=VERTEX_POINT('',#8960);
#2632=VERTEX_POINT('',#8962);
#2633=VERTEX_POINT('',#8964);
#2634=VERTEX_POINT('',#8967);
#2635=VERTEX_POINT('',#8971);
#2636=VERTEX_POINT('',#8972);
#2637=VERTEX_POINT('',#8975);
#2638=VERTEX_POINT('',#8978);
#2639=VERTEX_POINT('',#8980);
#2640=VERTEX_POINT('',#8982);
#2641=VERTEX_POINT('',#8987);
#2642=VERTEX_POINT('',#8989);
#2643=VERTEX_POINT('',#8993);
#2644=VERTEX_POINT('',#8995);
#2645=VERTEX_POINT('',#8999);
#2646=VERTEX_POINT('',#9001);
#2647=VERTEX_POINT('',#9005);
#2648=VERTEX_POINT('',#9007);
#2649=VERTEX_POINT('',#9011);
#2650=VERTEX_POINT('',#9013);
#2651=VERTEX_POINT('',#9017);
#2652=VERTEX_POINT('',#9019);
#2653=VERTEX_POINT('',#9023);
#2654=VERTEX_POINT('',#9025);
#2655=VERTEX_POINT('',#9029);
#2656=VERTEX_POINT('',#9031);
#2657=VERTEX_POINT('',#9035);
#2658=VERTEX_POINT('',#9037);
#2659=VERTEX_POINT('',#9041);
#2660=VERTEX_POINT('',#9043);
#2661=VERTEX_POINT('',#9047);
#2662=VERTEX_POINT('',#9049);
#2663=VERTEX_POINT('',#9051);
#2664=VERTEX_POINT('',#9053);
#2665=VERTEX_POINT('',#9057);
#2666=VERTEX_POINT('',#9059);
#2667=VERTEX_POINT('',#9063);
#2668=VERTEX_POINT('',#9065);
#2669=VERTEX_POINT('',#9069);
#2670=VERTEX_POINT('',#9071);
#2671=VERTEX_POINT('',#9076);
#2672=VERTEX_POINT('',#9078);
#2673=VERTEX_POINT('',#9080);
#2674=VERTEX_POINT('',#9084);
#2675=VERTEX_POINT('',#9085);
#2676=VERTEX_POINT('',#9090);
#2677=VERTEX_POINT('',#9092);
#2678=VERTEX_POINT('',#9094);
#2679=VERTEX_POINT('',#9098);
#2680=VERTEX_POINT('',#9100);
#2681=VERTEX_POINT('',#9105);
#2682=VERTEX_POINT('',#9107);
#2683=VERTEX_POINT('',#9111);
#2684=VERTEX_POINT('',#9113);
#2685=VERTEX_POINT('',#9117);
#2686=VERTEX_POINT('',#9119);
#2687=VERTEX_POINT('',#9123);
#2688=VERTEX_POINT('',#9125);
#2689=VERTEX_POINT('',#9132);
#2690=VERTEX_POINT('',#9134);
#2691=VERTEX_POINT('',#9136);
#2692=VERTEX_POINT('',#9138);
#2693=VERTEX_POINT('',#9140);
#2694=VERTEX_POINT('',#9143);
#2695=VERTEX_POINT('',#9147);
#2696=VERTEX_POINT('',#9148);
#2697=VERTEX_POINT('',#9151);
#2698=VERTEX_POINT('',#9154);
#2699=VERTEX_POINT('',#9156);
#2700=VERTEX_POINT('',#9158);
#2701=VERTEX_POINT('',#9163);
#2702=VERTEX_POINT('',#9164);
#2703=VERTEX_POINT('',#9166);
#2704=VERTEX_POINT('',#9168);
#2705=VERTEX_POINT('',#9172);
#2706=VERTEX_POINT('',#9174);
#2707=VERTEX_POINT('',#9178);
#2708=VERTEX_POINT('',#9180);
#2709=VERTEX_POINT('',#9184);
#2710=VERTEX_POINT('',#9186);
#2711=VERTEX_POINT('',#9190);
#2712=VERTEX_POINT('',#9192);
#2713=VERTEX_POINT('',#9196);
#2714=VERTEX_POINT('',#9198);
#2715=VERTEX_POINT('',#9202);
#2716=VERTEX_POINT('',#9204);
#2717=VERTEX_POINT('',#9208);
#2718=VERTEX_POINT('',#9210);
#2719=VERTEX_POINT('',#9222);
#2720=VERTEX_POINT('',#9224);
#2721=VERTEX_POINT('',#9228);
#2722=VERTEX_POINT('',#9230);
#2723=VERTEX_POINT('',#9234);
#2724=VERTEX_POINT('',#9236);
#2725=VERTEX_POINT('',#9238);
#2726=VERTEX_POINT('',#9240);
#2727=VERTEX_POINT('',#9244);
#2728=VERTEX_POINT('',#9246);
#2729=VERTEX_POINT('',#9248);
#2730=VERTEX_POINT('',#9250);
#2731=VERTEX_POINT('',#9263);
#2732=VERTEX_POINT('',#9264);
#2733=VERTEX_POINT('',#9266);
#2734=VERTEX_POINT('',#9268);
#2735=VERTEX_POINT('',#9272);
#2736=VERTEX_POINT('',#9274);
#2737=VERTEX_POINT('',#9278);
#2738=VERTEX_POINT('',#9280);
#2739=VERTEX_POINT('',#9284);
#2740=VERTEX_POINT('',#9286);
#2741=VERTEX_POINT('',#9290);
#2742=VERTEX_POINT('',#9292);
#2743=VERTEX_POINT('',#9296);
#2744=VERTEX_POINT('',#9298);
#2745=VERTEX_POINT('',#9302);
#2746=VERTEX_POINT('',#9304);
#2747=VERTEX_POINT('',#9308);
#2748=VERTEX_POINT('',#9310);
#2749=VERTEX_POINT('',#9322);
#2750=VERTEX_POINT('',#9324);
#2751=VERTEX_POINT('',#9328);
#2752=VERTEX_POINT('',#9330);
#2753=VERTEX_POINT('',#9334);
#2754=VERTEX_POINT('',#9336);
#2755=VERTEX_POINT('',#9338);
#2756=VERTEX_POINT('',#9340);
#2757=VERTEX_POINT('',#9344);
#2758=VERTEX_POINT('',#9346);
#2759=VERTEX_POINT('',#9348);
#2760=VERTEX_POINT('',#9350);
#2761=LINE('',#8008,#3183);
#2762=LINE('',#8013,#3184);
#2763=LINE('',#8017,#3185);
#2764=LINE('',#8021,#3186);
#2765=LINE('',#8023,#3187);
#2766=LINE('',#8025,#3188);
#2767=LINE('',#8030,#3189);
#2768=LINE('',#8033,#3190);
#2769=LINE('',#8038,#3191);
#2770=LINE('',#8042,#3192);
#2771=LINE('',#8046,#3193);
#2772=LINE('',#8048,#3194);
#2773=LINE('',#8050,#3195);
#2774=LINE('',#8055,#3196);
#2775=LINE('',#8058,#3197);
#2776=LINE('',#8061,#3198);
#2777=LINE('',#8065,#3199);
#2778=LINE('',#8067,#3200);
#2779=LINE('',#8069,#3201);
#2780=LINE('',#8071,#3202);
#2781=LINE('',#8073,#3203);
#2782=LINE('',#8075,#3204);
#2783=LINE('',#8079,#3205);
#2784=LINE('',#8083,#3206);
#2785=LINE('',#8089,#3207);
#2786=LINE('',#8091,#3208);
#2787=LINE('',#8099,#3209);
#2788=LINE('',#8106,#3210);
#2789=LINE('',#8108,#3211);
#2790=LINE('',#8109,#3212);
#2791=LINE('',#8111,#3213);
#2792=LINE('',#8113,#3214);
#2793=LINE('',#8115,#3215);
#2794=LINE('',#8117,#3216);
#2795=LINE('',#8119,#3217);
#2796=LINE('',#8121,#3218);
#2797=LINE('',#8122,#3219);
#2798=LINE('',#8124,#3220);
#2799=LINE('',#8126,#3221);
#2800=LINE('',#8128,#3222);
#2801=LINE('',#8131,#3223);
#2802=LINE('',#8135,#3224);
#2803=LINE('',#8137,#3225);
#2804=LINE('',#8139,#3226);
#2805=LINE('',#8141,#3227);
#2806=LINE('',#8143,#3228);
#2807=LINE('',#8145,#3229);
#2808=LINE('',#8149,#3230);
#2809=LINE('',#8153,#3231);
#2810=LINE('',#8159,#3232);
#2811=LINE('',#8161,#3233);
#2812=LINE('',#8169,#3234);
#2813=LINE('',#8176,#3235);
#2814=LINE('',#8178,#3236);
#2815=LINE('',#8179,#3237);
#2816=LINE('',#8181,#3238);
#2817=LINE('',#8183,#3239);
#2818=LINE('',#8185,#3240);
#2819=LINE('',#8187,#3241);
#2820=LINE('',#8189,#3242);
#2821=LINE('',#8191,#3243);
#2822=LINE('',#8192,#3244);
#2823=LINE('',#8194,#3245);
#2824=LINE('',#8196,#3246);
#2825=LINE('',#8201,#3247);
#2826=LINE('',#8205,#3248);
#2827=LINE('',#8207,#3249);
#2828=LINE('',#8209,#3250);
#2829=LINE('',#8213,#3251);
#2830=LINE('',#8215,#3252);
#2831=LINE('',#8227,#3253);
#2832=LINE('',#8231,#3254);
#2833=LINE('',#8238,#3255);
#2834=LINE('',#8247,#3256);
#2835=LINE('',#8249,#3257);
#2836=LINE('',#8251,#3258);
#2837=LINE('',#8253,#3259);
#2838=LINE('',#8255,#3260);
#2839=LINE('',#8257,#3261);
#2840=LINE('',#8261,#3262);
#2841=LINE('',#8267,#3263);
#2842=LINE('',#8269,#3264);
#2843=LINE('',#8271,#3265);
#2844=LINE('',#8273,#3266);
#2845=LINE('',#8275,#3267);
#2846=LINE('',#8277,#3268);
#2847=LINE('',#8289,#3269);
#2848=LINE('',#8293,#3270);
#2849=LINE('',#8295,#3271);
#2850=LINE('',#8297,#3272);
#2851=LINE('',#8301,#3273);
#2852=LINE('',#8303,#3274);
#2853=LINE('',#8305,#3275);
#2854=LINE('',#8309,#3276);
#2855=LINE('',#8319,#3277);
#2856=LINE('',#8337,#3278);
#2857=LINE('',#8346,#3279);
#2858=LINE('',#8356,#3280);
#2859=LINE('',#8365,#3281);
#2860=LINE('',#8368,#3282);
#2861=LINE('',#8370,#3283);
#2862=LINE('',#8372,#3284);
#2863=LINE('',#8373,#3285);
#2864=LINE('',#8376,#3286);
#2865=LINE('',#8378,#3287);
#2866=LINE('',#8380,#3288);
#2867=LINE('',#8381,#3289);
#2868=LINE('',#8384,#3290);
#2869=LINE('',#8386,#3291);
#2870=LINE('',#8388,#3292);
#2871=LINE('',#8390,#3293);
#2872=LINE('',#8392,#3294);
#2873=LINE('',#8394,#3295);
#2874=LINE('',#8397,#3296);
#2875=LINE('',#8399,#3297);
#2876=LINE('',#8401,#3298);
#2877=LINE('',#8402,#3299);
#2878=LINE('',#8405,#3300);
#2879=LINE('',#8407,#3301);
#2880=LINE('',#8409,#3302);
#2881=LINE('',#8410,#3303);
#2882=LINE('',#8413,#3304);
#2883=LINE('',#8415,#3305);
#2884=LINE('',#8417,#3306);
#2885=LINE('',#8419,#3307);
#2886=LINE('',#8421,#3308);
#2887=LINE('',#8437,#3309);
#2888=LINE('',#8453,#3310);
#2889=LINE('',#8457,#3311);
#2890=LINE('',#8473,#3312);
#2891=LINE('',#8482,#3313);
#2892=LINE('',#8485,#3314);
#2893=LINE('',#8487,#3315);
#2894=LINE('',#8491,#3316);
#2895=LINE('',#8495,#3317);
#2896=LINE('',#8499,#3318);
#2897=LINE('',#8505,#3319);
#2898=LINE('',#8507,#3320);
#2899=LINE('',#8509,#3321);
#2900=LINE('',#8512,#3322);
#2901=LINE('',#8514,#3323);
#2902=LINE('',#8516,#3324);
#2903=LINE('',#8522,#3325);
#2904=LINE('',#8526,#3326);
#2905=LINE('',#8530,#3327);
#2906=LINE('',#8534,#3328);
#2907=LINE('',#8548,#3329);
#2908=LINE('',#8561,#3330);
#2909=LINE('',#8568,#3331);
#2910=LINE('',#8570,#3332);
#2911=LINE('',#8572,#3333);
#2912=LINE('',#8576,#3334);
#2913=LINE('',#8579,#3335);
#2914=LINE('',#8581,#3336);
#2915=LINE('',#8585,#3337);
#2916=LINE('',#8587,#3338);
#2917=LINE('',#8590,#3339);
#2918=LINE('',#8591,#3340);
#2919=LINE('',#8592,#3341);
#2920=LINE('',#8593,#3342);
#2921=LINE('',#8595,#3343);
#2922=LINE('',#8597,#3344);
#2923=LINE('',#8598,#3345);
#2924=LINE('',#8599,#3346);
#2925=LINE('',#8600,#3347);
#2926=LINE('',#8602,#3348);
#2927=LINE('',#8604,#3349);
#2928=LINE('',#8606,#3350);
#2929=LINE('',#8608,#3351);
#2930=LINE('',#8614,#3352);
#2931=LINE('',#8618,#3353);
#2932=LINE('',#8620,#3354);
#2933=LINE('',#8628,#3355);
#2934=LINE('',#8629,#3356);
#2935=LINE('',#8632,#3357);
#2936=LINE('',#8637,#3358);
#2937=LINE('',#8685,#3359);
#2938=LINE('',#8687,#3360);
#2939=LINE('',#8698,#3361);
#2940=LINE('',#8700,#3362);
#2941=LINE('',#8704,#3363);
#2942=LINE('',#8708,#3364);
#2943=LINE('',#8709,#3365);
#2944=LINE('',#8711,#3366);
#2945=LINE('',#8714,#3367);
#2946=LINE('',#8716,#3368);
#2947=LINE('',#8717,#3369);
#2948=LINE('',#8719,#3370);
#2949=LINE('',#8723,#3371);
#2950=LINE('',#8725,#3372);
#2951=LINE('',#8729,#3373);
#2952=LINE('',#8733,#3374);
#2953=LINE('',#8735,#3375);
#2954=LINE('',#8736,#3376);
#2955=LINE('',#8737,#3377);
#2956=LINE('',#8739,#3378);
#2957=LINE('',#8743,#3379);
#2958=LINE('',#8744,#3380);
#2959=LINE('',#8750,#3381);
#2960=LINE('',#8754,#3382);
#2961=LINE('',#8756,#3383);
#2962=LINE('',#8758,#3384);
#2963=LINE('',#8760,#3385);
#2964=LINE('',#8762,#3386);
#2965=LINE('',#8765,#3387);
#2966=LINE('',#8769,#3388);
#2967=LINE('',#8771,#3389);
#2968=LINE('',#8773,#3390);
#2969=LINE('',#8775,#3391);
#2970=LINE('',#8777,#3392);
#2971=LINE('',#8780,#3393);
#2972=LINE('',#8784,#3394);
#2973=LINE('',#8786,#3395);
#2974=LINE('',#8788,#3396);
#2975=LINE('',#8790,#3397);
#2976=LINE('',#8792,#3398);
#2977=LINE('',#8795,#3399);
#2978=LINE('',#8799,#3400);
#2979=LINE('',#8801,#3401);
#2980=LINE('',#8803,#3402);
#2981=LINE('',#8805,#3403);
#2982=LINE('',#8807,#3404);
#2983=LINE('',#8810,#3405);
#2984=LINE('',#8812,#3406);
#2985=LINE('',#8814,#3407);
#2986=LINE('',#8818,#3408);
#2987=LINE('',#8822,#3409);
#2988=LINE('',#8824,#3410);
#2989=LINE('',#8826,#3411);
#2990=LINE('',#8830,#3412);
#2991=LINE('',#8834,#3413);
#2992=LINE('',#8836,#3414);
#2993=LINE('',#8838,#3415);
#2994=LINE('',#8842,#3416);
#2995=LINE('',#8846,#3417);
#2996=LINE('',#8848,#3418);
#2997=LINE('',#8850,#3419);
#2998=LINE('',#8852,#3420);
#2999=LINE('',#8854,#3421);
#3000=LINE('',#8856,#3422);
#3001=LINE('',#8858,#3423);
#3002=LINE('',#8860,#3424);
#3003=LINE('',#8862,#3425);
#3004=LINE('',#8864,#3426);
#3005=LINE('',#8866,#3427);
#3006=LINE('',#8868,#3428);
#3007=LINE('',#8870,#3429);
#3008=LINE('',#8875,#3430);
#3009=LINE('',#8876,#3431);
#3010=LINE('',#8880,#3432);
#3011=LINE('',#8883,#3433);
#3012=LINE('',#8884,#3434);
#3013=LINE('',#8886,#3435);
#3014=LINE('',#8892,#3436);
#3015=LINE('',#8893,#3437);
#3016=LINE('',#8895,#3438);
#3017=LINE('',#8901,#3439);
#3018=LINE('',#8903,#3440);
#3019=LINE('',#8907,#3441);
#3020=LINE('',#8911,#3442);
#3021=LINE('',#8913,#3443);
#3022=LINE('',#8917,#3444);
#3023=LINE('',#8921,#3445);
#3024=LINE('',#8923,#3446);
#3025=LINE('',#8925,#3447);
#3026=LINE('',#8928,#3448);
#3027=LINE('',#8930,#3449);
#3028=LINE('',#8932,#3450);
#3029=LINE('',#8936,#3451);
#3030=LINE('',#8942,#3452);
#3031=LINE('',#8946,#3453);
#3032=LINE('',#8948,#3454);
#3033=LINE('',#8950,#3455);
#3034=LINE('',#8955,#3456);
#3035=LINE('',#8957,#3457);
#3036=LINE('',#8963,#3458);
#3037=LINE('',#8966,#3459);
#3038=LINE('',#8968,#3460);
#3039=LINE('',#8970,#3461);
#3040=LINE('',#8973,#3462);
#3041=LINE('',#8974,#3463);
#3042=LINE('',#8976,#3464);
#3043=LINE('',#8979,#3465);
#3044=LINE('',#8986,#3466);
#3045=LINE('',#8988,#3467);
#3046=LINE('',#8990,#3468);
#3047=LINE('',#8994,#3469);
#3048=LINE('',#8998,#3470);
#3049=LINE('',#9000,#3471);
#3050=LINE('',#9002,#3472);
#3051=LINE('',#9006,#3473);
#3052=LINE('',#9010,#3474);
#3053=LINE('',#9012,#3475);
#3054=LINE('',#9014,#3476);
#3055=LINE('',#9018,#3477);
#3056=LINE('',#9022,#3478);
#3057=LINE('',#9024,#3479);
#3058=LINE('',#9026,#3480);
#3059=LINE('',#9028,#3481);
#3060=LINE('',#9030,#3482);
#3061=LINE('',#9032,#3483);
#3062=LINE('',#9034,#3484);
#3063=LINE('',#9036,#3485);
#3064=LINE('',#9038,#3486);
#3065=LINE('',#9040,#3487);
#3066=LINE('',#9042,#3488);
#3067=LINE('',#9044,#3489);
#3068=LINE('',#9046,#3490);
#3069=LINE('',#9050,#3491);
#3070=LINE('',#9054,#3492);
#3071=LINE('',#9056,#3493);
#3072=LINE('',#9058,#3494);
#3073=LINE('',#9060,#3495);
#3074=LINE('',#9064,#3496);
#3075=LINE('',#9068,#3497);
#3076=LINE('',#9070,#3498);
#3077=LINE('',#9073,#3499);
#3078=LINE('',#9077,#3500);
#3079=LINE('',#9079,#3501);
#3080=LINE('',#9083,#3502);
#3081=LINE('',#9087,#3503);
#3082=LINE('',#9089,#3504);
#3083=LINE('',#9093,#3505);
#3084=LINE('',#9097,#3506);
#3085=LINE('',#9099,#3507);
#3086=LINE('',#9101,#3508);
#3087=LINE('',#9104,#3509);
#3088=LINE('',#9106,#3510);
#3089=LINE('',#9108,#3511);
#3090=LINE('',#9112,#3512);
#3091=LINE('',#9118,#3513);
#3092=LINE('',#9122,#3514);
#3093=LINE('',#9124,#3515);
#3094=LINE('',#9126,#3516);
#3095=LINE('',#9131,#3517);
#3096=LINE('',#9133,#3518);
#3097=LINE('',#9139,#3519);
#3098=LINE('',#9142,#3520);
#3099=LINE('',#9144,#3521);
#3100=LINE('',#9146,#3522);
#3101=LINE('',#9149,#3523);
#3102=LINE('',#9150,#3524);
#3103=LINE('',#9152,#3525);
#3104=LINE('',#9155,#3526);
#3105=LINE('',#9165,#3527);
#3106=LINE('',#9169,#3528);
#3107=LINE('',#9171,#3529);
#3108=LINE('',#9173,#3530);
#3109=LINE('',#9175,#3531);
#3110=LINE('',#9179,#3532);
#3111=LINE('',#9183,#3533);
#3112=LINE('',#9185,#3534);
#3113=LINE('',#9187,#3535);
#3114=LINE('',#9189,#3536);
#3115=LINE('',#9191,#3537);
#3116=LINE('',#9193,#3538);
#3117=LINE('',#9195,#3539);
#3118=LINE('',#9197,#3540);
#3119=LINE('',#9199,#3541);
#3120=LINE('',#9201,#3542);
#3121=LINE('',#9203,#3543);
#3122=LINE('',#9205,#3544);
#3123=LINE('',#9209,#3545);
#3124=LINE('',#9213,#3546);
#3125=LINE('',#9214,#3547);
#3126=LINE('',#9216,#3548);
#3127=LINE('',#9217,#3549);
#3128=LINE('',#9221,#3550);
#3129=LINE('',#9223,#3551);
#3130=LINE('',#9225,#3552);
#3131=LINE('',#9229,#3553);
#3132=LINE('',#9233,#3554);
#3133=LINE('',#9235,#3555);
#3134=LINE('',#9237,#3556);
#3135=LINE('',#9239,#3557);
#3136=LINE('',#9245,#3558);
#3137=LINE('',#9247,#3559);
#3138=LINE('',#9249,#3560);
#3139=LINE('',#9251,#3561);
#3140=LINE('',#9253,#3562);
#3141=LINE('',#9255,#3563);
#3142=LINE('',#9257,#3564);
#3143=LINE('',#9259,#3565);
#3144=LINE('',#9265,#3566);
#3145=LINE('',#9269,#3567);
#3146=LINE('',#9271,#3568);
#3147=LINE('',#9273,#3569);
#3148=LINE('',#9275,#3570);
#3149=LINE('',#9279,#3571);
#3150=LINE('',#9283,#3572);
#3151=LINE('',#9285,#3573);
#3152=LINE('',#9287,#3574);
#3153=LINE('',#9289,#3575);
#3154=LINE('',#9291,#3576);
#3155=LINE('',#9293,#3577);
#3156=LINE('',#9295,#3578);
#3157=LINE('',#9297,#3579);
#3158=LINE('',#9299,#3580);
#3159=LINE('',#9301,#3581);
#3160=LINE('',#9303,#3582);
#3161=LINE('',#9305,#3583);
#3162=LINE('',#9309,#3584);
#3163=LINE('',#9313,#3585);
#3164=LINE('',#9314,#3586);
#3165=LINE('',#9316,#3587);
#3166=LINE('',#9317,#3588);
#3167=LINE('',#9321,#3589);
#3168=LINE('',#9323,#3590);
#3169=LINE('',#9325,#3591);
#3170=LINE('',#9329,#3592);
#3171=LINE('',#9333,#3593);
#3172=LINE('',#9335,#3594);
#3173=LINE('',#9337,#3595);
#3174=LINE('',#9339,#3596);
#3175=LINE('',#9345,#3597);
#3176=LINE('',#9347,#3598);
#3177=LINE('',#9349,#3599);
#3178=LINE('',#9351,#3600);
#3179=LINE('',#9353,#3601);
#3180=LINE('',#9355,#3602);
#3181=LINE('',#9357,#3603);
#3182=LINE('',#9359,#3604);
#3183=VECTOR('',#6676,1000.);
#3184=VECTOR('',#6679,1000.);
#3185=VECTOR('',#6682,1000.);
#3186=VECTOR('',#6687,1000.);
#3187=VECTOR('',#6688,1000.);
#3188=VECTOR('',#6691,1000.);
#3189=VECTOR('',#6694,1000.);
#3190=VECTOR('',#6699,1000.);
#3191=VECTOR('',#6702,1000.);
#3192=VECTOR('',#6705,1000.);
#3193=VECTOR('',#6710,1000.);
#3194=VECTOR('',#6711,1000.);
#3195=VECTOR('',#6714,1000.);
#3196=VECTOR('',#6717,1000.);
#3197=VECTOR('',#6722,1000.);
#3198=VECTOR('',#6723,1000.);
#3199=VECTOR('',#6726,1000.);
#3200=VECTOR('',#6727,1000.);
#3201=VECTOR('',#6728,1000.);
#3202=VECTOR('',#6729,1000.);
#3203=VECTOR('',#6730,1000.);
#3204=VECTOR('',#6731,1000.);
#3205=VECTOR('',#6734,1000.);
#3206=VECTOR('',#6737,1000.);
#3207=VECTOR('',#6742,1000.);
#3208=VECTOR('',#6745,1000.);
#3209=VECTOR('',#6746,1000.);
#3210=VECTOR('',#6747,1000.);
#3211=VECTOR('',#6748,1000.);
#3212=VECTOR('',#6749,1000.);
#3213=VECTOR('',#6750,1000.);
#3214=VECTOR('',#6751,1000.);
#3215=VECTOR('',#6752,1000.);
#3216=VECTOR('',#6753,1000.);
#3217=VECTOR('',#6754,1000.);
#3218=VECTOR('',#6755,1000.);
#3219=VECTOR('',#6756,1000.);
#3220=VECTOR('',#6757,1000.);
#3221=VECTOR('',#6758,1000.);
#3222=VECTOR('',#6761,1000.);
#3223=VECTOR('',#6762,1000.);
#3224=VECTOR('',#6765,1000.);
#3225=VECTOR('',#6766,1000.);
#3226=VECTOR('',#6767,1000.);
#3227=VECTOR('',#6768,1000.);
#3228=VECTOR('',#6769,1000.);
#3229=VECTOR('',#6770,1000.);
#3230=VECTOR('',#6773,1000.);
#3231=VECTOR('',#6776,1000.);
#3232=VECTOR('',#6781,1000.);
#3233=VECTOR('',#6784,1000.);
#3234=VECTOR('',#6785,1000.);
#3235=VECTOR('',#6786,1000.);
#3236=VECTOR('',#6787,1000.);
#3237=VECTOR('',#6788,1000.);
#3238=VECTOR('',#6789,1000.);
#3239=VECTOR('',#6790,1000.);
#3240=VECTOR('',#6791,1000.);
#3241=VECTOR('',#6792,1000.);
#3242=VECTOR('',#6793,1000.);
#3243=VECTOR('',#6794,1000.);
#3244=VECTOR('',#6795,1000.);
#3245=VECTOR('',#6796,1000.);
#3246=VECTOR('',#6797,1000.);
#3247=VECTOR('',#6802,1000.);
#3248=VECTOR('',#6805,1000.);
#3249=VECTOR('',#6808,1000.);
#3250=VECTOR('',#6809,1000.);
#3251=VECTOR('',#6814,1000.);
#3252=VECTOR('',#6815,1000.);
#3253=VECTOR('',#6822,1000.);
#3254=VECTOR('',#6825,1000.);
#3255=VECTOR('',#6828,1000.);
#3256=VECTOR('',#6831,1000.);
#3257=VECTOR('',#6834,1000.);
#3258=VECTOR('',#6835,1000.);
#3259=VECTOR('',#6836,1000.);
#3260=VECTOR('',#6839,1000.);
#3261=VECTOR('',#6840,1000.);
#3262=VECTOR('',#6845,1000.);
#3263=VECTOR('',#6852,1000.);
#3264=VECTOR('',#6855,1000.);
#3265=VECTOR('',#6856,1000.);
#3266=VECTOR('',#6857,1000.);
#3267=VECTOR('',#6860,1000.);
#3268=VECTOR('',#6861,1000.);
#3269=VECTOR('',#6874,1000.);
#3270=VECTOR('',#6877,1000.);
#3271=VECTOR('',#6880,1000.);
#3272=VECTOR('',#6881,1000.);
#3273=VECTOR('',#6886,1000.);
#3274=VECTOR('',#6889,1000.);
#3275=VECTOR('',#6890,1000.);
#3276=VECTOR('',#6897,1000.);
#3277=VECTOR('',#6900,1000.);
#3278=VECTOR('',#6901,1000.);
#3279=VECTOR('',#6906,1000.);
#3280=VECTOR('',#6909,1000.);
#3281=VECTOR('',#6914,1000.);
#3282=VECTOR('',#6915,1000.);
#3283=VECTOR('',#6916,1000.);
#3284=VECTOR('',#6917,1000.);
#3285=VECTOR('',#6918,1000.);
#3286=VECTOR('',#6919,1000.);
#3287=VECTOR('',#6920,1000.);
#3288=VECTOR('',#6921,1000.);
#3289=VECTOR('',#6922,1000.);
#3290=VECTOR('',#6923,1000.);
#3291=VECTOR('',#6924,1000.);
#3292=VECTOR('',#6925,1000.);
#3293=VECTOR('',#6926,1000.);
#3294=VECTOR('',#6927,1000.);
#3295=VECTOR('',#6930,1000.);
#3296=VECTOR('',#6931,1000.);
#3297=VECTOR('',#6932,1000.);
#3298=VECTOR('',#6933,1000.);
#3299=VECTOR('',#6934,1000.);
#3300=VECTOR('',#6935,1000.);
#3301=VECTOR('',#6936,1000.);
#3302=VECTOR('',#6937,1000.);
#3303=VECTOR('',#6938,1000.);
#3304=VECTOR('',#6939,1000.);
#3305=VECTOR('',#6940,1000.);
#3306=VECTOR('',#6941,1000.);
#3307=VECTOR('',#6942,1000.);
#3308=VECTOR('',#6943,1000.);
#3309=VECTOR('',#6946,1000.);
#3310=VECTOR('',#6949,1000.);
#3311=VECTOR('',#6954,1000.);
#3312=VECTOR('',#6971,1000.);
#3313=VECTOR('',#6976,1000.);
#3314=VECTOR('',#6977,1000.);
#3315=VECTOR('',#6978,1000.);
#3316=VECTOR('',#6981,1000.);
#3317=VECTOR('',#6984,1000.);
#3318=VECTOR('',#6987,1000.);
#3319=VECTOR('',#6992,1000.);
#3320=VECTOR('',#6993,1000.);
#3321=VECTOR('',#6996,1000.);
#3322=VECTOR('',#6997,1000.);
#3323=VECTOR('',#6998,1000.);
#3324=VECTOR('',#6999,1000.);
#3325=VECTOR('',#7004,1000.);
#3326=VECTOR('',#7007,1000.);
#3327=VECTOR('',#7010,1000.);
#3328=VECTOR('',#7013,1000.);
#3329=VECTOR('',#7020,1000.);
#3330=VECTOR('',#7029,1000.);
#3331=VECTOR('',#7034,1000.);
#3332=VECTOR('',#7035,1000.);
#3333=VECTOR('',#7036,1000.);
#3334=VECTOR('',#7041,1000.);
#3335=VECTOR('',#7042,1000.);
#3336=VECTOR('',#7043,1000.);
#3337=VECTOR('',#7050,1000.);
#3338=VECTOR('',#7053,1000.);
#3339=VECTOR('',#7058,1000.);
#3340=VECTOR('',#7059,1000.);
#3341=VECTOR('',#7060,1000.);
#3342=VECTOR('',#7061,1000.);
#3343=VECTOR('',#7062,1000.);
#3344=VECTOR('',#7063,1000.);
#3345=VECTOR('',#7064,1000.);
#3346=VECTOR('',#7065,1000.);
#3347=VECTOR('',#7066,1000.);
#3348=VECTOR('',#7069,1000.);
#3349=VECTOR('',#7070,1000.);
#3350=VECTOR('',#7071,1000.);
#3351=VECTOR('',#7074,1000.);
#3352=VECTOR('',#7081,1000.);
#3353=VECTOR('',#7088,1000.);
#3354=VECTOR('',#7091,1000.);
#3355=VECTOR('',#7100,1000.);
#3356=VECTOR('',#7101,1000.);
#3357=VECTOR('',#7104,1000.);
#3358=VECTOR('',#7109,1000.);
#3359=VECTOR('',#7188,1000.);
#3360=VECTOR('',#7191,1000.);
#3361=VECTOR('',#7208,1000.);
#3362=VECTOR('',#7209,1000.);
#3363=VECTOR('',#7212,1000.);
#3364=VECTOR('',#7217,1000.);
#3365=VECTOR('',#7218,1000.);
#3366=VECTOR('',#7221,1000.);
#3367=VECTOR('',#7226,1000.);
#3368=VECTOR('',#7227,1000.);
#3369=VECTOR('',#7228,1000.);
#3370=VECTOR('',#7229,1000.);
#3371=VECTOR('',#7234,1000.);
#3372=VECTOR('',#7235,1000.);
#3373=VECTOR('',#7238,1000.);
#3374=VECTOR('',#7243,1000.);
#3375=VECTOR('',#7244,1000.);
#3376=VECTOR('',#7245,1000.);
#3377=VECTOR('',#7246,1000.);
#3378=VECTOR('',#7247,1000.);
#3379=VECTOR('',#7252,1000.);
#3380=VECTOR('',#7253,1000.);
#3381=VECTOR('',#7264,1000.);
#3382=VECTOR('',#7267,1000.);
#3383=VECTOR('',#7270,1000.);
#3384=VECTOR('',#7273,1000.);
#3385=VECTOR('',#7274,1000.);
#3386=VECTOR('',#7277,1000.);
#3387=VECTOR('',#7282,1000.);
#3388=VECTOR('',#7285,1000.);
#3389=VECTOR('',#7288,1000.);
#3390=VECTOR('',#7291,1000.);
#3391=VECTOR('',#7292,1000.);
#3392=VECTOR('',#7295,1000.);
#3393=VECTOR('',#7300,1000.);
#3394=VECTOR('',#7303,1000.);
#3395=VECTOR('',#7306,1000.);
#3396=VECTOR('',#7309,1000.);
#3397=VECTOR('',#7310,1000.);
#3398=VECTOR('',#7313,1000.);
#3399=VECTOR('',#7318,1000.);
#3400=VECTOR('',#7321,1000.);
#3401=VECTOR('',#7324,1000.);
#3402=VECTOR('',#7327,1000.);
#3403=VECTOR('',#7328,1000.);
#3404=VECTOR('',#7331,1000.);
#3405=VECTOR('',#7336,1000.);
#3406=VECTOR('',#7337,1000.);
#3407=VECTOR('',#7338,1000.);
#3408=VECTOR('',#7343,1000.);
#3409=VECTOR('',#7348,1000.);
#3410=VECTOR('',#7349,1000.);
#3411=VECTOR('',#7350,1000.);
#3412=VECTOR('',#7355,1000.);
#3413=VECTOR('',#7360,1000.);
#3414=VECTOR('',#7361,1000.);
#3415=VECTOR('',#7362,1000.);
#3416=VECTOR('',#7367,1000.);
#3417=VECTOR('',#7372,1000.);
#3418=VECTOR('',#7373,1000.);
#3419=VECTOR('',#7374,1000.);
#3420=VECTOR('',#7377,1000.);
#3421=VECTOR('',#7378,1000.);
#3422=VECTOR('',#7379,1000.);
#3423=VECTOR('',#7382,1000.);
#3424=VECTOR('',#7383,1000.);
#3425=VECTOR('',#7384,1000.);
#3426=VECTOR('',#7387,1000.);
#3427=VECTOR('',#7388,1000.);
#3428=VECTOR('',#7389,1000.);
#3429=VECTOR('',#7392,1000.);
#3430=VECTOR('',#7395,1000.);
#3431=VECTOR('',#7396,1000.);
#3432=VECTOR('',#7401,1000.);
#3433=VECTOR('',#7402,1000.);
#3434=VECTOR('',#7403,1000.);
#3435=VECTOR('',#7406,1000.);
#3436=VECTOR('',#7413,1000.);
#3437=VECTOR('',#7414,1000.);
#3438=VECTOR('',#7415,1000.);
#3439=VECTOR('',#7422,1000.);
#3440=VECTOR('',#7423,1000.);
#3441=VECTOR('',#7428,1000.);
#3442=VECTOR('',#7431,1000.);
#3443=VECTOR('',#7434,1000.);
#3444=VECTOR('',#7437,1000.);
#3445=VECTOR('',#7442,1000.);
#3446=VECTOR('',#7443,1000.);
#3447=VECTOR('',#7444,1000.);
#3448=VECTOR('',#7449,1000.);
#3449=VECTOR('',#7450,1000.);
#3450=VECTOR('',#7451,1000.);
#3451=VECTOR('',#7456,1000.);
#3452=VECTOR('',#7463,1000.);
#3453=VECTOR('',#7468,1000.);
#3454=VECTOR('',#7469,1000.);
#3455=VECTOR('',#7470,1000.);
#3456=VECTOR('',#7479,1000.);
#3457=VECTOR('',#7480,1000.);
#3458=VECTOR('',#7485,1000.);
#3459=VECTOR('',#7488,1000.);
#3460=VECTOR('',#7489,1000.);
#3461=VECTOR('',#7492,1000.);
#3462=VECTOR('',#7493,1000.);
#3463=VECTOR('',#7494,1000.);
#3464=VECTOR('',#7495,1000.);
#3465=VECTOR('',#7498,1000.);
#3466=VECTOR('',#7507,1000.);
#3467=VECTOR('',#7508,1000.);
#3468=VECTOR('',#7509,1000.);
#3469=VECTOR('',#7514,1000.);
#3470=VECTOR('',#7519,1000.);
#3471=VECTOR('',#7520,1000.);
#3472=VECTOR('',#7521,1000.);
#3473=VECTOR('',#7526,1000.);
#3474=VECTOR('',#7531,1000.);
#3475=VECTOR('',#7532,1000.);
#3476=VECTOR('',#7533,1000.);
#3477=VECTOR('',#7538,1000.);
#3478=VECTOR('',#7543,1000.);
#3479=VECTOR('',#7544,1000.);
#3480=VECTOR('',#7545,1000.);
#3481=VECTOR('',#7548,1000.);
#3482=VECTOR('',#7549,1000.);
#3483=VECTOR('',#7550,1000.);
#3484=VECTOR('',#7553,1000.);
#3485=VECTOR('',#7554,1000.);
#3486=VECTOR('',#7555,1000.);
#3487=VECTOR('',#7558,1000.);
#3488=VECTOR('',#7559,1000.);
#3489=VECTOR('',#7560,1000.);
#3490=VECTOR('',#7563,1000.);
#3491=VECTOR('',#7566,1000.);
#3492=VECTOR('',#7569,1000.);
#3493=VECTOR('',#7572,1000.);
#3494=VECTOR('',#7573,1000.);
#3495=VECTOR('',#7574,1000.);
#3496=VECTOR('',#7579,1000.);
#3497=VECTOR('',#7584,1000.);
#3498=VECTOR('',#7585,1000.);
#3499=VECTOR('',#7588,1000.);
#3500=VECTOR('',#7593,1000.);
#3501=VECTOR('',#7594,1000.);
#3502=VECTOR('',#7599,1000.);
#3503=VECTOR('',#7602,1000.);
#3504=VECTOR('',#7605,1000.);
#3505=VECTOR('',#7608,1000.);
#3506=VECTOR('',#7613,1000.);
#3507=VECTOR('',#7614,1000.);
#3508=VECTOR('',#7615,1000.);
#3509=VECTOR('',#7620,1000.);
#3510=VECTOR('',#7621,1000.);
#3511=VECTOR('',#7622,1000.);
#3512=VECTOR('',#7627,1000.);
#3513=VECTOR('',#7634,1000.);
#3514=VECTOR('',#7639,1000.);
#3515=VECTOR('',#7640,1000.);
#3516=VECTOR('',#7641,1000.);
#3517=VECTOR('',#7650,1000.);
#3518=VECTOR('',#7651,1000.);
#3519=VECTOR('',#7656,1000.);
#3520=VECTOR('',#7659,1000.);
#3521=VECTOR('',#7660,1000.);
#3522=VECTOR('',#7663,1000.);
#3523=VECTOR('',#7664,1000.);
#3524=VECTOR('',#7665,1000.);
#3525=VECTOR('',#7666,1000.);
#3526=VECTOR('',#7669,1000.);
#3527=VECTOR('',#7680,1000.);
#3528=VECTOR('',#7683,1000.);
#3529=VECTOR('',#7686,1000.);
#3530=VECTOR('',#7687,1000.);
#3531=VECTOR('',#7688,1000.);
#3532=VECTOR('',#7693,1000.);
#3533=VECTOR('',#7698,1000.);
#3534=VECTOR('',#7699,1000.);
#3535=VECTOR('',#7700,1000.);
#3536=VECTOR('',#7703,1000.);
#3537=VECTOR('',#7704,1000.);
#3538=VECTOR('',#7705,1000.);
#3539=VECTOR('',#7708,1000.);
#3540=VECTOR('',#7709,1000.);
#3541=VECTOR('',#7710,1000.);
#3542=VECTOR('',#7713,1000.);
#3543=VECTOR('',#7714,1000.);
#3544=VECTOR('',#7715,1000.);
#3545=VECTOR('',#7720,1000.);
#3546=VECTOR('',#7725,1000.);
#3547=VECTOR('',#7726,1000.);
#3548=VECTOR('',#7729,1000.);
#3549=VECTOR('',#7730,1000.);
#3550=VECTOR('',#7737,1000.);
#3551=VECTOR('',#7738,1000.);
#3552=VECTOR('',#7739,1000.);
#3553=VECTOR('',#7744,1000.);
#3554=VECTOR('',#7749,1000.);
#3555=VECTOR('',#7750,1000.);
#3556=VECTOR('',#7751,1000.);
#3557=VECTOR('',#7752,1000.);
#3558=VECTOR('',#7759,1000.);
#3559=VECTOR('',#7760,1000.);
#3560=VECTOR('',#7761,1000.);
#3561=VECTOR('',#7762,1000.);
#3562=VECTOR('',#7765,1000.);
#3563=VECTOR('',#7768,1000.);
#3564=VECTOR('',#7771,1000.);
#3565=VECTOR('',#7774,1000.);
#3566=VECTOR('',#7781,1000.);
#3567=VECTOR('',#7784,1000.);
#3568=VECTOR('',#7787,1000.);
#3569=VECTOR('',#7788,1000.);
#3570=VECTOR('',#7789,1000.);
#3571=VECTOR('',#7794,1000.);
#3572=VECTOR('',#7799,1000.);
#3573=VECTOR('',#7800,1000.);
#3574=VECTOR('',#7801,1000.);
#3575=VECTOR('',#7804,1000.);
#3576=VECTOR('',#7805,1000.);
#3577=VECTOR('',#7806,1000.);
#3578=VECTOR('',#7809,1000.);
#3579=VECTOR('',#7810,1000.);
#3580=VECTOR('',#7811,1000.);
#3581=VECTOR('',#7814,1000.);
#3582=VECTOR('',#7815,1000.);
#3583=VECTOR('',#7816,1000.);
#3584=VECTOR('',#7821,1000.);
#3585=VECTOR('',#7826,1000.);
#3586=VECTOR('',#7827,1000.);
#3587=VECTOR('',#7830,1000.);
#3588=VECTOR('',#7831,1000.);
#3589=VECTOR('',#7838,1000.);
#3590=VECTOR('',#7839,1000.);
#3591=VECTOR('',#7840,1000.);
#3592=VECTOR('',#7845,1000.);
#3593=VECTOR('',#7850,1000.);
#3594=VECTOR('',#7851,1000.);
#3595=VECTOR('',#7852,1000.);
#3596=VECTOR('',#7853,1000.);
#3597=VECTOR('',#7860,1000.);
#3598=VECTOR('',#7861,1000.);
#3599=VECTOR('',#7862,1000.);
#3600=VECTOR('',#7863,1000.);
#3601=VECTOR('',#7866,1000.);
#3602=VECTOR('',#7869,1000.);
#3603=VECTOR('',#7872,1000.);
#3604=VECTOR('',#7875,1000.);
#3605=EDGE_LOOP('',(#365,#366,#367,#368,#369));
#3606=EDGE_LOOP('',(#370,#371,#372,#373));
#3607=EDGE_LOOP('',(#374,#375,#376,#377,#378));
#3608=EDGE_LOOP('',(#379,#380,#381,#382,#383));
#3609=EDGE_LOOP('',(#384,#385,#386,#387));
#3610=EDGE_LOOP('',(#388,#389,#390,#391,#392));
#3611=EDGE_LOOP('',(#393,#394,#395,#396,#397,#398,#399,#400,#401,#402,#403,
#404,#405,#406,#407,#408));
#3612=EDGE_LOOP('',(#409,#410,#411,#412,#413,#414));
#3613=EDGE_LOOP('',(#415,#416,#417,#418,#419,#420,#421,#422,#423,#424,#425,
#426));
#3614=EDGE_LOOP('',(#427,#428,#429,#430,#431,#432,#433,#434,#435,#436,#437,
#438,#439,#440,#441,#442));
#3615=EDGE_LOOP('',(#443,#444,#445,#446,#447,#448));
#3616=EDGE_LOOP('',(#449,#450,#451,#452,#453,#454,#455,#456,#457,#458,#459,
#460));
#3617=EDGE_LOOP('',(#461,#462,#463,#464));
#3618=EDGE_LOOP('',(#465,#466,#467,#468));
#3619=EDGE_LOOP('',(#469,#470,#471,#472));
#3620=EDGE_LOOP('',(#473,#474,#475,#476,#477));
#3621=EDGE_LOOP('',(#478,#479,#480,#481,#482,#483));
#3622=EDGE_LOOP('',(#484,#485,#486,#487));
#3623=EDGE_LOOP('',(#488,#489,#490,#491));
#3624=EDGE_LOOP('',(#492,#493,#494,#495));
#3625=EDGE_LOOP('',(#496,#497,#498,#499));
#3626=EDGE_LOOP('',(#500,#501,#502,#503));
#3627=EDGE_LOOP('',(#504,#505,#506,#507));
#3628=EDGE_LOOP('',(#508,#509,#510,#511));
#3629=EDGE_LOOP('',(#512,#513,#514,#515));
#3630=EDGE_LOOP('',(#516,#517,#518,#519,#520));
#3631=EDGE_LOOP('',(#521,#522,#523,#524));
#3632=EDGE_LOOP('',(#525,#526,#527,#528));
#3633=EDGE_LOOP('',(#529,#530,#531,#532));
#3634=EDGE_LOOP('',(#533,#534,#535,#536));
#3635=EDGE_LOOP('',(#537,#538,#539,#540,#541,#542,#543,#544,#545,#546));
#3636=EDGE_LOOP('',(#547,#548,#549,#550,#551,#552));
#3637=EDGE_LOOP('',(#553,#554,#555,#556));
#3638=EDGE_LOOP('',(#557,#558,#559,#560));
#3639=EDGE_LOOP('',(#561,#562,#563,#564,#565,#566));
#3640=EDGE_LOOP('',(#567,#568,#569,#570));
#3641=EDGE_LOOP('',(#571,#572,#573,#574));
#3642=EDGE_LOOP('',(#575,#576,#577,#578,#579,#580));
#3643=EDGE_LOOP('',(#581,#582,#583,#584));
#3644=EDGE_LOOP('',(#585,#586,#587,#588));
#3645=EDGE_LOOP('',(#589,#590,#591,#592,#593,#594));
#3646=EDGE_LOOP('',(#595,#596,#597,#598,#599,#600));
#3647=EDGE_LOOP('',(#601,#602,#603,#604,#605,#606));
#3648=EDGE_LOOP('',(#607,#608,#609,#610,#611,#612,#613,#614,#615,#616,#617,
#618,#619));
#3649=EDGE_LOOP('',(#620,#621,#622,#623,#624,#625,#626,#627,#628,#629,#630,
#631,#632));
#3650=EDGE_LOOP('',(#633,#634,#635));
#3651=EDGE_LOOP('',(#636,#637,#638,#639,#640));
#3652=EDGE_LOOP('',(#641,#642,#643,#644,#645));
#3653=EDGE_LOOP('',(#646,#647,#648));
#3654=EDGE_LOOP('',(#649,#650,#651,#652,#653));
#3655=EDGE_LOOP('',(#654,#655,#656,#657,#658));
#3656=EDGE_LOOP('',(#659,#660,#661,#662));
#3657=EDGE_LOOP('',(#663,#664,#665,#666));
#3658=EDGE_LOOP('',(#667,#668,#669,#670,#671,#672,#673,#674,#675,#676,#677,
#678,#679,#680,#681,#682,#683,#684,#685,#686));
#3659=EDGE_LOOP('',(#687,#688,#689,#690));
#3660=EDGE_LOOP('',(#691,#692,#693,#694,#695,#696));
#3661=EDGE_LOOP('',(#697,#698,#699,#700,#701,#702,#703,#704));
#3662=EDGE_LOOP('',(#705,#706,#707,#708));
#3663=EDGE_LOOP('',(#709,#710,#711,#712,#713,#714,#715,#716,#717,#718,#719,
#720));
#3664=EDGE_LOOP('',(#721,#722,#723,#724));
#3665=EDGE_LOOP('',(#725,#726,#727,#728));
#3666=EDGE_LOOP('',(#729,#730,#731,#732));
#3667=EDGE_LOOP('',(#733,#734,#735,#736));
#3668=EDGE_LOOP('',(#737,#738,#739,#740));
#3669=EDGE_LOOP('',(#741,#742,#743,#744));
#3670=EDGE_LOOP('',(#745,#746,#747,#748));
#3671=EDGE_LOOP('',(#749,#750,#751,#752));
#3672=EDGE_LOOP('',(#753,#754,#755,#756));
#3673=EDGE_LOOP('',(#757,#758,#759,#760));
#3674=EDGE_LOOP('',(#761,#762,#763,#764));
#3675=EDGE_LOOP('',(#765,#766,#767,#768));
#3676=EDGE_LOOP('',(#769,#770,#771,#772));
#3677=EDGE_LOOP('',(#773,#774,#775,#776));
#3678=EDGE_LOOP('',(#777,#778,#779,#780));
#3679=EDGE_LOOP('',(#781,#782,#783,#784));
#3680=EDGE_LOOP('',(#785,#786,#787,#788));
#3681=EDGE_LOOP('',(#789,#790,#791,#792));
#3682=EDGE_LOOP('',(#793,#794,#795,#796));
#3683=EDGE_LOOP('',(#797,#798,#799,#800));
#3684=EDGE_LOOP('',(#801,#802,#803,#804));
#3685=EDGE_LOOP('',(#805,#806,#807,#808));
#3686=EDGE_LOOP('',(#809,#810,#811,#812,#813,#814,#815,#816));
#3687=EDGE_LOOP('',(#817,#818,#819,#820,#821,#822,#823,#824));
#3688=EDGE_LOOP('',(#825,#826,#827,#828,#829,#830));
#3689=EDGE_LOOP('',(#831,#832,#833,#834));
#3690=EDGE_LOOP('',(#835,#836,#837,#838,#839,#840));
#3691=EDGE_LOOP('',(#841));
#3692=EDGE_LOOP('',(#842,#843,#844,#845,#846,#847));
#3693=EDGE_LOOP('',(#848));
#3694=EDGE_LOOP('',(#849));
#3695=EDGE_LOOP('',(#850,#851,#852,#853,#854,#855));
#3696=EDGE_LOOP('',(#856));
#3697=EDGE_LOOP('',(#857,#858,#859,#860,#861,#862));
#3698=EDGE_LOOP('',(#863,#864,#865,#866));
#3699=EDGE_LOOP('',(#867,#868,#869,#870,#871));
#3700=EDGE_LOOP('',(#872,#873,#874,#875,#876));
#3701=EDGE_LOOP('',(#877,#878,#879,#880,#881,#882,#883,#884,#885,#886,#887,
#888,#889,#890,#891,#892));
#3702=EDGE_LOOP('',(#893,#894,#895,#896,#897,#898));
#3703=EDGE_LOOP('',(#899,#900,#901,#902,#903,#904,#905,#906,#907,#908,#909,
#910,#911,#912,#913,#914));
#3704=EDGE_LOOP('',(#915,#916,#917,#918));
#3705=EDGE_LOOP('',(#919,#920,#921,#922,#923));
#3706=EDGE_LOOP('',(#924,#925,#926,#927,#928));
#3707=EDGE_LOOP('',(#929,#930,#931,#932));
#3708=EDGE_LOOP('',(#933,#934,#935,#936));
#3709=EDGE_LOOP('',(#937,#938,#939,#940));
#3710=EDGE_LOOP('',(#941,#942,#943,#944));
#3711=EDGE_LOOP('',(#945,#946,#947,#948));
#3712=EDGE_LOOP('',(#949,#950,#951,#952));
#3713=EDGE_LOOP('',(#953,#954,#955,#956,#957));
#3714=EDGE_LOOP('',(#958,#959,#960,#961));
#3715=EDGE_LOOP('',(#962,#963,#964,#965));
#3716=EDGE_LOOP('',(#966,#967,#968,#969));
#3717=EDGE_LOOP('',(#970,#971,#972,#973));
#3718=EDGE_LOOP('',(#974,#975,#976,#977,#978));
#3719=EDGE_LOOP('',(#979,#980,#981,#982));
#3720=EDGE_LOOP('',(#983,#984,#985,#986));
#3721=EDGE_LOOP('',(#987,#988,#989,#990));
#3722=EDGE_LOOP('',(#991,#992,#993,#994));
#3723=EDGE_LOOP('',(#995,#996,#997,#998,#999));
#3724=EDGE_LOOP('',(#1000,#1001,#1002,#1003));
#3725=EDGE_LOOP('',(#1004,#1005,#1006,#1007));
#3726=EDGE_LOOP('',(#1008,#1009,#1010,#1011));
#3727=EDGE_LOOP('',(#1012,#1013,#1014,#1015));
#3728=EDGE_LOOP('',(#1016,#1017,#1018,#1019,#1020));
#3729=EDGE_LOOP('',(#1021,#1022,#1023,#1024));
#3730=EDGE_LOOP('',(#1025,#1026,#1027,#1028));
#3731=EDGE_LOOP('',(#1029,#1030,#1031,#1032));
#3732=EDGE_LOOP('',(#1033,#1034,#1035,#1036));
#3733=EDGE_LOOP('',(#1037,#1038,#1039,#1040));
#3734=EDGE_LOOP('',(#1041,#1042,#1043,#1044));
#3735=EDGE_LOOP('',(#1045,#1046,#1047,#1048));
#3736=EDGE_LOOP('',(#1049,#1050,#1051,#1052));
#3737=EDGE_LOOP('',(#1053,#1054,#1055,#1056));
#3738=EDGE_LOOP('',(#1057,#1058,#1059,#1060));
#3739=EDGE_LOOP('',(#1061,#1062,#1063,#1064,#1065,#1066));
#3740=EDGE_LOOP('',(#1067,#1068,#1069,#1070));
#3741=EDGE_LOOP('',(#1071,#1072,#1073,#1074));
#3742=EDGE_LOOP('',(#1075,#1076,#1077,#1078,#1079,#1080));
#3743=EDGE_LOOP('',(#1081,#1082,#1083,#1084,#1085));
#3744=EDGE_LOOP('',(#1086,#1087,#1088,#1089));
#3745=EDGE_LOOP('',(#1090,#1091,#1092,#1093,#1094));
#3746=EDGE_LOOP('',(#1095,#1096,#1097,#1098,#1099,#1100));
#3747=EDGE_LOOP('',(#1101,#1102,#1103,#1104));
#3748=EDGE_LOOP('',(#1105,#1106,#1107,#1108));
#3749=EDGE_LOOP('',(#1109,#1110,#1111,#1112));
#3750=EDGE_LOOP('',(#1113,#1114,#1115,#1116));
#3751=EDGE_LOOP('',(#1117,#1118,#1119,#1120));
#3752=EDGE_LOOP('',(#1121,#1122,#1123,#1124,#1125,#1126,#1127,#1128,#1129,
#1130,#1131,#1132,#1133,#1134,#1135,#1136,#1137,#1138,#1139,#1140,#1141,
#1142,#1143));
#3753=EDGE_LOOP('',(#1144,#1145,#1146,#1147,#1148,#1149,#1150,#1151,#1152,
#1153,#1154,#1155,#1156,#1157,#1158,#1159,#1160,#1161,#1162,#1163,#1164,
#1165,#1166));
#3754=EDGE_LOOP('',(#1167,#1168,#1169,#1170,#1171,#1172,#1173,#1174));
#3755=EDGE_LOOP('',(#1175,#1176,#1177,#1178));
#3756=EDGE_LOOP('',(#1179,#1180,#1181,#1182));
#3757=EDGE_LOOP('',(#1183,#1184,#1185,#1186));
#3758=EDGE_LOOP('',(#1187,#1188,#1189,#1190));
#3759=EDGE_LOOP('',(#1191,#1192,#1193,#1194));
#3760=EDGE_LOOP('',(#1195,#1196,#1197,#1198));
#3761=EDGE_LOOP('',(#1199,#1200,#1201,#1202));
#3762=EDGE_LOOP('',(#1203,#1204,#1205,#1206));
#3763=EDGE_LOOP('',(#1207,#1208,#1209,#1210));
#3764=EDGE_LOOP('',(#1211,#1212,#1213,#1214));
#3765=EDGE_LOOP('',(#1215,#1216,#1217,#1218,#1219,#1220));
#3766=EDGE_LOOP('',(#1221,#1222,#1223,#1224));
#3767=EDGE_LOOP('',(#1225,#1226,#1227,#1228));
#3768=EDGE_LOOP('',(#1229,#1230,#1231,#1232,#1233,#1234));
#3769=EDGE_LOOP('',(#1235,#1236,#1237,#1238,#1239));
#3770=EDGE_LOOP('',(#1240,#1241,#1242,#1243));
#3771=EDGE_LOOP('',(#1244,#1245,#1246,#1247,#1248));
#3772=EDGE_LOOP('',(#1249,#1250,#1251,#1252,#1253,#1254));
#3773=EDGE_LOOP('',(#1255,#1256,#1257,#1258));
#3774=EDGE_LOOP('',(#1259,#1260,#1261,#1262));
#3775=EDGE_LOOP('',(#1263,#1264,#1265,#1266));
#3776=EDGE_LOOP('',(#1267,#1268,#1269,#1270));
#3777=EDGE_LOOP('',(#1271,#1272,#1273,#1274));
#3778=EDGE_LOOP('',(#1275,#1276,#1277,#1278,#1279,#1280,#1281,#1282,#1283,
#1284,#1285,#1286,#1287,#1288,#1289,#1290,#1291,#1292,#1293,#1294,#1295,
#1296,#1297));
#3779=EDGE_LOOP('',(#1298,#1299,#1300,#1301,#1302,#1303,#1304,#1305,#1306,
#1307,#1308,#1309,#1310,#1311,#1312,#1313,#1314,#1315,#1316,#1317,#1318,
#1319,#1320));
#3780=EDGE_LOOP('',(#1321,#1322,#1323,#1324,#1325,#1326,#1327,#1328));
#3781=EDGE_LOOP('',(#1329,#1330,#1331,#1332));
#3782=EDGE_LOOP('',(#1333,#1334,#1335,#1336));
#3783=EDGE_LOOP('',(#1337,#1338,#1339,#1340));
#3784=EDGE_LOOP('',(#1341,#1342,#1343,#1344));
#3785=EDGE_LOOP('',(#1345,#1346,#1347,#1348));
#3786=EDGE_LOOP('',(#1349,#1350,#1351,#1352));
#3787=EDGE_LOOP('',(#1353,#1354,#1355,#1356));
#3788=EDGE_LOOP('',(#1357,#1358,#1359,#1360));
#3789=EDGE_LOOP('',(#1361,#1362,#1363,#1364,#1365,#1366,#1367,#1368,#1369,
#1370,#1371));
#3790=EDGE_LOOP('',(#1372,#1373,#1374,#1375,#1376,#1377,#1378,#1379,#1380,
#1381,#1382));
#3791=EDGE_LOOP('',(#1383,#1384,#1385,#1386));
#3792=EDGE_LOOP('',(#1387,#1388,#1389,#1390));
#3793=EDGE_LOOP('',(#1391,#1392,#1393,#1394));
#3794=EDGE_LOOP('',(#1395,#1396,#1397,#1398));
#3795=EDGE_LOOP('',(#1399,#1400,#1401,#1402,#1403,#1404,#1405,#1406));
#3796=EDGE_LOOP('',(#1407,#1408,#1409,#1410,#1411,#1412,#1413,#1414));
#3797=EDGE_LOOP('',(#1415,#1416,#1417,#1418));
#3798=EDGE_LOOP('',(#1419,#1420,#1421,#1422));
#3799=EDGE_LOOP('',(#1423,#1424,#1425,#1426));
#3800=EDGE_LOOP('',(#1427,#1428,#1429,#1430));
#3801=EDGE_LOOP('',(#1431,#1432,#1433,#1434));
#3802=EDGE_LOOP('',(#1435,#1436,#1437,#1438));
#3803=EDGE_LOOP('',(#1439,#1440,#1441,#1442));
#3804=EDGE_LOOP('',(#1443,#1444,#1445,#1446));
#3805=EDGE_LOOP('',(#1447,#1448,#1449,#1450));
#3806=EDGE_LOOP('',(#1451,#1452,#1453,#1454));
#3807=EDGE_LOOP('',(#1455,#1456,#1457,#1458));
#3808=EDGE_LOOP('',(#1459,#1460,#1461,#1462));
#3809=EDGE_LOOP('',(#1463,#1464,#1465,#1466));
#3810=EDGE_LOOP('',(#1467,#1468,#1469,#1470,#1471,#1472,#1473,#1474,#1475,
#1476,#1477));
#3811=EDGE_LOOP('',(#1478,#1479,#1480,#1481,#1482,#1483,#1484,#1485,#1486,
#1487,#1488));
#3812=EDGE_LOOP('',(#1489,#1490,#1491,#1492));
#3813=EDGE_LOOP('',(#1493,#1494,#1495,#1496));
#3814=EDGE_LOOP('',(#1497,#1498,#1499,#1500));
#3815=EDGE_LOOP('',(#1501,#1502,#1503,#1504));
#3816=EDGE_LOOP('',(#1505,#1506,#1507,#1508,#1509,#1510,#1511,#1512));
#3817=EDGE_LOOP('',(#1513,#1514,#1515,#1516,#1517,#1518,#1519,#1520));
#3818=EDGE_LOOP('',(#1521,#1522,#1523,#1524));
#3819=EDGE_LOOP('',(#1525,#1526,#1527,#1528));
#3820=EDGE_LOOP('',(#1529,#1530,#1531,#1532));
#3821=EDGE_LOOP('',(#1533,#1534,#1535,#1536));
#3822=EDGE_LOOP('',(#1537,#1538,#1539,#1540));
#3823=EDGE_LOOP('',(#1541,#1542,#1543,#1544));
#3824=EDGE_LOOP('',(#1545,#1546,#1547,#1548));
#3825=EDGE_LOOP('',(#1549,#1550,#1551,#1552));
#3826=EDGE_LOOP('',(#1553,#1554,#1555,#1556));
#3827=EDGE_LOOP('',(#1557,#1558,#1559,#1560));
#3828=EDGE_LOOP('',(#1561,#1562,#1563,#1564));
#3829=EDGE_LOOP('',(#1565,#1566,#1567,#1568));
#3830=EDGE_LOOP('',(#1569,#1570,#1571,#1572));
#3831=EDGE_LOOP('',(#1573,#1574,#1575,#1576));
#3832=EDGE_LOOP('',(#1577,#1578,#1579,#1580));
#3833=EDGE_LOOP('',(#1581,#1582,#1583,#1584));
#3834=EDGE_LOOP('',(#1585,#1586,#1587,#1588));
#3835=EDGE_LOOP('',(#1589,#1590,#1591,#1592));
#3836=EDGE_LOOP('',(#1593,#1594,#1595));
#3837=EDGE_LOOP('',(#1596,#1597,#1598,#1599));
#3838=EDGE_LOOP('',(#1600,#1601,#1602,#1603));
#3839=EDGE_LOOP('',(#1604,#1605,#1606,#1607));
#3840=EDGE_LOOP('',(#1608,#1609,#1610,#1611));
#3841=EDGE_LOOP('',(#1612,#1613,#1614,#1615));
#3842=EDGE_LOOP('',(#1616,#1617,#1618,#1619));
#3843=EDGE_LOOP('',(#1620,#1621,#1622,#1623));
#3844=EDGE_LOOP('',(#1624,#1625,#1626,#1627));
#3845=EDGE_LOOP('',(#1628,#1629,#1630,#1631));
#3846=EDGE_LOOP('',(#1632,#1633,#1634,#1635));
#3847=EDGE_LOOP('',(#1636,#1637,#1638,#1639));
#3848=EDGE_LOOP('',(#1640,#1641,#1642,#1643));
#3849=EDGE_LOOP('',(#1644,#1645,#1646,#1647));
#3850=EDGE_LOOP('',(#1648,#1649,#1650,#1651));
#3851=EDGE_LOOP('',(#1652,#1653,#1654));
#3852=EDGE_LOOP('',(#1655,#1656,#1657,#1658));
#3853=EDGE_LOOP('',(#1659,#1660,#1661,#1662));
#3854=EDGE_LOOP('',(#1663,#1664,#1665));
#3855=EDGE_LOOP('',(#1666,#1667,#1668,#1669));
#3856=EDGE_LOOP('',(#1670,#1671,#1672,#1673));
#3857=EDGE_LOOP('',(#1674,#1675,#1676));
#3858=EDGE_LOOP('',(#1677,#1678,#1679,#1680));
#3859=FACE_BOUND('',#3605,.T.);
#3860=FACE_BOUND('',#3606,.T.);
#3861=FACE_BOUND('',#3607,.T.);
#3862=FACE_BOUND('',#3608,.T.);
#3863=FACE_BOUND('',#3609,.T.);
#3864=FACE_BOUND('',#3610,.T.);
#3865=FACE_BOUND('',#3611,.T.);
#3866=FACE_BOUND('',#3612,.T.);
#3867=FACE_BOUND('',#3613,.T.);
#3868=FACE_BOUND('',#3614,.T.);
#3869=FACE_BOUND('',#3615,.T.);
#3870=FACE_BOUND('',#3616,.T.);
#3871=FACE_BOUND('',#3617,.T.);
#3872=FACE_BOUND('',#3618,.T.);
#3873=FACE_BOUND('',#3619,.T.);
#3874=FACE_BOUND('',#3620,.T.);
#3875=FACE_BOUND('',#3621,.T.);
#3876=FACE_BOUND('',#3622,.T.);
#3877=FACE_BOUND('',#3623,.T.);
#3878=FACE_BOUND('',#3624,.T.);
#3879=FACE_BOUND('',#3625,.T.);
#3880=FACE_BOUND('',#3626,.T.);
#3881=FACE_BOUND('',#3627,.T.);
#3882=FACE_BOUND('',#3628,.T.);
#3883=FACE_BOUND('',#3629,.T.);
#3884=FACE_BOUND('',#3630,.T.);
#3885=FACE_BOUND('',#3631,.T.);
#3886=FACE_BOUND('',#3632,.T.);
#3887=FACE_BOUND('',#3633,.T.);
#3888=FACE_BOUND('',#3634,.T.);
#3889=FACE_BOUND('',#3635,.T.);
#3890=FACE_BOUND('',#3636,.T.);
#3891=FACE_BOUND('',#3637,.T.);
#3892=FACE_BOUND('',#3638,.T.);
#3893=FACE_BOUND('',#3639,.T.);
#3894=FACE_BOUND('',#3640,.T.);
#3895=FACE_BOUND('',#3641,.T.);
#3896=FACE_BOUND('',#3642,.T.);
#3897=FACE_BOUND('',#3643,.T.);
#3898=FACE_BOUND('',#3644,.T.);
#3899=FACE_BOUND('',#3645,.T.);
#3900=FACE_BOUND('',#3646,.T.);
#3901=FACE_BOUND('',#3647,.T.);
#3902=FACE_BOUND('',#3648,.T.);
#3903=FACE_BOUND('',#3649,.T.);
#3904=FACE_BOUND('',#3650,.T.);
#3905=FACE_BOUND('',#3651,.T.);
#3906=FACE_BOUND('',#3652,.T.);
#3907=FACE_BOUND('',#3653,.T.);
#3908=FACE_BOUND('',#3654,.T.);
#3909=FACE_BOUND('',#3655,.T.);
#3910=FACE_BOUND('',#3656,.T.);
#3911=FACE_BOUND('',#3657,.T.);
#3912=FACE_BOUND('',#3658,.T.);
#3913=FACE_BOUND('',#3659,.T.);
#3914=FACE_BOUND('',#3660,.T.);
#3915=FACE_BOUND('',#3661,.T.);
#3916=FACE_BOUND('',#3662,.T.);
#3917=FACE_BOUND('',#3663,.T.);
#3918=FACE_BOUND('',#3664,.T.);
#3919=FACE_BOUND('',#3665,.T.);
#3920=FACE_BOUND('',#3666,.T.);
#3921=FACE_BOUND('',#3667,.T.);
#3922=FACE_BOUND('',#3668,.T.);
#3923=FACE_BOUND('',#3669,.T.);
#3924=FACE_BOUND('',#3670,.T.);
#3925=FACE_BOUND('',#3671,.T.);
#3926=FACE_BOUND('',#3672,.T.);
#3927=FACE_BOUND('',#3673,.T.);
#3928=FACE_BOUND('',#3674,.T.);
#3929=FACE_BOUND('',#3675,.T.);
#3930=FACE_BOUND('',#3676,.T.);
#3931=FACE_BOUND('',#3677,.T.);
#3932=FACE_BOUND('',#3678,.T.);
#3933=FACE_BOUND('',#3679,.T.);
#3934=FACE_BOUND('',#3680,.T.);
#3935=FACE_BOUND('',#3681,.T.);
#3936=FACE_BOUND('',#3682,.T.);
#3937=FACE_BOUND('',#3683,.T.);
#3938=FACE_BOUND('',#3684,.T.);
#3939=FACE_BOUND('',#3685,.T.);
#3940=FACE_BOUND('',#3686,.T.);
#3941=FACE_BOUND('',#3687,.T.);
#3942=FACE_BOUND('',#3688,.T.);
#3943=FACE_BOUND('',#3689,.T.);
#3944=FACE_BOUND('',#3690,.T.);
#3945=FACE_BOUND('',#3691,.T.);
#3946=FACE_BOUND('',#3692,.T.);
#3947=FACE_BOUND('',#3693,.T.);
#3948=FACE_BOUND('',#3694,.T.);
#3949=FACE_BOUND('',#3695,.T.);
#3950=FACE_BOUND('',#3696,.T.);
#3951=FACE_BOUND('',#3697,.T.);
#3952=FACE_BOUND('',#3698,.T.);
#3953=FACE_BOUND('',#3699,.T.);
#3954=FACE_BOUND('',#3700,.T.);
#3955=FACE_BOUND('',#3701,.T.);
#3956=FACE_BOUND('',#3702,.T.);
#3957=FACE_BOUND('',#3703,.T.);
#3958=FACE_BOUND('',#3704,.T.);
#3959=FACE_BOUND('',#3705,.T.);
#3960=FACE_BOUND('',#3706,.T.);
#3961=FACE_BOUND('',#3707,.T.);
#3962=FACE_BOUND('',#3708,.T.);
#3963=FACE_BOUND('',#3709,.T.);
#3964=FACE_BOUND('',#3710,.T.);
#3965=FACE_BOUND('',#3711,.T.);
#3966=FACE_BOUND('',#3712,.T.);
#3967=FACE_BOUND('',#3713,.T.);
#3968=FACE_BOUND('',#3714,.T.);
#3969=FACE_BOUND('',#3715,.T.);
#3970=FACE_BOUND('',#3716,.T.);
#3971=FACE_BOUND('',#3717,.T.);
#3972=FACE_BOUND('',#3718,.T.);
#3973=FACE_BOUND('',#3719,.T.);
#3974=FACE_BOUND('',#3720,.T.);
#3975=FACE_BOUND('',#3721,.T.);
#3976=FACE_BOUND('',#3722,.T.);
#3977=FACE_BOUND('',#3723,.T.);
#3978=FACE_BOUND('',#3724,.T.);
#3979=FACE_BOUND('',#3725,.T.);
#3980=FACE_BOUND('',#3726,.T.);
#3981=FACE_BOUND('',#3727,.T.);
#3982=FACE_BOUND('',#3728,.T.);
#3983=FACE_BOUND('',#3729,.T.);
#3984=FACE_BOUND('',#3730,.T.);
#3985=FACE_BOUND('',#3731,.T.);
#3986=FACE_BOUND('',#3732,.T.);
#3987=FACE_BOUND('',#3733,.T.);
#3988=FACE_BOUND('',#3734,.T.);
#3989=FACE_BOUND('',#3735,.T.);
#3990=FACE_BOUND('',#3736,.T.);
#3991=FACE_BOUND('',#3737,.T.);
#3992=FACE_BOUND('',#3738,.T.);
#3993=FACE_BOUND('',#3739,.T.);
#3994=FACE_BOUND('',#3740,.T.);
#3995=FACE_BOUND('',#3741,.T.);
#3996=FACE_BOUND('',#3742,.T.);
#3997=FACE_BOUND('',#3743,.T.);
#3998=FACE_BOUND('',#3744,.T.);
#3999=FACE_BOUND('',#3745,.T.);
#4000=FACE_BOUND('',#3746,.T.);
#4001=FACE_BOUND('',#3747,.T.);
#4002=FACE_BOUND('',#3748,.T.);
#4003=FACE_BOUND('',#3749,.T.);
#4004=FACE_BOUND('',#3750,.T.);
#4005=FACE_BOUND('',#3751,.T.);
#4006=FACE_BOUND('',#3752,.T.);
#4007=FACE_BOUND('',#3753,.T.);
#4008=FACE_BOUND('',#3754,.T.);
#4009=FACE_BOUND('',#3755,.T.);
#4010=FACE_BOUND('',#3756,.T.);
#4011=FACE_BOUND('',#3757,.T.);
#4012=FACE_BOUND('',#3758,.T.);
#4013=FACE_BOUND('',#3759,.T.);
#4014=FACE_BOUND('',#3760,.T.);
#4015=FACE_BOUND('',#3761,.T.);
#4016=FACE_BOUND('',#3762,.T.);
#4017=FACE_BOUND('',#3763,.T.);
#4018=FACE_BOUND('',#3764,.T.);
#4019=FACE_BOUND('',#3765,.T.);
#4020=FACE_BOUND('',#3766,.T.);
#4021=FACE_BOUND('',#3767,.T.);
#4022=FACE_BOUND('',#3768,.T.);
#4023=FACE_BOUND('',#3769,.T.);
#4024=FACE_BOUND('',#3770,.T.);
#4025=FACE_BOUND('',#3771,.T.);
#4026=FACE_BOUND('',#3772,.T.);
#4027=FACE_BOUND('',#3773,.T.);
#4028=FACE_BOUND('',#3774,.T.);
#4029=FACE_BOUND('',#3775,.T.);
#4030=FACE_BOUND('',#3776,.T.);
#4031=FACE_BOUND('',#3777,.T.);
#4032=FACE_BOUND('',#3778,.T.);
#4033=FACE_BOUND('',#3779,.T.);
#4034=FACE_BOUND('',#3780,.T.);
#4035=FACE_BOUND('',#3781,.T.);
#4036=FACE_BOUND('',#3782,.T.);
#4037=FACE_BOUND('',#3783,.T.);
#4038=FACE_BOUND('',#3784,.T.);
#4039=FACE_BOUND('',#3785,.T.);
#4040=FACE_BOUND('',#3786,.T.);
#4041=FACE_BOUND('',#3787,.T.);
#4042=FACE_BOUND('',#3788,.T.);
#4043=FACE_BOUND('',#3789,.T.);
#4044=FACE_BOUND('',#3790,.T.);
#4045=FACE_BOUND('',#3791,.T.);
#4046=FACE_BOUND('',#3792,.T.);
#4047=FACE_BOUND('',#3793,.T.);
#4048=FACE_BOUND('',#3794,.T.);
#4049=FACE_BOUND('',#3795,.T.);
#4050=FACE_BOUND('',#3796,.T.);
#4051=FACE_BOUND('',#3797,.T.);
#4052=FACE_BOUND('',#3798,.T.);
#4053=FACE_BOUND('',#3799,.T.);
#4054=FACE_BOUND('',#3800,.T.);
#4055=FACE_BOUND('',#3801,.T.);
#4056=FACE_BOUND('',#3802,.T.);
#4057=FACE_BOUND('',#3803,.T.);
#4058=FACE_BOUND('',#3804,.T.);
#4059=FACE_BOUND('',#3805,.T.);
#4060=FACE_BOUND('',#3806,.T.);
#4061=FACE_BOUND('',#3807,.T.);
#4062=FACE_BOUND('',#3808,.T.);
#4063=FACE_BOUND('',#3809,.T.);
#4064=FACE_BOUND('',#3810,.T.);
#4065=FACE_BOUND('',#3811,.T.);
#4066=FACE_BOUND('',#3812,.T.);
#4067=FACE_BOUND('',#3813,.T.);
#4068=FACE_BOUND('',#3814,.T.);
#4069=FACE_BOUND('',#3815,.T.);
#4070=FACE_BOUND('',#3816,.T.);
#4071=FACE_BOUND('',#3817,.T.);
#4072=FACE_BOUND('',#3818,.T.);
#4073=FACE_BOUND('',#3819,.T.);
#4074=FACE_BOUND('',#3820,.T.);
#4075=FACE_BOUND('',#3821,.T.);
#4076=FACE_BOUND('',#3822,.T.);
#4077=FACE_BOUND('',#3823,.T.);
#4078=FACE_BOUND('',#3824,.T.);
#4079=FACE_BOUND('',#3825,.T.);
#4080=FACE_BOUND('',#3826,.T.);
#4081=FACE_BOUND('',#3827,.T.);
#4082=FACE_BOUND('',#3828,.T.);
#4083=FACE_BOUND('',#3829,.T.);
#4084=FACE_BOUND('',#3830,.T.);
#4085=FACE_BOUND('',#3831,.T.);
#4086=FACE_BOUND('',#3832,.T.);
#4087=FACE_BOUND('',#3833,.T.);
#4088=FACE_BOUND('',#3834,.T.);
#4089=FACE_BOUND('',#3835,.T.);
#4090=FACE_BOUND('',#3836,.T.);
#4091=FACE_BOUND('',#3837,.T.);
#4092=FACE_BOUND('',#3838,.T.);
#4093=FACE_BOUND('',#3839,.T.);
#4094=FACE_BOUND('',#3840,.T.);
#4095=FACE_BOUND('',#3841,.T.);
#4096=FACE_BOUND('',#3842,.T.);
#4097=FACE_BOUND('',#3843,.T.);
#4098=FACE_BOUND('',#3844,.T.);
#4099=FACE_BOUND('',#3845,.T.);
#4100=FACE_BOUND('',#3846,.T.);
#4101=FACE_BOUND('',#3847,.T.);
#4102=FACE_BOUND('',#3848,.T.);
#4103=FACE_BOUND('',#3849,.T.);
#4104=FACE_BOUND('',#3850,.T.);
#4105=FACE_BOUND('',#3851,.T.);
#4106=FACE_BOUND('',#3852,.T.);
#4107=FACE_BOUND('',#3853,.T.);
#4108=FACE_BOUND('',#3854,.T.);
#4109=FACE_BOUND('',#3855,.T.);
#4110=FACE_BOUND('',#3856,.T.);
#4111=FACE_BOUND('',#3857,.T.);
#4112=FACE_BOUND('',#3858,.T.);
#4113=PLANE('',#6217);
#4114=PLANE('',#6220);
#4115=PLANE('',#6222);
#4116=PLANE('',#6225);
#4117=PLANE('',#6228);
#4118=PLANE('',#6230);
#4119=PLANE('',#6233);
#4120=PLANE('',#6239);
#4121=PLANE('',#6240);
#4122=PLANE('',#6246);
#4123=PLANE('',#6259);
#4124=PLANE('',#6260);
#4125=PLANE('',#6266);
#4126=PLANE('',#6267);
#4127=PLANE('',#6275);
#4128=PLANE('',#6278);
#4129=PLANE('',#6287);
#4130=PLANE('',#6288);
#4131=PLANE('',#6291);
#4132=PLANE('',#6295);
#4133=PLANE('',#6302);
#4134=PLANE('',#6308);
#4135=PLANE('',#6322);
#4136=PLANE('',#6324);
#4137=PLANE('',#6326);
#4138=PLANE('',#6328);
#4139=PLANE('',#6330);
#4140=PLANE('',#6331);
#4141=PLANE('',#6332);
#4142=PLANE('',#6336);
#4143=PLANE('',#6342);
#4144=PLANE('',#6379);
#4145=PLANE('',#6380);
#4146=PLANE('',#6381);
#4147=PLANE('',#6382);
#4148=PLANE('',#6390);
#4149=PLANE('',#6393);
#4150=PLANE('',#6394);
#4151=PLANE('',#6397);
#4152=PLANE('',#6400);
#4153=PLANE('',#6402);
#4154=PLANE('',#6405);
#4155=PLANE('',#6407);
#4156=PLANE('',#6410);
#4157=PLANE('',#6411);
#4158=PLANE('',#6414);
#4159=PLANE('',#6415);
#4160=PLANE('',#6416);
#4161=PLANE('',#6417);
#4162=PLANE('',#6420);
#4163=PLANE('',#6421);
#4164=PLANE('',#6422);
#4165=PLANE('',#6423);
#4166=PLANE('',#6426);
#4167=PLANE('',#6427);
#4168=PLANE('',#6428);
#4169=PLANE('',#6429);
#4170=PLANE('',#6432);
#4171=PLANE('',#6433);
#4172=PLANE('',#6434);
#4173=PLANE('',#6435);
#4174=PLANE('',#6436);
#4175=PLANE('',#6440);
#4176=PLANE('',#6444);
#4177=PLANE('',#6448);
#4178=PLANE('',#6449);
#4179=PLANE('',#6450);
#4180=PLANE('',#6451);
#4181=PLANE('',#6452);
#4182=PLANE('',#6455);
#4183=PLANE('',#6459);
#4184=PLANE('',#6461);
#4185=PLANE('',#6464);
#4186=PLANE('',#6466);
#4187=PLANE('',#6469);
#4188=PLANE('',#6471);
#4189=PLANE('',#6478);
#4190=PLANE('',#6482);
#4191=PLANE('',#6486);
#4192=PLANE('',#6491);
#4193=PLANE('',#6495);
#4194=PLANE('',#6499);
#4195=PLANE('',#6503);
#4196=PLANE('',#6504);
#4197=PLANE('',#6505);
#4198=PLANE('',#6506);
#4199=PLANE('',#6507);
#4200=PLANE('',#6510);
#4201=PLANE('',#6514);
#4202=PLANE('',#6516);
#4203=PLANE('',#6519);
#4204=PLANE('',#6521);
#4205=PLANE('',#6524);
#4206=PLANE('',#6526);
#4207=PLANE('',#6533);
#4208=PLANE('',#6537);
#4209=PLANE('',#6541);
#4210=PLANE('',#6549);
#4211=PLANE('',#6553);
#4212=PLANE('',#6554);
#4213=PLANE('',#6555);
#4214=PLANE('',#6556);
#4215=PLANE('',#6560);
#4216=PLANE('',#6561);
#4217=PLANE('',#6562);
#4218=PLANE('',#6563);
#4219=PLANE('',#6564);
#4220=PLANE('',#6568);
#4221=PLANE('',#6570);
#4222=PLANE('',#6572);
#4223=PLANE('',#6573);
#4224=PLANE('',#6574);
#4225=PLANE('',#6575);
#4226=PLANE('',#6580);
#4227=PLANE('',#6584);
#4228=PLANE('',#6585);
#4229=PLANE('',#6586);
#4230=PLANE('',#6587);
#4231=PLANE('',#6591);
#4232=PLANE('',#6592);
#4233=PLANE('',#6593);
#4234=PLANE('',#6594);
#4235=PLANE('',#6595);
#4236=PLANE('',#6599);
#4237=PLANE('',#6601);
#4238=PLANE('',#6603);
#4239=PLANE('',#6604);
#4240=PLANE('',#6605);
#4241=PLANE('',#6606);
#4242=STYLED_ITEM('',(#4488),#5966);
#4243=STYLED_ITEM('',(#4489),#5967);
#4244=STYLED_ITEM('',(#4490),#5968);
#4245=STYLED_ITEM('',(#4491),#5969);
#4246=STYLED_ITEM('',(#4492),#5970);
#4247=STYLED_ITEM('',(#4493),#5971);
#4248=STYLED_ITEM('',(#4494),#5972);
#4249=STYLED_ITEM('',(#4495),#5973);
#4250=STYLED_ITEM('',(#4496),#5974);
#4251=STYLED_ITEM('',(#4497),#5975);
#4252=STYLED_ITEM('',(#4498),#5976);
#4253=STYLED_ITEM('',(#4499),#5977);
#4254=STYLED_ITEM('',(#4500),#5978);
#4255=STYLED_ITEM('',(#4501),#5979);
#4256=STYLED_ITEM('',(#4502),#5980);
#4257=STYLED_ITEM('',(#4503),#5981);
#4258=STYLED_ITEM('',(#4504),#5982);
#4259=STYLED_ITEM('',(#4505),#5983);
#4260=STYLED_ITEM('',(#4506),#5984);
#4261=STYLED_ITEM('',(#4507),#5985);
#4262=STYLED_ITEM('',(#4508),#5986);
#4263=STYLED_ITEM('',(#4509),#5987);
#4264=STYLED_ITEM('',(#4510),#5988);
#4265=STYLED_ITEM('',(#4511),#5989);
#4266=STYLED_ITEM('',(#4512),#5990);
#4267=STYLED_ITEM('',(#4513),#5991);
#4268=STYLED_ITEM('',(#4514),#5992);
#4269=STYLED_ITEM('',(#4515),#5993);
#4270=STYLED_ITEM('',(#4516),#5994);
#4271=STYLED_ITEM('',(#4517),#5995);
#4272=STYLED_ITEM('',(#4518),#5996);
#4273=STYLED_ITEM('',(#4519),#5997);
#4274=STYLED_ITEM('',(#4520),#5998);
#4275=STYLED_ITEM('',(#4521),#5999);
#4276=STYLED_ITEM('',(#4522),#6000);
#4277=STYLED_ITEM('',(#4523),#6001);
#4278=STYLED_ITEM('',(#4524),#6002);
#4279=STYLED_ITEM('',(#4525),#6003);
#4280=STYLED_ITEM('',(#4526),#6004);
#4281=STYLED_ITEM('',(#4527),#6005);
#4282=STYLED_ITEM('',(#4528),#6006);
#4283=STYLED_ITEM('',(#4529),#6007);
#4284=STYLED_ITEM('',(#4530),#6008);
#4285=STYLED_ITEM('',(#4531),#6009);
#4286=STYLED_ITEM('',(#4532),#6010);
#4287=STYLED_ITEM('',(#4533),#6011);
#4288=STYLED_ITEM('',(#4534),#6012);
#4289=STYLED_ITEM('',(#4535),#6013);
#4290=STYLED_ITEM('',(#4536),#6014);
#4291=STYLED_ITEM('',(#4537),#6015);
#4292=STYLED_ITEM('',(#4538),#6016);
#4293=STYLED_ITEM('',(#4539),#6017);
#4294=STYLED_ITEM('',(#4540),#6018);
#4295=STYLED_ITEM('',(#4541),#6019);
#4296=STYLED_ITEM('',(#4542),#6020);
#4297=STYLED_ITEM('',(#4543),#6021);
#4298=STYLED_ITEM('',(#4544),#6022);
#4299=STYLED_ITEM('',(#4545),#6023);
#4300=STYLED_ITEM('',(#4546),#6024);
#4301=STYLED_ITEM('',(#4547),#6025);
#4302=STYLED_ITEM('',(#4548),#6026);
#4303=STYLED_ITEM('',(#4549),#6027);
#4304=STYLED_ITEM('',(#4550),#6028);
#4305=STYLED_ITEM('',(#4551),#6029);
#4306=STYLED_ITEM('',(#4552),#6030);
#4307=STYLED_ITEM('',(#4553),#6031);
#4308=STYLED_ITEM('',(#4554),#6032);
#4309=STYLED_ITEM('',(#4555),#6033);
#4310=STYLED_ITEM('',(#4556),#6034);
#4311=STYLED_ITEM('',(#4557),#6035);
#4312=STYLED_ITEM('',(#4558),#6036);
#4313=STYLED_ITEM('',(#4559),#6037);
#4314=STYLED_ITEM('',(#4560),#6038);
#4315=STYLED_ITEM('',(#4561),#6039);
#4316=STYLED_ITEM('',(#4562),#6040);
#4317=STYLED_ITEM('',(#4563),#6041);
#4318=STYLED_ITEM('',(#4564),#6042);
#4319=STYLED_ITEM('',(#4565),#6043);
#4320=STYLED_ITEM('',(#4566),#6044);
#4321=STYLED_ITEM('',(#4567),#6045);
#4322=STYLED_ITEM('',(#4568),#6046);
#4323=STYLED_ITEM('',(#4569),#6047);
#4324=STYLED_ITEM('',(#4570),#6048);
#4325=STYLED_ITEM('',(#4571),#6049);
#4326=STYLED_ITEM('',(#4572),#6050);
#4327=STYLED_ITEM('',(#4573),#6051);
#4328=STYLED_ITEM('',(#4574),#6052);
#4329=STYLED_ITEM('',(#4575),#6053);
#4330=STYLED_ITEM('',(#4576),#6054);
#4331=STYLED_ITEM('',(#4577),#6055);
#4332=STYLED_ITEM('',(#4578),#6056);
#4333=STYLED_ITEM('',(#4579),#6057);
#4334=STYLED_ITEM('',(#4580),#6058);
#4335=STYLED_ITEM('',(#4581),#6059);
#4336=STYLED_ITEM('',(#4582),#6060);
#4337=STYLED_ITEM('',(#4583),#6061);
#4338=STYLED_ITEM('',(#4584),#6062);
#4339=STYLED_ITEM('',(#4585),#6063);
#4340=STYLED_ITEM('',(#4586),#6064);
#4341=STYLED_ITEM('',(#4587),#6065);
#4342=STYLED_ITEM('',(#4588),#6066);
#4343=STYLED_ITEM('',(#4589),#6067);
#4344=STYLED_ITEM('',(#4590),#6068);
#4345=STYLED_ITEM('',(#4591),#6069);
#4346=STYLED_ITEM('',(#4592),#6070);
#4347=STYLED_ITEM('',(#4593),#6071);
#4348=STYLED_ITEM('',(#4594),#6072);
#4349=STYLED_ITEM('',(#4595),#6073);
#4350=STYLED_ITEM('',(#4596),#6074);
#4351=STYLED_ITEM('',(#4597),#6075);
#4352=STYLED_ITEM('',(#4598),#6076);
#4353=STYLED_ITEM('',(#4599),#6077);
#4354=STYLED_ITEM('',(#4600),#6078);
#4355=STYLED_ITEM('',(#4601),#6079);
#4356=STYLED_ITEM('',(#4602),#6080);
#4357=STYLED_ITEM('',(#4603),#6081);
#4358=STYLED_ITEM('',(#4604),#6082);
#4359=STYLED_ITEM('',(#4605),#6083);
#4360=STYLED_ITEM('',(#4606),#6084);
#4361=STYLED_ITEM('',(#4607),#6085);
#4362=STYLED_ITEM('',(#4608),#6086);
#4363=STYLED_ITEM('',(#4609),#6087);
#4364=STYLED_ITEM('',(#4610),#6088);
#4365=STYLED_ITEM('',(#4611),#6089);
#4366=STYLED_ITEM('',(#4612),#6090);
#4367=STYLED_ITEM('',(#4613),#6091);
#4368=STYLED_ITEM('',(#4614),#6092);
#4369=STYLED_ITEM('',(#4615),#6093);
#4370=STYLED_ITEM('',(#4616),#6094);
#4371=STYLED_ITEM('',(#4617),#6095);
#4372=STYLED_ITEM('',(#4618),#6096);
#4373=STYLED_ITEM('',(#4619),#6097);
#4374=STYLED_ITEM('',(#4620),#6098);
#4375=STYLED_ITEM('',(#4621),#6099);
#4376=STYLED_ITEM('',(#4622),#6100);
#4377=STYLED_ITEM('',(#4623),#6101);
#4378=STYLED_ITEM('',(#4624),#6102);
#4379=STYLED_ITEM('',(#4625),#6103);
#4380=STYLED_ITEM('',(#4626),#6104);
#4381=STYLED_ITEM('',(#4627),#6105);
#4382=STYLED_ITEM('',(#4628),#6106);
#4383=STYLED_ITEM('',(#4629),#6107);
#4384=STYLED_ITEM('',(#4630),#6108);
#4385=STYLED_ITEM('',(#4631),#6109);
#4386=STYLED_ITEM('',(#4632),#6110);
#4387=STYLED_ITEM('',(#4633),#6111);
#4388=STYLED_ITEM('',(#4634),#6112);
#4389=STYLED_ITEM('',(#4635),#6113);
#4390=STYLED_ITEM('',(#4636),#6114);
#4391=STYLED_ITEM('',(#4637),#6115);
#4392=STYLED_ITEM('',(#4638),#6116);
#4393=STYLED_ITEM('',(#4639),#6117);
#4394=STYLED_ITEM('',(#4640),#6118);
#4395=STYLED_ITEM('',(#4641),#6119);
#4396=STYLED_ITEM('',(#4642),#6120);
#4397=STYLED_ITEM('',(#4643),#6121);
#4398=STYLED_ITEM('',(#4644),#6122);
#4399=STYLED_ITEM('',(#4645),#6123);
#4400=STYLED_ITEM('',(#4646),#6124);
#4401=STYLED_ITEM('',(#4647),#6125);
#4402=STYLED_ITEM('',(#4648),#6126);
#4403=STYLED_ITEM('',(#4649),#6127);
#4404=STYLED_ITEM('',(#4650),#6128);
#4405=STYLED_ITEM('',(#4651),#6129);
#4406=STYLED_ITEM('',(#4652),#6130);
#4407=STYLED_ITEM('',(#4653),#6131);
#4408=STYLED_ITEM('',(#4654),#6132);
#4409=STYLED_ITEM('',(#4655),#6133);
#4410=STYLED_ITEM('',(#4656),#6134);
#4411=STYLED_ITEM('',(#4657),#6135);
#4412=STYLED_ITEM('',(#4658),#6136);
#4413=STYLED_ITEM('',(#4659),#6137);
#4414=STYLED_ITEM('',(#4660),#6138);
#4415=STYLED_ITEM('',(#4661),#6139);
#4416=STYLED_ITEM('',(#4662),#6140);
#4417=STYLED_ITEM('',(#4663),#6141);
#4418=STYLED_ITEM('',(#4664),#6142);
#4419=STYLED_ITEM('',(#4665),#6143);
#4420=STYLED_ITEM('',(#4666),#6144);
#4421=STYLED_ITEM('',(#4667),#6145);
#4422=STYLED_ITEM('',(#4668),#6146);
#4423=STYLED_ITEM('',(#4669),#6147);
#4424=STYLED_ITEM('',(#4670),#6148);
#4425=STYLED_ITEM('',(#4671),#6149);
#4426=STYLED_ITEM('',(#4672),#6150);
#4427=STYLED_ITEM('',(#4673),#6151);
#4428=STYLED_ITEM('',(#4674),#6152);
#4429=STYLED_ITEM('',(#4675),#6153);
#4430=STYLED_ITEM('',(#4676),#6154);
#4431=STYLED_ITEM('',(#4677),#6155);
#4432=STYLED_ITEM('',(#4678),#6156);
#4433=STYLED_ITEM('',(#4679),#6157);
#4434=STYLED_ITEM('',(#4680),#6158);
#4435=STYLED_ITEM('',(#4681),#6159);
#4436=STYLED_ITEM('',(#4682),#6160);
#4437=STYLED_ITEM('',(#4683),#6161);
#4438=STYLED_ITEM('',(#4684),#6162);
#4439=STYLED_ITEM('',(#4685),#6163);
#4440=STYLED_ITEM('',(#4686),#6164);
#4441=STYLED_ITEM('',(#4687),#6165);
#4442=STYLED_ITEM('',(#4688),#6166);
#4443=STYLED_ITEM('',(#4689),#6167);
#4444=STYLED_ITEM('',(#4690),#6168);
#4445=STYLED_ITEM('',(#4691),#6169);
#4446=STYLED_ITEM('',(#4692),#6170);
#4447=STYLED_ITEM('',(#4693),#6171);
#4448=STYLED_ITEM('',(#4694),#6172);
#4449=STYLED_ITEM('',(#4695),#6173);
#4450=STYLED_ITEM('',(#4696),#6174);
#4451=STYLED_ITEM('',(#4697),#6175);
#4452=STYLED_ITEM('',(#4698),#6176);
#4453=STYLED_ITEM('',(#4699),#6177);
#4454=STYLED_ITEM('',(#4700),#6178);
#4455=STYLED_ITEM('',(#4701),#6179);
#4456=STYLED_ITEM('',(#4702),#6180);
#4457=STYLED_ITEM('',(#4703),#6181);
#4458=STYLED_ITEM('',(#4704),#6182);
#4459=STYLED_ITEM('',(#4705),#6183);
#4460=STYLED_ITEM('',(#4706),#6184);
#4461=STYLED_ITEM('',(#4707),#6185);
#4462=STYLED_ITEM('',(#4708),#6186);
#4463=STYLED_ITEM('',(#4709),#6187);
#4464=STYLED_ITEM('',(#4710),#6188);
#4465=STYLED_ITEM('',(#4711),#6189);
#4466=STYLED_ITEM('',(#4712),#6190);
#4467=STYLED_ITEM('',(#4713),#6191);
#4468=STYLED_ITEM('',(#4714),#6192);
#4469=STYLED_ITEM('',(#4715),#6193);
#4470=STYLED_ITEM('',(#4716),#6194);
#4471=STYLED_ITEM('',(#4717),#6195);
#4472=STYLED_ITEM('',(#4718),#6196);
#4473=STYLED_ITEM('',(#4719),#6197);
#4474=STYLED_ITEM('',(#4720),#6198);
#4475=STYLED_ITEM('',(#4721),#6199);
#4476=STYLED_ITEM('',(#4722),#6200);
#4477=STYLED_ITEM('',(#4723),#6201);
#4478=STYLED_ITEM('',(#4724),#6202);
#4479=STYLED_ITEM('',(#4725),#6203);
#4480=STYLED_ITEM('',(#4726),#6204);
#4481=STYLED_ITEM('',(#4727),#6205);
#4482=STYLED_ITEM('',(#4728),#6206);
#4483=STYLED_ITEM('',(#4729),#6207);
#4484=STYLED_ITEM('',(#4730),#6208);
#4485=STYLED_ITEM('',(#4731),#6209);
#4486=STYLED_ITEM('',(#4732),#6210);
#4487=STYLED_ITEM('',(#4733),#6211);
#4488=PRESENTATION_STYLE_ASSIGNMENT((#4734));
#4489=PRESENTATION_STYLE_ASSIGNMENT((#4735));
#4490=PRESENTATION_STYLE_ASSIGNMENT((#4736));
#4491=PRESENTATION_STYLE_ASSIGNMENT((#4737));
#4492=PRESENTATION_STYLE_ASSIGNMENT((#4738));
#4493=PRESENTATION_STYLE_ASSIGNMENT((#4739));
#4494=PRESENTATION_STYLE_ASSIGNMENT((#4740));
#4495=PRESENTATION_STYLE_ASSIGNMENT((#4741));
#4496=PRESENTATION_STYLE_ASSIGNMENT((#4742));
#4497=PRESENTATION_STYLE_ASSIGNMENT((#4743));
#4498=PRESENTATION_STYLE_ASSIGNMENT((#4744));
#4499=PRESENTATION_STYLE_ASSIGNMENT((#4745));
#4500=PRESENTATION_STYLE_ASSIGNMENT((#4746));
#4501=PRESENTATION_STYLE_ASSIGNMENT((#4747));
#4502=PRESENTATION_STYLE_ASSIGNMENT((#4748));
#4503=PRESENTATION_STYLE_ASSIGNMENT((#4749));
#4504=PRESENTATION_STYLE_ASSIGNMENT((#4750));
#4505=PRESENTATION_STYLE_ASSIGNMENT((#4751));
#4506=PRESENTATION_STYLE_ASSIGNMENT((#4752));
#4507=PRESENTATION_STYLE_ASSIGNMENT((#4753));
#4508=PRESENTATION_STYLE_ASSIGNMENT((#4754));
#4509=PRESENTATION_STYLE_ASSIGNMENT((#4755));
#4510=PRESENTATION_STYLE_ASSIGNMENT((#4756));
#4511=PRESENTATION_STYLE_ASSIGNMENT((#4757));
#4512=PRESENTATION_STYLE_ASSIGNMENT((#4758));
#4513=PRESENTATION_STYLE_ASSIGNMENT((#4759));
#4514=PRESENTATION_STYLE_ASSIGNMENT((#4760));
#4515=PRESENTATION_STYLE_ASSIGNMENT((#4761));
#4516=PRESENTATION_STYLE_ASSIGNMENT((#4762));
#4517=PRESENTATION_STYLE_ASSIGNMENT((#4763));
#4518=PRESENTATION_STYLE_ASSIGNMENT((#4764));
#4519=PRESENTATION_STYLE_ASSIGNMENT((#4765));
#4520=PRESENTATION_STYLE_ASSIGNMENT((#4766));
#4521=PRESENTATION_STYLE_ASSIGNMENT((#4767));
#4522=PRESENTATION_STYLE_ASSIGNMENT((#4768));
#4523=PRESENTATION_STYLE_ASSIGNMENT((#4769));
#4524=PRESENTATION_STYLE_ASSIGNMENT((#4770));
#4525=PRESENTATION_STYLE_ASSIGNMENT((#4771));
#4526=PRESENTATION_STYLE_ASSIGNMENT((#4772));
#4527=PRESENTATION_STYLE_ASSIGNMENT((#4773));
#4528=PRESENTATION_STYLE_ASSIGNMENT((#4774));
#4529=PRESENTATION_STYLE_ASSIGNMENT((#4775));
#4530=PRESENTATION_STYLE_ASSIGNMENT((#4776));
#4531=PRESENTATION_STYLE_ASSIGNMENT((#4777));
#4532=PRESENTATION_STYLE_ASSIGNMENT((#4778));
#4533=PRESENTATION_STYLE_ASSIGNMENT((#4779));
#4534=PRESENTATION_STYLE_ASSIGNMENT((#4780));
#4535=PRESENTATION_STYLE_ASSIGNMENT((#4781));
#4536=PRESENTATION_STYLE_ASSIGNMENT((#4782));
#4537=PRESENTATION_STYLE_ASSIGNMENT((#4783));
#4538=PRESENTATION_STYLE_ASSIGNMENT((#4784));
#4539=PRESENTATION_STYLE_ASSIGNMENT((#4785));
#4540=PRESENTATION_STYLE_ASSIGNMENT((#4786));
#4541=PRESENTATION_STYLE_ASSIGNMENT((#4787));
#4542=PRESENTATION_STYLE_ASSIGNMENT((#4788));
#4543=PRESENTATION_STYLE_ASSIGNMENT((#4789));
#4544=PRESENTATION_STYLE_ASSIGNMENT((#4790));
#4545=PRESENTATION_STYLE_ASSIGNMENT((#4791));
#4546=PRESENTATION_STYLE_ASSIGNMENT((#4792));
#4547=PRESENTATION_STYLE_ASSIGNMENT((#4793));
#4548=PRESENTATION_STYLE_ASSIGNMENT((#4794));
#4549=PRESENTATION_STYLE_ASSIGNMENT((#4795));
#4550=PRESENTATION_STYLE_ASSIGNMENT((#4796));
#4551=PRESENTATION_STYLE_ASSIGNMENT((#4797));
#4552=PRESENTATION_STYLE_ASSIGNMENT((#4798));
#4553=PRESENTATION_STYLE_ASSIGNMENT((#4799));
#4554=PRESENTATION_STYLE_ASSIGNMENT((#4800));
#4555=PRESENTATION_STYLE_ASSIGNMENT((#4801));
#4556=PRESENTATION_STYLE_ASSIGNMENT((#4802));
#4557=PRESENTATION_STYLE_ASSIGNMENT((#4803));
#4558=PRESENTATION_STYLE_ASSIGNMENT((#4804));
#4559=PRESENTATION_STYLE_ASSIGNMENT((#4805));
#4560=PRESENTATION_STYLE_ASSIGNMENT((#4806));
#4561=PRESENTATION_STYLE_ASSIGNMENT((#4807));
#4562=PRESENTATION_STYLE_ASSIGNMENT((#4808));
#4563=PRESENTATION_STYLE_ASSIGNMENT((#4809));
#4564=PRESENTATION_STYLE_ASSIGNMENT((#4810));
#4565=PRESENTATION_STYLE_ASSIGNMENT((#4811));
#4566=PRESENTATION_STYLE_ASSIGNMENT((#4812));
#4567=PRESENTATION_STYLE_ASSIGNMENT((#4813));
#4568=PRESENTATION_STYLE_ASSIGNMENT((#4814));
#4569=PRESENTATION_STYLE_ASSIGNMENT((#4815));
#4570=PRESENTATION_STYLE_ASSIGNMENT((#4816));
#4571=PRESENTATION_STYLE_ASSIGNMENT((#4817));
#4572=PRESENTATION_STYLE_ASSIGNMENT((#4818));
#4573=PRESENTATION_STYLE_ASSIGNMENT((#4819));
#4574=PRESENTATION_STYLE_ASSIGNMENT((#4820));
#4575=PRESENTATION_STYLE_ASSIGNMENT((#4821));
#4576=PRESENTATION_STYLE_ASSIGNMENT((#4822));
#4577=PRESENTATION_STYLE_ASSIGNMENT((#4823));
#4578=PRESENTATION_STYLE_ASSIGNMENT((#4824));
#4579=PRESENTATION_STYLE_ASSIGNMENT((#4825));
#4580=PRESENTATION_STYLE_ASSIGNMENT((#4826));
#4581=PRESENTATION_STYLE_ASSIGNMENT((#4827));
#4582=PRESENTATION_STYLE_ASSIGNMENT((#4828));
#4583=PRESENTATION_STYLE_ASSIGNMENT((#4829));
#4584=PRESENTATION_STYLE_ASSIGNMENT((#4830));
#4585=PRESENTATION_STYLE_ASSIGNMENT((#4831));
#4586=PRESENTATION_STYLE_ASSIGNMENT((#4832));
#4587=PRESENTATION_STYLE_ASSIGNMENT((#4833));
#4588=PRESENTATION_STYLE_ASSIGNMENT((#4834));
#4589=PRESENTATION_STYLE_ASSIGNMENT((#4835));
#4590=PRESENTATION_STYLE_ASSIGNMENT((#4836));
#4591=PRESENTATION_STYLE_ASSIGNMENT((#4837));
#4592=PRESENTATION_STYLE_ASSIGNMENT((#4838));
#4593=PRESENTATION_STYLE_ASSIGNMENT((#4839));
#4594=PRESENTATION_STYLE_ASSIGNMENT((#4840));
#4595=PRESENTATION_STYLE_ASSIGNMENT((#4841));
#4596=PRESENTATION_STYLE_ASSIGNMENT((#4842));
#4597=PRESENTATION_STYLE_ASSIGNMENT((#4843));
#4598=PRESENTATION_STYLE_ASSIGNMENT((#4844));
#4599=PRESENTATION_STYLE_ASSIGNMENT((#4845));
#4600=PRESENTATION_STYLE_ASSIGNMENT((#4846));
#4601=PRESENTATION_STYLE_ASSIGNMENT((#4847));
#4602=PRESENTATION_STYLE_ASSIGNMENT((#4848));
#4603=PRESENTATION_STYLE_ASSIGNMENT((#4849));
#4604=PRESENTATION_STYLE_ASSIGNMENT((#4850));
#4605=PRESENTATION_STYLE_ASSIGNMENT((#4851));
#4606=PRESENTATION_STYLE_ASSIGNMENT((#4852));
#4607=PRESENTATION_STYLE_ASSIGNMENT((#4853));
#4608=PRESENTATION_STYLE_ASSIGNMENT((#4854));
#4609=PRESENTATION_STYLE_ASSIGNMENT((#4855));
#4610=PRESENTATION_STYLE_ASSIGNMENT((#4856));
#4611=PRESENTATION_STYLE_ASSIGNMENT((#4857));
#4612=PRESENTATION_STYLE_ASSIGNMENT((#4858));
#4613=PRESENTATION_STYLE_ASSIGNMENT((#4859));
#4614=PRESENTATION_STYLE_ASSIGNMENT((#4860));
#4615=PRESENTATION_STYLE_ASSIGNMENT((#4861));
#4616=PRESENTATION_STYLE_ASSIGNMENT((#4862));
#4617=PRESENTATION_STYLE_ASSIGNMENT((#4863));
#4618=PRESENTATION_STYLE_ASSIGNMENT((#4864));
#4619=PRESENTATION_STYLE_ASSIGNMENT((#4865));
#4620=PRESENTATION_STYLE_ASSIGNMENT((#4866));
#4621=PRESENTATION_STYLE_ASSIGNMENT((#4867));
#4622=PRESENTATION_STYLE_ASSIGNMENT((#4868));
#4623=PRESENTATION_STYLE_ASSIGNMENT((#4869));
#4624=PRESENTATION_STYLE_ASSIGNMENT((#4870));
#4625=PRESENTATION_STYLE_ASSIGNMENT((#4871));
#4626=PRESENTATION_STYLE_ASSIGNMENT((#4872));
#4627=PRESENTATION_STYLE_ASSIGNMENT((#4873));
#4628=PRESENTATION_STYLE_ASSIGNMENT((#4874));
#4629=PRESENTATION_STYLE_ASSIGNMENT((#4875));
#4630=PRESENTATION_STYLE_ASSIGNMENT((#4876));
#4631=PRESENTATION_STYLE_ASSIGNMENT((#4877));
#4632=PRESENTATION_STYLE_ASSIGNMENT((#4878));
#4633=PRESENTATION_STYLE_ASSIGNMENT((#4879));
#4634=PRESENTATION_STYLE_ASSIGNMENT((#4880));
#4635=PRESENTATION_STYLE_ASSIGNMENT((#4881));
#4636=PRESENTATION_STYLE_ASSIGNMENT((#4882));
#4637=PRESENTATION_STYLE_ASSIGNMENT((#4883));
#4638=PRESENTATION_STYLE_ASSIGNMENT((#4884));
#4639=PRESENTATION_STYLE_ASSIGNMENT((#4885));
#4640=PRESENTATION_STYLE_ASSIGNMENT((#4886));
#4641=PRESENTATION_STYLE_ASSIGNMENT((#4887));
#4642=PRESENTATION_STYLE_ASSIGNMENT((#4888));
#4643=PRESENTATION_STYLE_ASSIGNMENT((#4889));
#4644=PRESENTATION_STYLE_ASSIGNMENT((#4890));
#4645=PRESENTATION_STYLE_ASSIGNMENT((#4891));
#4646=PRESENTATION_STYLE_ASSIGNMENT((#4892));
#4647=PRESENTATION_STYLE_ASSIGNMENT((#4893));
#4648=PRESENTATION_STYLE_ASSIGNMENT((#4894));
#4649=PRESENTATION_STYLE_ASSIGNMENT((#4895));
#4650=PRESENTATION_STYLE_ASSIGNMENT((#4896));
#4651=PRESENTATION_STYLE_ASSIGNMENT((#4897));
#4652=PRESENTATION_STYLE_ASSIGNMENT((#4898));
#4653=PRESENTATION_STYLE_ASSIGNMENT((#4899));
#4654=PRESENTATION_STYLE_ASSIGNMENT((#4900));
#4655=PRESENTATION_STYLE_ASSIGNMENT((#4901));
#4656=PRESENTATION_STYLE_ASSIGNMENT((#4902));
#4657=PRESENTATION_STYLE_ASSIGNMENT((#4903));
#4658=PRESENTATION_STYLE_ASSIGNMENT((#4904));
#4659=PRESENTATION_STYLE_ASSIGNMENT((#4905));
#4660=PRESENTATION_STYLE_ASSIGNMENT((#4906));
#4661=PRESENTATION_STYLE_ASSIGNMENT((#4907));
#4662=PRESENTATION_STYLE_ASSIGNMENT((#4908));
#4663=PRESENTATION_STYLE_ASSIGNMENT((#4909));
#4664=PRESENTATION_STYLE_ASSIGNMENT((#4910));
#4665=PRESENTATION_STYLE_ASSIGNMENT((#4911));
#4666=PRESENTATION_STYLE_ASSIGNMENT((#4912));
#4667=PRESENTATION_STYLE_ASSIGNMENT((#4913));
#4668=PRESENTATION_STYLE_ASSIGNMENT((#4914));
#4669=PRESENTATION_STYLE_ASSIGNMENT((#4915));
#4670=PRESENTATION_STYLE_ASSIGNMENT((#4916));
#4671=PRESENTATION_STYLE_ASSIGNMENT((#4917));
#4672=PRESENTATION_STYLE_ASSIGNMENT((#4918));
#4673=PRESENTATION_STYLE_ASSIGNMENT((#4919));
#4674=PRESENTATION_STYLE_ASSIGNMENT((#4920));
#4675=PRESENTATION_STYLE_ASSIGNMENT((#4921));
#4676=PRESENTATION_STYLE_ASSIGNMENT((#4922));
#4677=PRESENTATION_STYLE_ASSIGNMENT((#4923));
#4678=PRESENTATION_STYLE_ASSIGNMENT((#4924));
#4679=PRESENTATION_STYLE_ASSIGNMENT((#4925));
#4680=PRESENTATION_STYLE_ASSIGNMENT((#4926));
#4681=PRESENTATION_STYLE_ASSIGNMENT((#4927));
#4682=PRESENTATION_STYLE_ASSIGNMENT((#4928));
#4683=PRESENTATION_STYLE_ASSIGNMENT((#4929));
#4684=PRESENTATION_STYLE_ASSIGNMENT((#4930));
#4685=PRESENTATION_STYLE_ASSIGNMENT((#4931));
#4686=PRESENTATION_STYLE_ASSIGNMENT((#4932));
#4687=PRESENTATION_STYLE_ASSIGNMENT((#4933));
#4688=PRESENTATION_STYLE_ASSIGNMENT((#4934));
#4689=PRESENTATION_STYLE_ASSIGNMENT((#4935));
#4690=PRESENTATION_STYLE_ASSIGNMENT((#4936));
#4691=PRESENTATION_STYLE_ASSIGNMENT((#4937));
#4692=PRESENTATION_STYLE_ASSIGNMENT((#4938));
#4693=PRESENTATION_STYLE_ASSIGNMENT((#4939));
#4694=PRESENTATION_STYLE_ASSIGNMENT((#4940));
#4695=PRESENTATION_STYLE_ASSIGNMENT((#4941));
#4696=PRESENTATION_STYLE_ASSIGNMENT((#4942));
#4697=PRESENTATION_STYLE_ASSIGNMENT((#4943));
#4698=PRESENTATION_STYLE_ASSIGNMENT((#4944));
#4699=PRESENTATION_STYLE_ASSIGNMENT((#4945));
#4700=PRESENTATION_STYLE_ASSIGNMENT((#4946));
#4701=PRESENTATION_STYLE_ASSIGNMENT((#4947));
#4702=PRESENTATION_STYLE_ASSIGNMENT((#4948));
#4703=PRESENTATION_STYLE_ASSIGNMENT((#4949));
#4704=PRESENTATION_STYLE_ASSIGNMENT((#4950));
#4705=PRESENTATION_STYLE_ASSIGNMENT((#4951));
#4706=PRESENTATION_STYLE_ASSIGNMENT((#4952));
#4707=PRESENTATION_STYLE_ASSIGNMENT((#4953));
#4708=PRESENTATION_STYLE_ASSIGNMENT((#4954));
#4709=PRESENTATION_STYLE_ASSIGNMENT((#4955));
#4710=PRESENTATION_STYLE_ASSIGNMENT((#4956));
#4711=PRESENTATION_STYLE_ASSIGNMENT((#4957));
#4712=PRESENTATION_STYLE_ASSIGNMENT((#4958));
#4713=PRESENTATION_STYLE_ASSIGNMENT((#4959));
#4714=PRESENTATION_STYLE_ASSIGNMENT((#4960));
#4715=PRESENTATION_STYLE_ASSIGNMENT((#4961));
#4716=PRESENTATION_STYLE_ASSIGNMENT((#4962));
#4717=PRESENTATION_STYLE_ASSIGNMENT((#4963));
#4718=PRESENTATION_STYLE_ASSIGNMENT((#4964));
#4719=PRESENTATION_STYLE_ASSIGNMENT((#4965));
#4720=PRESENTATION_STYLE_ASSIGNMENT((#4966));
#4721=PRESENTATION_STYLE_ASSIGNMENT((#4967));
#4722=PRESENTATION_STYLE_ASSIGNMENT((#4968));
#4723=PRESENTATION_STYLE_ASSIGNMENT((#4969));
#4724=PRESENTATION_STYLE_ASSIGNMENT((#4970));
#4725=PRESENTATION_STYLE_ASSIGNMENT((#4971));
#4726=PRESENTATION_STYLE_ASSIGNMENT((#4972));
#4727=PRESENTATION_STYLE_ASSIGNMENT((#4973));
#4728=PRESENTATION_STYLE_ASSIGNMENT((#4974));
#4729=PRESENTATION_STYLE_ASSIGNMENT((#4975));
#4730=PRESENTATION_STYLE_ASSIGNMENT((#4976));
#4731=PRESENTATION_STYLE_ASSIGNMENT((#4977));
#4732=PRESENTATION_STYLE_ASSIGNMENT((#4978));
#4733=PRESENTATION_STYLE_ASSIGNMENT((#4979));
#4734=SURFACE_STYLE_USAGE(.BOTH.,#4980);
#4735=SURFACE_STYLE_USAGE(.BOTH.,#4981);
#4736=SURFACE_STYLE_USAGE(.BOTH.,#4982);
#4737=SURFACE_STYLE_USAGE(.BOTH.,#4983);
#4738=SURFACE_STYLE_USAGE(.BOTH.,#4984);
#4739=SURFACE_STYLE_USAGE(.BOTH.,#4985);
#4740=SURFACE_STYLE_USAGE(.BOTH.,#4986);
#4741=SURFACE_STYLE_USAGE(.BOTH.,#4987);
#4742=SURFACE_STYLE_USAGE(.BOTH.,#4988);
#4743=SURFACE_STYLE_USAGE(.BOTH.,#4989);
#4744=SURFACE_STYLE_USAGE(.BOTH.,#4990);
#4745=SURFACE_STYLE_USAGE(.BOTH.,#4991);
#4746=SURFACE_STYLE_USAGE(.BOTH.,#4992);
#4747=SURFACE_STYLE_USAGE(.BOTH.,#4993);
#4748=SURFACE_STYLE_USAGE(.BOTH.,#4994);
#4749=SURFACE_STYLE_USAGE(.BOTH.,#4995);
#4750=SURFACE_STYLE_USAGE(.BOTH.,#4996);
#4751=SURFACE_STYLE_USAGE(.BOTH.,#4997);
#4752=SURFACE_STYLE_USAGE(.BOTH.,#4998);
#4753=SURFACE_STYLE_USAGE(.BOTH.,#4999);
#4754=SURFACE_STYLE_USAGE(.BOTH.,#5000);
#4755=SURFACE_STYLE_USAGE(.BOTH.,#5001);
#4756=SURFACE_STYLE_USAGE(.BOTH.,#5002);
#4757=SURFACE_STYLE_USAGE(.BOTH.,#5003);
#4758=SURFACE_STYLE_USAGE(.BOTH.,#5004);
#4759=SURFACE_STYLE_USAGE(.BOTH.,#5005);
#4760=SURFACE_STYLE_USAGE(.BOTH.,#5006);
#4761=SURFACE_STYLE_USAGE(.BOTH.,#5007);
#4762=SURFACE_STYLE_USAGE(.BOTH.,#5008);
#4763=SURFACE_STYLE_USAGE(.BOTH.,#5009);
#4764=SURFACE_STYLE_USAGE(.BOTH.,#5010);
#4765=SURFACE_STYLE_USAGE(.BOTH.,#5011);
#4766=SURFACE_STYLE_USAGE(.BOTH.,#5012);
#4767=SURFACE_STYLE_USAGE(.BOTH.,#5013);
#4768=SURFACE_STYLE_USAGE(.BOTH.,#5014);
#4769=SURFACE_STYLE_USAGE(.BOTH.,#5015);
#4770=SURFACE_STYLE_USAGE(.BOTH.,#5016);
#4771=SURFACE_STYLE_USAGE(.BOTH.,#5017);
#4772=SURFACE_STYLE_USAGE(.BOTH.,#5018);
#4773=SURFACE_STYLE_USAGE(.BOTH.,#5019);
#4774=SURFACE_STYLE_USAGE(.BOTH.,#5020);
#4775=SURFACE_STYLE_USAGE(.BOTH.,#5021);
#4776=SURFACE_STYLE_USAGE(.BOTH.,#5022);
#4777=SURFACE_STYLE_USAGE(.BOTH.,#5023);
#4778=SURFACE_STYLE_USAGE(.BOTH.,#5024);
#4779=SURFACE_STYLE_USAGE(.BOTH.,#5025);
#4780=SURFACE_STYLE_USAGE(.BOTH.,#5026);
#4781=SURFACE_STYLE_USAGE(.BOTH.,#5027);
#4782=SURFACE_STYLE_USAGE(.BOTH.,#5028);
#4783=SURFACE_STYLE_USAGE(.BOTH.,#5029);
#4784=SURFACE_STYLE_USAGE(.BOTH.,#5030);
#4785=SURFACE_STYLE_USAGE(.BOTH.,#5031);
#4786=SURFACE_STYLE_USAGE(.BOTH.,#5032);
#4787=SURFACE_STYLE_USAGE(.BOTH.,#5033);
#4788=SURFACE_STYLE_USAGE(.BOTH.,#5034);
#4789=SURFACE_STYLE_USAGE(.BOTH.,#5035);
#4790=SURFACE_STYLE_USAGE(.BOTH.,#5036);
#4791=SURFACE_STYLE_USAGE(.BOTH.,#5037);
#4792=SURFACE_STYLE_USAGE(.BOTH.,#5038);
#4793=SURFACE_STYLE_USAGE(.BOTH.,#5039);
#4794=SURFACE_STYLE_USAGE(.BOTH.,#5040);
#4795=SURFACE_STYLE_USAGE(.BOTH.,#5041);
#4796=SURFACE_STYLE_USAGE(.BOTH.,#5042);
#4797=SURFACE_STYLE_USAGE(.BOTH.,#5043);
#4798=SURFACE_STYLE_USAGE(.BOTH.,#5044);
#4799=SURFACE_STYLE_USAGE(.BOTH.,#5045);
#4800=SURFACE_STYLE_USAGE(.BOTH.,#5046);
#4801=SURFACE_STYLE_USAGE(.BOTH.,#5047);
#4802=SURFACE_STYLE_USAGE(.BOTH.,#5048);
#4803=SURFACE_STYLE_USAGE(.BOTH.,#5049);
#4804=SURFACE_STYLE_USAGE(.BOTH.,#5050);
#4805=SURFACE_STYLE_USAGE(.BOTH.,#5051);
#4806=SURFACE_STYLE_USAGE(.BOTH.,#5052);
#4807=SURFACE_STYLE_USAGE(.BOTH.,#5053);
#4808=SURFACE_STYLE_USAGE(.BOTH.,#5054);
#4809=SURFACE_STYLE_USAGE(.BOTH.,#5055);
#4810=SURFACE_STYLE_USAGE(.BOTH.,#5056);
#4811=SURFACE_STYLE_USAGE(.BOTH.,#5057);
#4812=SURFACE_STYLE_USAGE(.BOTH.,#5058);
#4813=SURFACE_STYLE_USAGE(.BOTH.,#5059);
#4814=SURFACE_STYLE_USAGE(.BOTH.,#5060);
#4815=SURFACE_STYLE_USAGE(.BOTH.,#5061);
#4816=SURFACE_STYLE_USAGE(.BOTH.,#5062);
#4817=SURFACE_STYLE_USAGE(.BOTH.,#5063);
#4818=SURFACE_STYLE_USAGE(.BOTH.,#5064);
#4819=SURFACE_STYLE_USAGE(.BOTH.,#5065);
#4820=SURFACE_STYLE_USAGE(.BOTH.,#5066);
#4821=SURFACE_STYLE_USAGE(.BOTH.,#5067);
#4822=SURFACE_STYLE_USAGE(.BOTH.,#5068);
#4823=SURFACE_STYLE_USAGE(.BOTH.,#5069);
#4824=SURFACE_STYLE_USAGE(.BOTH.,#5070);
#4825=SURFACE_STYLE_USAGE(.BOTH.,#5071);
#4826=SURFACE_STYLE_USAGE(.BOTH.,#5072);
#4827=SURFACE_STYLE_USAGE(.BOTH.,#5073);
#4828=SURFACE_STYLE_USAGE(.BOTH.,#5074);
#4829=SURFACE_STYLE_USAGE(.BOTH.,#5075);
#4830=SURFACE_STYLE_USAGE(.BOTH.,#5076);
#4831=SURFACE_STYLE_USAGE(.BOTH.,#5077);
#4832=SURFACE_STYLE_USAGE(.BOTH.,#5078);
#4833=SURFACE_STYLE_USAGE(.BOTH.,#5079);
#4834=SURFACE_STYLE_USAGE(.BOTH.,#5080);
#4835=SURFACE_STYLE_USAGE(.BOTH.,#5081);
#4836=SURFACE_STYLE_USAGE(.BOTH.,#5082);
#4837=SURFACE_STYLE_USAGE(.BOTH.,#5083);
#4838=SURFACE_STYLE_USAGE(.BOTH.,#5084);
#4839=SURFACE_STYLE_USAGE(.BOTH.,#5085);
#4840=SURFACE_STYLE_USAGE(.BOTH.,#5086);
#4841=SURFACE_STYLE_USAGE(.BOTH.,#5087);
#4842=SURFACE_STYLE_USAGE(.BOTH.,#5088);
#4843=SURFACE_STYLE_USAGE(.BOTH.,#5089);
#4844=SURFACE_STYLE_USAGE(.BOTH.,#5090);
#4845=SURFACE_STYLE_USAGE(.BOTH.,#5091);
#4846=SURFACE_STYLE_USAGE(.BOTH.,#5092);
#4847=SURFACE_STYLE_USAGE(.BOTH.,#5093);
#4848=SURFACE_STYLE_USAGE(.BOTH.,#5094);
#4849=SURFACE_STYLE_USAGE(.BOTH.,#5095);
#4850=SURFACE_STYLE_USAGE(.BOTH.,#5096);
#4851=SURFACE_STYLE_USAGE(.BOTH.,#5097);
#4852=SURFACE_STYLE_USAGE(.BOTH.,#5098);
#4853=SURFACE_STYLE_USAGE(.BOTH.,#5099);
#4854=SURFACE_STYLE_USAGE(.BOTH.,#5100);
#4855=SURFACE_STYLE_USAGE(.BOTH.,#5101);
#4856=SURFACE_STYLE_USAGE(.BOTH.,#5102);
#4857=SURFACE_STYLE_USAGE(.BOTH.,#5103);
#4858=SURFACE_STYLE_USAGE(.BOTH.,#5104);
#4859=SURFACE_STYLE_USAGE(.BOTH.,#5105);
#4860=SURFACE_STYLE_USAGE(.BOTH.,#5106);
#4861=SURFACE_STYLE_USAGE(.BOTH.,#5107);
#4862=SURFACE_STYLE_USAGE(.BOTH.,#5108);
#4863=SURFACE_STYLE_USAGE(.BOTH.,#5109);
#4864=SURFACE_STYLE_USAGE(.BOTH.,#5110);
#4865=SURFACE_STYLE_USAGE(.BOTH.,#5111);
#4866=SURFACE_STYLE_USAGE(.BOTH.,#5112);
#4867=SURFACE_STYLE_USAGE(.BOTH.,#5113);
#4868=SURFACE_STYLE_USAGE(.BOTH.,#5114);
#4869=SURFACE_STYLE_USAGE(.BOTH.,#5115);
#4870=SURFACE_STYLE_USAGE(.BOTH.,#5116);
#4871=SURFACE_STYLE_USAGE(.BOTH.,#5117);
#4872=SURFACE_STYLE_USAGE(.BOTH.,#5118);
#4873=SURFACE_STYLE_USAGE(.BOTH.,#5119);
#4874=SURFACE_STYLE_USAGE(.BOTH.,#5120);
#4875=SURFACE_STYLE_USAGE(.BOTH.,#5121);
#4876=SURFACE_STYLE_USAGE(.BOTH.,#5122);
#4877=SURFACE_STYLE_USAGE(.BOTH.,#5123);
#4878=SURFACE_STYLE_USAGE(.BOTH.,#5124);
#4879=SURFACE_STYLE_USAGE(.BOTH.,#5125);
#4880=SURFACE_STYLE_USAGE(.BOTH.,#5126);
#4881=SURFACE_STYLE_USAGE(.BOTH.,#5127);
#4882=SURFACE_STYLE_USAGE(.BOTH.,#5128);
#4883=SURFACE_STYLE_USAGE(.BOTH.,#5129);
#4884=SURFACE_STYLE_USAGE(.BOTH.,#5130);
#4885=SURFACE_STYLE_USAGE(.BOTH.,#5131);
#4886=SURFACE_STYLE_USAGE(.BOTH.,#5132);
#4887=SURFACE_STYLE_USAGE(.BOTH.,#5133);
#4888=SURFACE_STYLE_USAGE(.BOTH.,#5134);
#4889=SURFACE_STYLE_USAGE(.BOTH.,#5135);
#4890=SURFACE_STYLE_USAGE(.BOTH.,#5136);
#4891=SURFACE_STYLE_USAGE(.BOTH.,#5137);
#4892=SURFACE_STYLE_USAGE(.BOTH.,#5138);
#4893=SURFACE_STYLE_USAGE(.BOTH.,#5139);
#4894=SURFACE_STYLE_USAGE(.BOTH.,#5140);
#4895=SURFACE_STYLE_USAGE(.BOTH.,#5141);
#4896=SURFACE_STYLE_USAGE(.BOTH.,#5142);
#4897=SURFACE_STYLE_USAGE(.BOTH.,#5143);
#4898=SURFACE_STYLE_USAGE(.BOTH.,#5144);
#4899=SURFACE_STYLE_USAGE(.BOTH.,#5145);
#4900=SURFACE_STYLE_USAGE(.BOTH.,#5146);
#4901=SURFACE_STYLE_USAGE(.BOTH.,#5147);
#4902=SURFACE_STYLE_USAGE(.BOTH.,#5148);
#4903=SURFACE_STYLE_USAGE(.BOTH.,#5149);
#4904=SURFACE_STYLE_USAGE(.BOTH.,#5150);
#4905=SURFACE_STYLE_USAGE(.BOTH.,#5151);
#4906=SURFACE_STYLE_USAGE(.BOTH.,#5152);
#4907=SURFACE_STYLE_USAGE(.BOTH.,#5153);
#4908=SURFACE_STYLE_USAGE(.BOTH.,#5154);
#4909=SURFACE_STYLE_USAGE(.BOTH.,#5155);
#4910=SURFACE_STYLE_USAGE(.BOTH.,#5156);
#4911=SURFACE_STYLE_USAGE(.BOTH.,#5157);
#4912=SURFACE_STYLE_USAGE(.BOTH.,#5158);
#4913=SURFACE_STYLE_USAGE(.BOTH.,#5159);
#4914=SURFACE_STYLE_USAGE(.BOTH.,#5160);
#4915=SURFACE_STYLE_USAGE(.BOTH.,#5161);
#4916=SURFACE_STYLE_USAGE(.BOTH.,#5162);
#4917=SURFACE_STYLE_USAGE(.BOTH.,#5163);
#4918=SURFACE_STYLE_USAGE(.BOTH.,#5164);
#4919=SURFACE_STYLE_USAGE(.BOTH.,#5165);
#4920=SURFACE_STYLE_USAGE(.BOTH.,#5166);
#4921=SURFACE_STYLE_USAGE(.BOTH.,#5167);
#4922=SURFACE_STYLE_USAGE(.BOTH.,#5168);
#4923=SURFACE_STYLE_USAGE(.BOTH.,#5169);
#4924=SURFACE_STYLE_USAGE(.BOTH.,#5170);
#4925=SURFACE_STYLE_USAGE(.BOTH.,#5171);
#4926=SURFACE_STYLE_USAGE(.BOTH.,#5172);
#4927=SURFACE_STYLE_USAGE(.BOTH.,#5173);
#4928=SURFACE_STYLE_USAGE(.BOTH.,#5174);
#4929=SURFACE_STYLE_USAGE(.BOTH.,#5175);
#4930=SURFACE_STYLE_USAGE(.BOTH.,#5176);
#4931=SURFACE_STYLE_USAGE(.BOTH.,#5177);
#4932=SURFACE_STYLE_USAGE(.BOTH.,#5178);
#4933=SURFACE_STYLE_USAGE(.BOTH.,#5179);
#4934=SURFACE_STYLE_USAGE(.BOTH.,#5180);
#4935=SURFACE_STYLE_USAGE(.BOTH.,#5181);
#4936=SURFACE_STYLE_USAGE(.BOTH.,#5182);
#4937=SURFACE_STYLE_USAGE(.BOTH.,#5183);
#4938=SURFACE_STYLE_USAGE(.BOTH.,#5184);
#4939=SURFACE_STYLE_USAGE(.BOTH.,#5185);
#4940=SURFACE_STYLE_USAGE(.BOTH.,#5186);
#4941=SURFACE_STYLE_USAGE(.BOTH.,#5187);
#4942=SURFACE_STYLE_USAGE(.BOTH.,#5188);
#4943=SURFACE_STYLE_USAGE(.BOTH.,#5189);
#4944=SURFACE_STYLE_USAGE(.BOTH.,#5190);
#4945=SURFACE_STYLE_USAGE(.BOTH.,#5191);
#4946=SURFACE_STYLE_USAGE(.BOTH.,#5192);
#4947=SURFACE_STYLE_USAGE(.BOTH.,#5193);
#4948=SURFACE_STYLE_USAGE(.BOTH.,#5194);
#4949=SURFACE_STYLE_USAGE(.BOTH.,#5195);
#4950=SURFACE_STYLE_USAGE(.BOTH.,#5196);
#4951=SURFACE_STYLE_USAGE(.BOTH.,#5197);
#4952=SURFACE_STYLE_USAGE(.BOTH.,#5198);
#4953=SURFACE_STYLE_USAGE(.BOTH.,#5199);
#4954=SURFACE_STYLE_USAGE(.BOTH.,#5200);
#4955=SURFACE_STYLE_USAGE(.BOTH.,#5201);
#4956=SURFACE_STYLE_USAGE(.BOTH.,#5202);
#4957=SURFACE_STYLE_USAGE(.BOTH.,#5203);
#4958=SURFACE_STYLE_USAGE(.BOTH.,#5204);
#4959=SURFACE_STYLE_USAGE(.BOTH.,#5205);
#4960=SURFACE_STYLE_USAGE(.BOTH.,#5206);
#4961=SURFACE_STYLE_USAGE(.BOTH.,#5207);
#4962=SURFACE_STYLE_USAGE(.BOTH.,#5208);
#4963=SURFACE_STYLE_USAGE(.BOTH.,#5209);
#4964=SURFACE_STYLE_USAGE(.BOTH.,#5210);
#4965=SURFACE_STYLE_USAGE(.BOTH.,#5211);
#4966=SURFACE_STYLE_USAGE(.BOTH.,#5212);
#4967=SURFACE_STYLE_USAGE(.BOTH.,#5213);
#4968=SURFACE_STYLE_USAGE(.BOTH.,#5214);
#4969=SURFACE_STYLE_USAGE(.BOTH.,#5215);
#4970=SURFACE_STYLE_USAGE(.BOTH.,#5216);
#4971=SURFACE_STYLE_USAGE(.BOTH.,#5217);
#4972=SURFACE_STYLE_USAGE(.BOTH.,#5218);
#4973=SURFACE_STYLE_USAGE(.BOTH.,#5219);
#4974=SURFACE_STYLE_USAGE(.BOTH.,#5220);
#4975=SURFACE_STYLE_USAGE(.BOTH.,#5221);
#4976=SURFACE_STYLE_USAGE(.BOTH.,#5222);
#4977=SURFACE_STYLE_USAGE(.BOTH.,#5223);
#4978=SURFACE_STYLE_USAGE(.BOTH.,#5224);
#4979=SURFACE_STYLE_USAGE(.BOTH.,#5225);
#4980=SURFACE_SIDE_STYLE('',(#5226));
#4981=SURFACE_SIDE_STYLE('',(#5227));
#4982=SURFACE_SIDE_STYLE('',(#5228));
#4983=SURFACE_SIDE_STYLE('',(#5229));
#4984=SURFACE_SIDE_STYLE('',(#5230));
#4985=SURFACE_SIDE_STYLE('',(#5231));
#4986=SURFACE_SIDE_STYLE('',(#5232));
#4987=SURFACE_SIDE_STYLE('',(#5233));
#4988=SURFACE_SIDE_STYLE('',(#5234));
#4989=SURFACE_SIDE_STYLE('',(#5235));
#4990=SURFACE_SIDE_STYLE('',(#5236));
#4991=SURFACE_SIDE_STYLE('',(#5237));
#4992=SURFACE_SIDE_STYLE('',(#5238));
#4993=SURFACE_SIDE_STYLE('',(#5239));
#4994=SURFACE_SIDE_STYLE('',(#5240));
#4995=SURFACE_SIDE_STYLE('',(#5241));
#4996=SURFACE_SIDE_STYLE('',(#5242));
#4997=SURFACE_SIDE_STYLE('',(#5243));
#4998=SURFACE_SIDE_STYLE('',(#5244));
#4999=SURFACE_SIDE_STYLE('',(#5245));
#5000=SURFACE_SIDE_STYLE('',(#5246));
#5001=SURFACE_SIDE_STYLE('',(#5247));
#5002=SURFACE_SIDE_STYLE('',(#5248));
#5003=SURFACE_SIDE_STYLE('',(#5249));
#5004=SURFACE_SIDE_STYLE('',(#5250));
#5005=SURFACE_SIDE_STYLE('',(#5251));
#5006=SURFACE_SIDE_STYLE('',(#5252));
#5007=SURFACE_SIDE_STYLE('',(#5253));
#5008=SURFACE_SIDE_STYLE('',(#5254));
#5009=SURFACE_SIDE_STYLE('',(#5255));
#5010=SURFACE_SIDE_STYLE('',(#5256));
#5011=SURFACE_SIDE_STYLE('',(#5257));
#5012=SURFACE_SIDE_STYLE('',(#5258));
#5013=SURFACE_SIDE_STYLE('',(#5259));
#5014=SURFACE_SIDE_STYLE('',(#5260));
#5015=SURFACE_SIDE_STYLE('',(#5261));
#5016=SURFACE_SIDE_STYLE('',(#5262));
#5017=SURFACE_SIDE_STYLE('',(#5263));
#5018=SURFACE_SIDE_STYLE('',(#5264));
#5019=SURFACE_SIDE_STYLE('',(#5265));
#5020=SURFACE_SIDE_STYLE('',(#5266));
#5021=SURFACE_SIDE_STYLE('',(#5267));
#5022=SURFACE_SIDE_STYLE('',(#5268));
#5023=SURFACE_SIDE_STYLE('',(#5269));
#5024=SURFACE_SIDE_STYLE('',(#5270));
#5025=SURFACE_SIDE_STYLE('',(#5271));
#5026=SURFACE_SIDE_STYLE('',(#5272));
#5027=SURFACE_SIDE_STYLE('',(#5273));
#5028=SURFACE_SIDE_STYLE('',(#5274));
#5029=SURFACE_SIDE_STYLE('',(#5275));
#5030=SURFACE_SIDE_STYLE('',(#5276));
#5031=SURFACE_SIDE_STYLE('',(#5277));
#5032=SURFACE_SIDE_STYLE('',(#5278));
#5033=SURFACE_SIDE_STYLE('',(#5279));
#5034=SURFACE_SIDE_STYLE('',(#5280));
#5035=SURFACE_SIDE_STYLE('',(#5281));
#5036=SURFACE_SIDE_STYLE('',(#5282));
#5037=SURFACE_SIDE_STYLE('',(#5283));
#5038=SURFACE_SIDE_STYLE('',(#5284));
#5039=SURFACE_SIDE_STYLE('',(#5285));
#5040=SURFACE_SIDE_STYLE('',(#5286));
#5041=SURFACE_SIDE_STYLE('',(#5287));
#5042=SURFACE_SIDE_STYLE('',(#5288));
#5043=SURFACE_SIDE_STYLE('',(#5289));
#5044=SURFACE_SIDE_STYLE('',(#5290));
#5045=SURFACE_SIDE_STYLE('',(#5291));
#5046=SURFACE_SIDE_STYLE('',(#5292));
#5047=SURFACE_SIDE_STYLE('',(#5293));
#5048=SURFACE_SIDE_STYLE('',(#5294));
#5049=SURFACE_SIDE_STYLE('',(#5295));
#5050=SURFACE_SIDE_STYLE('',(#5296));
#5051=SURFACE_SIDE_STYLE('',(#5297));
#5052=SURFACE_SIDE_STYLE('',(#5298));
#5053=SURFACE_SIDE_STYLE('',(#5299));
#5054=SURFACE_SIDE_STYLE('',(#5300));
#5055=SURFACE_SIDE_STYLE('',(#5301));
#5056=SURFACE_SIDE_STYLE('',(#5302));
#5057=SURFACE_SIDE_STYLE('',(#5303));
#5058=SURFACE_SIDE_STYLE('',(#5304));
#5059=SURFACE_SIDE_STYLE('',(#5305));
#5060=SURFACE_SIDE_STYLE('',(#5306));
#5061=SURFACE_SIDE_STYLE('',(#5307));
#5062=SURFACE_SIDE_STYLE('',(#5308));
#5063=SURFACE_SIDE_STYLE('',(#5309));
#5064=SURFACE_SIDE_STYLE('',(#5310));
#5065=SURFACE_SIDE_STYLE('',(#5311));
#5066=SURFACE_SIDE_STYLE('',(#5312));
#5067=SURFACE_SIDE_STYLE('',(#5313));
#5068=SURFACE_SIDE_STYLE('',(#5314));
#5069=SURFACE_SIDE_STYLE('',(#5315));
#5070=SURFACE_SIDE_STYLE('',(#5316));
#5071=SURFACE_SIDE_STYLE('',(#5317));
#5072=SURFACE_SIDE_STYLE('',(#5318));
#5073=SURFACE_SIDE_STYLE('',(#5319));
#5074=SURFACE_SIDE_STYLE('',(#5320));
#5075=SURFACE_SIDE_STYLE('',(#5321));
#5076=SURFACE_SIDE_STYLE('',(#5322));
#5077=SURFACE_SIDE_STYLE('',(#5323));
#5078=SURFACE_SIDE_STYLE('',(#5324));
#5079=SURFACE_SIDE_STYLE('',(#5325));
#5080=SURFACE_SIDE_STYLE('',(#5326));
#5081=SURFACE_SIDE_STYLE('',(#5327));
#5082=SURFACE_SIDE_STYLE('',(#5328));
#5083=SURFACE_SIDE_STYLE('',(#5329));
#5084=SURFACE_SIDE_STYLE('',(#5330));
#5085=SURFACE_SIDE_STYLE('',(#5331));
#5086=SURFACE_SIDE_STYLE('',(#5332));
#5087=SURFACE_SIDE_STYLE('',(#5333));
#5088=SURFACE_SIDE_STYLE('',(#5334));
#5089=SURFACE_SIDE_STYLE('',(#5335));
#5090=SURFACE_SIDE_STYLE('',(#5336));
#5091=SURFACE_SIDE_STYLE('',(#5337));
#5092=SURFACE_SIDE_STYLE('',(#5338));
#5093=SURFACE_SIDE_STYLE('',(#5339));
#5094=SURFACE_SIDE_STYLE('',(#5340));
#5095=SURFACE_SIDE_STYLE('',(#5341));
#5096=SURFACE_SIDE_STYLE('',(#5342));
#5097=SURFACE_SIDE_STYLE('',(#5343));
#5098=SURFACE_SIDE_STYLE('',(#5344));
#5099=SURFACE_SIDE_STYLE('',(#5345));
#5100=SURFACE_SIDE_STYLE('',(#5346));
#5101=SURFACE_SIDE_STYLE('',(#5347));
#5102=SURFACE_SIDE_STYLE('',(#5348));
#5103=SURFACE_SIDE_STYLE('',(#5349));
#5104=SURFACE_SIDE_STYLE('',(#5350));
#5105=SURFACE_SIDE_STYLE('',(#5351));
#5106=SURFACE_SIDE_STYLE('',(#5352));
#5107=SURFACE_SIDE_STYLE('',(#5353));
#5108=SURFACE_SIDE_STYLE('',(#5354));
#5109=SURFACE_SIDE_STYLE('',(#5355));
#5110=SURFACE_SIDE_STYLE('',(#5356));
#5111=SURFACE_SIDE_STYLE('',(#5357));
#5112=SURFACE_SIDE_STYLE('',(#5358));
#5113=SURFACE_SIDE_STYLE('',(#5359));
#5114=SURFACE_SIDE_STYLE('',(#5360));
#5115=SURFACE_SIDE_STYLE('',(#5361));
#5116=SURFACE_SIDE_STYLE('',(#5362));
#5117=SURFACE_SIDE_STYLE('',(#5363));
#5118=SURFACE_SIDE_STYLE('',(#5364));
#5119=SURFACE_SIDE_STYLE('',(#5365));
#5120=SURFACE_SIDE_STYLE('',(#5366));
#5121=SURFACE_SIDE_STYLE('',(#5367));
#5122=SURFACE_SIDE_STYLE('',(#5368));
#5123=SURFACE_SIDE_STYLE('',(#5369));
#5124=SURFACE_SIDE_STYLE('',(#5370));
#5125=SURFACE_SIDE_STYLE('',(#5371));
#5126=SURFACE_SIDE_STYLE('',(#5372));
#5127=SURFACE_SIDE_STYLE('',(#5373));
#5128=SURFACE_SIDE_STYLE('',(#5374));
#5129=SURFACE_SIDE_STYLE('',(#5375));
#5130=SURFACE_SIDE_STYLE('',(#5376));
#5131=SURFACE_SIDE_STYLE('',(#5377));
#5132=SURFACE_SIDE_STYLE('',(#5378));
#5133=SURFACE_SIDE_STYLE('',(#5379));
#5134=SURFACE_SIDE_STYLE('',(#5380));
#5135=SURFACE_SIDE_STYLE('',(#5381));
#5136=SURFACE_SIDE_STYLE('',(#5382));
#5137=SURFACE_SIDE_STYLE('',(#5383));
#5138=SURFACE_SIDE_STYLE('',(#5384));
#5139=SURFACE_SIDE_STYLE('',(#5385));
#5140=SURFACE_SIDE_STYLE('',(#5386));
#5141=SURFACE_SIDE_STYLE('',(#5387));
#5142=SURFACE_SIDE_STYLE('',(#5388));
#5143=SURFACE_SIDE_STYLE('',(#5389));
#5144=SURFACE_SIDE_STYLE('',(#5390));
#5145=SURFACE_SIDE_STYLE('',(#5391));
#5146=SURFACE_SIDE_STYLE('',(#5392));
#5147=SURFACE_SIDE_STYLE('',(#5393));
#5148=SURFACE_SIDE_STYLE('',(#5394));
#5149=SURFACE_SIDE_STYLE('',(#5395));
#5150=SURFACE_SIDE_STYLE('',(#5396));
#5151=SURFACE_SIDE_STYLE('',(#5397));
#5152=SURFACE_SIDE_STYLE('',(#5398));
#5153=SURFACE_SIDE_STYLE('',(#5399));
#5154=SURFACE_SIDE_STYLE('',(#5400));
#5155=SURFACE_SIDE_STYLE('',(#5401));
#5156=SURFACE_SIDE_STYLE('',(#5402));
#5157=SURFACE_SIDE_STYLE('',(#5403));
#5158=SURFACE_SIDE_STYLE('',(#5404));
#5159=SURFACE_SIDE_STYLE('',(#5405));
#5160=SURFACE_SIDE_STYLE('',(#5406));
#5161=SURFACE_SIDE_STYLE('',(#5407));
#5162=SURFACE_SIDE_STYLE('',(#5408));
#5163=SURFACE_SIDE_STYLE('',(#5409));
#5164=SURFACE_SIDE_STYLE('',(#5410));
#5165=SURFACE_SIDE_STYLE('',(#5411));
#5166=SURFACE_SIDE_STYLE('',(#5412));
#5167=SURFACE_SIDE_STYLE('',(#5413));
#5168=SURFACE_SIDE_STYLE('',(#5414));
#5169=SURFACE_SIDE_STYLE('',(#5415));
#5170=SURFACE_SIDE_STYLE('',(#5416));
#5171=SURFACE_SIDE_STYLE('',(#5417));
#5172=SURFACE_SIDE_STYLE('',(#5418));
#5173=SURFACE_SIDE_STYLE('',(#5419));
#5174=SURFACE_SIDE_STYLE('',(#5420));
#5175=SURFACE_SIDE_STYLE('',(#5421));
#5176=SURFACE_SIDE_STYLE('',(#5422));
#5177=SURFACE_SIDE_STYLE('',(#5423));
#5178=SURFACE_SIDE_STYLE('',(#5424));
#5179=SURFACE_SIDE_STYLE('',(#5425));
#5180=SURFACE_SIDE_STYLE('',(#5426));
#5181=SURFACE_SIDE_STYLE('',(#5427));
#5182=SURFACE_SIDE_STYLE('',(#5428));
#5183=SURFACE_SIDE_STYLE('',(#5429));
#5184=SURFACE_SIDE_STYLE('',(#5430));
#5185=SURFACE_SIDE_STYLE('',(#5431));
#5186=SURFACE_SIDE_STYLE('',(#5432));
#5187=SURFACE_SIDE_STYLE('',(#5433));
#5188=SURFACE_SIDE_STYLE('',(#5434));
#5189=SURFACE_SIDE_STYLE('',(#5435));
#5190=SURFACE_SIDE_STYLE('',(#5436));
#5191=SURFACE_SIDE_STYLE('',(#5437));
#5192=SURFACE_SIDE_STYLE('',(#5438));
#5193=SURFACE_SIDE_STYLE('',(#5439));
#5194=SURFACE_SIDE_STYLE('',(#5440));
#5195=SURFACE_SIDE_STYLE('',(#5441));
#5196=SURFACE_SIDE_STYLE('',(#5442));
#5197=SURFACE_SIDE_STYLE('',(#5443));
#5198=SURFACE_SIDE_STYLE('',(#5444));
#5199=SURFACE_SIDE_STYLE('',(#5445));
#5200=SURFACE_SIDE_STYLE('',(#5446));
#5201=SURFACE_SIDE_STYLE('',(#5447));
#5202=SURFACE_SIDE_STYLE('',(#5448));
#5203=SURFACE_SIDE_STYLE('',(#5449));
#5204=SURFACE_SIDE_STYLE('',(#5450));
#5205=SURFACE_SIDE_STYLE('',(#5451));
#5206=SURFACE_SIDE_STYLE('',(#5452));
#5207=SURFACE_SIDE_STYLE('',(#5453));
#5208=SURFACE_SIDE_STYLE('',(#5454));
#5209=SURFACE_SIDE_STYLE('',(#5455));
#5210=SURFACE_SIDE_STYLE('',(#5456));
#5211=SURFACE_SIDE_STYLE('',(#5457));
#5212=SURFACE_SIDE_STYLE('',(#5458));
#5213=SURFACE_SIDE_STYLE('',(#5459));
#5214=SURFACE_SIDE_STYLE('',(#5460));
#5215=SURFACE_SIDE_STYLE('',(#5461));
#5216=SURFACE_SIDE_STYLE('',(#5462));
#5217=SURFACE_SIDE_STYLE('',(#5463));
#5218=SURFACE_SIDE_STYLE('',(#5464));
#5219=SURFACE_SIDE_STYLE('',(#5465));
#5220=SURFACE_SIDE_STYLE('',(#5466));
#5221=SURFACE_SIDE_STYLE('',(#5467));
#5222=SURFACE_SIDE_STYLE('',(#5468));
#5223=SURFACE_SIDE_STYLE('',(#5469));
#5224=SURFACE_SIDE_STYLE('',(#5470));
#5225=SURFACE_SIDE_STYLE('',(#5471));
#5226=SURFACE_STYLE_FILL_AREA(#5472);
#5227=SURFACE_STYLE_FILL_AREA(#5473);
#5228=SURFACE_STYLE_FILL_AREA(#5474);
#5229=SURFACE_STYLE_FILL_AREA(#5475);
#5230=SURFACE_STYLE_FILL_AREA(#5476);
#5231=SURFACE_STYLE_FILL_AREA(#5477);
#5232=SURFACE_STYLE_FILL_AREA(#5478);
#5233=SURFACE_STYLE_FILL_AREA(#5479);
#5234=SURFACE_STYLE_FILL_AREA(#5480);
#5235=SURFACE_STYLE_FILL_AREA(#5481);
#5236=SURFACE_STYLE_FILL_AREA(#5482);
#5237=SURFACE_STYLE_FILL_AREA(#5483);
#5238=SURFACE_STYLE_FILL_AREA(#5484);
#5239=SURFACE_STYLE_FILL_AREA(#5485);
#5240=SURFACE_STYLE_FILL_AREA(#5486);
#5241=SURFACE_STYLE_FILL_AREA(#5487);
#5242=SURFACE_STYLE_FILL_AREA(#5488);
#5243=SURFACE_STYLE_FILL_AREA(#5489);
#5244=SURFACE_STYLE_FILL_AREA(#5490);
#5245=SURFACE_STYLE_FILL_AREA(#5491);
#5246=SURFACE_STYLE_FILL_AREA(#5492);
#5247=SURFACE_STYLE_FILL_AREA(#5493);
#5248=SURFACE_STYLE_FILL_AREA(#5494);
#5249=SURFACE_STYLE_FILL_AREA(#5495);
#5250=SURFACE_STYLE_FILL_AREA(#5496);
#5251=SURFACE_STYLE_FILL_AREA(#5497);
#5252=SURFACE_STYLE_FILL_AREA(#5498);
#5253=SURFACE_STYLE_FILL_AREA(#5499);
#5254=SURFACE_STYLE_FILL_AREA(#5500);
#5255=SURFACE_STYLE_FILL_AREA(#5501);
#5256=SURFACE_STYLE_FILL_AREA(#5502);
#5257=SURFACE_STYLE_FILL_AREA(#5503);
#5258=SURFACE_STYLE_FILL_AREA(#5504);
#5259=SURFACE_STYLE_FILL_AREA(#5505);
#5260=SURFACE_STYLE_FILL_AREA(#5506);
#5261=SURFACE_STYLE_FILL_AREA(#5507);
#5262=SURFACE_STYLE_FILL_AREA(#5508);
#5263=SURFACE_STYLE_FILL_AREA(#5509);
#5264=SURFACE_STYLE_FILL_AREA(#5510);
#5265=SURFACE_STYLE_FILL_AREA(#5511);
#5266=SURFACE_STYLE_FILL_AREA(#5512);
#5267=SURFACE_STYLE_FILL_AREA(#5513);
#5268=SURFACE_STYLE_FILL_AREA(#5514);
#5269=SURFACE_STYLE_FILL_AREA(#5515);
#5270=SURFACE_STYLE_FILL_AREA(#5516);
#5271=SURFACE_STYLE_FILL_AREA(#5517);
#5272=SURFACE_STYLE_FILL_AREA(#5518);
#5273=SURFACE_STYLE_FILL_AREA(#5519);
#5274=SURFACE_STYLE_FILL_AREA(#5520);
#5275=SURFACE_STYLE_FILL_AREA(#5521);
#5276=SURFACE_STYLE_FILL_AREA(#5522);
#5277=SURFACE_STYLE_FILL_AREA(#5523);
#5278=SURFACE_STYLE_FILL_AREA(#5524);
#5279=SURFACE_STYLE_FILL_AREA(#5525);
#5280=SURFACE_STYLE_FILL_AREA(#5526);
#5281=SURFACE_STYLE_FILL_AREA(#5527);
#5282=SURFACE_STYLE_FILL_AREA(#5528);
#5283=SURFACE_STYLE_FILL_AREA(#5529);
#5284=SURFACE_STYLE_FILL_AREA(#5530);
#5285=SURFACE_STYLE_FILL_AREA(#5531);
#5286=SURFACE_STYLE_FILL_AREA(#5532);
#5287=SURFACE_STYLE_FILL_AREA(#5533);
#5288=SURFACE_STYLE_FILL_AREA(#5534);
#5289=SURFACE_STYLE_FILL_AREA(#5535);
#5290=SURFACE_STYLE_FILL_AREA(#5536);
#5291=SURFACE_STYLE_FILL_AREA(#5537);
#5292=SURFACE_STYLE_FILL_AREA(#5538);
#5293=SURFACE_STYLE_FILL_AREA(#5539);
#5294=SURFACE_STYLE_FILL_AREA(#5540);
#5295=SURFACE_STYLE_FILL_AREA(#5541);
#5296=SURFACE_STYLE_FILL_AREA(#5542);
#5297=SURFACE_STYLE_FILL_AREA(#5543);
#5298=SURFACE_STYLE_FILL_AREA(#5544);
#5299=SURFACE_STYLE_FILL_AREA(#5545);
#5300=SURFACE_STYLE_FILL_AREA(#5546);
#5301=SURFACE_STYLE_FILL_AREA(#5547);
#5302=SURFACE_STYLE_FILL_AREA(#5548);
#5303=SURFACE_STYLE_FILL_AREA(#5549);
#5304=SURFACE_STYLE_FILL_AREA(#5550);
#5305=SURFACE_STYLE_FILL_AREA(#5551);
#5306=SURFACE_STYLE_FILL_AREA(#5552);
#5307=SURFACE_STYLE_FILL_AREA(#5553);
#5308=SURFACE_STYLE_FILL_AREA(#5554);
#5309=SURFACE_STYLE_FILL_AREA(#5555);
#5310=SURFACE_STYLE_FILL_AREA(#5556);
#5311=SURFACE_STYLE_FILL_AREA(#5557);
#5312=SURFACE_STYLE_FILL_AREA(#5558);
#5313=SURFACE_STYLE_FILL_AREA(#5559);
#5314=SURFACE_STYLE_FILL_AREA(#5560);
#5315=SURFACE_STYLE_FILL_AREA(#5561);
#5316=SURFACE_STYLE_FILL_AREA(#5562);
#5317=SURFACE_STYLE_FILL_AREA(#5563);
#5318=SURFACE_STYLE_FILL_AREA(#5564);
#5319=SURFACE_STYLE_FILL_AREA(#5565);
#5320=SURFACE_STYLE_FILL_AREA(#5566);
#5321=SURFACE_STYLE_FILL_AREA(#5567);
#5322=SURFACE_STYLE_FILL_AREA(#5568);
#5323=SURFACE_STYLE_FILL_AREA(#5569);
#5324=SURFACE_STYLE_FILL_AREA(#5570);
#5325=SURFACE_STYLE_FILL_AREA(#5571);
#5326=SURFACE_STYLE_FILL_AREA(#5572);
#5327=SURFACE_STYLE_FILL_AREA(#5573);
#5328=SURFACE_STYLE_FILL_AREA(#5574);
#5329=SURFACE_STYLE_FILL_AREA(#5575);
#5330=SURFACE_STYLE_FILL_AREA(#5576);
#5331=SURFACE_STYLE_FILL_AREA(#5577);
#5332=SURFACE_STYLE_FILL_AREA(#5578);
#5333=SURFACE_STYLE_FILL_AREA(#5579);
#5334=SURFACE_STYLE_FILL_AREA(#5580);
#5335=SURFACE_STYLE_FILL_AREA(#5581);
#5336=SURFACE_STYLE_FILL_AREA(#5582);
#5337=SURFACE_STYLE_FILL_AREA(#5583);
#5338=SURFACE_STYLE_FILL_AREA(#5584);
#5339=SURFACE_STYLE_FILL_AREA(#5585);
#5340=SURFACE_STYLE_FILL_AREA(#5586);
#5341=SURFACE_STYLE_FILL_AREA(#5587);
#5342=SURFACE_STYLE_FILL_AREA(#5588);
#5343=SURFACE_STYLE_FILL_AREA(#5589);
#5344=SURFACE_STYLE_FILL_AREA(#5590);
#5345=SURFACE_STYLE_FILL_AREA(#5591);
#5346=SURFACE_STYLE_FILL_AREA(#5592);
#5347=SURFACE_STYLE_FILL_AREA(#5593);
#5348=SURFACE_STYLE_FILL_AREA(#5594);
#5349=SURFACE_STYLE_FILL_AREA(#5595);
#5350=SURFACE_STYLE_FILL_AREA(#5596);
#5351=SURFACE_STYLE_FILL_AREA(#5597);
#5352=SURFACE_STYLE_FILL_AREA(#5598);
#5353=SURFACE_STYLE_FILL_AREA(#5599);
#5354=SURFACE_STYLE_FILL_AREA(#5600);
#5355=SURFACE_STYLE_FILL_AREA(#5601);
#5356=SURFACE_STYLE_FILL_AREA(#5602);
#5357=SURFACE_STYLE_FILL_AREA(#5603);
#5358=SURFACE_STYLE_FILL_AREA(#5604);
#5359=SURFACE_STYLE_FILL_AREA(#5605);
#5360=SURFACE_STYLE_FILL_AREA(#5606);
#5361=SURFACE_STYLE_FILL_AREA(#5607);
#5362=SURFACE_STYLE_FILL_AREA(#5608);
#5363=SURFACE_STYLE_FILL_AREA(#5609);
#5364=SURFACE_STYLE_FILL_AREA(#5610);
#5365=SURFACE_STYLE_FILL_AREA(#5611);
#5366=SURFACE_STYLE_FILL_AREA(#5612);
#5367=SURFACE_STYLE_FILL_AREA(#5613);
#5368=SURFACE_STYLE_FILL_AREA(#5614);
#5369=SURFACE_STYLE_FILL_AREA(#5615);
#5370=SURFACE_STYLE_FILL_AREA(#5616);
#5371=SURFACE_STYLE_FILL_AREA(#5617);
#5372=SURFACE_STYLE_FILL_AREA(#5618);
#5373=SURFACE_STYLE_FILL_AREA(#5619);
#5374=SURFACE_STYLE_FILL_AREA(#5620);
#5375=SURFACE_STYLE_FILL_AREA(#5621);
#5376=SURFACE_STYLE_FILL_AREA(#5622);
#5377=SURFACE_STYLE_FILL_AREA(#5623);
#5378=SURFACE_STYLE_FILL_AREA(#5624);
#5379=SURFACE_STYLE_FILL_AREA(#5625);
#5380=SURFACE_STYLE_FILL_AREA(#5626);
#5381=SURFACE_STYLE_FILL_AREA(#5627);
#5382=SURFACE_STYLE_FILL_AREA(#5628);
#5383=SURFACE_STYLE_FILL_AREA(#5629);
#5384=SURFACE_STYLE_FILL_AREA(#5630);
#5385=SURFACE_STYLE_FILL_AREA(#5631);
#5386=SURFACE_STYLE_FILL_AREA(#5632);
#5387=SURFACE_STYLE_FILL_AREA(#5633);
#5388=SURFACE_STYLE_FILL_AREA(#5634);
#5389=SURFACE_STYLE_FILL_AREA(#5635);
#5390=SURFACE_STYLE_FILL_AREA(#5636);
#5391=SURFACE_STYLE_FILL_AREA(#5637);
#5392=SURFACE_STYLE_FILL_AREA(#5638);
#5393=SURFACE_STYLE_FILL_AREA(#5639);
#5394=SURFACE_STYLE_FILL_AREA(#5640);
#5395=SURFACE_STYLE_FILL_AREA(#5641);
#5396=SURFACE_STYLE_FILL_AREA(#5642);
#5397=SURFACE_STYLE_FILL_AREA(#5643);
#5398=SURFACE_STYLE_FILL_AREA(#5644);
#5399=SURFACE_STYLE_FILL_AREA(#5645);
#5400=SURFACE_STYLE_FILL_AREA(#5646);
#5401=SURFACE_STYLE_FILL_AREA(#5647);
#5402=SURFACE_STYLE_FILL_AREA(#5648);
#5403=SURFACE_STYLE_FILL_AREA(#5649);
#5404=SURFACE_STYLE_FILL_AREA(#5650);
#5405=SURFACE_STYLE_FILL_AREA(#5651);
#5406=SURFACE_STYLE_FILL_AREA(#5652);
#5407=SURFACE_STYLE_FILL_AREA(#5653);
#5408=SURFACE_STYLE_FILL_AREA(#5654);
#5409=SURFACE_STYLE_FILL_AREA(#5655);
#5410=SURFACE_STYLE_FILL_AREA(#5656);
#5411=SURFACE_STYLE_FILL_AREA(#5657);
#5412=SURFACE_STYLE_FILL_AREA(#5658);
#5413=SURFACE_STYLE_FILL_AREA(#5659);
#5414=SURFACE_STYLE_FILL_AREA(#5660);
#5415=SURFACE_STYLE_FILL_AREA(#5661);
#5416=SURFACE_STYLE_FILL_AREA(#5662);
#5417=SURFACE_STYLE_FILL_AREA(#5663);
#5418=SURFACE_STYLE_FILL_AREA(#5664);
#5419=SURFACE_STYLE_FILL_AREA(#5665);
#5420=SURFACE_STYLE_FILL_AREA(#5666);
#5421=SURFACE_STYLE_FILL_AREA(#5667);
#5422=SURFACE_STYLE_FILL_AREA(#5668);
#5423=SURFACE_STYLE_FILL_AREA(#5669);
#5424=SURFACE_STYLE_FILL_AREA(#5670);
#5425=SURFACE_STYLE_FILL_AREA(#5671);
#5426=SURFACE_STYLE_FILL_AREA(#5672);
#5427=SURFACE_STYLE_FILL_AREA(#5673);
#5428=SURFACE_STYLE_FILL_AREA(#5674);
#5429=SURFACE_STYLE_FILL_AREA(#5675);
#5430=SURFACE_STYLE_FILL_AREA(#5676);
#5431=SURFACE_STYLE_FILL_AREA(#5677);
#5432=SURFACE_STYLE_FILL_AREA(#5678);
#5433=SURFACE_STYLE_FILL_AREA(#5679);
#5434=SURFACE_STYLE_FILL_AREA(#5680);
#5435=SURFACE_STYLE_FILL_AREA(#5681);
#5436=SURFACE_STYLE_FILL_AREA(#5682);
#5437=SURFACE_STYLE_FILL_AREA(#5683);
#5438=SURFACE_STYLE_FILL_AREA(#5684);
#5439=SURFACE_STYLE_FILL_AREA(#5685);
#5440=SURFACE_STYLE_FILL_AREA(#5686);
#5441=SURFACE_STYLE_FILL_AREA(#5687);
#5442=SURFACE_STYLE_FILL_AREA(#5688);
#5443=SURFACE_STYLE_FILL_AREA(#5689);
#5444=SURFACE_STYLE_FILL_AREA(#5690);
#5445=SURFACE_STYLE_FILL_AREA(#5691);
#5446=SURFACE_STYLE_FILL_AREA(#5692);
#5447=SURFACE_STYLE_FILL_AREA(#5693);
#5448=SURFACE_STYLE_FILL_AREA(#5694);
#5449=SURFACE_STYLE_FILL_AREA(#5695);
#5450=SURFACE_STYLE_FILL_AREA(#5696);
#5451=SURFACE_STYLE_FILL_AREA(#5697);
#5452=SURFACE_STYLE_FILL_AREA(#5698);
#5453=SURFACE_STYLE_FILL_AREA(#5699);
#5454=SURFACE_STYLE_FILL_AREA(#5700);
#5455=SURFACE_STYLE_FILL_AREA(#5701);
#5456=SURFACE_STYLE_FILL_AREA(#5702);
#5457=SURFACE_STYLE_FILL_AREA(#5703);
#5458=SURFACE_STYLE_FILL_AREA(#5704);
#5459=SURFACE_STYLE_FILL_AREA(#5705);
#5460=SURFACE_STYLE_FILL_AREA(#5706);
#5461=SURFACE_STYLE_FILL_AREA(#5707);
#5462=SURFACE_STYLE_FILL_AREA(#5708);
#5463=SURFACE_STYLE_FILL_AREA(#5709);
#5464=SURFACE_STYLE_FILL_AREA(#5710);
#5465=SURFACE_STYLE_FILL_AREA(#5711);
#5466=SURFACE_STYLE_FILL_AREA(#5712);
#5467=SURFACE_STYLE_FILL_AREA(#5713);
#5468=SURFACE_STYLE_FILL_AREA(#5714);
#5469=SURFACE_STYLE_FILL_AREA(#5715);
#5470=SURFACE_STYLE_FILL_AREA(#5716);
#5471=SURFACE_STYLE_FILL_AREA(#5717);
#5472=FILL_AREA_STYLE('',(#5718));
#5473=FILL_AREA_STYLE('',(#5719));
#5474=FILL_AREA_STYLE('',(#5720));
#5475=FILL_AREA_STYLE('',(#5721));
#5476=FILL_AREA_STYLE('',(#5722));
#5477=FILL_AREA_STYLE('',(#5723));
#5478=FILL_AREA_STYLE('',(#5724));
#5479=FILL_AREA_STYLE('',(#5725));
#5480=FILL_AREA_STYLE('',(#5726));
#5481=FILL_AREA_STYLE('',(#5727));
#5482=FILL_AREA_STYLE('',(#5728));
#5483=FILL_AREA_STYLE('',(#5729));
#5484=FILL_AREA_STYLE('',(#5730));
#5485=FILL_AREA_STYLE('',(#5731));
#5486=FILL_AREA_STYLE('',(#5732));
#5487=FILL_AREA_STYLE('',(#5733));
#5488=FILL_AREA_STYLE('',(#5734));
#5489=FILL_AREA_STYLE('',(#5735));
#5490=FILL_AREA_STYLE('',(#5736));
#5491=FILL_AREA_STYLE('',(#5737));
#5492=FILL_AREA_STYLE('',(#5738));
#5493=FILL_AREA_STYLE('',(#5739));
#5494=FILL_AREA_STYLE('',(#5740));
#5495=FILL_AREA_STYLE('',(#5741));
#5496=FILL_AREA_STYLE('',(#5742));
#5497=FILL_AREA_STYLE('',(#5743));
#5498=FILL_AREA_STYLE('',(#5744));
#5499=FILL_AREA_STYLE('',(#5745));
#5500=FILL_AREA_STYLE('',(#5746));
#5501=FILL_AREA_STYLE('',(#5747));
#5502=FILL_AREA_STYLE('',(#5748));
#5503=FILL_AREA_STYLE('',(#5749));
#5504=FILL_AREA_STYLE('',(#5750));
#5505=FILL_AREA_STYLE('',(#5751));
#5506=FILL_AREA_STYLE('',(#5752));
#5507=FILL_AREA_STYLE('',(#5753));
#5508=FILL_AREA_STYLE('',(#5754));
#5509=FILL_AREA_STYLE('',(#5755));
#5510=FILL_AREA_STYLE('',(#5756));
#5511=FILL_AREA_STYLE('',(#5757));
#5512=FILL_AREA_STYLE('',(#5758));
#5513=FILL_AREA_STYLE('',(#5759));
#5514=FILL_AREA_STYLE('',(#5760));
#5515=FILL_AREA_STYLE('',(#5761));
#5516=FILL_AREA_STYLE('',(#5762));
#5517=FILL_AREA_STYLE('',(#5763));
#5518=FILL_AREA_STYLE('',(#5764));
#5519=FILL_AREA_STYLE('',(#5765));
#5520=FILL_AREA_STYLE('',(#5766));
#5521=FILL_AREA_STYLE('',(#5767));
#5522=FILL_AREA_STYLE('',(#5768));
#5523=FILL_AREA_STYLE('',(#5769));
#5524=FILL_AREA_STYLE('',(#5770));
#5525=FILL_AREA_STYLE('',(#5771));
#5526=FILL_AREA_STYLE('',(#5772));
#5527=FILL_AREA_STYLE('',(#5773));
#5528=FILL_AREA_STYLE('',(#5774));
#5529=FILL_AREA_STYLE('',(#5775));
#5530=FILL_AREA_STYLE('',(#5776));
#5531=FILL_AREA_STYLE('',(#5777));
#5532=FILL_AREA_STYLE('',(#5778));
#5533=FILL_AREA_STYLE('',(#5779));
#5534=FILL_AREA_STYLE('',(#5780));
#5535=FILL_AREA_STYLE('',(#5781));
#5536=FILL_AREA_STYLE('',(#5782));
#5537=FILL_AREA_STYLE('',(#5783));
#5538=FILL_AREA_STYLE('',(#5784));
#5539=FILL_AREA_STYLE('',(#5785));
#5540=FILL_AREA_STYLE('',(#5786));
#5541=FILL_AREA_STYLE('',(#5787));
#5542=FILL_AREA_STYLE('',(#5788));
#5543=FILL_AREA_STYLE('',(#5789));
#5544=FILL_AREA_STYLE('',(#5790));
#5545=FILL_AREA_STYLE('',(#5791));
#5546=FILL_AREA_STYLE('',(#5792));
#5547=FILL_AREA_STYLE('',(#5793));
#5548=FILL_AREA_STYLE('',(#5794));
#5549=FILL_AREA_STYLE('',(#5795));
#5550=FILL_AREA_STYLE('',(#5796));
#5551=FILL_AREA_STYLE('',(#5797));
#5552=FILL_AREA_STYLE('',(#5798));
#5553=FILL_AREA_STYLE('',(#5799));
#5554=FILL_AREA_STYLE('',(#5800));
#5555=FILL_AREA_STYLE('',(#5801));
#5556=FILL_AREA_STYLE('',(#5802));
#5557=FILL_AREA_STYLE('',(#5803));
#5558=FILL_AREA_STYLE('',(#5804));
#5559=FILL_AREA_STYLE('',(#5805));
#5560=FILL_AREA_STYLE('',(#5806));
#5561=FILL_AREA_STYLE('',(#5807));
#5562=FILL_AREA_STYLE('',(#5808));
#5563=FILL_AREA_STYLE('',(#5809));
#5564=FILL_AREA_STYLE('',(#5810));
#5565=FILL_AREA_STYLE('',(#5811));
#5566=FILL_AREA_STYLE('',(#5812));
#5567=FILL_AREA_STYLE('',(#5813));
#5568=FILL_AREA_STYLE('',(#5814));
#5569=FILL_AREA_STYLE('',(#5815));
#5570=FILL_AREA_STYLE('',(#5816));
#5571=FILL_AREA_STYLE('',(#5817));
#5572=FILL_AREA_STYLE('',(#5818));
#5573=FILL_AREA_STYLE('',(#5819));
#5574=FILL_AREA_STYLE('',(#5820));
#5575=FILL_AREA_STYLE('',(#5821));
#5576=FILL_AREA_STYLE('',(#5822));
#5577=FILL_AREA_STYLE('',(#5823));
#5578=FILL_AREA_STYLE('',(#5824));
#5579=FILL_AREA_STYLE('',(#5825));
#5580=FILL_AREA_STYLE('',(#5826));
#5581=FILL_AREA_STYLE('',(#5827));
#5582=FILL_AREA_STYLE('',(#5828));
#5583=FILL_AREA_STYLE('',(#5829));
#5584=FILL_AREA_STYLE('',(#5830));
#5585=FILL_AREA_STYLE('',(#5831));
#5586=FILL_AREA_STYLE('',(#5832));
#5587=FILL_AREA_STYLE('',(#5833));
#5588=FILL_AREA_STYLE('',(#5834));
#5589=FILL_AREA_STYLE('',(#5835));
#5590=FILL_AREA_STYLE('',(#5836));
#5591=FILL_AREA_STYLE('',(#5837));
#5592=FILL_AREA_STYLE('',(#5838));
#5593=FILL_AREA_STYLE('',(#5839));
#5594=FILL_AREA_STYLE('',(#5840));
#5595=FILL_AREA_STYLE('',(#5841));
#5596=FILL_AREA_STYLE('',(#5842));
#5597=FILL_AREA_STYLE('',(#5843));
#5598=FILL_AREA_STYLE('',(#5844));
#5599=FILL_AREA_STYLE('',(#5845));
#5600=FILL_AREA_STYLE('',(#5846));
#5601=FILL_AREA_STYLE('',(#5847));
#5602=FILL_AREA_STYLE('',(#5848));
#5603=FILL_AREA_STYLE('',(#5849));
#5604=FILL_AREA_STYLE('',(#5850));
#5605=FILL_AREA_STYLE('',(#5851));
#5606=FILL_AREA_STYLE('',(#5852));
#5607=FILL_AREA_STYLE('',(#5853));
#5608=FILL_AREA_STYLE('',(#5854));
#5609=FILL_AREA_STYLE('',(#5855));
#5610=FILL_AREA_STYLE('',(#5856));
#5611=FILL_AREA_STYLE('',(#5857));
#5612=FILL_AREA_STYLE('',(#5858));
#5613=FILL_AREA_STYLE('',(#5859));
#5614=FILL_AREA_STYLE('',(#5860));
#5615=FILL_AREA_STYLE('',(#5861));
#5616=FILL_AREA_STYLE('',(#5862));
#5617=FILL_AREA_STYLE('',(#5863));
#5618=FILL_AREA_STYLE('',(#5864));
#5619=FILL_AREA_STYLE('',(#5865));
#5620=FILL_AREA_STYLE('',(#5866));
#5621=FILL_AREA_STYLE('',(#5867));
#5622=FILL_AREA_STYLE('',(#5868));
#5623=FILL_AREA_STYLE('',(#5869));
#5624=FILL_AREA_STYLE('',(#5870));
#5625=FILL_AREA_STYLE('',(#5871));
#5626=FILL_AREA_STYLE('',(#5872));
#5627=FILL_AREA_STYLE('',(#5873));
#5628=FILL_AREA_STYLE('',(#5874));
#5629=FILL_AREA_STYLE('',(#5875));
#5630=FILL_AREA_STYLE('',(#5876));
#5631=FILL_AREA_STYLE('',(#5877));
#5632=FILL_AREA_STYLE('',(#5878));
#5633=FILL_AREA_STYLE('',(#5879));
#5634=FILL_AREA_STYLE('',(#5880));
#5635=FILL_AREA_STYLE('',(#5881));
#5636=FILL_AREA_STYLE('',(#5882));
#5637=FILL_AREA_STYLE('',(#5883));
#5638=FILL_AREA_STYLE('',(#5884));
#5639=FILL_AREA_STYLE('',(#5885));
#5640=FILL_AREA_STYLE('',(#5886));
#5641=FILL_AREA_STYLE('',(#5887));
#5642=FILL_AREA_STYLE('',(#5888));
#5643=FILL_AREA_STYLE('',(#5889));
#5644=FILL_AREA_STYLE('',(#5890));
#5645=FILL_AREA_STYLE('',(#5891));
#5646=FILL_AREA_STYLE('',(#5892));
#5647=FILL_AREA_STYLE('',(#5893));
#5648=FILL_AREA_STYLE('',(#5894));
#5649=FILL_AREA_STYLE('',(#5895));
#5650=FILL_AREA_STYLE('',(#5896));
#5651=FILL_AREA_STYLE('',(#5897));
#5652=FILL_AREA_STYLE('',(#5898));
#5653=FILL_AREA_STYLE('',(#5899));
#5654=FILL_AREA_STYLE('',(#5900));
#5655=FILL_AREA_STYLE('',(#5901));
#5656=FILL_AREA_STYLE('',(#5902));
#5657=FILL_AREA_STYLE('',(#5903));
#5658=FILL_AREA_STYLE('',(#5904));
#5659=FILL_AREA_STYLE('',(#5905));
#5660=FILL_AREA_STYLE('',(#5906));
#5661=FILL_AREA_STYLE('',(#5907));
#5662=FILL_AREA_STYLE('',(#5908));
#5663=FILL_AREA_STYLE('',(#5909));
#5664=FILL_AREA_STYLE('',(#5910));
#5665=FILL_AREA_STYLE('',(#5911));
#5666=FILL_AREA_STYLE('',(#5912));
#5667=FILL_AREA_STYLE('',(#5913));
#5668=FILL_AREA_STYLE('',(#5914));
#5669=FILL_AREA_STYLE('',(#5915));
#5670=FILL_AREA_STYLE('',(#5916));
#5671=FILL_AREA_STYLE('',(#5917));
#5672=FILL_AREA_STYLE('',(#5918));
#5673=FILL_AREA_STYLE('',(#5919));
#5674=FILL_AREA_STYLE('',(#5920));
#5675=FILL_AREA_STYLE('',(#5921));
#5676=FILL_AREA_STYLE('',(#5922));
#5677=FILL_AREA_STYLE('',(#5923));
#5678=FILL_AREA_STYLE('',(#5924));
#5679=FILL_AREA_STYLE('',(#5925));
#5680=FILL_AREA_STYLE('',(#5926));
#5681=FILL_AREA_STYLE('',(#5927));
#5682=FILL_AREA_STYLE('',(#5928));
#5683=FILL_AREA_STYLE('',(#5929));
#5684=FILL_AREA_STYLE('',(#5930));
#5685=FILL_AREA_STYLE('',(#5931));
#5686=FILL_AREA_STYLE('',(#5932));
#5687=FILL_AREA_STYLE('',(#5933));
#5688=FILL_AREA_STYLE('',(#5934));
#5689=FILL_AREA_STYLE('',(#5935));
#5690=FILL_AREA_STYLE('',(#5936));
#5691=FILL_AREA_STYLE('',(#5937));
#5692=FILL_AREA_STYLE('',(#5938));
#5693=FILL_AREA_STYLE('',(#5939));
#5694=FILL_AREA_STYLE('',(#5940));
#5695=FILL_AREA_STYLE('',(#5941));
#5696=FILL_AREA_STYLE('',(#5942));
#5697=FILL_AREA_STYLE('',(#5943));
#5698=FILL_AREA_STYLE('',(#5944));
#5699=FILL_AREA_STYLE('',(#5945));
#5700=FILL_AREA_STYLE('',(#5946));
#5701=FILL_AREA_STYLE('',(#5947));
#5702=FILL_AREA_STYLE('',(#5948));
#5703=FILL_AREA_STYLE('',(#5949));
#5704=FILL_AREA_STYLE('',(#5950));
#5705=FILL_AREA_STYLE('',(#5951));
#5706=FILL_AREA_STYLE('',(#5952));
#5707=FILL_AREA_STYLE('',(#5953));
#5708=FILL_AREA_STYLE('',(#5954));
#5709=FILL_AREA_STYLE('',(#5955));
#5710=FILL_AREA_STYLE('',(#5956));
#5711=FILL_AREA_STYLE('',(#5957));
#5712=FILL_AREA_STYLE('',(#5958));
#5713=FILL_AREA_STYLE('',(#5959));
#5714=FILL_AREA_STYLE('',(#5960));
#5715=FILL_AREA_STYLE('',(#5961));
#5716=FILL_AREA_STYLE('',(#5962));
#5717=FILL_AREA_STYLE('',(#5963));
#5718=FILL_AREA_STYLE_COLOUR('',#5964);
#5719=FILL_AREA_STYLE_COLOUR('',#5964);
#5720=FILL_AREA_STYLE_COLOUR('',#5964);
#5721=FILL_AREA_STYLE_COLOUR('',#5964);
#5722=FILL_AREA_STYLE_COLOUR('',#5964);
#5723=FILL_AREA_STYLE_COLOUR('',#5964);
#5724=FILL_AREA_STYLE_COLOUR('',#5964);
#5725=FILL_AREA_STYLE_COLOUR('',#5964);
#5726=FILL_AREA_STYLE_COLOUR('',#5964);
#5727=FILL_AREA_STYLE_COLOUR('',#5964);
#5728=FILL_AREA_STYLE_COLOUR('',#5964);
#5729=FILL_AREA_STYLE_COLOUR('',#5964);
#5730=FILL_AREA_STYLE_COLOUR('',#5964);
#5731=FILL_AREA_STYLE_COLOUR('',#5964);
#5732=FILL_AREA_STYLE_COLOUR('',#5964);
#5733=FILL_AREA_STYLE_COLOUR('',#5964);
#5734=FILL_AREA_STYLE_COLOUR('',#5964);
#5735=FILL_AREA_STYLE_COLOUR('',#5964);
#5736=FILL_AREA_STYLE_COLOUR('',#5964);
#5737=FILL_AREA_STYLE_COLOUR('',#5964);
#5738=FILL_AREA_STYLE_COLOUR('',#5964);
#5739=FILL_AREA_STYLE_COLOUR('',#5964);
#5740=FILL_AREA_STYLE_COLOUR('',#5964);
#5741=FILL_AREA_STYLE_COLOUR('',#5964);
#5742=FILL_AREA_STYLE_COLOUR('',#5964);
#5743=FILL_AREA_STYLE_COLOUR('',#5964);
#5744=FILL_AREA_STYLE_COLOUR('',#5964);
#5745=FILL_AREA_STYLE_COLOUR('',#5964);
#5746=FILL_AREA_STYLE_COLOUR('',#5964);
#5747=FILL_AREA_STYLE_COLOUR('',#5964);
#5748=FILL_AREA_STYLE_COLOUR('',#5964);
#5749=FILL_AREA_STYLE_COLOUR('',#5964);
#5750=FILL_AREA_STYLE_COLOUR('',#5964);
#5751=FILL_AREA_STYLE_COLOUR('',#5964);
#5752=FILL_AREA_STYLE_COLOUR('',#5964);
#5753=FILL_AREA_STYLE_COLOUR('',#5964);
#5754=FILL_AREA_STYLE_COLOUR('',#5964);
#5755=FILL_AREA_STYLE_COLOUR('',#5964);
#5756=FILL_AREA_STYLE_COLOUR('',#5964);
#5757=FILL_AREA_STYLE_COLOUR('',#5964);
#5758=FILL_AREA_STYLE_COLOUR('',#5964);
#5759=FILL_AREA_STYLE_COLOUR('',#5964);
#5760=FILL_AREA_STYLE_COLOUR('',#5964);
#5761=FILL_AREA_STYLE_COLOUR('',#5964);
#5762=FILL_AREA_STYLE_COLOUR('',#5964);
#5763=FILL_AREA_STYLE_COLOUR('',#5964);
#5764=FILL_AREA_STYLE_COLOUR('',#5964);
#5765=FILL_AREA_STYLE_COLOUR('',#5964);
#5766=FILL_AREA_STYLE_COLOUR('',#5964);
#5767=FILL_AREA_STYLE_COLOUR('',#5964);
#5768=FILL_AREA_STYLE_COLOUR('',#5964);
#5769=FILL_AREA_STYLE_COLOUR('',#5964);
#5770=FILL_AREA_STYLE_COLOUR('',#5964);
#5771=FILL_AREA_STYLE_COLOUR('',#5964);
#5772=FILL_AREA_STYLE_COLOUR('',#5964);
#5773=FILL_AREA_STYLE_COLOUR('',#5964);
#5774=FILL_AREA_STYLE_COLOUR('',#5964);
#5775=FILL_AREA_STYLE_COLOUR('',#5964);
#5776=FILL_AREA_STYLE_COLOUR('',#5964);
#5777=FILL_AREA_STYLE_COLOUR('',#5964);
#5778=FILL_AREA_STYLE_COLOUR('',#5964);
#5779=FILL_AREA_STYLE_COLOUR('',#5964);
#5780=FILL_AREA_STYLE_COLOUR('',#5964);
#5781=FILL_AREA_STYLE_COLOUR('',#5964);
#5782=FILL_AREA_STYLE_COLOUR('',#5964);
#5783=FILL_AREA_STYLE_COLOUR('',#5964);
#5784=FILL_AREA_STYLE_COLOUR('',#5964);
#5785=FILL_AREA_STYLE_COLOUR('',#5964);
#5786=FILL_AREA_STYLE_COLOUR('',#5964);
#5787=FILL_AREA_STYLE_COLOUR('',#5964);
#5788=FILL_AREA_STYLE_COLOUR('',#5964);
#5789=FILL_AREA_STYLE_COLOUR('',#5964);
#5790=FILL_AREA_STYLE_COLOUR('',#5964);
#5791=FILL_AREA_STYLE_COLOUR('',#5964);
#5792=FILL_AREA_STYLE_COLOUR('',#5964);
#5793=FILL_AREA_STYLE_COLOUR('',#5964);
#5794=FILL_AREA_STYLE_COLOUR('',#5964);
#5795=FILL_AREA_STYLE_COLOUR('',#5964);
#5796=FILL_AREA_STYLE_COLOUR('',#5964);
#5797=FILL_AREA_STYLE_COLOUR('',#5964);
#5798=FILL_AREA_STYLE_COLOUR('',#5964);
#5799=FILL_AREA_STYLE_COLOUR('',#5964);
#5800=FILL_AREA_STYLE_COLOUR('',#5964);
#5801=FILL_AREA_STYLE_COLOUR('',#5964);
#5802=FILL_AREA_STYLE_COLOUR('',#5964);
#5803=FILL_AREA_STYLE_COLOUR('',#5964);
#5804=FILL_AREA_STYLE_COLOUR('',#5964);
#5805=FILL_AREA_STYLE_COLOUR('',#5964);
#5806=FILL_AREA_STYLE_COLOUR('',#5964);
#5807=FILL_AREA_STYLE_COLOUR('',#5964);
#5808=FILL_AREA_STYLE_COLOUR('',#5964);
#5809=FILL_AREA_STYLE_COLOUR('',#5964);
#5810=FILL_AREA_STYLE_COLOUR('',#5964);
#5811=FILL_AREA_STYLE_COLOUR('',#5964);
#5812=FILL_AREA_STYLE_COLOUR('',#5964);
#5813=FILL_AREA_STYLE_COLOUR('',#5964);
#5814=FILL_AREA_STYLE_COLOUR('',#5964);
#5815=FILL_AREA_STYLE_COLOUR('',#5964);
#5816=FILL_AREA_STYLE_COLOUR('',#5964);
#5817=FILL_AREA_STYLE_COLOUR('',#5964);
#5818=FILL_AREA_STYLE_COLOUR('',#5964);
#5819=FILL_AREA_STYLE_COLOUR('',#5964);
#5820=FILL_AREA_STYLE_COLOUR('',#5964);
#5821=FILL_AREA_STYLE_COLOUR('',#5964);
#5822=FILL_AREA_STYLE_COLOUR('',#5964);
#5823=FILL_AREA_STYLE_COLOUR('',#5964);
#5824=FILL_AREA_STYLE_COLOUR('',#5964);
#5825=FILL_AREA_STYLE_COLOUR('',#5964);
#5826=FILL_AREA_STYLE_COLOUR('',#5964);
#5827=FILL_AREA_STYLE_COLOUR('',#5964);
#5828=FILL_AREA_STYLE_COLOUR('',#5964);
#5829=FILL_AREA_STYLE_COLOUR('',#5964);
#5830=FILL_AREA_STYLE_COLOUR('',#5964);
#5831=FILL_AREA_STYLE_COLOUR('',#5964);
#5832=FILL_AREA_STYLE_COLOUR('',#5964);
#5833=FILL_AREA_STYLE_COLOUR('',#5964);
#5834=FILL_AREA_STYLE_COLOUR('',#5964);
#5835=FILL_AREA_STYLE_COLOUR('',#5964);
#5836=FILL_AREA_STYLE_COLOUR('',#5964);
#5837=FILL_AREA_STYLE_COLOUR('',#5964);
#5838=FILL_AREA_STYLE_COLOUR('',#5964);
#5839=FILL_AREA_STYLE_COLOUR('',#5964);
#5840=FILL_AREA_STYLE_COLOUR('',#5964);
#5841=FILL_AREA_STYLE_COLOUR('',#5964);
#5842=FILL_AREA_STYLE_COLOUR('',#5964);
#5843=FILL_AREA_STYLE_COLOUR('',#5964);
#5844=FILL_AREA_STYLE_COLOUR('',#5964);
#5845=FILL_AREA_STYLE_COLOUR('',#5964);
#5846=FILL_AREA_STYLE_COLOUR('',#5964);
#5847=FILL_AREA_STYLE_COLOUR('',#5964);
#5848=FILL_AREA_STYLE_COLOUR('',#5964);
#5849=FILL_AREA_STYLE_COLOUR('',#5964);
#5850=FILL_AREA_STYLE_COLOUR('',#5964);
#5851=FILL_AREA_STYLE_COLOUR('',#5964);
#5852=FILL_AREA_STYLE_COLOUR('',#5964);
#5853=FILL_AREA_STYLE_COLOUR('',#5964);
#5854=FILL_AREA_STYLE_COLOUR('',#5964);
#5855=FILL_AREA_STYLE_COLOUR('',#5964);
#5856=FILL_AREA_STYLE_COLOUR('',#5964);
#5857=FILL_AREA_STYLE_COLOUR('',#5964);
#5858=FILL_AREA_STYLE_COLOUR('',#5964);
#5859=FILL_AREA_STYLE_COLOUR('',#5964);
#5860=FILL_AREA_STYLE_COLOUR('',#5964);
#5861=FILL_AREA_STYLE_COLOUR('',#5964);
#5862=FILL_AREA_STYLE_COLOUR('',#5964);
#5863=FILL_AREA_STYLE_COLOUR('',#5964);
#5864=FILL_AREA_STYLE_COLOUR('',#5964);
#5865=FILL_AREA_STYLE_COLOUR('',#5964);
#5866=FILL_AREA_STYLE_COLOUR('',#5964);
#5867=FILL_AREA_STYLE_COLOUR('',#5964);
#5868=FILL_AREA_STYLE_COLOUR('',#5964);
#5869=FILL_AREA_STYLE_COLOUR('',#5964);
#5870=FILL_AREA_STYLE_COLOUR('',#5964);
#5871=FILL_AREA_STYLE_COLOUR('',#5964);
#5872=FILL_AREA_STYLE_COLOUR('',#5964);
#5873=FILL_AREA_STYLE_COLOUR('',#5964);
#5874=FILL_AREA_STYLE_COLOUR('',#5964);
#5875=FILL_AREA_STYLE_COLOUR('',#5964);
#5876=FILL_AREA_STYLE_COLOUR('',#5964);
#5877=FILL_AREA_STYLE_COLOUR('',#5964);
#5878=FILL_AREA_STYLE_COLOUR('',#5964);
#5879=FILL_AREA_STYLE_COLOUR('',#5964);
#5880=FILL_AREA_STYLE_COLOUR('',#5964);
#5881=FILL_AREA_STYLE_COLOUR('',#5964);
#5882=FILL_AREA_STYLE_COLOUR('',#5964);
#5883=FILL_AREA_STYLE_COLOUR('',#5964);
#5884=FILL_AREA_STYLE_COLOUR('',#5964);
#5885=FILL_AREA_STYLE_COLOUR('',#5964);
#5886=FILL_AREA_STYLE_COLOUR('',#5965);
#5887=FILL_AREA_STYLE_COLOUR('',#5965);
#5888=FILL_AREA_STYLE_COLOUR('',#5965);
#5889=FILL_AREA_STYLE_COLOUR('',#5965);
#5890=FILL_AREA_STYLE_COLOUR('',#5965);
#5891=FILL_AREA_STYLE_COLOUR('',#5965);
#5892=FILL_AREA_STYLE_COLOUR('',#5965);
#5893=FILL_AREA_STYLE_COLOUR('',#5965);
#5894=FILL_AREA_STYLE_COLOUR('',#5965);
#5895=FILL_AREA_STYLE_COLOUR('',#5965);
#5896=FILL_AREA_STYLE_COLOUR('',#5965);
#5897=FILL_AREA_STYLE_COLOUR('',#5965);
#5898=FILL_AREA_STYLE_COLOUR('',#5965);
#5899=FILL_AREA_STYLE_COLOUR('',#5965);
#5900=FILL_AREA_STYLE_COLOUR('',#5965);
#5901=FILL_AREA_STYLE_COLOUR('',#5965);
#5902=FILL_AREA_STYLE_COLOUR('',#5965);
#5903=FILL_AREA_STYLE_COLOUR('',#5965);
#5904=FILL_AREA_STYLE_COLOUR('',#5965);
#5905=FILL_AREA_STYLE_COLOUR('',#5965);
#5906=FILL_AREA_STYLE_COLOUR('',#5965);
#5907=FILL_AREA_STYLE_COLOUR('',#5965);
#5908=FILL_AREA_STYLE_COLOUR('',#5965);
#5909=FILL_AREA_STYLE_COLOUR('',#5965);
#5910=FILL_AREA_STYLE_COLOUR('',#5965);
#5911=FILL_AREA_STYLE_COLOUR('',#5965);
#5912=FILL_AREA_STYLE_COLOUR('',#5965);
#5913=FILL_AREA_STYLE_COLOUR('',#5965);
#5914=FILL_AREA_STYLE_COLOUR('',#5965);
#5915=FILL_AREA_STYLE_COLOUR('',#5965);
#5916=FILL_AREA_STYLE_COLOUR('',#5965);
#5917=FILL_AREA_STYLE_COLOUR('',#5965);
#5918=FILL_AREA_STYLE_COLOUR('',#5965);
#5919=FILL_AREA_STYLE_COLOUR('',#5965);
#5920=FILL_AREA_STYLE_COLOUR('',#5965);
#5921=FILL_AREA_STYLE_COLOUR('',#5965);
#5922=FILL_AREA_STYLE_COLOUR('',#5965);
#5923=FILL_AREA_STYLE_COLOUR('',#5965);
#5924=FILL_AREA_STYLE_COLOUR('',#5965);
#5925=FILL_AREA_STYLE_COLOUR('',#5965);
#5926=FILL_AREA_STYLE_COLOUR('',#5965);
#5927=FILL_AREA_STYLE_COLOUR('',#5965);
#5928=FILL_AREA_STYLE_COLOUR('',#5964);
#5929=FILL_AREA_STYLE_COLOUR('',#5964);
#5930=FILL_AREA_STYLE_COLOUR('',#5964);
#5931=FILL_AREA_STYLE_COLOUR('',#5964);
#5932=FILL_AREA_STYLE_COLOUR('',#5964);
#5933=FILL_AREA_STYLE_COLOUR('',#5964);
#5934=FILL_AREA_STYLE_COLOUR('',#5964);
#5935=FILL_AREA_STYLE_COLOUR('',#5964);
#5936=FILL_AREA_STYLE_COLOUR('',#5964);
#5937=FILL_AREA_STYLE_COLOUR('',#5964);
#5938=FILL_AREA_STYLE_COLOUR('',#5964);
#5939=FILL_AREA_STYLE_COLOUR('',#5964);
#5940=FILL_AREA_STYLE_COLOUR('',#5964);
#5941=FILL_AREA_STYLE_COLOUR('',#5964);
#5942=FILL_AREA_STYLE_COLOUR('',#5964);
#5943=FILL_AREA_STYLE_COLOUR('',#5964);
#5944=FILL_AREA_STYLE_COLOUR('',#5964);
#5945=FILL_AREA_STYLE_COLOUR('',#5964);
#5946=FILL_AREA_STYLE_COLOUR('',#5964);
#5947=FILL_AREA_STYLE_COLOUR('',#5964);
#5948=FILL_AREA_STYLE_COLOUR('',#5964);
#5949=FILL_AREA_STYLE_COLOUR('',#5964);
#5950=FILL_AREA_STYLE_COLOUR('',#5964);
#5951=FILL_AREA_STYLE_COLOUR('',#5964);
#5952=FILL_AREA_STYLE_COLOUR('',#5964);
#5953=FILL_AREA_STYLE_COLOUR('',#5964);
#5954=FILL_AREA_STYLE_COLOUR('',#5964);
#5955=FILL_AREA_STYLE_COLOUR('',#5964);
#5956=FILL_AREA_STYLE_COLOUR('',#5964);
#5957=FILL_AREA_STYLE_COLOUR('',#5964);
#5958=FILL_AREA_STYLE_COLOUR('',#5964);
#5959=FILL_AREA_STYLE_COLOUR('',#5964);
#5960=FILL_AREA_STYLE_COLOUR('',#5964);
#5961=FILL_AREA_STYLE_COLOUR('',#5964);
#5962=FILL_AREA_STYLE_COLOUR('',#5964);
#5963=FILL_AREA_STYLE_COLOUR('',#5964);
#5964=COLOUR_RGB('',0.170000001788139,0.170000001788139,0.180000007152557);
#5965=COLOUR_RGB('',0.77999997138977,0.77999997138977,0.77999997138977);
#5966=ADVANCED_FACE('',(#3859),#4113,.F.);
#5967=ADVANCED_FACE('',(#3860),#4114,.F.);
#5968=ADVANCED_FACE('',(#3861),#4115,.F.);
#5969=ADVANCED_FACE('',(#3862),#4116,.F.);
#5970=ADVANCED_FACE('',(#3863),#4117,.F.);
#5971=ADVANCED_FACE('',(#3864),#4118,.F.);
#5972=ADVANCED_FACE('',(#3865),#4119,.T.);
#5973=ADVANCED_FACE('',(#3866,#3867),#4120,.T.);
#5974=ADVANCED_FACE('',(#3868),#4121,.T.);
#5975=ADVANCED_FACE('',(#3869,#3870),#4122,.T.);
#5976=ADVANCED_FACE('',(#3871),#42,.T.);
#5977=ADVANCED_FACE('',(#3872),#43,.T.);
#5978=ADVANCED_FACE('',(#3873),#44,.T.);
#5979=ADVANCED_FACE('',(#3874),#45,.F.);
#5980=ADVANCED_FACE('',(#3875),#46,.F.);
#5981=ADVANCED_FACE('',(#3876),#4123,.F.);
#5982=ADVANCED_FACE('',(#3877),#4124,.F.);
#5983=ADVANCED_FACE('',(#3878),#47,.T.);
#5984=ADVANCED_FACE('',(#3879),#48,.T.);
#5985=ADVANCED_FACE('',(#3880),#4125,.F.);
#5986=ADVANCED_FACE('',(#3881),#4126,.F.);
#5987=ADVANCED_FACE('',(#3882),#49,.T.);
#5988=ADVANCED_FACE('',(#3883),#50,.T.);
#5989=ADVANCED_FACE('',(#3884),#51,.F.);
#5990=ADVANCED_FACE('',(#3885),#4127,.F.);
#5991=ADVANCED_FACE('',(#3886),#52,.T.);
#5992=ADVANCED_FACE('',(#3887),#4128,.F.);
#5993=ADVANCED_FACE('',(#3888),#53,.T.);
#5994=ADVANCED_FACE('',(#3889),#54,.T.);
#5995=ADVANCED_FACE('',(#3890),#55,.T.);
#5996=ADVANCED_FACE('',(#3891,#3892,#3893),#4129,.F.);
#5997=ADVANCED_FACE('',(#3894,#3895,#3896),#4130,.F.);
#5998=ADVANCED_FACE('',(#3897),#56,.T.);
#5999=ADVANCED_FACE('',(#3898),#57,.T.);
#6000=ADVANCED_FACE('',(#3899),#4131,.F.);
#6001=ADVANCED_FACE('',(#3900),#4132,.F.);
#6002=ADVANCED_FACE('',(#3901),#58,.T.);
#6003=ADVANCED_FACE('',(#3902),#4133,.T.);
#6004=ADVANCED_FACE('',(#3903),#4134,.F.);
#6005=ADVANCED_FACE('',(#3904),#20,.T.);
#6006=ADVANCED_FACE('',(#3905),#59,.T.);
#6007=ADVANCED_FACE('',(#3906),#60,.T.);
#6008=ADVANCED_FACE('',(#3907),#21,.T.);
#6009=ADVANCED_FACE('',(#3908),#4135,.F.);
#6010=ADVANCED_FACE('',(#3909),#4136,.F.);
#6011=ADVANCED_FACE('',(#3910),#4137,.F.);
#6012=ADVANCED_FACE('',(#3911),#4138,.F.);
#6013=ADVANCED_FACE('',(#3912),#4139,.F.);
#6014=ADVANCED_FACE('',(#3913),#4140,.F.);
#6015=ADVANCED_FACE('',(#3914),#4141,.F.);
#6016=ADVANCED_FACE('',(#3915),#4142,.F.);
#6017=ADVANCED_FACE('',(#3916),#61,.T.);
#6018=ADVANCED_FACE('',(#3917),#4143,.F.);
#6019=ADVANCED_FACE('',(#3918),#22,.T.);
#6020=ADVANCED_FACE('',(#3919),#62,.T.);
#6021=ADVANCED_FACE('',(#3920),#23,.T.);
#6022=ADVANCED_FACE('',(#3921),#63,.T.);
#6023=ADVANCED_FACE('',(#3922),#18,.T.);
#6024=ADVANCED_FACE('',(#3923),#64,.T.);
#6025=ADVANCED_FACE('',(#3924),#24,.T.);
#6026=ADVANCED_FACE('',(#3925),#25,.T.);
#6027=ADVANCED_FACE('',(#3926),#65,.T.);
#6028=ADVANCED_FACE('',(#3927),#66,.T.);
#6029=ADVANCED_FACE('',(#3928),#26,.T.);
#6030=ADVANCED_FACE('',(#3929),#27,.T.);
#6031=ADVANCED_FACE('',(#3930),#67,.T.);
#6032=ADVANCED_FACE('',(#3931),#19,.T.);
#6033=ADVANCED_FACE('',(#3932),#68,.T.);
#6034=ADVANCED_FACE('',(#3933),#28,.T.);
#6035=ADVANCED_FACE('',(#3934),#69,.T.);
#6036=ADVANCED_FACE('',(#3935),#29,.T.);
#6037=ADVANCED_FACE('',(#3936),#4144,.F.);
#6038=ADVANCED_FACE('',(#3937),#4145,.F.);
#6039=ADVANCED_FACE('',(#3938),#4146,.F.);
#6040=ADVANCED_FACE('',(#3939),#4147,.F.);
#6041=ADVANCED_FACE('',(#3940),#70,.T.);
#6042=ADVANCED_FACE('',(#3941),#71,.T.);
#6043=ADVANCED_FACE('',(#3942),#72,.T.);
#6044=ADVANCED_FACE('',(#3943),#73,.F.);
#6045=ADVANCED_FACE('',(#3944),#74,.T.);
#6046=ADVANCED_FACE('',(#3945,#3946),#75,.F.);
#6047=ADVANCED_FACE('',(#3947),#4148,.T.);
#6048=ADVANCED_FACE('',(#3948,#3949),#76,.F.);
#6049=ADVANCED_FACE('',(#3950),#4149,.T.);
#6050=ADVANCED_FACE('',(#3951),#4150,.T.);
#6051=ADVANCED_FACE('',(#3952),#4151,.T.);
#6052=ADVANCED_FACE('',(#3953),#77,.F.);
#6053=ADVANCED_FACE('',(#3954),#78,.F.);
#6054=ADVANCED_FACE('',(#3955),#4152,.T.);
#6055=ADVANCED_FACE('',(#3956),#4153,.T.);
#6056=ADVANCED_FACE('',(#3957),#4154,.T.);
#6057=ADVANCED_FACE('',(#3958),#4155,.T.);
#6058=ADVANCED_FACE('',(#3959),#79,.F.);
#6059=ADVANCED_FACE('',(#3960),#80,.F.);
#6060=ADVANCED_FACE('',(#3961),#4156,.F.);
#6061=ADVANCED_FACE('',(#3962),#4157,.F.);
#6062=ADVANCED_FACE('',(#3963),#81,.T.);
#6063=ADVANCED_FACE('',(#3964),#4158,.F.);
#6064=ADVANCED_FACE('',(#3965),#4159,.F.);
#6065=ADVANCED_FACE('',(#3966),#4160,.F.);
#6066=ADVANCED_FACE('',(#3967),#4161,.T.);
#6067=ADVANCED_FACE('',(#3968),#82,.T.);
#6068=ADVANCED_FACE('',(#3969),#4162,.F.);
#6069=ADVANCED_FACE('',(#3970),#4163,.F.);
#6070=ADVANCED_FACE('',(#3971),#4164,.F.);
#6071=ADVANCED_FACE('',(#3972),#4165,.T.);
#6072=ADVANCED_FACE('',(#3973),#83,.T.);
#6073=ADVANCED_FACE('',(#3974),#4166,.T.);
#6074=ADVANCED_FACE('',(#3975),#4167,.T.);
#6075=ADVANCED_FACE('',(#3976),#4168,.T.);
#6076=ADVANCED_FACE('',(#3977),#4169,.F.);
#6077=ADVANCED_FACE('',(#3978),#84,.T.);
#6078=ADVANCED_FACE('',(#3979),#4170,.T.);
#6079=ADVANCED_FACE('',(#3980),#4171,.T.);
#6080=ADVANCED_FACE('',(#3981),#4172,.T.);
#6081=ADVANCED_FACE('',(#3982),#4173,.F.);
#6082=ADVANCED_FACE('',(#3983),#4174,.F.);
#6083=ADVANCED_FACE('',(#3984),#85,.F.);
#6084=ADVANCED_FACE('',(#3985),#4175,.F.);
#6085=ADVANCED_FACE('',(#3986),#86,.F.);
#6086=ADVANCED_FACE('',(#3987),#4176,.F.);
#6087=ADVANCED_FACE('',(#3988),#87,.T.);
#6088=ADVANCED_FACE('',(#3989),#4177,.F.);
#6089=ADVANCED_FACE('',(#3990),#4178,.F.);
#6090=ADVANCED_FACE('',(#3991),#4179,.F.);
#6091=ADVANCED_FACE('',(#3992),#4180,.F.);
#6092=ADVANCED_FACE('',(#3993),#4181,.F.);
#6093=ADVANCED_FACE('',(#3994),#4182,.F.);
#6094=ADVANCED_FACE('',(#3995),#88,.T.);
#6095=ADVANCED_FACE('',(#3996),#4183,.F.);
#6096=ADVANCED_FACE('',(#3997),#4184,.F.);
#6097=ADVANCED_FACE('',(#3998),#4185,.F.);
#6098=ADVANCED_FACE('',(#3999),#4186,.F.);
#6099=ADVANCED_FACE('',(#4000),#4187,.F.);
#6100=ADVANCED_FACE('',(#4001),#4188,.F.);
#6101=ADVANCED_FACE('',(#4002),#89,.F.);
#6102=ADVANCED_FACE('',(#4003),#90,.T.);
#6103=ADVANCED_FACE('',(#4004),#4189,.F.);
#6104=ADVANCED_FACE('',(#4005),#91,.F.);
#6105=ADVANCED_FACE('',(#4006),#4190,.T.);
#6106=ADVANCED_FACE('',(#4007),#4191,.F.);
#6107=ADVANCED_FACE('',(#4008),#12,.F.);
#6108=ADVANCED_FACE('',(#4009),#4192,.F.);
#6109=ADVANCED_FACE('',(#4010),#92,.F.);
#6110=ADVANCED_FACE('',(#4011),#4193,.F.);
#6111=ADVANCED_FACE('',(#4012),#93,.F.);
#6112=ADVANCED_FACE('',(#4013),#4194,.F.);
#6113=ADVANCED_FACE('',(#4014),#94,.T.);
#6114=ADVANCED_FACE('',(#4015),#4195,.F.);
#6115=ADVANCED_FACE('',(#4016),#4196,.F.);
#6116=ADVANCED_FACE('',(#4017),#4197,.F.);
#6117=ADVANCED_FACE('',(#4018),#4198,.F.);
#6118=ADVANCED_FACE('',(#4019),#4199,.F.);
#6119=ADVANCED_FACE('',(#4020),#4200,.F.);
#6120=ADVANCED_FACE('',(#4021),#95,.T.);
#6121=ADVANCED_FACE('',(#4022),#4201,.F.);
#6122=ADVANCED_FACE('',(#4023),#4202,.F.);
#6123=ADVANCED_FACE('',(#4024),#4203,.F.);
#6124=ADVANCED_FACE('',(#4025),#4204,.F.);
#6125=ADVANCED_FACE('',(#4026),#4205,.F.);
#6126=ADVANCED_FACE('',(#4027),#4206,.F.);
#6127=ADVANCED_FACE('',(#4028),#96,.F.);
#6128=ADVANCED_FACE('',(#4029),#97,.T.);
#6129=ADVANCED_FACE('',(#4030),#4207,.F.);
#6130=ADVANCED_FACE('',(#4031),#98,.F.);
#6131=ADVANCED_FACE('',(#4032),#4208,.T.);
#6132=ADVANCED_FACE('',(#4033),#4209,.F.);
#6133=ADVANCED_FACE('',(#4034),#13,.F.);
#6134=ADVANCED_FACE('',(#4035),#99,.F.);
#6135=ADVANCED_FACE('',(#4036),#4210,.F.);
#6136=ADVANCED_FACE('',(#4037),#100,.T.);
#6137=ADVANCED_FACE('',(#4038),#4211,.F.);
#6138=ADVANCED_FACE('',(#4039),#4212,.F.);
#6139=ADVANCED_FACE('',(#4040),#4213,.F.);
#6140=ADVANCED_FACE('',(#4041),#4214,.F.);
#6141=ADVANCED_FACE('',(#4042),#101,.F.);
#6142=ADVANCED_FACE('',(#4043),#4215,.T.);
#6143=ADVANCED_FACE('',(#4044),#4216,.F.);
#6144=ADVANCED_FACE('',(#4045),#4217,.F.);
#6145=ADVANCED_FACE('',(#4046),#4218,.F.);
#6146=ADVANCED_FACE('',(#4047),#4219,.F.);
#6147=ADVANCED_FACE('',(#4048),#102,.F.);
#6148=ADVANCED_FACE('',(#4049),#4220,.T.);
#6149=ADVANCED_FACE('',(#4050),#4221,.F.);
#6150=ADVANCED_FACE('',(#4051),#4222,.F.);
#6151=ADVANCED_FACE('',(#4052),#4223,.F.);
#6152=ADVANCED_FACE('',(#4053),#4224,.F.);
#6153=ADVANCED_FACE('',(#4054),#4225,.F.);
#6154=ADVANCED_FACE('',(#4055),#103,.T.);
#6155=ADVANCED_FACE('',(#4056),#104,.F.);
#6156=ADVANCED_FACE('',(#4057),#4226,.F.);
#6157=ADVANCED_FACE('',(#4058),#105,.T.);
#6158=ADVANCED_FACE('',(#4059),#4227,.F.);
#6159=ADVANCED_FACE('',(#4060),#4228,.F.);
#6160=ADVANCED_FACE('',(#4061),#4229,.F.);
#6161=ADVANCED_FACE('',(#4062),#4230,.F.);
#6162=ADVANCED_FACE('',(#4063),#106,.F.);
#6163=ADVANCED_FACE('',(#4064),#4231,.T.);
#6164=ADVANCED_FACE('',(#4065),#4232,.F.);
#6165=ADVANCED_FACE('',(#4066),#4233,.F.);
#6166=ADVANCED_FACE('',(#4067),#4234,.F.);
#6167=ADVANCED_FACE('',(#4068),#4235,.F.);
#6168=ADVANCED_FACE('',(#4069),#107,.F.);
#6169=ADVANCED_FACE('',(#4070),#4236,.T.);
#6170=ADVANCED_FACE('',(#4071),#4237,.F.);
#6171=ADVANCED_FACE('',(#4072),#4238,.F.);
#6172=ADVANCED_FACE('',(#4073),#4239,.F.);
#6173=ADVANCED_FACE('',(#4074),#4240,.F.);
#6174=ADVANCED_FACE('',(#4075),#4241,.F.);
#6175=ADVANCED_FACE('',(#4076),#108,.T.);
#6176=ADVANCED_FACE('',(#4077),#30,.T.);
#6177=ADVANCED_FACE('',(#4078),#109,.T.);
#6178=ADVANCED_FACE('',(#4079),#31,.T.);
#6179=ADVANCED_FACE('',(#4080),#32,.T.);
#6180=ADVANCED_FACE('',(#4081),#110,.T.);
#6181=ADVANCED_FACE('',(#4082),#111,.T.);
#6182=ADVANCED_FACE('',(#4083),#33,.T.);
#6183=ADVANCED_FACE('',(#4084),#112,.T.);
#6184=ADVANCED_FACE('',(#4085),#34,.T.);
#6185=ADVANCED_FACE('',(#4086),#35,.T.);
#6186=ADVANCED_FACE('',(#4087),#113,.T.);
#6187=ADVANCED_FACE('',(#4088),#114,.T.);
#6188=ADVANCED_FACE('',(#4089),#115,.T.);
#6189=ADVANCED_FACE('',(#4090),#14,.T.);
#6190=ADVANCED_FACE('',(#4091),#116,.T.);
#6191=ADVANCED_FACE('',(#4092),#36,.T.);
#6192=ADVANCED_FACE('',(#4093),#117,.T.);
#6193=ADVANCED_FACE('',(#4094),#37,.T.);
#6194=ADVANCED_FACE('',(#4095),#38,.T.);
#6195=ADVANCED_FACE('',(#4096),#118,.T.);
#6196=ADVANCED_FACE('',(#4097),#119,.T.);
#6197=ADVANCED_FACE('',(#4098),#39,.T.);
#6198=ADVANCED_FACE('',(#4099),#120,.T.);
#6199=ADVANCED_FACE('',(#4100),#40,.T.);
#6200=ADVANCED_FACE('',(#4101),#41,.T.);
#6201=ADVANCED_FACE('',(#4102),#121,.T.);
#6202=ADVANCED_FACE('',(#4103),#122,.T.);
#6203=ADVANCED_FACE('',(#4104),#123,.T.);
#6204=ADVANCED_FACE('',(#4105),#15,.T.);
#6205=ADVANCED_FACE('',(#4106),#124,.T.);
#6206=ADVANCED_FACE('',(#4107),#125,.T.);
#6207=ADVANCED_FACE('',(#4108),#16,.T.);
#6208=ADVANCED_FACE('',(#4109),#126,.T.);
#6209=ADVANCED_FACE('',(#4110),#127,.T.);
#6210=ADVANCED_FACE('',(#4111),#17,.T.);
#6211=ADVANCED_FACE('',(#4112),#128,.T.);
#6212=CLOSED_SHELL('',(#5966,#5967,#5968,#5969,#5970,#5971,#5972,#5973,
#5974,#5975,#5976,#5977,#5978,#5979,#5980,#5981,#5982,#5983,#5984,#5985,
#5986,#5987,#5988,#5989,#5990,#5991,#5992,#5993,#5994,#5995,#5996,#5997,
#5998,#5999,#6000,#6001,#6002,#6003,#6004,#6005,#6006,#6007,#6008,#6009,
#6010,#6011,#6012,#6013,#6014,#6015,#6016,#6017,#6018,#6019,#6020,#6021,
#6022,#6023,#6024,#6025,#6026,#6027,#6028,#6029,#6030,#6031,#6032,#6033,
#6034,#6035,#6036,#6037,#6038,#6039,#6040,#6041,#6042,#6043,#6044,#6045,
#6046,#6047,#6048,#6049,#6050,#6051,#6052,#6053,#6054,#6055,#6056,#6057,
#6058,#6059,#6060,#6061,#6062,#6063,#6064,#6065,#6066,#6067,#6068,#6069,
#6070,#6071,#6072,#6073,#6074,#6075,#6076,#6077,#6078,#6079,#6080,#6081,
#6082,#6083,#6084,#6085,#6086,#6087,#6088,#6089,#6090,#6091,#6092,#6093,
#6094,#6095,#6096,#6097,#6098,#6099,#6100,#6101,#6102,#6103,#6104,#6105,
#6106,#6107,#6108,#6109,#6110,#6111,#6112,#6113,#6114,#6115,#6116,#6117,
#6118,#6119,#6120,#6121,#6122,#6123,#6124,#6125,#6126,#6127,#6128,#6129,
#6130,#6131,#6132,#6133,#6134,#6135,#6136,#6137,#6138,#6139,#6140,#6141,
#6142,#6143,#6144,#6145,#6146,#6147,#6148,#6149,#6150,#6151,#6152,#6153,
#6154,#6155,#6156,#6157,#6158,#6159,#6160,#6161,#6162,#6163,#6164,#6165,
#6166,#6167,#6168,#6169,#6170,#6171,#6172,#6173,#6174,#6175,#6176,#6177,
#6178,#6179,#6180,#6181,#6182,#6183,#6184,#6185,#6186,#6187,#6188,#6189,
#6190,#6191,#6192,#6193,#6194,#6195,#6196,#6197,#6198,#6199,#6200,#6201,
#6202,#6203,#6204,#6205,#6206,#6207,#6208,#6209,#6210,#6211));
#6213=MANIFOLD_SOLID_BREP('2060-472/998-404',#6212);
#6214=SHAPE_DEFINITION_REPRESENTATION(#9431,#6215);
#6215=SHAPE_REPRESENTATION('2060-472/998-404',(#6216),#9426);
#6216=AXIS2_PLACEMENT_3D('',#8006,#6672,#6673);
#6217=AXIS2_PLACEMENT_3D('',#8007,#6674,#6675);
#6218=AXIS2_PLACEMENT_3D('',#8011,#6677,#6678);
#6219=AXIS2_PLACEMENT_3D('',#8015,#6680,#6681);
#6220=AXIS2_PLACEMENT_3D('',#8018,#6683,#6684);
#6221=AXIS2_PLACEMENT_3D('',#8019,#6685,#6686);
#6222=AXIS2_PLACEMENT_3D('',#8024,#6689,#6690);
#6223=AXIS2_PLACEMENT_3D('',#8028,#6692,#6693);
#6224=AXIS2_PLACEMENT_3D('',#8031,#6695,#6696);
#6225=AXIS2_PLACEMENT_3D('',#8032,#6697,#6698);
#6226=AXIS2_PLACEMENT_3D('',#8036,#6700,#6701);
#6227=AXIS2_PLACEMENT_3D('',#8040,#6703,#6704);
#6228=AXIS2_PLACEMENT_3D('',#8043,#6706,#6707);
#6229=AXIS2_PLACEMENT_3D('',#8044,#6708,#6709);
#6230=AXIS2_PLACEMENT_3D('',#8049,#6712,#6713);
#6231=AXIS2_PLACEMENT_3D('',#8053,#6715,#6716);
#6232=AXIS2_PLACEMENT_3D('',#8056,#6718,#6719);
#6233=AXIS2_PLACEMENT_3D('',#8057,#6720,#6721);
#6234=AXIS2_PLACEMENT_3D('',#8063,#6724,#6725);
#6235=AXIS2_PLACEMENT_3D('',#8077,#6732,#6733);
#6236=AXIS2_PLACEMENT_3D('',#8081,#6735,#6736);
#6237=AXIS2_PLACEMENT_3D('',#8085,#6738,#6739);
#6238=AXIS2_PLACEMENT_3D('',#8087,#6740,#6741);
#6239=AXIS2_PLACEMENT_3D('',#8090,#6743,#6744);
#6240=AXIS2_PLACEMENT_3D('',#8127,#6759,#6760);
#6241=AXIS2_PLACEMENT_3D('',#8133,#6763,#6764);
#6242=AXIS2_PLACEMENT_3D('',#8147,#6771,#6772);
#6243=AXIS2_PLACEMENT_3D('',#8151,#6774,#6775);
#6244=AXIS2_PLACEMENT_3D('',#8155,#6777,#6778);
#6245=AXIS2_PLACEMENT_3D('',#8157,#6779,#6780);
#6246=AXIS2_PLACEMENT_3D('',#8160,#6782,#6783);
#6247=AXIS2_PLACEMENT_3D('',#8197,#6798,#6799);
#6248=AXIS2_PLACEMENT_3D('',#8198,#6800,#6801);
#6249=AXIS2_PLACEMENT_3D('',#8203,#6803,#6804);
#6250=AXIS2_PLACEMENT_3D('',#8206,#6806,#6807);
#6251=AXIS2_PLACEMENT_3D('',#8211,#6810,#6811);
#6252=AXIS2_PLACEMENT_3D('',#8212,#6812,#6813);
#6253=AXIS2_PLACEMENT_3D('',#8217,#6816,#6817);
#6254=AXIS2_PLACEMENT_3D('',#8218,#6818,#6819);
#6255=AXIS2_PLACEMENT_3D('',#8225,#6820,#6821);
#6256=AXIS2_PLACEMENT_3D('',#8229,#6823,#6824);
#6257=AXIS2_PLACEMENT_3D('',#8232,#6826,#6827);
#6258=AXIS2_PLACEMENT_3D('',#8245,#6829,#6830);
#6259=AXIS2_PLACEMENT_3D('',#8248,#6832,#6833);
#6260=AXIS2_PLACEMENT_3D('',#8254,#6837,#6838);
#6261=AXIS2_PLACEMENT_3D('',#8258,#6841,#6842);
#6262=AXIS2_PLACEMENT_3D('',#8259,#6843,#6844);
#6263=AXIS2_PLACEMENT_3D('',#8263,#6846,#6847);
#6264=AXIS2_PLACEMENT_3D('',#8264,#6848,#6849);
#6265=AXIS2_PLACEMENT_3D('',#8265,#6850,#6851);
#6266=AXIS2_PLACEMENT_3D('',#8268,#6853,#6854);
#6267=AXIS2_PLACEMENT_3D('',#8274,#6858,#6859);
#6268=AXIS2_PLACEMENT_3D('',#8278,#6862,#6863);
#6269=AXIS2_PLACEMENT_3D('',#8279,#6864,#6865);
#6270=AXIS2_PLACEMENT_3D('',#8280,#6866,#6867);
#6271=AXIS2_PLACEMENT_3D('',#8281,#6868,#6869);
#6272=AXIS2_PLACEMENT_3D('',#8282,#6870,#6871);
#6273=AXIS2_PLACEMENT_3D('',#8283,#6872,#6873);
#6274=AXIS2_PLACEMENT_3D('',#8291,#6875,#6876);
#6275=AXIS2_PLACEMENT_3D('',#8294,#6878,#6879);
#6276=AXIS2_PLACEMENT_3D('',#8298,#6882,#6883);
#6277=AXIS2_PLACEMENT_3D('',#8299,#6884,#6885);
#6278=AXIS2_PLACEMENT_3D('',#8302,#6887,#6888);
#6279=AXIS2_PLACEMENT_3D('',#8306,#6891,#6892);
#6280=AXIS2_PLACEMENT_3D('',#8307,#6893,#6894);
#6281=AXIS2_PLACEMENT_3D('',#8308,#6895,#6896);
#6282=AXIS2_PLACEMENT_3D('',#8317,#6898,#6899);
#6283=AXIS2_PLACEMENT_3D('',#8339,#6902,#6903);
#6284=AXIS2_PLACEMENT_3D('',#8345,#6904,#6905);
#6285=AXIS2_PLACEMENT_3D('',#8354,#6907,#6908);
#6286=AXIS2_PLACEMENT_3D('',#8363,#6910,#6911);
#6287=AXIS2_PLACEMENT_3D('',#8364,#6912,#6913);
#6288=AXIS2_PLACEMENT_3D('',#8393,#6928,#6929);
#6289=AXIS2_PLACEMENT_3D('',#8422,#6944,#6945);
#6290=AXIS2_PLACEMENT_3D('',#8438,#6947,#6948);
#6291=AXIS2_PLACEMENT_3D('',#8454,#6950,#6951);
#6292=AXIS2_PLACEMENT_3D('',#8455,#6952,#6953);
#6293=AXIS2_PLACEMENT_3D('',#8459,#6955,#6956);
#6294=AXIS2_PLACEMENT_3D('',#8460,#6957,#6958);
#6295=AXIS2_PLACEMENT_3D('',#8461,#6959,#6960);
#6296=AXIS2_PLACEMENT_3D('',#8462,#6961,#6962);
#6297=AXIS2_PLACEMENT_3D('',#8463,#6963,#6964);
#6298=AXIS2_PLACEMENT_3D('',#8464,#6965,#6966);
#6299=AXIS2_PLACEMENT_3D('',#8465,#6967,#6968);
#6300=AXIS2_PLACEMENT_3D('',#8466,#6969,#6970);
#6301=AXIS2_PLACEMENT_3D('',#8475,#6972,#6973);
#6302=AXIS2_PLACEMENT_3D('',#8481,#6974,#6975);
#6303=AXIS2_PLACEMENT_3D('',#8489,#6979,#6980);
#6304=AXIS2_PLACEMENT_3D('',#8493,#6982,#6983);
#6305=AXIS2_PLACEMENT_3D('',#8497,#6985,#6986);
#6306=AXIS2_PLACEMENT_3D('',#8501,#6988,#6989);
#6307=AXIS2_PLACEMENT_3D('',#8503,#6990,#6991);
#6308=AXIS2_PLACEMENT_3D('',#8508,#6994,#6995);
#6309=AXIS2_PLACEMENT_3D('',#8518,#7000,#7001);
#6310=AXIS2_PLACEMENT_3D('',#8520,#7002,#7003);
#6311=AXIS2_PLACEMENT_3D('',#8524,#7005,#7006);
#6312=AXIS2_PLACEMENT_3D('',#8528,#7008,#7009);
#6313=AXIS2_PLACEMENT_3D('',#8532,#7011,#7012);
#6314=AXIS2_PLACEMENT_3D('',#8535,#7014,#7015);
#6315=AXIS2_PLACEMENT_3D('',#8536,#7016,#7017);
#6316=AXIS2_PLACEMENT_3D('',#8542,#7018,#7019);
#6317=AXIS2_PLACEMENT_3D('',#8550,#7021,#7022);
#6318=AXIS2_PLACEMENT_3D('',#8551,#7023,#7024);
#6319=AXIS2_PLACEMENT_3D('',#8552,#7025,#7026);
#6320=AXIS2_PLACEMENT_3D('',#8559,#7027,#7028);
#6321=AXIS2_PLACEMENT_3D('',#8562,#7030,#7031);
#6322=AXIS2_PLACEMENT_3D('',#8567,#7032,#7033);
#6323=AXIS2_PLACEMENT_3D('',#8574,#7037,#7038);
#6324=AXIS2_PLACEMENT_3D('',#8575,#7039,#7040);
#6325=AXIS2_PLACEMENT_3D('',#8582,#7044,#7045);
#6326=AXIS2_PLACEMENT_3D('',#8583,#7046,#7047);
#6327=AXIS2_PLACEMENT_3D('',#8584,#7048,#7049);
#6328=AXIS2_PLACEMENT_3D('',#8586,#7051,#7052);
#6329=AXIS2_PLACEMENT_3D('',#8588,#7054,#7055);
#6330=AXIS2_PLACEMENT_3D('',#8589,#7056,#7057);
#6331=AXIS2_PLACEMENT_3D('',#8601,#7067,#7068);
#6332=AXIS2_PLACEMENT_3D('',#8607,#7072,#7073);
#6333=AXIS2_PLACEMENT_3D('',#8609,#7075,#7076);
#6334=AXIS2_PLACEMENT_3D('',#8611,#7077,#7078);
#6335=AXIS2_PLACEMENT_3D('',#8613,#7079,#7080);
#6336=AXIS2_PLACEMENT_3D('',#8615,#7082,#7083);
#6337=AXIS2_PLACEMENT_3D('',#8616,#7084,#7085);
#6338=AXIS2_PLACEMENT_3D('',#8617,#7086,#7087);
#6339=AXIS2_PLACEMENT_3D('',#8619,#7089,#7090);
#6340=AXIS2_PLACEMENT_3D('',#8623,#7092,#7093);
#6341=AXIS2_PLACEMENT_3D('',#8624,#7094,#7095);
#6342=AXIS2_PLACEMENT_3D('',#8625,#7096,#7097);
#6343=AXIS2_PLACEMENT_3D('',#8626,#7098,#7099);
#6344=AXIS2_PLACEMENT_3D('',#8630,#7102,#7103);
#6345=AXIS2_PLACEMENT_3D('',#8634,#7105,#7106);
#6346=AXIS2_PLACEMENT_3D('',#8635,#7107,#7108);
#6347=AXIS2_PLACEMENT_3D('',#8638,#7110,#7111);
#6348=AXIS2_PLACEMENT_3D('',#8639,#7112,#7113);
#6349=AXIS2_PLACEMENT_3D('',#8640,#7114,#7115);
#6350=AXIS2_PLACEMENT_3D('',#8641,#7116,#7117);
#6351=AXIS2_PLACEMENT_3D('',#8642,#7118,#7119);
#6352=AXIS2_PLACEMENT_3D('',#8647,#7120,#7121);
#6353=AXIS2_PLACEMENT_3D('',#8648,#7122,#7123);
#6354=AXIS2_PLACEMENT_3D('',#8649,#7124,#7125);
#6355=AXIS2_PLACEMENT_3D('',#8650,#7126,#7127);
#6356=AXIS2_PLACEMENT_3D('',#8651,#7128,#7129);
#6357=AXIS2_PLACEMENT_3D('',#8652,#7130,#7131);
#6358=AXIS2_PLACEMENT_3D('',#8653,#7132,#7133);
#6359=AXIS2_PLACEMENT_3D('',#8654,#7134,#7135);
#6360=AXIS2_PLACEMENT_3D('',#8655,#7136,#7137);
#6361=AXIS2_PLACEMENT_3D('',#8656,#7138,#7139);
#6362=AXIS2_PLACEMENT_3D('',#8657,#7140,#7141);
#6363=AXIS2_PLACEMENT_3D('',#8658,#7142,#7143);
#6364=AXIS2_PLACEMENT_3D('',#8659,#7144,#7145);
#6365=AXIS2_PLACEMENT_3D('',#8660,#7146,#7147);
#6366=AXIS2_PLACEMENT_3D('',#8661,#7148,#7149);
#6367=AXIS2_PLACEMENT_3D('',#8662,#7150,#7151);
#6368=AXIS2_PLACEMENT_3D('',#8663,#7152,#7153);
#6369=AXIS2_PLACEMENT_3D('',#8664,#7154,#7155);
#6370=AXIS2_PLACEMENT_3D('',#8665,#7156,#7157);
#6371=AXIS2_PLACEMENT_3D('',#8666,#7158,#7159);
#6372=AXIS2_PLACEMENT_3D('',#8667,#7160,#7161);
#6373=AXIS2_PLACEMENT_3D('',#8668,#7162,#7163);
#6374=AXIS2_PLACEMENT_3D('',#8673,#7164,#7165);
#6375=AXIS2_PLACEMENT_3D('',#8674,#7166,#7167);
#6376=AXIS2_PLACEMENT_3D('',#8675,#7168,#7169);
#6377=AXIS2_PLACEMENT_3D('',#8676,#7170,#7171);
#6378=AXIS2_PLACEMENT_3D('',#8677,#7172,#7173);
#6379=AXIS2_PLACEMENT_3D('',#8678,#7174,#7175);
#6380=AXIS2_PLACEMENT_3D('',#8679,#7176,#7177);
#6381=AXIS2_PLACEMENT_3D('',#8680,#7178,#7179);
#6382=AXIS2_PLACEMENT_3D('',#8681,#7180,#7181);
#6383=AXIS2_PLACEMENT_3D('',#8682,#7182,#7183);
#6384=AXIS2_PLACEMENT_3D('',#8683,#7184,#7185);
#6385=AXIS2_PLACEMENT_3D('',#8684,#7186,#7187);
#6386=AXIS2_PLACEMENT_3D('',#8686,#7189,#7190);
#6387=AXIS2_PLACEMENT_3D('',#8688,#7192,#7193);
#6388=AXIS2_PLACEMENT_3D('',#8689,#7194,#7195);
#6389=AXIS2_PLACEMENT_3D('',#8690,#7196,#7197);
#6390=AXIS2_PLACEMENT_3D('',#8692,#7198,#7199);
#6391=AXIS2_PLACEMENT_3D('',#8693,#7200,#7201);
#6392=AXIS2_PLACEMENT_3D('',#8694,#7202,#7203);
#6393=AXIS2_PLACEMENT_3D('',#8696,#7204,#7205);
#6394=AXIS2_PLACEMENT_3D('',#8697,#7206,#7207);
#6395=AXIS2_PLACEMENT_3D('',#8702,#7210,#7211);
#6396=AXIS2_PLACEMENT_3D('',#8706,#7213,#7214);
#6397=AXIS2_PLACEMENT_3D('',#8707,#7215,#7216);
#6398=AXIS2_PLACEMENT_3D('',#8710,#7219,#7220);
#6399=AXIS2_PLACEMENT_3D('',#8712,#7222,#7223);
#6400=AXIS2_PLACEMENT_3D('',#8713,#7224,#7225);
#6401=AXIS2_PLACEMENT_3D('',#8721,#7230,#7231);
#6402=AXIS2_PLACEMENT_3D('',#8722,#7232,#7233);
#6403=AXIS2_PLACEMENT_3D('',#8727,#7236,#7237);
#6404=AXIS2_PLACEMENT_3D('',#8731,#7239,#7240);
#6405=AXIS2_PLACEMENT_3D('',#8732,#7241,#7242);
#6406=AXIS2_PLACEMENT_3D('',#8741,#7248,#7249);
#6407=AXIS2_PLACEMENT_3D('',#8742,#7250,#7251);
#6408=AXIS2_PLACEMENT_3D('',#8745,#7254,#7255);
#6409=AXIS2_PLACEMENT_3D('',#8746,#7256,#7257);
#6410=AXIS2_PLACEMENT_3D('',#8747,#7258,#7259);
#6411=AXIS2_PLACEMENT_3D('',#8748,#7260,#7261);
#6412=AXIS2_PLACEMENT_3D('',#8749,#7262,#7263);
#6413=AXIS2_PLACEMENT_3D('',#8752,#7265,#7266);
#6414=AXIS2_PLACEMENT_3D('',#8755,#7268,#7269);
#6415=AXIS2_PLACEMENT_3D('',#8757,#7271,#7272);
#6416=AXIS2_PLACEMENT_3D('',#8761,#7275,#7276);
#6417=AXIS2_PLACEMENT_3D('',#8763,#7278,#7279);
#6418=AXIS2_PLACEMENT_3D('',#8764,#7280,#7281);
#6419=AXIS2_PLACEMENT_3D('',#8767,#7283,#7284);
#6420=AXIS2_PLACEMENT_3D('',#8770,#7286,#7287);
#6421=AXIS2_PLACEMENT_3D('',#8772,#7289,#7290);
#6422=AXIS2_PLACEMENT_3D('',#8776,#7293,#7294);
#6423=AXIS2_PLACEMENT_3D('',#8778,#7296,#7297);
#6424=AXIS2_PLACEMENT_3D('',#8779,#7298,#7299);
#6425=AXIS2_PLACEMENT_3D('',#8782,#7301,#7302);
#6426=AXIS2_PLACEMENT_3D('',#8785,#7304,#7305);
#6427=AXIS2_PLACEMENT_3D('',#8787,#7307,#7308);
#6428=AXIS2_PLACEMENT_3D('',#8791,#7311,#7312);
#6429=AXIS2_PLACEMENT_3D('',#8793,#7314,#7315);
#6430=AXIS2_PLACEMENT_3D('',#8794,#7316,#7317);
#6431=AXIS2_PLACEMENT_3D('',#8797,#7319,#7320);
#6432=AXIS2_PLACEMENT_3D('',#8800,#7322,#7323);
#6433=AXIS2_PLACEMENT_3D('',#8802,#7325,#7326);
#6434=AXIS2_PLACEMENT_3D('',#8806,#7329,#7330);
#6435=AXIS2_PLACEMENT_3D('',#8808,#7332,#7333);
#6436=AXIS2_PLACEMENT_3D('',#8809,#7334,#7335);
#6437=AXIS2_PLACEMENT_3D('',#8815,#7339,#7340);
#6438=AXIS2_PLACEMENT_3D('',#8816,#7341,#7342);
#6439=AXIS2_PLACEMENT_3D('',#8820,#7344,#7345);
#6440=AXIS2_PLACEMENT_3D('',#8821,#7346,#7347);
#6441=AXIS2_PLACEMENT_3D('',#8827,#7351,#7352);
#6442=AXIS2_PLACEMENT_3D('',#8828,#7353,#7354);
#6443=AXIS2_PLACEMENT_3D('',#8832,#7356,#7357);
#6444=AXIS2_PLACEMENT_3D('',#8833,#7358,#7359);
#6445=AXIS2_PLACEMENT_3D('',#8839,#7363,#7364);
#6446=AXIS2_PLACEMENT_3D('',#8840,#7365,#7366);
#6447=AXIS2_PLACEMENT_3D('',#8844,#7368,#7369);
#6448=AXIS2_PLACEMENT_3D('',#8845,#7370,#7371);
#6449=AXIS2_PLACEMENT_3D('',#8851,#7375,#7376);
#6450=AXIS2_PLACEMENT_3D('',#8857,#7380,#7381);
#6451=AXIS2_PLACEMENT_3D('',#8863,#7385,#7386);
#6452=AXIS2_PLACEMENT_3D('',#8869,#7390,#7391);
#6453=AXIS2_PLACEMENT_3D('',#8873,#7393,#7394);
#6454=AXIS2_PLACEMENT_3D('',#8878,#7397,#7398);
#6455=AXIS2_PLACEMENT_3D('',#8879,#7399,#7400);
#6456=AXIS2_PLACEMENT_3D('',#8885,#7404,#7405);
#6457=AXIS2_PLACEMENT_3D('',#8889,#7407,#7408);
#6458=AXIS2_PLACEMENT_3D('',#8890,#7409,#7410);
#6459=AXIS2_PLACEMENT_3D('',#8891,#7411,#7412);
#6460=AXIS2_PLACEMENT_3D('',#8897,#7416,#7417);
#6461=AXIS2_PLACEMENT_3D('',#8898,#7418,#7419);
#6462=AXIS2_PLACEMENT_3D('',#8899,#7420,#7421);
#6463=AXIS2_PLACEMENT_3D('',#8905,#7424,#7425);
#6464=AXIS2_PLACEMENT_3D('',#8906,#7426,#7427);
#6465=AXIS2_PLACEMENT_3D('',#8910,#7429,#7430);
#6466=AXIS2_PLACEMENT_3D('',#8912,#7432,#7433);
#6467=AXIS2_PLACEMENT_3D('',#8915,#7435,#7436);
#6468=AXIS2_PLACEMENT_3D('',#8919,#7438,#7439);
#6469=AXIS2_PLACEMENT_3D('',#8920,#7440,#7441);
#6470=AXIS2_PLACEMENT_3D('',#8926,#7445,#7446);
#6471=AXIS2_PLACEMENT_3D('',#8927,#7447,#7448);
#6472=AXIS2_PLACEMENT_3D('',#8933,#7452,#7453);
#6473=AXIS2_PLACEMENT_3D('',#8934,#7454,#7455);
#6474=AXIS2_PLACEMENT_3D('',#8938,#7457,#7458);
#6475=AXIS2_PLACEMENT_3D('',#8939,#7459,#7460);
#6476=AXIS2_PLACEMENT_3D('',#8940,#7461,#7462);
#6477=AXIS2_PLACEMENT_3D('',#8944,#7464,#7465);
#6478=AXIS2_PLACEMENT_3D('',#8945,#7466,#7467);
#6479=AXIS2_PLACEMENT_3D('',#8951,#7471,#7472);
#6480=AXIS2_PLACEMENT_3D('',#8952,#7473,#7474);
#6481=AXIS2_PLACEMENT_3D('',#8953,#7475,#7476);
#6482=AXIS2_PLACEMENT_3D('',#8954,#7477,#7478);
#6483=AXIS2_PLACEMENT_3D('',#8959,#7481,#7482);
#6484=AXIS2_PLACEMENT_3D('',#8961,#7483,#7484);
#6485=AXIS2_PLACEMENT_3D('',#8965,#7486,#7487);
#6486=AXIS2_PLACEMENT_3D('',#8969,#7490,#7491);
#6487=AXIS2_PLACEMENT_3D('',#8977,#7496,#7497);
#6488=AXIS2_PLACEMENT_3D('',#8981,#7499,#7500);
#6489=AXIS2_PLACEMENT_3D('',#8983,#7501,#7502);
#6490=AXIS2_PLACEMENT_3D('',#8984,#7503,#7504);
#6491=AXIS2_PLACEMENT_3D('',#8985,#7505,#7506);
#6492=AXIS2_PLACEMENT_3D('',#8991,#7510,#7511);
#6493=AXIS2_PLACEMENT_3D('',#8992,#7512,#7513);
#6494=AXIS2_PLACEMENT_3D('',#8996,#7515,#7516);
#6495=AXIS2_PLACEMENT_3D('',#8997,#7517,#7518);
#6496=AXIS2_PLACEMENT_3D('',#9003,#7522,#7523);
#6497=AXIS2_PLACEMENT_3D('',#9004,#7524,#7525);
#6498=AXIS2_PLACEMENT_3D('',#9008,#7527,#7528);
#6499=AXIS2_PLACEMENT_3D('',#9009,#7529,#7530);
#6500=AXIS2_PLACEMENT_3D('',#9015,#7534,#7535);
#6501=AXIS2_PLACEMENT_3D('',#9016,#7536,#7537);
#6502=AXIS2_PLACEMENT_3D('',#9020,#7539,#7540);
#6503=AXIS2_PLACEMENT_3D('',#9021,#7541,#7542);
#6504=AXIS2_PLACEMENT_3D('',#9027,#7546,#7547);
#6505=AXIS2_PLACEMENT_3D('',#9033,#7551,#7552);
#6506=AXIS2_PLACEMENT_3D('',#9039,#7556,#7557);
#6507=AXIS2_PLACEMENT_3D('',#9045,#7561,#7562);
#6508=AXIS2_PLACEMENT_3D('',#9048,#7564,#7565);
#6509=AXIS2_PLACEMENT_3D('',#9052,#7567,#7568);
#6510=AXIS2_PLACEMENT_3D('',#9055,#7570,#7571);
#6511=AXIS2_PLACEMENT_3D('',#9061,#7575,#7576);
#6512=AXIS2_PLACEMENT_3D('',#9062,#7577,#7578);
#6513=AXIS2_PLACEMENT_3D('',#9066,#7580,#7581);
#6514=AXIS2_PLACEMENT_3D('',#9067,#7582,#7583);
#6515=AXIS2_PLACEMENT_3D('',#9072,#7586,#7587);
#6516=AXIS2_PLACEMENT_3D('',#9074,#7589,#7590);
#6517=AXIS2_PLACEMENT_3D('',#9075,#7591,#7592);
#6518=AXIS2_PLACEMENT_3D('',#9081,#7595,#7596);
#6519=AXIS2_PLACEMENT_3D('',#9082,#7597,#7598);
#6520=AXIS2_PLACEMENT_3D('',#9086,#7600,#7601);
#6521=AXIS2_PLACEMENT_3D('',#9088,#7603,#7604);
#6522=AXIS2_PLACEMENT_3D('',#9091,#7606,#7607);
#6523=AXIS2_PLACEMENT_3D('',#9095,#7609,#7610);
#6524=AXIS2_PLACEMENT_3D('',#9096,#7611,#7612);
#6525=AXIS2_PLACEMENT_3D('',#9102,#7616,#7617);
#6526=AXIS2_PLACEMENT_3D('',#9103,#7618,#7619);
#6527=AXIS2_PLACEMENT_3D('',#9109,#7623,#7624);
#6528=AXIS2_PLACEMENT_3D('',#9110,#7625,#7626);
#6529=AXIS2_PLACEMENT_3D('',#9114,#7628,#7629);
#6530=AXIS2_PLACEMENT_3D('',#9115,#7630,#7631);
#6531=AXIS2_PLACEMENT_3D('',#9116,#7632,#7633);
#6532=AXIS2_PLACEMENT_3D('',#9120,#7635,#7636);
#6533=AXIS2_PLACEMENT_3D('',#9121,#7637,#7638);
#6534=AXIS2_PLACEMENT_3D('',#9127,#7642,#7643);
#6535=AXIS2_PLACEMENT_3D('',#9128,#7644,#7645);
#6536=AXIS2_PLACEMENT_3D('',#9129,#7646,#7647);
#6537=AXIS2_PLACEMENT_3D('',#9130,#7648,#7649);
#6538=AXIS2_PLACEMENT_3D('',#9135,#7652,#7653);
#6539=AXIS2_PLACEMENT_3D('',#9137,#7654,#7655);
#6540=AXIS2_PLACEMENT_3D('',#9141,#7657,#7658);
#6541=AXIS2_PLACEMENT_3D('',#9145,#7661,#7662);
#6542=AXIS2_PLACEMENT_3D('',#9153,#7667,#7668);
#6543=AXIS2_PLACEMENT_3D('',#9157,#7670,#7671);
#6544=AXIS2_PLACEMENT_3D('',#9159,#7672,#7673);
#6545=AXIS2_PLACEMENT_3D('',#9160,#7674,#7675);
#6546=AXIS2_PLACEMENT_3D('',#9161,#7676,#7677);
#6547=AXIS2_PLACEMENT_3D('',#9162,#7678,#7679);
#6548=AXIS2_PLACEMENT_3D('',#9167,#7681,#7682);
#6549=AXIS2_PLACEMENT_3D('',#9170,#7684,#7685);
#6550=AXIS2_PLACEMENT_3D('',#9176,#7689,#7690);
#6551=AXIS2_PLACEMENT_3D('',#9177,#7691,#7692);
#6552=AXIS2_PLACEMENT_3D('',#9181,#7694,#7695);
#6553=AXIS2_PLACEMENT_3D('',#9182,#7696,#7697);
#6554=AXIS2_PLACEMENT_3D('',#9188,#7701,#7702);
#6555=AXIS2_PLACEMENT_3D('',#9194,#7706,#7707);
#6556=AXIS2_PLACEMENT_3D('',#9200,#7711,#7712);
#6557=AXIS2_PLACEMENT_3D('',#9206,#7716,#7717);
#6558=AXIS2_PLACEMENT_3D('',#9207,#7718,#7719);
#6559=AXIS2_PLACEMENT_3D('',#9211,#7721,#7722);
#6560=AXIS2_PLACEMENT_3D('',#9212,#7723,#7724);
#6561=AXIS2_PLACEMENT_3D('',#9215,#7727,#7728);
#6562=AXIS2_PLACEMENT_3D('',#9218,#7731,#7732);
#6563=AXIS2_PLACEMENT_3D('',#9219,#7733,#7734);
#6564=AXIS2_PLACEMENT_3D('',#9220,#7735,#7736);
#6565=AXIS2_PLACEMENT_3D('',#9226,#7740,#7741);
#6566=AXIS2_PLACEMENT_3D('',#9227,#7742,#7743);
#6567=AXIS2_PLACEMENT_3D('',#9231,#7745,#7746);
#6568=AXIS2_PLACEMENT_3D('',#9232,#7747,#7748);
#6569=AXIS2_PLACEMENT_3D('',#9241,#7753,#7754);
#6570=AXIS2_PLACEMENT_3D('',#9242,#7755,#7756);
#6571=AXIS2_PLACEMENT_3D('',#9243,#7757,#7758);
#6572=AXIS2_PLACEMENT_3D('',#9252,#7763,#7764);
#6573=AXIS2_PLACEMENT_3D('',#9254,#7766,#7767);
#6574=AXIS2_PLACEMENT_3D('',#9256,#7769,#7770);
#6575=AXIS2_PLACEMENT_3D('',#9258,#7772,#7773);
#6576=AXIS2_PLACEMENT_3D('',#9260,#7775,#7776);
#6577=AXIS2_PLACEMENT_3D('',#9261,#7777,#7778);
#6578=AXIS2_PLACEMENT_3D('',#9262,#7779,#7780);
#6579=AXIS2_PLACEMENT_3D('',#9267,#7782,#7783);
#6580=AXIS2_PLACEMENT_3D('',#9270,#7785,#7786);
#6581=AXIS2_PLACEMENT_3D('',#9276,#7790,#7791);
#6582=AXIS2_PLACEMENT_3D('',#9277,#7792,#7793);
#6583=AXIS2_PLACEMENT_3D('',#9281,#7795,#7796);
#6584=AXIS2_PLACEMENT_3D('',#9282,#7797,#7798);
#6585=AXIS2_PLACEMENT_3D('',#9288,#7802,#7803);
#6586=AXIS2_PLACEMENT_3D('',#9294,#7807,#7808);
#6587=AXIS2_PLACEMENT_3D('',#9300,#7812,#7813);
#6588=AXIS2_PLACEMENT_3D('',#9306,#7817,#7818);
#6589=AXIS2_PLACEMENT_3D('',#9307,#7819,#7820);
#6590=AXIS2_PLACEMENT_3D('',#9311,#7822,#7823);
#6591=AXIS2_PLACEMENT_3D('',#9312,#7824,#7825);
#6592=AXIS2_PLACEMENT_3D('',#9315,#7828,#7829);
#6593=AXIS2_PLACEMENT_3D('',#9318,#7832,#7833);
#6594=AXIS2_PLACEMENT_3D('',#9319,#7834,#7835);
#6595=AXIS2_PLACEMENT_3D('',#9320,#7836,#7837);
#6596=AXIS2_PLACEMENT_3D('',#9326,#7841,#7842);
#6597=AXIS2_PLACEMENT_3D('',#9327,#7843,#7844);
#6598=AXIS2_PLACEMENT_3D('',#9331,#7846,#7847);
#6599=AXIS2_PLACEMENT_3D('',#9332,#7848,#7849);
#6600=AXIS2_PLACEMENT_3D('',#9341,#7854,#7855);
#6601=AXIS2_PLACEMENT_3D('',#9342,#7856,#7857);
#6602=AXIS2_PLACEMENT_3D('',#9343,#7858,#7859);
#6603=AXIS2_PLACEMENT_3D('',#9352,#7864,#7865);
#6604=AXIS2_PLACEMENT_3D('',#9354,#7867,#7868);
#6605=AXIS2_PLACEMENT_3D('',#9356,#7870,#7871);
#6606=AXIS2_PLACEMENT_3D('',#9358,#7873,#7874);
#6607=AXIS2_PLACEMENT_3D('',#9360,#7876,#7877);
#6608=AXIS2_PLACEMENT_3D('',#9361,#7878,#7879);
#6609=AXIS2_PLACEMENT_3D('',#9362,#7880,#7881);
#6610=AXIS2_PLACEMENT_3D('',#9363,#7882,#7883);
#6611=AXIS2_PLACEMENT_3D('',#9364,#7884,#7885);
#6612=AXIS2_PLACEMENT_3D('',#9365,#7886,#7887);
#6613=AXIS2_PLACEMENT_3D('',#9366,#7888,#7889);
#6614=AXIS2_PLACEMENT_3D('',#9367,#7890,#7891);
#6615=AXIS2_PLACEMENT_3D('',#9368,#7892,#7893);
#6616=AXIS2_PLACEMENT_3D('',#9369,#7894,#7895);
#6617=AXIS2_PLACEMENT_3D('',#9370,#7896,#7897);
#6618=AXIS2_PLACEMENT_3D('',#9371,#7898,#7899);
#6619=AXIS2_PLACEMENT_3D('',#9372,#7900,#7901);
#6620=AXIS2_PLACEMENT_3D('',#9373,#7902,#7903);
#6621=AXIS2_PLACEMENT_3D('',#9374,#7904,#7905);
#6622=AXIS2_PLACEMENT_3D('',#9375,#7906,#7907);
#6623=AXIS2_PLACEMENT_3D('',#9376,#7908,#7909);
#6624=AXIS2_PLACEMENT_3D('',#9377,#7910,#7911);
#6625=AXIS2_PLACEMENT_3D('',#9378,#7912,#7913);
#6626=AXIS2_PLACEMENT_3D('',#9379,#7914,#7915);
#6627=AXIS2_PLACEMENT_3D('',#9380,#7916,#7917);
#6628=AXIS2_PLACEMENT_3D('',#9381,#7918,#7919);
#6629=AXIS2_PLACEMENT_3D('',#9382,#7920,#7921);
#6630=AXIS2_PLACEMENT_3D('',#9383,#7922,#7923);
#6631=AXIS2_PLACEMENT_3D('',#9384,#7924,#7925);
#6632=AXIS2_PLACEMENT_3D('',#9385,#7926,#7927);
#6633=AXIS2_PLACEMENT_3D('',#9386,#7928,#7929);
#6634=AXIS2_PLACEMENT_3D('',#9387,#7930,#7931);
#6635=AXIS2_PLACEMENT_3D('',#9388,#7932,#7933);
#6636=AXIS2_PLACEMENT_3D('',#9389,#7934,#7935);
#6637=AXIS2_PLACEMENT_3D('',#9390,#7936,#7937);
#6638=AXIS2_PLACEMENT_3D('',#9391,#7938,#7939);
#6639=AXIS2_PLACEMENT_3D('',#9392,#7940,#7941);
#6640=AXIS2_PLACEMENT_3D('',#9393,#7942,#7943);
#6641=AXIS2_PLACEMENT_3D('',#9394,#7944,#7945);
#6642=AXIS2_PLACEMENT_3D('',#9395,#7946,#7947);
#6643=AXIS2_PLACEMENT_3D('',#9396,#7948,#7949);
#6644=AXIS2_PLACEMENT_3D('',#9397,#7950,#7951);
#6645=AXIS2_PLACEMENT_3D('',#9398,#7952,#7953);
#6646=AXIS2_PLACEMENT_3D('',#9399,#7954,#7955);
#6647=AXIS2_PLACEMENT_3D('',#9400,#7956,#7957);
#6648=AXIS2_PLACEMENT_3D('',#9401,#7958,#7959);
#6649=AXIS2_PLACEMENT_3D('',#9402,#7960,#7961);
#6650=AXIS2_PLACEMENT_3D('',#9403,#7962,#7963);
#6651=AXIS2_PLACEMENT_3D('',#9404,#7964,#7965);
#6652=AXIS2_PLACEMENT_3D('',#9405,#7966,#7967);
#6653=AXIS2_PLACEMENT_3D('',#9406,#7968,#7969);
#6654=AXIS2_PLACEMENT_3D('',#9407,#7970,#7971);
#6655=AXIS2_PLACEMENT_3D('',#9408,#7972,#7973);
#6656=AXIS2_PLACEMENT_3D('',#9409,#7974,#7975);
#6657=AXIS2_PLACEMENT_3D('',#9410,#7976,#7977);
#6658=AXIS2_PLACEMENT_3D('',#9411,#7978,#7979);
#6659=AXIS2_PLACEMENT_3D('',#9412,#7980,#7981);
#6660=AXIS2_PLACEMENT_3D('',#9413,#7982,#7983);
#6661=AXIS2_PLACEMENT_3D('',#9414,#7984,#7985);
#6662=AXIS2_PLACEMENT_3D('',#9415,#7986,#7987);
#6663=AXIS2_PLACEMENT_3D('',#9416,#7988,#7989);
#6664=AXIS2_PLACEMENT_3D('',#9417,#7990,#7991);
#6665=AXIS2_PLACEMENT_3D('',#9418,#7992,#7993);
#6666=AXIS2_PLACEMENT_3D('',#9419,#7994,#7995);
#6667=AXIS2_PLACEMENT_3D('',#9420,#7996,#7997);
#6668=AXIS2_PLACEMENT_3D('',#9421,#7998,#7999);
#6669=AXIS2_PLACEMENT_3D('',#9422,#8000,#8001);
#6670=AXIS2_PLACEMENT_3D('',#9423,#8002,#8003);
#6671=AXIS2_PLACEMENT_3D('',#9424,#8004,#8005);
#6672=DIRECTION('',(0.,0.,1.));
#6673=DIRECTION('',(1.,0.,0.));
#6674=DIRECTION('',(0.956304755963037,-0.292371704722733,0.));
#6675=DIRECTION('',(0.292371704722733,0.956304755963037,0.));
#6676=DIRECTION('',(-0.292371704722733,-0.956304755963037,0.));
#6677=DIRECTION('',(0.956304755963037,-0.292371704722733,0.));
#6678=DIRECTION('',(0.292371704722733,0.956304755963037,0.));
#6679=DIRECTION('',(0.,0.,-1.));
#6680=DIRECTION('',(0.956304755963037,-0.292371704722733,0.));
#6681=DIRECTION('',(0.292371704722733,0.956304755963037,0.));
#6682=DIRECTION('',(0.,0.,-1.));
#6683=DIRECTION('',(0.052335956242943,-0.998629534754574,0.));
#6684=DIRECTION('',(0.998629534754574,0.052335956242943,0.));
#6685=DIRECTION('',(0.052335956242943,-0.998629534754574,0.));
#6686=DIRECTION('',(0.998629534754574,0.052335956242943,0.));
#6687=DIRECTION('',(0.,0.,-1.));
#6688=DIRECTION('',(-0.998629534754574,-0.052335956242943,0.));
#6689=DIRECTION('',(-0.92050485345244,-0.390731128489275,0.));
#6690=DIRECTION('',(0.390731128489275,-0.92050485345244,0.));
#6691=DIRECTION('',(0.,0.,-1.));
#6692=DIRECTION('',(-0.92050485345244,-0.390731128489275,0.));
#6693=DIRECTION('',(0.390731128489275,-0.92050485345244,0.));
#6694=DIRECTION('',(-0.390731128489274,0.92050485345244,0.));
#6695=DIRECTION('',(-0.92050485345244,-0.390731128489275,0.));
#6696=DIRECTION('',(0.390731128489275,-0.92050485345244,0.));
#6697=DIRECTION('',(0.956304755963037,-0.292371704722733,0.));
#6698=DIRECTION('',(0.292371704722733,0.956304755963037,0.));
#6699=DIRECTION('',(-0.292371704722733,-0.956304755963037,0.));
#6700=DIRECTION('',(0.956304755963037,-0.292371704722733,0.));
#6701=DIRECTION('',(0.292371704722733,0.956304755963037,0.));
#6702=DIRECTION('',(0.,0.,-1.));
#6703=DIRECTION('',(0.956304755963037,-0.292371704722733,0.));
#6704=DIRECTION('',(0.292371704722733,0.956304755963037,0.));
#6705=DIRECTION('',(0.,0.,-1.));
#6706=DIRECTION('',(0.052335956242943,-0.998629534754574,0.));
#6707=DIRECTION('',(0.998629534754574,0.052335956242943,0.));
#6708=DIRECTION('',(0.052335956242943,-0.998629534754574,0.));
#6709=DIRECTION('',(0.998629534754574,0.052335956242943,0.));
#6710=DIRECTION('',(0.,0.,-1.));
#6711=DIRECTION('',(-0.998629534754574,-0.052335956242943,0.));
#6712=DIRECTION('',(-0.92050485345244,-0.390731128489275,0.));
#6713=DIRECTION('',(0.390731128489275,-0.92050485345244,0.));
#6714=DIRECTION('',(0.,0.,-1.));
#6715=DIRECTION('',(-0.92050485345244,-0.390731128489275,0.));
#6716=DIRECTION('',(0.390731128489275,-0.92050485345244,0.));
#6717=DIRECTION('',(-0.390731128489274,0.92050485345244,0.));
#6718=DIRECTION('',(-0.92050485345244,-0.390731128489275,0.));
#6719=DIRECTION('',(0.390731128489275,-0.92050485345244,0.));
#6720=DIRECTION('',(0.,0.,1.));
#6721=DIRECTION('',(1.,0.,0.));
#6722=DIRECTION('',(-1.,0.,-2.62306977214235E-17));
#6723=DIRECTION('',(0.,-1.,0.));
#6724=DIRECTION('',(0.,0.,1.));
#6725=DIRECTION('',(1.,0.,0.));
#6726=DIRECTION('',(-0.998629534754574,-0.0523359562429438,0.));
#6727=DIRECTION('',(0.,1.,0.));
#6728=DIRECTION('',(-1.,0.,-2.62306977214235E-17));
#6729=DIRECTION('',(0.,1.,0.));
#6730=DIRECTION('',(-1.,0.,0.));
#6731=DIRECTION('',(0.,-1.,0.));
#6732=DIRECTION('',(0.,0.,1.));
#6733=DIRECTION('',(1.,0.,0.));
#6734=DIRECTION('',(-0.499999999999998,0.86602540378444,0.));
#6735=DIRECTION('',(0.,0.,1.));
#6736=DIRECTION('',(1.,0.,0.));
#6737=DIRECTION('',(-1.,0.,0.));
#6738=DIRECTION('',(0.,0.,1.));
#6739=DIRECTION('',(1.,0.,0.));
#6740=DIRECTION('',(0.,0.,1.));
#6741=DIRECTION('',(1.,0.,0.));
#6742=DIRECTION('',(0.,1.,0.));
#6743=DIRECTION('',(0.,1.,0.));
#6744=DIRECTION('',(0.,0.,1.));
#6745=DIRECTION('',(1.,0.,0.));
#6746=DIRECTION('',(0.,0.,-1.));
#6747=DIRECTION('',(1.,0.,0.));
#6748=DIRECTION('',(0.,0.,1.));
#6749=DIRECTION('',(0.,0.,1.));
#6750=DIRECTION('',(1.,0.,0.));
#6751=DIRECTION('',(0.,0.,1.));
#6752=DIRECTION('',(1.,0.,0.));
#6753=DIRECTION('',(0.,0.,-1.));
#6754=DIRECTION('',(1.,0.,0.));
#6755=DIRECTION('',(0.,0.,-1.));
#6756=DIRECTION('',(0.,0.,1.));
#6757=DIRECTION('',(1.,0.,0.));
#6758=DIRECTION('',(0.,0.,-1.));
#6759=DIRECTION('',(0.,0.,1.));
#6760=DIRECTION('',(1.,0.,0.));
#6761=DIRECTION('',(-1.,0.,-2.62306977214235E-17));
#6762=DIRECTION('',(0.,-1.,0.));
#6763=DIRECTION('',(0.,0.,1.));
#6764=DIRECTION('',(1.,0.,0.));
#6765=DIRECTION('',(-0.998629534754574,-0.0523359562429438,0.));
#6766=DIRECTION('',(0.,1.,0.));
#6767=DIRECTION('',(-1.,0.,-2.62306977214235E-17));
#6768=DIRECTION('',(0.,1.,0.));
#6769=DIRECTION('',(-1.,0.,0.));
#6770=DIRECTION('',(0.,-1.,0.));
#6771=DIRECTION('',(0.,0.,1.));
#6772=DIRECTION('',(1.,0.,0.));
#6773=DIRECTION('',(-0.499999999999998,0.86602540378444,0.));
#6774=DIRECTION('',(0.,0.,1.));
#6775=DIRECTION('',(1.,0.,0.));
#6776=DIRECTION('',(-1.,0.,0.));
#6777=DIRECTION('',(0.,0.,1.));
#6778=DIRECTION('',(1.,0.,0.));
#6779=DIRECTION('',(0.,0.,1.));
#6780=DIRECTION('',(1.,0.,0.));
#6781=DIRECTION('',(0.,1.,0.));
#6782=DIRECTION('',(0.,1.,0.));
#6783=DIRECTION('',(0.,0.,1.));
#6784=DIRECTION('',(1.,0.,0.));
#6785=DIRECTION('',(0.,0.,-1.));
#6786=DIRECTION('',(1.,0.,0.));
#6787=DIRECTION('',(0.,0.,1.));
#6788=DIRECTION('',(0.,0.,1.));
#6789=DIRECTION('',(1.,0.,0.));
#6790=DIRECTION('',(0.,0.,1.));
#6791=DIRECTION('',(1.,0.,0.));
#6792=DIRECTION('',(0.,0.,-1.));
#6793=DIRECTION('',(1.,0.,0.));
#6794=DIRECTION('',(0.,0.,-1.));
#6795=DIRECTION('',(0.,0.,1.));
#6796=DIRECTION('',(1.,0.,0.));
#6797=DIRECTION('',(0.,0.,-1.));
#6798=DIRECTION('',(0.,0.,-1.));
#6799=DIRECTION('',(-1.,0.,0.));
#6800=DIRECTION('',(0.,0.,-1.));
#6801=DIRECTION('',(-1.,0.,0.));
#6802=DIRECTION('',(0.,0.,-1.));
#6803=DIRECTION('',(0.,0.,1.));
#6804=DIRECTION('',(1.,0.,0.));
#6805=DIRECTION('',(0.,0.,-1.));
#6806=DIRECTION('',(0.,0.,-1.));
#6807=DIRECTION('',(-1.,0.,0.));
#6808=DIRECTION('',(0.,0.,-1.));
#6809=DIRECTION('',(0.,0.,-1.));
#6810=DIRECTION('',(0.,0.,-1.));
#6811=DIRECTION('',(-1.,0.,0.));
#6812=DIRECTION('',(0.,0.,-1.));
#6813=DIRECTION('',(-1.,0.,0.));
#6814=DIRECTION('',(0.,0.,-1.));
#6815=DIRECTION('',(0.,0.,-1.));
#6816=DIRECTION('',(0.,0.,1.));
#6817=DIRECTION('',(1.,0.,0.));
#6818=DIRECTION('',(0.,0.,-1.));
#6819=DIRECTION('',(-1.,0.,0.));
#6820=DIRECTION('',(0.,0.,-1.));
#6821=DIRECTION('',(-1.,0.,0.));
#6822=DIRECTION('',(0.,0.,-1.));
#6823=DIRECTION('',(0.,0.,1.));
#6824=DIRECTION('',(1.,0.,0.));
#6825=DIRECTION('',(0.,0.,-1.));
#6826=DIRECTION('',(0.,0.,-1.));
#6827=DIRECTION('',(-1.,0.,0.));
#6828=DIRECTION('',(0.,0.,-1.));
#6829=DIRECTION('',(0.,0.,-1.));
#6830=DIRECTION('',(-1.,0.,0.));
#6831=DIRECTION('',(0.,0.,-1.));
#6832=DIRECTION('',(-0.86602540378444,-0.499999999999998,0.));
#6833=DIRECTION('',(0.499999999999998,-0.86602540378444,0.));
#6834=DIRECTION('',(0.499999999999998,-0.86602540378444,0.));
#6835=DIRECTION('',(0.,0.,-1.));
#6836=DIRECTION('',(-0.499999999999998,0.86602540378444,0.));
#6837=DIRECTION('',(-0.86602540378444,-0.499999999999998,0.));
#6838=DIRECTION('',(0.499999999999998,-0.86602540378444,0.));
#6839=DIRECTION('',(0.499999999999998,-0.86602540378444,0.));
#6840=DIRECTION('',(0.,0.,-1.));
#6841=DIRECTION('',(0.,0.,-1.));
#6842=DIRECTION('',(-1.,0.,0.));
#6843=DIRECTION('',(0.,0.,-1.));
#6844=DIRECTION('',(-1.,0.,0.));
#6845=DIRECTION('',(0.,0.,-1.));
#6846=DIRECTION('',(0.,0.,1.));
#6847=DIRECTION('',(1.,0.,0.));
#6848=DIRECTION('',(0.,0.,-1.));
#6849=DIRECTION('',(-1.,0.,0.));
#6850=DIRECTION('',(0.,0.,-1.));
#6851=DIRECTION('',(-1.,0.,0.));
#6852=DIRECTION('',(0.,0.,-1.));
#6853=DIRECTION('',(0.,-1.,0.));
#6854=DIRECTION('',(0.,0.,-1.));
#6855=DIRECTION('',(1.,0.,0.));
#6856=DIRECTION('',(0.,0.,-1.));
#6857=DIRECTION('',(-1.,0.,0.));
#6858=DIRECTION('',(0.,-1.,0.));
#6859=DIRECTION('',(0.,0.,-1.));
#6860=DIRECTION('',(1.,0.,0.));
#6861=DIRECTION('',(0.,0.,-1.));
#6862=DIRECTION('',(0.,0.,-1.));
#6863=DIRECTION('',(-1.,0.,0.));
#6864=DIRECTION('',(0.,0.,-1.));
#6865=DIRECTION('',(-1.,0.,0.));
#6866=DIRECTION('',(0.,0.,1.));
#6867=DIRECTION('',(1.,0.,0.));
#6868=DIRECTION('',(0.,0.,-1.));
#6869=DIRECTION('',(-1.,0.,0.));
#6870=DIRECTION('',(0.,0.,-1.));
#6871=DIRECTION('',(-1.,0.,0.));
#6872=DIRECTION('',(0.,0.,-1.));
#6873=DIRECTION('',(-1.,0.,0.));
#6874=DIRECTION('',(0.,0.,-1.));
#6875=DIRECTION('',(0.,0.,1.));
#6876=DIRECTION('',(1.,0.,0.));
#6877=DIRECTION('',(0.,0.,-1.));
#6878=DIRECTION('',(-0.86602540378444,-0.499999999999998,0.));
#6879=DIRECTION('',(0.499999999999998,-0.86602540378444,0.));
#6880=DIRECTION('',(-0.499999999999998,0.86602540378444,0.));
#6881=DIRECTION('',(0.,0.,-1.));
#6882=DIRECTION('',(0.,0.,-1.));
#6883=DIRECTION('',(-1.,0.,0.));
#6884=DIRECTION('',(0.,0.,1.));
#6885=DIRECTION('',(1.,0.,0.));
#6886=DIRECTION('',(0.,0.,-1.));
#6887=DIRECTION('',(0.,-1.,0.));
#6888=DIRECTION('',(0.,0.,-1.));
#6889=DIRECTION('',(-1.,0.,0.));
#6890=DIRECTION('',(0.,0.,-1.));
#6891=DIRECTION('',(0.,0.,-1.));
#6892=DIRECTION('',(-1.,0.,0.));
#6893=DIRECTION('',(0.,0.,1.));
#6894=DIRECTION('',(1.,0.,0.));
#6895=DIRECTION('',(0.,0.,-1.));
#6896=DIRECTION('',(-1.,0.,0.));
#6897=DIRECTION('',(0.,0.,-1.));
#6898=DIRECTION('',(1.,0.,0.));
#6899=DIRECTION('',(0.,0.,-1.));
#6900=DIRECTION('',(0.,0.,-1.));
#6901=DIRECTION('',(0.,0.,-1.));
#6902=DIRECTION('',(1.,0.,0.));
#6903=DIRECTION('',(0.,0.,-1.));
#6904=DIRECTION('',(0.,0.,-1.));
#6905=DIRECTION('',(-1.,0.,0.));
#6906=DIRECTION('',(0.,0.,-1.));
#6907=DIRECTION('',(1.,0.,0.));
#6908=DIRECTION('',(0.,0.,-1.));
#6909=DIRECTION('',(0.,0.,-1.));
#6910=DIRECTION('',(0.,0.,1.));
#6911=DIRECTION('',(1.,0.,0.));
#6912=DIRECTION('',(0.,1.,0.));
#6913=DIRECTION('',(0.,0.,1.));
#6914=DIRECTION('',(0.,0.,-1.));
#6915=DIRECTION('',(1.,0.,0.));
#6916=DIRECTION('',(0.,0.,1.));
#6917=DIRECTION('',(1.,0.,0.));
#6918=DIRECTION('',(0.,0.,-1.));
#6919=DIRECTION('',(1.,0.,0.));
#6920=DIRECTION('',(0.,0.,1.));
#6921=DIRECTION('',(1.,0.,0.));
#6922=DIRECTION('',(1.,0.,0.));
#6923=DIRECTION('',(1.,0.,0.));
#6924=DIRECTION('',(0.,0.,-1.));
#6925=DIRECTION('',(1.,0.,0.));
#6926=DIRECTION('',(1.,0.,0.));
#6927=DIRECTION('',(0.,0.,1.));
#6928=DIRECTION('',(0.,1.,0.));
#6929=DIRECTION('',(0.,0.,1.));
#6930=DIRECTION('',(0.,0.,-1.));
#6931=DIRECTION('',(1.,0.,0.));
#6932=DIRECTION('',(0.,0.,1.));
#6933=DIRECTION('',(1.,0.,0.));
#6934=DIRECTION('',(0.,0.,-1.));
#6935=DIRECTION('',(1.,0.,0.));
#6936=DIRECTION('',(0.,0.,1.));
#6937=DIRECTION('',(1.,0.,0.));
#6938=DIRECTION('',(1.,0.,0.));
#6939=DIRECTION('',(1.,0.,0.));
#6940=DIRECTION('',(0.,0.,-1.));
#6941=DIRECTION('',(1.,0.,0.));
#6942=DIRECTION('',(1.,0.,0.));
#6943=DIRECTION('',(0.,0.,1.));
#6944=DIRECTION('',(0.,0.,-1.));
#6945=DIRECTION('',(-1.,0.,0.));
#6946=DIRECTION('',(0.,0.,-1.));
#6947=DIRECTION('',(0.,0.,-1.));
#6948=DIRECTION('',(-1.,0.,0.));
#6949=DIRECTION('',(0.,0.,-1.));
#6950=DIRECTION('',(-1.,0.,0.));
#6951=DIRECTION('',(0.,0.,1.));
#6952=DIRECTION('',(1.,0.,0.));
#6953=DIRECTION('',(0.,0.,-1.));
#6954=DIRECTION('',(0.,0.,-1.));
#6955=DIRECTION('',(1.,0.,0.));
#6956=DIRECTION('',(0.,0.,-1.));
#6957=DIRECTION('',(1.,0.,0.));
#6958=DIRECTION('',(0.,0.,-1.));
#6959=DIRECTION('',(-1.,0.,0.));
#6960=DIRECTION('',(0.,0.,1.));
#6961=DIRECTION('',(1.,0.,0.));
#6962=DIRECTION('',(0.,0.,-1.));
#6963=DIRECTION('',(1.,0.,0.));
#6964=DIRECTION('',(0.,0.,-1.));
#6965=DIRECTION('',(1.,0.,0.));
#6966=DIRECTION('',(0.,0.,-1.));
#6967=DIRECTION('',(0.,0.,-1.));
#6968=DIRECTION('',(-1.,0.,0.));
#6969=DIRECTION('',(1.,0.,0.));
#6970=DIRECTION('',(0.,0.,-1.));
#6971=DIRECTION('',(0.,0.,-1.));
#6972=DIRECTION('',(0.,0.,1.));
#6973=DIRECTION('',(1.,0.,0.));
#6974=DIRECTION('',(0.,0.,1.));
#6975=DIRECTION('',(1.,0.,0.));
#6976=DIRECTION('',(-2.60208521396521E-15,1.,0.));
#6977=DIRECTION('',(1.,0.,0.));
#6978=DIRECTION('',(-0.5,0.866025403784439,0.));
#6979=DIRECTION('',(0.,0.,1.));
#6980=DIRECTION('',(1.,0.,0.));
#6981=DIRECTION('',(-1.,0.,0.));
#6982=DIRECTION('',(0.,0.,1.));
#6983=DIRECTION('',(1.,0.,0.));
#6984=DIRECTION('',(-0.499999999999998,0.86602540378444,0.));
#6985=DIRECTION('',(0.,0.,1.));
#6986=DIRECTION('',(1.,0.,0.));
#6987=DIRECTION('',(-1.,0.,0.));
#6988=DIRECTION('',(0.,0.,1.));
#6989=DIRECTION('',(1.,0.,0.));
#6990=DIRECTION('',(0.,0.,1.));
#6991=DIRECTION('',(1.,0.,0.));
#6992=DIRECTION('',(0.,-1.,0.));
#6993=DIRECTION('',(1.,0.,0.));
#6994=DIRECTION('',(0.,0.,1.));
#6995=DIRECTION('',(1.,0.,0.));
#6996=DIRECTION('',(1.,0.,0.));
#6997=DIRECTION('',(-2.60208521396521E-15,1.,0.));
#6998=DIRECTION('',(1.,0.,0.));
#6999=DIRECTION('',(0.,-1.,0.));
#7000=DIRECTION('',(0.,0.,1.));
#7001=DIRECTION('',(1.,0.,0.));
#7002=DIRECTION('',(0.,0.,1.));
#7003=DIRECTION('',(1.,0.,0.));
#7004=DIRECTION('',(-1.,0.,0.));
#7005=DIRECTION('',(0.,0.,1.));
#7006=DIRECTION('',(1.,0.,0.));
#7007=DIRECTION('',(-0.499999999999998,0.86602540378444,0.));
#7008=DIRECTION('',(0.,0.,1.));
#7009=DIRECTION('',(1.,0.,0.));
#7010=DIRECTION('',(-1.,0.,0.));
#7011=DIRECTION('',(0.,0.,1.));
#7012=DIRECTION('',(1.,0.,0.));
#7013=DIRECTION('',(-0.5,0.866025403784439,0.));
#7014=DIRECTION('',(0.,0.,1.));
#7015=DIRECTION('',(1.,0.,0.));
#7016=DIRECTION('',(-0.499999999999953,0.866025403784466,0.));
#7017=DIRECTION('',(-0.866025403784466,-0.499999999999953,0.));
#7018=DIRECTION('',(0.5,-0.866025403784439,0.));
#7019=DIRECTION('',(0.866025403784439,0.5,0.));
#7020=DIRECTION('',(-0.5,0.866025403784439,0.));
#7021=DIRECTION('',(-0.500000000000001,0.866025403784438,0.));
#7022=DIRECTION('',(-0.866025403784438,-0.500000000000001,0.));
#7023=DIRECTION('',(-0.5,0.866025403784439,0.));
#7024=DIRECTION('',(-0.866025403784439,-0.5,0.));
#7025=DIRECTION('',(0.499968590421535,-0.866043537353581,0.));
#7026=DIRECTION('',(0.866043537353581,0.499968590421535,0.));
#7027=DIRECTION('',(0.5,-0.866025403784438,0.));
#7028=DIRECTION('',(0.866025403784438,0.5,0.));
#7029=DIRECTION('',(-0.5,0.866025403784439,0.));
#7030=DIRECTION('',(0.,0.,1.));
#7031=DIRECTION('',(1.,0.,0.));
#7032=DIRECTION('',(0.,1.,0.));
#7033=DIRECTION('',(0.,0.,1.));
#7034=DIRECTION('',(0.,0.,-1.));
#7035=DIRECTION('',(-1.,0.,0.));
#7036=DIRECTION('',(0.,0.,-1.));
#7037=DIRECTION('',(0.,1.,0.));
#7038=DIRECTION('',(0.,0.,1.));
#7039=DIRECTION('',(0.,1.,0.));
#7040=DIRECTION('',(0.,0.,1.));
#7041=DIRECTION('',(0.,0.,-1.));
#7042=DIRECTION('',(1.,0.,0.));
#7043=DIRECTION('',(0.,0.,-1.));
#7044=DIRECTION('',(0.,1.,0.));
#7045=DIRECTION('',(0.,0.,1.));
#7046=DIRECTION('',(-1.,-2.60208521396521E-15,0.));
#7047=DIRECTION('',(2.60208521396521E-15,-1.,0.));
#7048=DIRECTION('',(1.,0.,0.));
#7049=DIRECTION('',(0.,0.,-1.));
#7050=DIRECTION('',(2.60208521396521E-15,-1.,0.));
#7051=DIRECTION('',(-1.,-2.60208521396521E-15,0.));
#7052=DIRECTION('',(2.60208521396521E-15,-1.,0.));
#7053=DIRECTION('',(-2.60208521396521E-15,1.,0.));
#7054=DIRECTION('',(1.,0.,0.));
#7055=DIRECTION('',(0.,0.,-1.));
#7056=DIRECTION('',(1.,0.,0.));
#7057=DIRECTION('',(0.,0.,-1.));
#7058=DIRECTION('',(0.,1.,0.));
#7059=DIRECTION('',(0.,-1.,0.));
#7060=DIRECTION('',(0.,1.,0.));
#7061=DIRECTION('',(0.,-1.,0.));
#7062=DIRECTION('',(0.,0.,-1.));
#7063=DIRECTION('',(0.,1.,0.));
#7064=DIRECTION('',(0.,-1.,0.));
#7065=DIRECTION('',(0.,-1.,0.));
#7066=DIRECTION('',(0.,1.,0.));
#7067=DIRECTION('',(0.,1.,0.));
#7068=DIRECTION('',(0.,0.,1.));
#7069=DIRECTION('',(1.,0.,0.));
#7070=DIRECTION('',(0.,0.,-1.));
#7071=DIRECTION('',(1.,0.,0.));
#7072=DIRECTION('',(-1.,-2.60208521396521E-15,0.));
#7073=DIRECTION('',(2.60208521396521E-15,-1.,0.));
#7074=DIRECTION('',(-2.60208521396521E-15,1.,0.));
#7075=DIRECTION('',(1.,0.,0.));
#7076=DIRECTION('',(0.,0.,-1.));
#7077=DIRECTION('',(1.,0.,0.));
#7078=DIRECTION('',(0.,0.,-1.));
#7079=DIRECTION('',(1.,0.,0.));
#7080=DIRECTION('',(0.,0.,-1.));
#7081=DIRECTION('',(2.60208521396521E-15,-1.,0.));
#7082=DIRECTION('',(-0.866025403784439,-0.5,0.));
#7083=DIRECTION('',(0.5,-0.866025403784439,0.));
#7084=DIRECTION('',(-0.866025403784439,-0.5,0.));
#7085=DIRECTION('',(0.5,-0.866025403784439,0.));
#7086=DIRECTION('',(-0.866025403784439,-0.5,0.));
#7087=DIRECTION('',(0.5,-0.866025403784439,0.));
#7088=DIRECTION('',(0.,0.,-1.));
#7089=DIRECTION('',(0.,0.,-1.));
#7090=DIRECTION('',(-1.,0.,0.));
#7091=DIRECTION('',(0.,0.,-1.));
#7092=DIRECTION('',(0.,0.,1.));
#7093=DIRECTION('',(1.,0.,0.));
#7094=DIRECTION('',(0.,0.,1.));
#7095=DIRECTION('',(1.,0.,0.));
#7096=DIRECTION('',(0.,-1.,0.));
#7097=DIRECTION('',(0.,0.,-1.));
#7098=DIRECTION('',(0.,-1.,0.));
#7099=DIRECTION('',(0.,0.,-1.));
#7100=DIRECTION('',(-1.,0.,0.));
#7101=DIRECTION('',(-1.,0.,0.));
#7102=DIRECTION('',(0.,-1.,0.));
#7103=DIRECTION('',(0.,0.,-1.));
#7104=DIRECTION('',(0.,0.,-1.));
#7105=DIRECTION('',(0.,-1.,0.));
#7106=DIRECTION('',(0.,0.,-1.));
#7107=DIRECTION('',(0.,-1.,0.));
#7108=DIRECTION('',(0.,0.,-1.));
#7109=DIRECTION('',(0.,0.,-1.));
#7110=DIRECTION('',(0.,0.,1.));
#7111=DIRECTION('',(1.,0.,0.));
#7112=DIRECTION('',(-1.,0.,0.));
#7113=DIRECTION('',(0.,0.,1.));
#7114=DIRECTION('',(1.,0.,0.));
#7115=DIRECTION('',(0.,0.,-1.));
#7116=DIRECTION('',(-1.,3.46944695195362E-15,0.));
#7117=DIRECTION('',(-3.46944695195362E-15,-1.,0.));
#7118=DIRECTION('',(0.,0.,1.));
#7119=DIRECTION('',(1.,0.,0.));
#7120=DIRECTION('',(0.499999999999998,-0.86602540378444,0.));
#7121=DIRECTION('',(0.86602540378444,0.499999999999998,0.));
#7122=DIRECTION('',(-0.499999999999988,0.866025403784445,0.));
#7123=DIRECTION('',(-0.866025403784445,-0.499999999999988,0.));
#7124=DIRECTION('',(0.,0.,1.));
#7125=DIRECTION('',(1.,0.,0.));
#7126=DIRECTION('',(-1.,0.,0.));
#7127=DIRECTION('',(0.,0.,1.));
#7128=DIRECTION('',(1.,0.,0.));
#7129=DIRECTION('',(0.,0.,-1.));
#7130=DIRECTION('',(-0.999999999999998,5.80283737727781E-8,0.));
#7131=DIRECTION('',(-5.80283737727781E-8,-0.999999999999998,0.));
#7132=DIRECTION('',(0.,0.,1.));
#7133=DIRECTION('',(1.,0.,0.));
#7134=DIRECTION('',(-0.952631610088656,-0.304126643784944,0.));
#7135=DIRECTION('',(0.304126643784944,-0.952631610088656,0.));
#7136=DIRECTION('',(0.,0.,1.));
#7137=DIRECTION('',(1.,0.,0.));
#7138=DIRECTION('',(0.,-1.,0.));
#7139=DIRECTION('',(0.,0.,-1.));
#7140=DIRECTION('',(0.,1.,0.));
#7141=DIRECTION('',(0.,0.,1.));
#7142=DIRECTION('',(0.,-1.,0.));
#7143=DIRECTION('',(0.,0.,-1.));
#7144=DIRECTION('',(-9.96258499307905E-7,0.999999999999504,0.));
#7145=DIRECTION('',(-0.999999999999504,-9.96258499307905E-7,0.));
#7146=DIRECTION('',(0.,0.,1.));
#7147=DIRECTION('',(1.,0.,0.));
#7148=DIRECTION('',(0.952631719047339,0.304126302487819,0.));
#7149=DIRECTION('',(-0.304126302487819,0.952631719047339,0.));
#7150=DIRECTION('',(0.,0.,1.));
#7151=DIRECTION('',(1.,0.,0.));
#7152=DIRECTION('',(1.,0.,0.));
#7153=DIRECTION('',(0.,0.,-1.));
#7154=DIRECTION('',(-1.,0.,0.));
#7155=DIRECTION('',(0.,0.,1.));
#7156=DIRECTION('',(1.,1.04083408558608E-14,0.));
#7157=DIRECTION('',(-1.04083408558608E-14,1.,0.));
#7158=DIRECTION('',(0.,0.,1.));
#7159=DIRECTION('',(1.,0.,0.));
#7160=DIRECTION('',(0.499999999999998,-0.86602540378444,0.));
#7161=DIRECTION('',(0.86602540378444,0.499999999999998,0.));
#7162=DIRECTION('',(-0.499999999999998,0.86602540378444,0.));
#7163=DIRECTION('',(-0.86602540378444,-0.499999999999998,0.));
#7164=DIRECTION('',(0.,0.,1.));
#7165=DIRECTION('',(1.,0.,0.));
#7166=DIRECTION('',(1.,0.,0.));
#7167=DIRECTION('',(0.,0.,-1.));
#7168=DIRECTION('',(-1.,0.,0.));
#7169=DIRECTION('',(0.,0.,1.));
#7170=DIRECTION('',(1.,0.,0.));
#7171=DIRECTION('',(0.,0.,-1.));
#7172=DIRECTION('',(0.,0.,1.));
#7173=DIRECTION('',(1.,0.,0.));
#7174=DIRECTION('',(0.,0.,-1.));
#7175=DIRECTION('',(-1.,0.,0.));
#7176=DIRECTION('',(0.,0.,1.));
#7177=DIRECTION('',(1.,0.,0.));
#7178=DIRECTION('',(0.,0.,-1.));
#7179=DIRECTION('',(-1.,0.,0.));
#7180=DIRECTION('',(0.,0.,1.));
#7181=DIRECTION('',(1.,0.,0.));
#7182=DIRECTION('',(1.,0.,0.));
#7183=DIRECTION('',(0.,0.,-1.));
#7184=DIRECTION('',(1.,0.,0.));
#7185=DIRECTION('',(0.,0.,-1.));
#7186=DIRECTION('',(1.,0.,0.));
#7187=DIRECTION('',(0.,0.,-1.));
#7188=DIRECTION('',(1.,0.,0.));
#7189=DIRECTION('',(1.,0.,0.));
#7190=DIRECTION('',(0.,0.,-1.));
#7191=DIRECTION('',(1.,0.,0.));
#7192=DIRECTION('',(1.,0.,0.));
#7193=DIRECTION('',(0.,0.,-1.));
#7194=DIRECTION('',(1.,0.,0.));
#7195=DIRECTION('',(0.,0.,-1.));
#7196=DIRECTION('',(1.,0.,0.));
#7197=DIRECTION('',(0.,0.,-1.));
#7198=DIRECTION('',(1.,0.,0.));
#7199=DIRECTION('',(0.,0.,-1.));
#7200=DIRECTION('',(1.,0.,0.));
#7201=DIRECTION('',(0.,0.,-1.));
#7202=DIRECTION('',(1.,0.,0.));
#7203=DIRECTION('',(0.,0.,-1.));
#7204=DIRECTION('',(1.,0.,0.));
#7205=DIRECTION('',(0.,0.,-1.));
#7206=DIRECTION('',(0.,1.,0.));
#7207=DIRECTION('',(0.,0.,1.));
#7208=DIRECTION('',(0.,0.,-1.));
#7209=DIRECTION('',(1.,0.,0.));
#7210=DIRECTION('',(0.,1.,0.));
#7211=DIRECTION('',(1.,0.,0.));
#7212=DIRECTION('',(0.,0.,-1.));
#7213=DIRECTION('',(0.,1.,0.));
#7214=DIRECTION('',(1.,0.,0.));
#7215=DIRECTION('',(-1.,0.,0.));
#7216=DIRECTION('',(0.,0.,1.));
#7217=DIRECTION('',(0.,-1.,0.));
#7218=DIRECTION('',(0.,-1.,0.));
#7219=DIRECTION('',(0.,-1.,0.));
#7220=DIRECTION('',(0.,0.,-1.));
#7221=DIRECTION('',(0.,-1.,0.));
#7222=DIRECTION('',(0.,-1.,0.));
#7223=DIRECTION('',(0.,0.,-1.));
#7224=DIRECTION('',(0.,0.,-1.));
#7225=DIRECTION('',(-1.,0.,0.));
#7226=DIRECTION('',(0.,-1.,0.));
#7227=DIRECTION('',(0.,1.,0.));
#7228=DIRECTION('',(0.,-1.,0.));
#7229=DIRECTION('',(-0.998629534754574,-0.0523359562429438,0.));
#7230=DIRECTION('',(0.,0.,1.));
#7231=DIRECTION('',(1.,0.,0.));
#7232=DIRECTION('',(0.,1.,0.));
#7233=DIRECTION('',(0.,0.,1.));
#7234=DIRECTION('',(0.,0.,-1.));
#7235=DIRECTION('',(1.,0.,0.));
#7236=DIRECTION('',(0.,1.,0.));
#7237=DIRECTION('',(1.,0.,0.));
#7238=DIRECTION('',(0.,0.,-1.));
#7239=DIRECTION('',(0.,1.,0.));
#7240=DIRECTION('',(1.,0.,0.));
#7241=DIRECTION('',(0.,0.,-1.));
#7242=DIRECTION('',(-1.,0.,0.));
#7243=DIRECTION('',(0.,-1.,0.));
#7244=DIRECTION('',(0.,-1.,0.));
#7245=DIRECTION('',(0.,1.,0.));
#7246=DIRECTION('',(0.,-1.,0.));
#7247=DIRECTION('',(-0.998629534754574,-0.0523359562429438,0.));
#7248=DIRECTION('',(0.,0.,1.));
#7249=DIRECTION('',(1.,0.,0.));
#7250=DIRECTION('',(-1.,0.,0.));
#7251=DIRECTION('',(0.,0.,1.));
#7252=DIRECTION('',(0.,-1.,0.));
#7253=DIRECTION('',(0.,-1.,0.));
#7254=DIRECTION('',(0.,-1.,0.));
#7255=DIRECTION('',(0.,0.,-1.));
#7256=DIRECTION('',(0.,-1.,0.));
#7257=DIRECTION('',(0.,0.,-1.));
#7258=DIRECTION('',(1.,0.,0.));
#7259=DIRECTION('',(0.,0.,-1.));
#7260=DIRECTION('',(1.,0.,0.));
#7261=DIRECTION('',(0.,0.,-1.));
#7262=DIRECTION('',(0.,0.,-1.));
#7263=DIRECTION('',(-1.,0.,0.));
#7264=DIRECTION('',(0.,0.,-1.));
#7265=DIRECTION('',(0.,0.,1.));
#7266=DIRECTION('',(1.,0.,0.));
#7267=DIRECTION('',(0.,0.,-1.));
#7268=DIRECTION('',(1.,0.,0.));
#7269=DIRECTION('',(0.,0.,-1.));
#7270=DIRECTION('',(0.,-1.,0.));
#7271=DIRECTION('',(-1.,0.,0.));
#7272=DIRECTION('',(0.,0.,1.));
#7273=DIRECTION('',(0.,0.,-1.));
#7274=DIRECTION('',(0.,1.,0.));
#7275=DIRECTION('',(0.0523359562429438,-0.998629534754574,0.));
#7276=DIRECTION('',(0.998629534754574,0.0523359562429438,0.));
#7277=DIRECTION('',(-0.998629534754574,-0.0523359562429438,0.));
#7278=DIRECTION('',(0.,0.,1.));
#7279=DIRECTION('',(1.,0.,0.));
#7280=DIRECTION('',(0.,0.,-1.));
#7281=DIRECTION('',(-1.,0.,0.));
#7282=DIRECTION('',(0.,0.,-1.));
#7283=DIRECTION('',(0.,0.,1.));
#7284=DIRECTION('',(1.,0.,0.));
#7285=DIRECTION('',(0.,0.,-1.));
#7286=DIRECTION('',(1.,0.,0.));
#7287=DIRECTION('',(0.,0.,-1.));
#7288=DIRECTION('',(0.,-1.,0.));
#7289=DIRECTION('',(-1.,0.,0.));
#7290=DIRECTION('',(0.,0.,1.));
#7291=DIRECTION('',(0.,0.,-1.));
#7292=DIRECTION('',(0.,1.,0.));
#7293=DIRECTION('',(0.0523359562429438,-0.998629534754574,0.));
#7294=DIRECTION('',(0.998629534754574,0.0523359562429438,0.));
#7295=DIRECTION('',(-0.998629534754574,-0.0523359562429438,0.));
#7296=DIRECTION('',(0.,0.,1.));
#7297=DIRECTION('',(1.,0.,0.));
#7298=DIRECTION('',(0.,0.,1.));
#7299=DIRECTION('',(1.,0.,0.));
#7300=DIRECTION('',(0.,0.,1.));
#7301=DIRECTION('',(0.,0.,1.));
#7302=DIRECTION('',(1.,0.,0.));
#7303=DIRECTION('',(0.,0.,1.));
#7304=DIRECTION('',(-1.,0.,0.));
#7305=DIRECTION('',(0.,0.,1.));
#7306=DIRECTION('',(0.,-1.,0.));
#7307=DIRECTION('',(1.,0.,0.));
#7308=DIRECTION('',(0.,0.,-1.));
#7309=DIRECTION('',(0.,1.,0.));
#7310=DIRECTION('',(0.,0.,1.));
#7311=DIRECTION('',(-0.0523359562429438,0.998629534754574,0.));
#7312=DIRECTION('',(-0.998629534754574,-0.0523359562429438,0.));
#7313=DIRECTION('',(-0.998629534754574,-0.0523359562429438,0.));
#7314=DIRECTION('',(0.,0.,1.));
#7315=DIRECTION('',(1.,0.,0.));
#7316=DIRECTION('',(0.,0.,1.));
#7317=DIRECTION('',(1.,0.,0.));
#7318=DIRECTION('',(0.,0.,1.));
#7319=DIRECTION('',(0.,0.,1.));
#7320=DIRECTION('',(1.,0.,0.));
#7321=DIRECTION('',(0.,0.,1.));
#7322=DIRECTION('',(-1.,0.,0.));
#7323=DIRECTION('',(0.,0.,1.));
#7324=DIRECTION('',(0.,-1.,0.));
#7325=DIRECTION('',(1.,0.,0.));
#7326=DIRECTION('',(0.,0.,-1.));
#7327=DIRECTION('',(0.,1.,0.));
#7328=DIRECTION('',(0.,0.,1.));
#7329=DIRECTION('',(-0.0523359562429438,0.998629534754574,0.));
#7330=DIRECTION('',(-0.998629534754574,-0.0523359562429438,0.));
#7331=DIRECTION('',(-0.998629534754574,-0.0523359562429438,0.));
#7332=DIRECTION('',(0.,0.,1.));
#7333=DIRECTION('',(1.,0.,0.));
#7334=DIRECTION('',(-1.,0.,0.));
#7335=DIRECTION('',(0.,0.,1.));
#7336=DIRECTION('',(0.,1.,0.));
#7337=DIRECTION('',(0.,0.,-1.));
#7338=DIRECTION('',(0.,1.,0.));
#7339=DIRECTION('',(0.,0.,-1.));
#7340=DIRECTION('',(-1.,0.,0.));
#7341=DIRECTION('',(0.,0.,1.));
#7342=DIRECTION('',(1.,0.,0.));
#7343=DIRECTION('',(0.,0.,-1.));
#7344=DIRECTION('',(0.,0.,1.));
#7345=DIRECTION('',(1.,0.,0.));
#7346=DIRECTION('',(-0.0523359562429435,0.998629534754574,0.));
#7347=DIRECTION('',(-0.998629534754574,-0.0523359562429435,0.));
#7348=DIRECTION('',(0.998629534754574,0.0523359562429435,0.));
#7349=DIRECTION('',(0.,0.,-1.));
#7350=DIRECTION('',(0.998629534754574,0.0523359562429435,0.));
#7351=DIRECTION('',(0.,0.,-1.));
#7352=DIRECTION('',(-1.,0.,0.));
#7353=DIRECTION('',(0.,0.,1.));
#7354=DIRECTION('',(1.,0.,0.));
#7355=DIRECTION('',(0.,0.,-1.));
#7356=DIRECTION('',(0.,0.,1.));
#7357=DIRECTION('',(1.,0.,0.));
#7358=DIRECTION('',(0.998629534754574,0.0523359562429452,0.));
#7359=DIRECTION('',(-0.0523359562429453,0.998629534754574,0.));
#7360=DIRECTION('',(0.0523359562429452,-0.998629534754574,0.));
#7361=DIRECTION('',(0.,0.,-1.));
#7362=DIRECTION('',(0.0523359562429452,-0.998629534754574,0.));
#7363=DIRECTION('',(0.,0.,-1.));
#7364=DIRECTION('',(-1.,0.,0.));
#7365=DIRECTION('',(0.,0.,1.));
#7366=DIRECTION('',(1.,0.,0.));
#7367=DIRECTION('',(0.,0.,-1.));
#7368=DIRECTION('',(0.,0.,1.));
#7369=DIRECTION('',(1.,0.,0.));
#7370=DIRECTION('',(-0.432398396052938,0.901682664295397,0.));
#7371=DIRECTION('',(-0.901682664295397,-0.432398396052938,0.));
#7372=DIRECTION('',(0.901682664295397,0.432398396052938,0.));
#7373=DIRECTION('',(0.,0.,-1.));
#7374=DIRECTION('',(0.901682664295397,0.432398396052938,0.));
#7375=DIRECTION('',(-0.0523359562429434,0.998629534754574,0.));
#7376=DIRECTION('',(-0.998629534754574,-0.0523359562429434,0.));
#7377=DIRECTION('',(0.998629534754574,0.0523359562429434,0.));
#7378=DIRECTION('',(0.,0.,-1.));
#7379=DIRECTION('',(0.998629534754574,0.0523359562429434,0.));
#7380=DIRECTION('',(-0.743144825477393,0.66913060635886,0.));
#7381=DIRECTION('',(-0.66913060635886,-0.743144825477393,0.));
#7382=DIRECTION('',(0.66913060635886,0.743144825477393,0.));
#7383=DIRECTION('',(0.,0.,-1.));
#7384=DIRECTION('',(0.66913060635886,0.743144825477393,0.));
#7385=DIRECTION('',(-1.,0.,0.));
#7386=DIRECTION('',(0.,0.,1.));
#7387=DIRECTION('',(0.,1.,0.));
#7388=DIRECTION('',(0.,0.,-1.));
#7389=DIRECTION('',(0.,1.,0.));
#7390=DIRECTION('',(-0.0523359562429447,0.998629534754574,0.));
#7391=DIRECTION('',(-0.998629534754574,-0.0523359562429447,0.));
#7392=DIRECTION('',(0.,0.,-1.));
#7393=DIRECTION('',(-0.0523359562429447,0.998629534754574,0.));
#7394=DIRECTION('',(-0.998629534754574,-0.0523359562429447,0.));
#7395=DIRECTION('',(0.998629534754574,0.0523359562429447,0.));
#7396=DIRECTION('',(0.998629534754574,0.0523359562429447,0.));
#7397=DIRECTION('',(-0.0523359562429447,0.998629534754574,0.));
#7398=DIRECTION('',(-0.998629534754574,-0.0523359562429447,0.));
#7399=DIRECTION('',(-0.998629534754574,-0.0523359562429462,0.));
#7400=DIRECTION('',(0.0523359562429462,-0.998629534754574,0.));
#7401=DIRECTION('',(0.,0.,-1.));
#7402=DIRECTION('',(-0.0523359562429462,0.998629534754574,0.));
#7403=DIRECTION('',(-0.0523359562429462,0.998629534754574,0.));
#7404=DIRECTION('',(0.,0.,-1.));
#7405=DIRECTION('',(-1.,0.,0.));
#7406=DIRECTION('',(0.,0.,-1.));
#7407=DIRECTION('',(0.,0.,-1.));
#7408=DIRECTION('',(-1.,0.,0.));
#7409=DIRECTION('',(0.,0.,-1.));
#7410=DIRECTION('',(-1.,0.,0.));
#7411=DIRECTION('',(0.0523359562429399,-0.998629534754574,0.));
#7412=DIRECTION('',(0.998629534754574,0.0523359562429399,0.));
#7413=DIRECTION('',(-0.998629534754574,-0.0523359562429399,0.));
#7414=DIRECTION('',(-0.998629534754574,-0.0523359562429399,0.));
#7415=DIRECTION('',(0.,0.,-1.));
#7416=DIRECTION('',(0.0523359562429399,-0.998629534754574,0.));
#7417=DIRECTION('',(0.998629534754574,0.0523359562429399,0.));
#7418=DIRECTION('',(0.956304755963037,-0.292371704722733,0.));
#7419=DIRECTION('',(0.292371704722733,0.956304755963037,0.));
#7420=DIRECTION('',(0.956304755963037,-0.292371704722733,0.));
#7421=DIRECTION('',(-0.292371704722733,-0.956304755963037,0.));
#7422=DIRECTION('',(-0.292371704722733,-0.956304755963037,0.));
#7423=DIRECTION('',(0.,0.,-1.));
#7424=DIRECTION('',(0.956304755963037,-0.292371704722733,0.));
#7425=DIRECTION('',(0.292371704722733,0.956304755963037,0.));
#7426=DIRECTION('',(0.052335956242943,-0.998629534754574,0.));
#7427=DIRECTION('',(0.998629534754574,0.052335956242943,0.));
#7428=DIRECTION('',(0.,0.,-1.));
#7429=DIRECTION('',(0.052335956242943,-0.998629534754574,0.));
#7430=DIRECTION('',(0.998629534754574,0.052335956242943,0.));
#7431=DIRECTION('',(-0.998629534754574,-0.052335956242943,0.));
#7432=DIRECTION('',(-0.92050485345244,-0.390731128489275,0.));
#7433=DIRECTION('',(0.390731128489275,-0.92050485345244,0.));
#7434=DIRECTION('',(-0.390731128489274,0.92050485345244,0.));
#7435=DIRECTION('',(-0.92050485345244,-0.390731128489275,0.));
#7436=DIRECTION('',(-0.390731128489275,0.92050485345244,0.));
#7437=DIRECTION('',(0.,0.,-1.));
#7438=DIRECTION('',(-0.92050485345244,-0.390731128489275,0.));
#7439=DIRECTION('',(0.390731128489275,-0.92050485345244,0.));
#7440=DIRECTION('',(-0.0523359562429456,-0.998629534754574,0.));
#7441=DIRECTION('',(0.998629534754574,-0.0523359562429456,0.));
#7442=DIRECTION('',(-0.998629534754574,0.0523359562429456,0.));
#7443=DIRECTION('',(0.,0.,-1.));
#7444=DIRECTION('',(-0.998629534754574,0.0523359562429456,0.));
#7445=DIRECTION('',(-0.0523359562429456,-0.998629534754574,0.));
#7446=DIRECTION('',(0.998629534754574,-0.0523359562429456,0.));
#7447=DIRECTION('',(0.235852737935283,-0.971788807307653,0.));
#7448=DIRECTION('',(0.971788807307653,0.235852737935283,0.));
#7449=DIRECTION('',(-0.971788807307653,-0.235852737935283,0.));
#7450=DIRECTION('',(0.,0.,-1.));
#7451=DIRECTION('',(-0.971788807307653,-0.235852737935283,0.));
#7452=DIRECTION('',(0.,0.,-1.));
#7453=DIRECTION('',(-1.,0.,0.));
#7454=DIRECTION('',(0.,0.,1.));
#7455=DIRECTION('',(1.,0.,0.));
#7456=DIRECTION('',(0.,0.,-1.));
#7457=DIRECTION('',(0.,0.,1.));
#7458=DIRECTION('',(1.,0.,0.));
#7459=DIRECTION('',(0.,0.,-1.));
#7460=DIRECTION('',(-1.,0.,0.));
#7461=DIRECTION('',(0.,0.,1.));
#7462=DIRECTION('',(1.,0.,0.));
#7463=DIRECTION('',(0.,0.,-1.));
#7464=DIRECTION('',(0.,0.,1.));
#7465=DIRECTION('',(1.,0.,0.));
#7466=DIRECTION('',(1.,0.,0.));
#7467=DIRECTION('',(0.,0.,-1.));
#7468=DIRECTION('',(0.,-1.,0.));
#7469=DIRECTION('',(0.,0.,-1.));
#7470=DIRECTION('',(0.,-1.,0.));
#7471=DIRECTION('',(0.,0.,-1.));
#7472=DIRECTION('',(-1.,0.,0.));
#7473=DIRECTION('',(0.,0.,1.));
#7474=DIRECTION('',(1.,0.,0.));
#7475=DIRECTION('',(0.,0.,1.));
#7476=DIRECTION('',(1.,0.,0.));
#7477=DIRECTION('',(0.,0.,1.));
#7478=DIRECTION('',(1.,0.,0.));
#7479=DIRECTION('',(-0.998629534754574,0.0523359562429456,0.));
#7480=DIRECTION('',(-0.971788807307653,-0.235852737935283,0.));
#7481=DIRECTION('',(0.,0.,1.));
#7482=DIRECTION('',(1.,0.,0.));
#7483=DIRECTION('',(0.,0.,1.));
#7484=DIRECTION('',(1.,0.,0.));
#7485=DIRECTION('',(0.,-1.,0.));
#7486=DIRECTION('',(0.,0.,1.));
#7487=DIRECTION('',(1.,0.,0.));
#7488=DIRECTION('',(-0.0523359562429462,0.998629534754574,0.));
#7489=DIRECTION('',(-0.998629534754574,-0.0523359562429399,0.));
#7490=DIRECTION('',(0.,0.,1.));
#7491=DIRECTION('',(1.,0.,0.));
#7492=DIRECTION('',(-0.971788807307653,-0.235852737935283,0.));
#7493=DIRECTION('',(-0.998629534754574,0.0523359562429456,0.));
#7494=DIRECTION('',(-0.998629534754574,-0.0523359562429399,0.));
#7495=DIRECTION('',(-0.0523359562429462,0.998629534754574,0.));
#7496=DIRECTION('',(0.,0.,1.));
#7497=DIRECTION('',(1.,0.,0.));
#7498=DIRECTION('',(0.,-1.,0.));
#7499=DIRECTION('',(0.,0.,1.));
#7500=DIRECTION('',(1.,0.,0.));
#7501=DIRECTION('',(0.,0.,1.));
#7502=DIRECTION('',(1.,0.,0.));
#7503=DIRECTION('',(0.052335956242944,-0.998629534754574,0.));
#7504=DIRECTION('',(-0.998629534754574,-0.052335956242944,0.));
#7505=DIRECTION('',(-1.,0.,0.));
#7506=DIRECTION('',(0.,0.,1.));
#7507=DIRECTION('',(0.,1.,0.));
#7508=DIRECTION('',(0.,0.,-1.));
#7509=DIRECTION('',(0.,1.,0.));
#7510=DIRECTION('',(0.,0.,-1.));
#7511=DIRECTION('',(-1.,0.,0.));
#7512=DIRECTION('',(0.,0.,1.));
#7513=DIRECTION('',(1.,0.,0.));
#7514=DIRECTION('',(0.,0.,-1.));
#7515=DIRECTION('',(0.,0.,1.));
#7516=DIRECTION('',(1.,0.,0.));
#7517=DIRECTION('',(-0.0523359562429435,0.998629534754574,0.));
#7518=DIRECTION('',(-0.998629534754574,-0.0523359562429435,0.));
#7519=DIRECTION('',(0.998629534754574,0.0523359562429435,0.));
#7520=DIRECTION('',(0.,0.,-1.));
#7521=DIRECTION('',(0.998629534754574,0.0523359562429435,0.));
#7522=DIRECTION('',(0.,0.,-1.));
#7523=DIRECTION('',(-1.,0.,0.));
#7524=DIRECTION('',(0.,0.,1.));
#7525=DIRECTION('',(1.,0.,0.));
#7526=DIRECTION('',(0.,0.,-1.));
#7527=DIRECTION('',(0.,0.,1.));
#7528=DIRECTION('',(1.,0.,0.));
#7529=DIRECTION('',(0.998629534754574,0.0523359562429452,0.));
#7530=DIRECTION('',(-0.0523359562429453,0.998629534754574,0.));
#7531=DIRECTION('',(0.0523359562429452,-0.998629534754574,0.));
#7532=DIRECTION('',(0.,0.,-1.));
#7533=DIRECTION('',(0.0523359562429452,-0.998629534754574,0.));
#7534=DIRECTION('',(0.,0.,-1.));
#7535=DIRECTION('',(-1.,0.,0.));
#7536=DIRECTION('',(0.,0.,1.));
#7537=DIRECTION('',(1.,0.,0.));
#7538=DIRECTION('',(0.,0.,-1.));
#7539=DIRECTION('',(0.,0.,1.));
#7540=DIRECTION('',(1.,0.,0.));
#7541=DIRECTION('',(-0.432398396052938,0.901682664295397,0.));
#7542=DIRECTION('',(-0.901682664295397,-0.432398396052938,0.));
#7543=DIRECTION('',(0.901682664295397,0.432398396052938,0.));
#7544=DIRECTION('',(0.,0.,-1.));
#7545=DIRECTION('',(0.901682664295397,0.432398396052938,0.));
#7546=DIRECTION('',(-0.0523359562429434,0.998629534754574,0.));
#7547=DIRECTION('',(-0.998629534754574,-0.0523359562429434,0.));
#7548=DIRECTION('',(0.998629534754574,0.0523359562429434,0.));
#7549=DIRECTION('',(0.,0.,-1.));
#7550=DIRECTION('',(0.998629534754574,0.0523359562429434,0.));
#7551=DIRECTION('',(-0.743144825477393,0.66913060635886,0.));
#7552=DIRECTION('',(-0.66913060635886,-0.743144825477393,0.));
#7553=DIRECTION('',(0.66913060635886,0.743144825477393,0.));
#7554=DIRECTION('',(0.,0.,-1.));
#7555=DIRECTION('',(0.66913060635886,0.743144825477393,0.));
#7556=DIRECTION('',(-1.,0.,0.));
#7557=DIRECTION('',(0.,0.,1.));
#7558=DIRECTION('',(0.,1.,0.));
#7559=DIRECTION('',(0.,0.,-1.));
#7560=DIRECTION('',(0.,1.,0.));
#7561=DIRECTION('',(-0.0523359562429447,0.998629534754574,0.));
#7562=DIRECTION('',(-0.998629534754574,-0.0523359562429447,0.));
#7563=DIRECTION('',(0.998629534754574,0.0523359562429447,0.));
#7564=DIRECTION('',(-0.0523359562429447,0.998629534754574,0.));
#7565=DIRECTION('',(-0.998629534754574,-0.0523359562429447,0.));
#7566=DIRECTION('',(0.,0.,-1.));
#7567=DIRECTION('',(-0.0523359562429447,0.998629534754574,0.));
#7568=DIRECTION('',(-0.998629534754574,-0.0523359562429447,0.));
#7569=DIRECTION('',(0.998629534754574,0.0523359562429447,0.));
#7570=DIRECTION('',(-0.998629534754574,-0.0523359562429462,0.));
#7571=DIRECTION('',(0.0523359562429462,-0.998629534754574,0.));
#7572=DIRECTION('',(-0.0523359562429462,0.998629534754574,0.));
#7573=DIRECTION('',(0.,0.,-1.));
#7574=DIRECTION('',(-0.0523359562429462,0.998629534754574,0.));
#7575=DIRECTION('',(0.,0.,-1.));
#7576=DIRECTION('',(-1.,0.,0.));
#7577=DIRECTION('',(0.,0.,-1.));
#7578=DIRECTION('',(-1.,0.,0.));
#7579=DIRECTION('',(0.,0.,-1.));
#7580=DIRECTION('',(0.,0.,-1.));
#7581=DIRECTION('',(-1.,0.,0.));
#7582=DIRECTION('',(0.0523359562429399,-0.998629534754574,0.));
#7583=DIRECTION('',(0.998629534754574,0.0523359562429399,0.));
#7584=DIRECTION('',(-0.998629534754574,-0.0523359562429399,0.));
#7585=DIRECTION('',(0.,0.,-1.));
#7586=DIRECTION('',(0.0523359562429399,-0.998629534754574,0.));
#7587=DIRECTION('',(0.998629534754574,0.0523359562429399,0.));
#7588=DIRECTION('',(-0.998629534754574,-0.0523359562429399,0.));
#7589=DIRECTION('',(0.956304755963037,-0.292371704722733,0.));
#7590=DIRECTION('',(0.292371704722733,0.956304755963037,0.));
#7591=DIRECTION('',(0.956304755963037,-0.292371704722733,0.));
#7592=DIRECTION('',(-0.292371704722733,-0.956304755963037,0.));
#7593=DIRECTION('',(-0.292371704722733,-0.956304755963037,0.));
#7594=DIRECTION('',(0.,0.,-1.));
#7595=DIRECTION('',(0.956304755963037,-0.292371704722733,0.));
#7596=DIRECTION('',(0.292371704722733,0.956304755963037,0.));
#7597=DIRECTION('',(0.052335956242943,-0.998629534754574,0.));
#7598=DIRECTION('',(0.998629534754574,0.052335956242943,0.));
#7599=DIRECTION('',(0.,0.,-1.));
#7600=DIRECTION('',(0.052335956242943,-0.998629534754574,0.));
#7601=DIRECTION('',(0.998629534754574,0.052335956242943,0.));
#7602=DIRECTION('',(-0.998629534754574,-0.052335956242943,0.));
#7603=DIRECTION('',(-0.92050485345244,-0.390731128489275,0.));
#7604=DIRECTION('',(0.390731128489275,-0.92050485345244,0.));
#7605=DIRECTION('',(-0.390731128489274,0.92050485345244,0.));
#7606=DIRECTION('',(-0.92050485345244,-0.390731128489275,0.));
#7607=DIRECTION('',(-0.390731128489275,0.92050485345244,0.));
#7608=DIRECTION('',(0.,0.,-1.));
#7609=DIRECTION('',(-0.92050485345244,-0.390731128489275,0.));
#7610=DIRECTION('',(0.390731128489275,-0.92050485345244,0.));
#7611=DIRECTION('',(-0.0523359562429456,-0.998629534754574,0.));
#7612=DIRECTION('',(0.998629534754574,-0.0523359562429456,0.));
#7613=DIRECTION('',(-0.998629534754574,0.0523359562429456,0.));
#7614=DIRECTION('',(0.,0.,-1.));
#7615=DIRECTION('',(-0.998629534754574,0.0523359562429456,0.));
#7616=DIRECTION('',(-0.0523359562429456,-0.998629534754574,0.));
#7617=DIRECTION('',(0.998629534754574,-0.0523359562429456,0.));
#7618=DIRECTION('',(0.235852737935283,-0.971788807307653,0.));
#7619=DIRECTION('',(0.971788807307653,0.235852737935283,0.));
#7620=DIRECTION('',(-0.971788807307653,-0.235852737935283,0.));
#7621=DIRECTION('',(0.,0.,-1.));
#7622=DIRECTION('',(-0.971788807307653,-0.235852737935283,0.));
#7623=DIRECTION('',(0.,0.,-1.));
#7624=DIRECTION('',(-1.,0.,0.));
#7625=DIRECTION('',(0.,0.,1.));
#7626=DIRECTION('',(1.,0.,0.));
#7627=DIRECTION('',(0.,0.,-1.));
#7628=DIRECTION('',(0.,0.,1.));
#7629=DIRECTION('',(1.,0.,0.));
#7630=DIRECTION('',(0.,0.,-1.));
#7631=DIRECTION('',(-1.,0.,0.));
#7632=DIRECTION('',(0.,0.,1.));
#7633=DIRECTION('',(1.,0.,0.));
#7634=DIRECTION('',(0.,0.,-1.));
#7635=DIRECTION('',(0.,0.,1.));
#7636=DIRECTION('',(1.,0.,0.));
#7637=DIRECTION('',(1.,0.,0.));
#7638=DIRECTION('',(0.,0.,-1.));
#7639=DIRECTION('',(0.,-1.,0.));
#7640=DIRECTION('',(0.,0.,-1.));
#7641=DIRECTION('',(0.,-1.,0.));
#7642=DIRECTION('',(0.,0.,-1.));
#7643=DIRECTION('',(-1.,0.,0.));
#7644=DIRECTION('',(0.,0.,1.));
#7645=DIRECTION('',(1.,0.,0.));
#7646=DIRECTION('',(0.,0.,1.));
#7647=DIRECTION('',(1.,0.,0.));
#7648=DIRECTION('',(0.,0.,1.));
#7649=DIRECTION('',(1.,0.,0.));
#7650=DIRECTION('',(-0.998629534754574,0.0523359562429456,0.));
#7651=DIRECTION('',(-0.971788807307653,-0.235852737935283,0.));
#7652=DIRECTION('',(0.,0.,1.));
#7653=DIRECTION('',(1.,0.,0.));
#7654=DIRECTION('',(0.,0.,1.));
#7655=DIRECTION('',(1.,0.,0.));
#7656=DIRECTION('',(0.,-1.,0.));
#7657=DIRECTION('',(0.,0.,1.));
#7658=DIRECTION('',(1.,0.,0.));
#7659=DIRECTION('',(-0.0523359562429462,0.998629534754574,0.));
#7660=DIRECTION('',(-0.998629534754574,-0.0523359562429399,0.));
#7661=DIRECTION('',(0.,0.,1.));
#7662=DIRECTION('',(1.,0.,0.));
#7663=DIRECTION('',(-0.971788807307653,-0.235852737935283,0.));
#7664=DIRECTION('',(-0.998629534754574,0.0523359562429456,0.));
#7665=DIRECTION('',(-0.998629534754574,-0.0523359562429399,0.));
#7666=DIRECTION('',(-0.0523359562429462,0.998629534754574,0.));
#7667=DIRECTION('',(0.,0.,1.));
#7668=DIRECTION('',(1.,0.,0.));
#7669=DIRECTION('',(0.,-1.,0.));
#7670=DIRECTION('',(0.,0.,1.));
#7671=DIRECTION('',(1.,0.,0.));
#7672=DIRECTION('',(0.,0.,1.));
#7673=DIRECTION('',(1.,0.,0.));
#7674=DIRECTION('',(0.052335956242944,-0.998629534754574,0.));
#7675=DIRECTION('',(-0.998629534754574,-0.052335956242944,0.));
#7676=DIRECTION('',(0.,0.,-1.));
#7677=DIRECTION('',(-1.,0.,0.));
#7678=DIRECTION('',(0.,0.,1.));
#7679=DIRECTION('',(1.,0.,0.));
#7680=DIRECTION('',(0.,0.,-1.));
#7681=DIRECTION('',(0.,0.,1.));
#7682=DIRECTION('',(1.,0.,0.));
#7683=DIRECTION('',(0.,0.,-1.));
#7684=DIRECTION('',(0.4226182617407,0.90630778703665,0.));
#7685=DIRECTION('',(-0.90630778703665,0.4226182617407,0.));
#7686=DIRECTION('',(0.90630778703665,-0.4226182617407,0.));
#7687=DIRECTION('',(0.,0.,-1.));
#7688=DIRECTION('',(0.90630778703665,-0.4226182617407,0.));
#7689=DIRECTION('',(0.,0.,-1.));
#7690=DIRECTION('',(-1.,0.,0.));
#7691=DIRECTION('',(0.,0.,1.));
#7692=DIRECTION('',(1.,0.,0.));
#7693=DIRECTION('',(0.,0.,-1.));
#7694=DIRECTION('',(0.,0.,1.));
#7695=DIRECTION('',(1.,0.,0.));
#7696=DIRECTION('',(0.,1.,0.));
#7697=DIRECTION('',(0.,0.,1.));
#7698=DIRECTION('',(1.,0.,0.));
#7699=DIRECTION('',(0.,0.,-1.));
#7700=DIRECTION('',(1.,0.,0.));
#7701=DIRECTION('',(-0.707106781186548,0.707106781186547,0.));
#7702=DIRECTION('',(-0.707106781186547,-0.707106781186548,0.));
#7703=DIRECTION('',(0.707106781186547,0.707106781186548,0.));
#7704=DIRECTION('',(0.,0.,-1.));
#7705=DIRECTION('',(0.707106781186547,0.707106781186548,0.));
#7706=DIRECTION('',(-1.,0.,0.));
#7707=DIRECTION('',(0.,0.,1.));
#7708=DIRECTION('',(0.,1.,0.));
#7709=DIRECTION('',(0.,0.,-1.));
#7710=DIRECTION('',(0.,1.,0.));
#7711=DIRECTION('',(0.,-1.,0.));
#7712=DIRECTION('',(0.,0.,-1.));
#7713=DIRECTION('',(-1.,0.,0.));
#7714=DIRECTION('',(0.,0.,-1.));
#7715=DIRECTION('',(-1.,0.,0.));
#7716=DIRECTION('',(0.,0.,-1.));
#7717=DIRECTION('',(-1.,0.,0.));
#7718=DIRECTION('',(0.,0.,1.));
#7719=DIRECTION('',(1.,0.,0.));
#7720=DIRECTION('',(0.,0.,-1.));
#7721=DIRECTION('',(0.,0.,1.));
#7722=DIRECTION('',(1.,0.,0.));
#7723=DIRECTION('',(0.,0.,1.));
#7724=DIRECTION('',(1.,0.,0.));
#7725=DIRECTION('',(0.991708372113168,-0.128508772776997,0.));
#7726=DIRECTION('',(-0.90630778703665,0.422618261740699,0.));
#7727=DIRECTION('',(0.,0.,1.));
#7728=DIRECTION('',(1.,0.,0.));
#7729=DIRECTION('',(0.991708372113168,-0.128508772776997,0.));
#7730=DIRECTION('',(-0.90630778703665,0.422618261740699,0.));
#7731=DIRECTION('',(-0.422618261740699,-0.90630778703665,0.));
#7732=DIRECTION('',(0.90630778703665,-0.422618261740699,0.));
#7733=DIRECTION('',(0.128508772776997,0.991708372113168,0.));
#7734=DIRECTION('',(-0.991708372113168,0.128508772776997,0.));
#7735=DIRECTION('',(-0.704142011834321,0.710059171597632,0.));
#7736=DIRECTION('',(-0.710059171597632,-0.704142011834321,0.));
#7737=DIRECTION('',(0.710059171597632,0.704142011834321,0.));
#7738=DIRECTION('',(0.710059171597632,0.704142011834321,0.));
#7739=DIRECTION('',(0.,0.,-1.));
#7740=DIRECTION('',(0.,0.,-1.));
#7741=DIRECTION('',(-1.,0.,0.));
#7742=DIRECTION('',(0.,0.,1.));
#7743=DIRECTION('',(1.,0.,0.));
#7744=DIRECTION('',(0.,0.,-1.));
#7745=DIRECTION('',(0.,0.,1.));
#7746=DIRECTION('',(1.,0.,0.));
#7747=DIRECTION('',(0.,0.,1.));
#7748=DIRECTION('',(1.,0.,0.));
#7749=DIRECTION('',(-1.,0.,0.));
#7750=DIRECTION('',(0.,-1.,0.));
#7751=DIRECTION('',(0.707106781186549,-0.707106781186546,0.));
#7752=DIRECTION('',(1.,0.,0.));
#7753=DIRECTION('',(0.,0.,1.));
#7754=DIRECTION('',(1.,0.,0.));
#7755=DIRECTION('',(0.,0.,1.));
#7756=DIRECTION('',(1.,0.,0.));
#7757=DIRECTION('',(0.,0.,1.));
#7758=DIRECTION('',(1.,0.,0.));
#7759=DIRECTION('',(1.,0.,0.));
#7760=DIRECTION('',(0.707106781186549,-0.707106781186546,0.));
#7761=DIRECTION('',(0.,-1.,0.));
#7762=DIRECTION('',(-1.,0.,0.));
#7763=DIRECTION('',(0.,-1.,0.));
#7764=DIRECTION('',(0.,0.,-1.));
#7765=DIRECTION('',(0.,0.,-1.));
#7766=DIRECTION('',(1.,0.,0.));
#7767=DIRECTION('',(0.,0.,-1.));
#7768=DIRECTION('',(0.,0.,-1.));
#7769=DIRECTION('',(0.707106781186546,0.70710678118655,0.));
#7770=DIRECTION('',(-0.70710678118655,0.707106781186546,0.));
#7771=DIRECTION('',(0.,0.,-1.));
#7772=DIRECTION('',(0.,1.,0.));
#7773=DIRECTION('',(0.,0.,1.));
#7774=DIRECTION('',(0.,0.,-1.));
#7775=DIRECTION('',(0.,0.,-1.));
#7776=DIRECTION('',(-1.,0.,0.));
#7777=DIRECTION('',(0.,0.,-1.));
#7778=DIRECTION('',(-1.,0.,0.));
#7779=DIRECTION('',(0.,0.,1.));
#7780=DIRECTION('',(1.,0.,0.));
#7781=DIRECTION('',(0.,0.,-1.));
#7782=DIRECTION('',(0.,0.,1.));
#7783=DIRECTION('',(1.,0.,0.));
#7784=DIRECTION('',(0.,0.,-1.));
#7785=DIRECTION('',(0.4226182617407,0.90630778703665,0.));
#7786=DIRECTION('',(-0.90630778703665,0.4226182617407,0.));
#7787=DIRECTION('',(0.90630778703665,-0.4226182617407,0.));
#7788=DIRECTION('',(0.,0.,-1.));
#7789=DIRECTION('',(0.90630778703665,-0.4226182617407,0.));
#7790=DIRECTION('',(0.,0.,-1.));
#7791=DIRECTION('',(-1.,0.,0.));
#7792=DIRECTION('',(0.,0.,1.));
#7793=DIRECTION('',(1.,0.,0.));
#7794=DIRECTION('',(0.,0.,-1.));
#7795=DIRECTION('',(0.,0.,1.));
#7796=DIRECTION('',(1.,0.,0.));
#7797=DIRECTION('',(0.,1.,0.));
#7798=DIRECTION('',(0.,0.,1.));
#7799=DIRECTION('',(1.,0.,0.));
#7800=DIRECTION('',(0.,0.,-1.));
#7801=DIRECTION('',(1.,0.,0.));
#7802=DIRECTION('',(-0.707106781186548,0.707106781186547,0.));
#7803=DIRECTION('',(-0.707106781186547,-0.707106781186548,0.));
#7804=DIRECTION('',(0.707106781186547,0.707106781186548,0.));
#7805=DIRECTION('',(0.,0.,-1.));
#7806=DIRECTION('',(0.707106781186547,0.707106781186548,0.));
#7807=DIRECTION('',(-1.,0.,0.));
#7808=DIRECTION('',(0.,0.,1.));
#7809=DIRECTION('',(0.,1.,0.));
#7810=DIRECTION('',(0.,0.,-1.));
#7811=DIRECTION('',(0.,1.,0.));
#7812=DIRECTION('',(0.,-1.,0.));
#7813=DIRECTION('',(0.,0.,-1.));
#7814=DIRECTION('',(-1.,0.,0.));
#7815=DIRECTION('',(0.,0.,-1.));
#7816=DIRECTION('',(-1.,0.,0.));
#7817=DIRECTION('',(0.,0.,-1.));
#7818=DIRECTION('',(-1.,0.,0.));
#7819=DIRECTION('',(0.,0.,1.));
#7820=DIRECTION('',(1.,0.,0.));
#7821=DIRECTION('',(0.,0.,-1.));
#7822=DIRECTION('',(0.,0.,1.));
#7823=DIRECTION('',(1.,0.,0.));
#7824=DIRECTION('',(0.,0.,1.));
#7825=DIRECTION('',(1.,0.,0.));
#7826=DIRECTION('',(0.991708372113168,-0.128508772776997,0.));
#7827=DIRECTION('',(-0.90630778703665,0.422618261740699,0.));
#7828=DIRECTION('',(0.,0.,1.));
#7829=DIRECTION('',(1.,0.,0.));
#7830=DIRECTION('',(0.991708372113168,-0.128508772776997,0.));
#7831=DIRECTION('',(-0.90630778703665,0.422618261740699,0.));
#7832=DIRECTION('',(-0.422618261740699,-0.90630778703665,0.));
#7833=DIRECTION('',(0.90630778703665,-0.422618261740699,0.));
#7834=DIRECTION('',(0.128508772776997,0.991708372113168,0.));
#7835=DIRECTION('',(-0.991708372113168,0.128508772776997,0.));
#7836=DIRECTION('',(-0.704142011834321,0.710059171597632,0.));
#7837=DIRECTION('',(-0.710059171597632,-0.704142011834321,0.));
#7838=DIRECTION('',(0.710059171597632,0.704142011834321,0.));
#7839=DIRECTION('',(0.710059171597632,0.704142011834321,0.));
#7840=DIRECTION('',(0.,0.,-1.));
#7841=DIRECTION('',(0.,0.,-1.));
#7842=DIRECTION('',(-1.,0.,0.));
#7843=DIRECTION('',(0.,0.,1.));
#7844=DIRECTION('',(1.,0.,0.));
#7845=DIRECTION('',(0.,0.,-1.));
#7846=DIRECTION('',(0.,0.,1.));
#7847=DIRECTION('',(1.,0.,0.));
#7848=DIRECTION('',(0.,0.,1.));
#7849=DIRECTION('',(1.,0.,0.));
#7850=DIRECTION('',(-1.,0.,0.));
#7851=DIRECTION('',(0.,-1.,0.));
#7852=DIRECTION('',(0.707106781186549,-0.707106781186546,0.));
#7853=DIRECTION('',(1.,0.,0.));
#7854=DIRECTION('',(0.,0.,1.));
#7855=DIRECTION('',(1.,0.,0.));
#7856=DIRECTION('',(0.,0.,1.));
#7857=DIRECTION('',(1.,0.,0.));
#7858=DIRECTION('',(0.,0.,1.));
#7859=DIRECTION('',(1.,0.,0.));
#7860=DIRECTION('',(1.,0.,0.));
#7861=DIRECTION('',(0.707106781186549,-0.707106781186546,0.));
#7862=DIRECTION('',(0.,-1.,0.));
#7863=DIRECTION('',(-1.,0.,0.));
#7864=DIRECTION('',(0.,-1.,0.));
#7865=DIRECTION('',(0.,0.,-1.));
#7866=DIRECTION('',(0.,0.,-1.));
#7867=DIRECTION('',(1.,0.,0.));
#7868=DIRECTION('',(0.,0.,-1.));
#7869=DIRECTION('',(0.,0.,-1.));
#7870=DIRECTION('',(0.707106781186546,0.70710678118655,0.));
#7871=DIRECTION('',(-0.70710678118655,0.707106781186546,0.));
#7872=DIRECTION('',(0.,0.,-1.));
#7873=DIRECTION('',(0.,1.,0.));
#7874=DIRECTION('',(0.,0.,1.));
#7875=DIRECTION('',(0.,0.,-1.));
#7876=DIRECTION('',(0.,0.,-1.));
#7877=DIRECTION('',(-1.,0.,0.));
#7878=DIRECTION('',(0.,0.,1.));
#7879=DIRECTION('',(1.,0.,0.));
#7880=DIRECTION('',(0.,1.,0.));
#7881=DIRECTION('',(0.,0.,1.));
#7882=DIRECTION('',(0.,-1.,0.));
#7883=DIRECTION('',(0.,0.,-1.));
#7884=DIRECTION('',(0.,1.,0.));
#7885=DIRECTION('',(0.,0.,1.));
#7886=DIRECTION('',(0.,0.,1.));
#7887=DIRECTION('',(1.,0.,0.));
#7888=DIRECTION('',(0.998068160289745,0.062128475080622,0.));
#7889=DIRECTION('',(-0.062128475080622,0.998068160289745,0.));
#7890=DIRECTION('',(0.,0.,1.));
#7891=DIRECTION('',(1.,0.,0.));
#7892=DIRECTION('',(0.971788807307653,0.235852737935282,0.));
#7893=DIRECTION('',(-0.235852737935282,0.971788807307653,0.));
#7894=DIRECTION('',(-0.971788807307653,-0.235852737935283,0.));
#7895=DIRECTION('',(0.235852737935283,-0.971788807307653,0.));
#7896=DIRECTION('',(-0.995690861435843,-0.0927346130263572,0.));
#7897=DIRECTION('',(0.0927346130263576,-0.995690861435843,0.));
#7898=DIRECTION('',(-0.998629534754574,0.0523359562429456,0.));
#7899=DIRECTION('',(-0.0523359562429456,-0.998629534754574,0.));
#7900=DIRECTION('',(0.,0.,1.));
#7901=DIRECTION('',(1.,0.,0.));
#7902=DIRECTION('',(-1.0842021724855E-14,1.,1.0842021724855E-14));
#7903=DIRECTION('',(0.,-1.0842021724855E-14,1.));
#7904=DIRECTION('',(0.,1.,0.));
#7905=DIRECTION('',(0.,0.,1.));
#7906=DIRECTION('',(0.,1.,0.));
#7907=DIRECTION('',(0.,0.,1.));
#7908=DIRECTION('',(0.,0.,1.));
#7909=DIRECTION('',(1.,0.,0.));
#7910=DIRECTION('',(0.99806816511456,0.0621283975718761,-7.76587698491431E-8));
#7911=DIRECTION('',(-0.0621283975718763,0.998068165114563,0.));
#7912=DIRECTION('',(0.,0.,1.));
#7913=DIRECTION('',(1.,0.,0.));
#7914=DIRECTION('',(0.971788807307636,0.235852737935352,7.15227871228209E-14));
#7915=DIRECTION('',(-0.235852737935352,0.971788807307636,0.));
#7916=DIRECTION('',(0.971788807307653,0.235852737935283,0.));
#7917=DIRECTION('',(-0.235852737935283,0.971788807307653,0.));
#7918=DIRECTION('',(0.995690861435843,0.0927346130263572,0.));
#7919=DIRECTION('',(-0.0927346130263576,0.995690861435843,0.));
#7920=DIRECTION('',(0.998629534754574,-0.0523359562429456,0.));
#7921=DIRECTION('',(0.0523359562429456,0.998629534754574,0.));
#7922=DIRECTION('',(-0.0523359562429462,0.998629534754574,0.));
#7923=DIRECTION('',(-0.998629534754574,-0.0523359562429462,0.));
#7924=DIRECTION('',(-0.0523359562429456,0.998629534754574,-4.33086524435639E-15));
#7925=DIRECTION('',(-0.998629534754574,-0.0523359562429456,0.));
#7926=DIRECTION('',(0.,0.,1.));
#7927=DIRECTION('',(1.,0.,0.));
#7928=DIRECTION('',(-0.998629534754574,-0.0523359562429326,2.26971029830775E-16));
#7929=DIRECTION('',(0.0523359562429326,-0.998629534754574,0.));
#7930=DIRECTION('',(-0.998629534754574,-0.0523359562429399,0.));
#7931=DIRECTION('',(0.0523359562429399,-0.998629534754574,0.));
#7932=DIRECTION('',(0.,0.,1.));
#7933=DIRECTION('',(1.,0.,0.));
#7934=DIRECTION('',(0.,1.,0.));
#7935=DIRECTION('',(0.,0.,1.));
#7936=DIRECTION('',(0.,-1.,0.));
#7937=DIRECTION('',(0.,0.,-1.));
#7938=DIRECTION('',(0.,1.,0.));
#7939=DIRECTION('',(0.,0.,1.));
#7940=DIRECTION('',(0.,0.,1.));
#7941=DIRECTION('',(1.,0.,0.));
#7942=DIRECTION('',(0.998068160289745,0.062128475080622,0.));
#7943=DIRECTION('',(-0.062128475080622,0.998068160289745,0.));
#7944=DIRECTION('',(0.,0.,1.));
#7945=DIRECTION('',(1.,0.,0.));
#7946=DIRECTION('',(0.971788807307653,0.235852737935282,0.));
#7947=DIRECTION('',(-0.235852737935282,0.971788807307653,0.));
#7948=DIRECTION('',(-0.971788807307653,-0.235852737935283,0.));
#7949=DIRECTION('',(0.235852737935283,-0.971788807307653,0.));
#7950=DIRECTION('',(-0.995690861435843,-0.0927346130263572,0.));
#7951=DIRECTION('',(0.0927346130263576,-0.995690861435843,0.));
#7952=DIRECTION('',(-0.998629534754574,0.0523359562429456,0.));
#7953=DIRECTION('',(-0.0523359562429456,-0.998629534754574,0.));
#7954=DIRECTION('',(0.,0.,1.));
#7955=DIRECTION('',(1.,0.,0.));
#7956=DIRECTION('',(-1.0842021724855E-14,1.,1.08420217248551E-14));
#7957=DIRECTION('',(0.,-1.08420217248551E-14,1.));
#7958=DIRECTION('',(0.,1.,0.));
#7959=DIRECTION('',(0.,0.,1.));
#7960=DIRECTION('',(0.,1.,0.));
#7961=DIRECTION('',(0.,0.,1.));
#7962=DIRECTION('',(0.,0.,1.));
#7963=DIRECTION('',(1.,0.,0.));
#7964=DIRECTION('',(0.99806816511456,0.0621283975718761,-7.76587698491433E-8));
#7965=DIRECTION('',(-0.0621283975718763,0.998068165114563,0.));
#7966=DIRECTION('',(0.,0.,1.));
#7967=DIRECTION('',(1.,0.,0.));
#7968=DIRECTION('',(0.971788807307636,0.235852737935352,7.15227871228211E-14));
#7969=DIRECTION('',(-0.235852737935352,0.971788807307636,0.));
#7970=DIRECTION('',(0.971788807307653,0.235852737935283,0.));
#7971=DIRECTION('',(-0.235852737935283,0.971788807307653,0.));
#7972=DIRECTION('',(0.995690861435843,0.0927346130263572,0.));
#7973=DIRECTION('',(-0.0927346130263576,0.995690861435843,0.));
#7974=DIRECTION('',(0.998629534754574,-0.0523359562429456,0.));
#7975=DIRECTION('',(0.0523359562429456,0.998629534754574,0.));
#7976=DIRECTION('',(0.0523359562429462,-0.998629534754574,0.));
#7977=DIRECTION('',(0.998629534754574,0.0523359562429462,0.));
#7978=DIRECTION('',(-0.0523359562429499,0.998629534754574,0.));
#7979=DIRECTION('',(-0.998629534754574,-0.0523359562429499,0.));
#7980=DIRECTION('',(0.,0.,1.));
#7981=DIRECTION('',(1.,0.,0.));
#7982=DIRECTION('',(-0.998629534754574,-0.0523359562429324,0.));
#7983=DIRECTION('',(0.0523359562429324,-0.998629534754574,0.));
#7984=DIRECTION('',(0.998629534754574,0.0523359562429399,0.));
#7985=DIRECTION('',(-0.0523359562429399,0.998629534754574,0.));
#7986=DIRECTION('',(0.0523359562429462,-0.998629534754574,0.));
#7987=DIRECTION('',(0.998629534754574,0.0523359562429462,0.));
#7988=DIRECTION('',(-0.0523359562429499,0.998629534754574,0.));
#7989=DIRECTION('',(-0.998629534754574,-0.0523359562429499,0.));
#7990=DIRECTION('',(0.,0.,1.));
#7991=DIRECTION('',(1.,0.,0.));
#7992=DIRECTION('',(-0.998629534754574,-0.0523359562429324,0.));
#7993=DIRECTION('',(0.0523359562429324,-0.998629534754575,0.));
#7994=DIRECTION('',(0.998629534754574,0.0523359562429399,0.));
#7995=DIRECTION('',(-0.0523359562429399,0.998629534754574,0.));
#7996=DIRECTION('',(-0.0523359562429462,0.998629534754574,0.));
#7997=DIRECTION('',(-0.998629534754574,-0.0523359562429462,0.));
#7998=DIRECTION('',(-0.0523359562429456,0.998629534754574,-4.3308652443564E-15));
#7999=DIRECTION('',(-0.998629534754574,-0.0523359562429456,0.));
#8000=DIRECTION('',(0.,0.,1.));
#8001=DIRECTION('',(1.,0.,0.));
#8002=DIRECTION('',(-0.998629534754574,-0.0523359562429326,2.26971029830776E-16));
#8003=DIRECTION('',(0.0523359562429326,-0.998629534754574,0.));
#8004=DIRECTION('',(-0.998629534754574,-0.0523359562429399,0.));
#8005=DIRECTION('',(0.0523359562429399,-0.998629534754574,0.));
#8006=CARTESIAN_POINT('',(0.,0.,0.));
#8007=CARTESIAN_POINT('',(-7.42087486591823,4.22204458660002,3.05));
#8008=CARTESIAN_POINT('',(-7.42087486591823,4.22204458660002,3.05));
#8009=CARTESIAN_POINT('',(-7.48310195981159,4.01850893359824,3.05));
#8010=CARTESIAN_POINT('',(-7.49865873328493,3.9676250203478,3.05));
#8011=CARTESIAN_POINT('',(-7.48310195981159,4.01850893359824,2.85));
#8012=CARTESIAN_POINT('',(-7.42087486591823,4.22204458660002,2.85));
#8013=CARTESIAN_POINT('',(-7.42087486591823,4.22204458660002,3.05));
#8014=CARTESIAN_POINT('',(-7.42087486591823,4.22204458660002,2.58396945715453));
#8015=CARTESIAN_POINT('',(-7.35959308825904,4.42248824952191,1.95));
#8016=CARTESIAN_POINT('',(-7.49865873328493,3.9676250203478,2.41862626900576));
#8017=CARTESIAN_POINT('',(-7.49865873328493,3.9676250203478,3.05));
#8018=CARTESIAN_POINT('',(-7.49865873328493,3.9676250203478,3.05));
#8019=CARTESIAN_POINT('',(-7.74968470404401,3.95446930667795,1.95));
#8020=CARTESIAN_POINT('',(-7.99797350066222,3.94145704222633,2.42008621044196));
#8021=CARTESIAN_POINT('',(-7.99797350066222,3.94145704222633,3.05));
#8022=CARTESIAN_POINT('',(-7.99797350066222,3.94145704222633,3.05));
#8023=CARTESIAN_POINT('',(-7.49865873328493,3.9676250203478,3.05));
#8024=CARTESIAN_POINT('',(-7.99797350066222,3.94145704222633,3.05));
#8025=CARTESIAN_POINT('',(-8.11742054992355,4.2228566558193,3.05));
#8026=CARTESIAN_POINT('',(-8.11742054992355,4.2228566558193,2.85));
#8027=CARTESIAN_POINT('',(-8.11742054992355,4.2228566558193,2.59723457852548));
#8028=CARTESIAN_POINT('',(-8.03047490757131,4.0180255585857,2.85));
#8029=CARTESIAN_POINT('',(-8.03047490757131,4.0180255585857,3.05));
#8030=CARTESIAN_POINT('',(-7.99797350066222,3.94145704222633,3.05));
#8031=CARTESIAN_POINT('',(-8.18418977611676,4.3801550953108,1.95));
#8032=CARTESIAN_POINT('',(-7.42087486591823,4.22204458660002,7.05));
#8033=CARTESIAN_POINT('',(-7.42087486591823,4.22204458660002,7.05));
#8034=CARTESIAN_POINT('',(-7.48310195981159,4.01850893359824,7.05));
#8035=CARTESIAN_POINT('',(-7.49865873328493,3.9676250203478,7.05));
#8036=CARTESIAN_POINT('',(-7.48310195981159,4.01850893359824,6.85));
#8037=CARTESIAN_POINT('',(-7.42087486591823,4.22204458660002,6.85));
#8038=CARTESIAN_POINT('',(-7.42087486591823,4.22204458660002,7.05));
#8039=CARTESIAN_POINT('',(-7.42087486591823,4.22204458660002,6.58396945715453));
#8040=CARTESIAN_POINT('',(-7.35959308825904,4.42248824952191,5.95));
#8041=CARTESIAN_POINT('',(-7.49865873328493,3.9676250203478,6.41862626900576));
#8042=CARTESIAN_POINT('',(-7.49865873328493,3.9676250203478,7.05));
#8043=CARTESIAN_POINT('',(-7.49865873328493,3.9676250203478,7.05));
#8044=CARTESIAN_POINT('',(-7.74968470404401,3.95446930667795,5.95));
#8045=CARTESIAN_POINT('',(-7.99797350066222,3.94145704222633,6.42008621044196));
#8046=CARTESIAN_POINT('',(-7.99797350066222,3.94145704222633,7.05));
#8047=CARTESIAN_POINT('',(-7.99797350066222,3.94145704222633,7.05));
#8048=CARTESIAN_POINT('',(-7.49865873328493,3.9676250203478,7.05));
#8049=CARTESIAN_POINT('',(-7.99797350066222,3.94145704222633,7.05));
#8050=CARTESIAN_POINT('',(-8.11742054992355,4.2228566558193,7.05));
#8051=CARTESIAN_POINT('',(-8.11742054992355,4.2228566558193,6.85));
#8052=CARTESIAN_POINT('',(-8.11742054992355,4.2228566558193,6.59723457852548));
#8053=CARTESIAN_POINT('',(-8.03047490757131,4.0180255585857,6.85));
#8054=CARTESIAN_POINT('',(-8.03047490757131,4.0180255585857,7.05));
#8055=CARTESIAN_POINT('',(-7.99797350066222,3.94145704222633,7.05));
#8056=CARTESIAN_POINT('',(-8.18418977611676,4.3801550953108,5.95));
#8057=CARTESIAN_POINT('',(-6.3,4.35,4.45));
#8058=CARTESIAN_POINT('',(-6.5,1.6,4.45));
#8059=CARTESIAN_POINT('',(-11.9,1.6,4.45));
#8060=CARTESIAN_POINT('',(-12.7,1.6,4.45));
#8061=CARTESIAN_POINT('',(-11.9,1.95940395240254,4.45));
#8062=CARTESIAN_POINT('',(-11.9,1.95940395240254,4.45));
#8063=CARTESIAN_POINT('',(-10.65,1.95940395240254,4.45));
#8064=CARTESIAN_POINT('',(-10.7154199453037,3.20769087084576,4.45));
#8065=CARTESIAN_POINT('',(-8.,3.35,4.45));
#8066=CARTESIAN_POINT('',(-8.,3.35,4.45));
#8067=CARTESIAN_POINT('',(-8.,0.,4.45));
#8068=CARTESIAN_POINT('',(-8.,1.6,4.45));
#8069=CARTESIAN_POINT('',(-6.5,1.6,4.45));
#8070=CARTESIAN_POINT('',(-6.5,1.6,4.45));
#8071=CARTESIAN_POINT('',(-6.5,1.6,4.45));
#8072=CARTESIAN_POINT('',(-6.5,3.35,4.45));
#8073=CARTESIAN_POINT('',(-6.3,3.35,4.45));
#8074=CARTESIAN_POINT('',(-6.3,3.35,4.45));
#8075=CARTESIAN_POINT('',(-6.3,4.35,4.45));
#8076=CARTESIAN_POINT('',(-6.3,3.84563757683958,4.45));
#8077=CARTESIAN_POINT('',(-6.156,4.05,4.45));
#8078=CARTESIAN_POINT('',(-6.3798397138185,3.93866365140866,4.45));
#8079=CARTESIAN_POINT('',(-6.3798397138185,3.93866365140866,4.45));
#8080=CARTESIAN_POINT('',(-6.47298729810778,4.1,4.45));
#8081=CARTESIAN_POINT('',(-6.90599999999999,3.85000000000001,4.45));
#8082=CARTESIAN_POINT('',(-6.906,4.35,4.45));
#8083=CARTESIAN_POINT('',(-6.3,4.35,4.45));
#8084=CARTESIAN_POINT('',(-8.3108006383121,4.35,4.45));
#8085=CARTESIAN_POINT('',(-8.3108006383121,-6.65000000000012,4.45));
#8086=CARTESIAN_POINT('',(-11.6561899656782,3.82894890952074,4.45));
#8087=CARTESIAN_POINT('',(-11.2000000000007,2.40000149438775,4.45));
#8088=CARTESIAN_POINT('',(-12.7,2.4,4.45));
#8089=CARTESIAN_POINT('',(-12.7,1.6,4.45));
#8090=CARTESIAN_POINT('',(0.,1.6,4.));
#8091=CARTESIAN_POINT('',(0.,1.6,7.05));
#8092=CARTESIAN_POINT('',(-12.2535898384862,1.6,7.05));
#8093=CARTESIAN_POINT('',(-11.9,1.6,7.05));
#8094=CARTESIAN_POINT('',(-12.2535898384862,1.6,7.05));
#8095=CARTESIAN_POINT('',(-12.3922522354833,1.6,7.05));
#8096=CARTESIAN_POINT('',(-12.5034789358546,1.6,6.94651865114568));
#8097=CARTESIAN_POINT('',(-12.6,1.6,6.85));
#8098=CARTESIAN_POINT('',(-12.6,1.6,6.85));
#8099=CARTESIAN_POINT('',(-12.6,1.6,7.05));
#8100=CARTESIAN_POINT('',(-12.6,1.6,5.05));
#8101=CARTESIAN_POINT('',(-12.2535898384862,1.6,4.85));
#8102=CARTESIAN_POINT('',(-12.3922522354833,1.6,4.85));
#8103=CARTESIAN_POINT('',(-12.5034789358546,1.6,4.95348134885432));
#8104=CARTESIAN_POINT('',(-12.6,1.6,5.05));
#8105=CARTESIAN_POINT('',(-12.2535898384862,1.6,4.85));
#8106=CARTESIAN_POINT('',(0.,1.6,4.85));
#8107=CARTESIAN_POINT('',(-11.9,1.6,4.85));
#8108=CARTESIAN_POINT('',(-11.9,1.6,4.));
#8109=CARTESIAN_POINT('',(-12.7,1.6,4.45));
#8110=CARTESIAN_POINT('',(-12.7,1.6,7.45));
#8111=CARTESIAN_POINT('',(-12.7,1.6,7.45));
#8112=CARTESIAN_POINT('',(-11.9,1.6,7.45));
#8113=CARTESIAN_POINT('',(-11.9,1.6,4.));
#8114=CARTESIAN_POINT('',(-11.9,1.6,7.2));
#8115=CARTESIAN_POINT('',(0.,1.6,7.2));
#8116=CARTESIAN_POINT('',(-8.,1.6,7.2));
#8117=CARTESIAN_POINT('',(-8.,1.6,4.));
#8118=CARTESIAN_POINT('',(-8.,1.6,7.45));
#8119=CARTESIAN_POINT('',(-12.7,1.6,7.45));
#8120=CARTESIAN_POINT('',(-6.5,1.6,7.45));
#8121=CARTESIAN_POINT('',(-6.5,1.6,7.45));
#8122=CARTESIAN_POINT('',(-8.,1.6,4.));
#8123=CARTESIAN_POINT('',(-8.,1.6,4.7));
#8124=CARTESIAN_POINT('',(0.,1.6,4.7));
#8125=CARTESIAN_POINT('',(-11.9,1.6,4.7));
#8126=CARTESIAN_POINT('',(-11.9,1.6,4.));
#8127=CARTESIAN_POINT('',(-6.3,4.35,0.45));
#8128=CARTESIAN_POINT('',(-6.5,1.6,0.45));
#8129=CARTESIAN_POINT('',(-11.9,1.6,0.45));
#8130=CARTESIAN_POINT('',(-12.7,1.6,0.45));
#8131=CARTESIAN_POINT('',(-11.9,1.95940395240254,0.45));
#8132=CARTESIAN_POINT('',(-11.9,1.95940395240254,0.45));
#8133=CARTESIAN_POINT('',(-10.65,1.95940395240254,0.45));
#8134=CARTESIAN_POINT('',(-10.7154199453037,3.20769087084576,0.45));
#8135=CARTESIAN_POINT('',(-8.,3.35,0.45));
#8136=CARTESIAN_POINT('',(-8.,3.35,0.45));
#8137=CARTESIAN_POINT('',(-8.,0.,0.45));
#8138=CARTESIAN_POINT('',(-8.,1.6,0.45));
#8139=CARTESIAN_POINT('',(-6.5,1.6,0.45));
#8140=CARTESIAN_POINT('',(-6.5,1.6,0.45));
#8141=CARTESIAN_POINT('',(-6.5,1.6,0.45));
#8142=CARTESIAN_POINT('',(-6.5,3.35,0.45));
#8143=CARTESIAN_POINT('',(-6.3,3.35,0.45));
#8144=CARTESIAN_POINT('',(-6.3,3.35,0.45));
#8145=CARTESIAN_POINT('',(-6.3,4.35,0.45));
#8146=CARTESIAN_POINT('',(-6.3,3.84563757683958,0.45));
#8147=CARTESIAN_POINT('',(-6.156,4.05,0.45));
#8148=CARTESIAN_POINT('',(-6.3798397138185,3.93866365140866,0.45));
#8149=CARTESIAN_POINT('',(-6.3798397138185,3.93866365140866,0.45));
#8150=CARTESIAN_POINT('',(-6.47298729810778,4.1,0.45));
#8151=CARTESIAN_POINT('',(-6.90599999999999,3.85000000000001,0.45));
#8152=CARTESIAN_POINT('',(-6.906,4.35,0.45));
#8153=CARTESIAN_POINT('',(-6.3,4.35,0.45));
#8154=CARTESIAN_POINT('',(-8.3108,4.35,0.45));
#8155=CARTESIAN_POINT('',(-8.3108006383121,-6.65000000000012,0.45));
#8156=CARTESIAN_POINT('',(-11.6561899656782,3.82894890952074,0.45));
#8157=CARTESIAN_POINT('',(-11.2000000000007,2.40000149438775,0.45));
#8158=CARTESIAN_POINT('',(-12.7,2.4,0.45));
#8159=CARTESIAN_POINT('',(-12.7,1.6,0.45));
#8160=CARTESIAN_POINT('',(0.,1.6,0.));
#8161=CARTESIAN_POINT('',(0.,1.6,3.05));
#8162=CARTESIAN_POINT('',(-12.2535898384862,1.6,3.05));
#8163=CARTESIAN_POINT('',(-11.9,1.6,3.05));
#8164=CARTESIAN_POINT('',(-12.2535898384862,1.6,3.05));
#8165=CARTESIAN_POINT('',(-12.3922522354833,1.6,3.05));
#8166=CARTESIAN_POINT('',(-12.5034789358545,1.6,2.94651865114551));
#8167=CARTESIAN_POINT('',(-12.6,1.6,2.85));
#8168=CARTESIAN_POINT('',(-12.6,1.6,2.85));
#8169=CARTESIAN_POINT('',(-12.6,1.6,3.05));
#8170=CARTESIAN_POINT('',(-12.6,1.6,1.05));
#8171=CARTESIAN_POINT('',(-12.2535898384862,1.6,0.85));
#8172=CARTESIAN_POINT('',(-12.3922522354833,1.6,0.85));
#8173=CARTESIAN_POINT('',(-12.5034789358546,1.6,0.953481348854339));
#8174=CARTESIAN_POINT('',(-12.6,1.6,1.05));
#8175=CARTESIAN_POINT('',(-12.2535898384862,1.6,0.85));
#8176=CARTESIAN_POINT('',(0.,1.6,0.85));
#8177=CARTESIAN_POINT('',(-11.9,1.6,0.85));
#8178=CARTESIAN_POINT('',(-11.9,1.6,0.));
#8179=CARTESIAN_POINT('',(-12.7,1.6,0.45));
#8180=CARTESIAN_POINT('',(-12.7,1.6,3.45));
#8181=CARTESIAN_POINT('',(-12.7,1.6,3.45));
#8182=CARTESIAN_POINT('',(-11.9,1.6,3.45));
#8183=CARTESIAN_POINT('',(-11.9,1.6,0.));
#8184=CARTESIAN_POINT('',(-11.9,1.6,3.2));
#8185=CARTESIAN_POINT('',(0.,1.6,3.2));
#8186=CARTESIAN_POINT('',(-8.,1.6,3.2));
#8187=CARTESIAN_POINT('',(-8.,1.6,0.));
#8188=CARTESIAN_POINT('',(-8.,1.6,3.45));
#8189=CARTESIAN_POINT('',(-12.7,1.6,3.45));
#8190=CARTESIAN_POINT('',(-6.5,1.6,3.45));
#8191=CARTESIAN_POINT('',(-6.5,1.6,3.45));
#8192=CARTESIAN_POINT('',(-8.,1.6,0.));
#8193=CARTESIAN_POINT('',(-8.,1.6,0.7));
#8194=CARTESIAN_POINT('',(0.,1.6,0.7));
#8195=CARTESIAN_POINT('',(-11.9,1.6,0.7));
#8196=CARTESIAN_POINT('',(-11.9,1.6,0.));
#8197=CARTESIAN_POINT('',(-11.2000000000007,2.40000149438775,7.9));
#8198=CARTESIAN_POINT('',(-11.2000000000007,2.40000149438775,7.45));
#8199=CARTESIAN_POINT('',(-12.7,2.4,7.45));
#8200=CARTESIAN_POINT('',(-11.6561899656782,3.82894890952074,7.45));
#8201=CARTESIAN_POINT('',(-12.7,2.4,7.9));
#8202=CARTESIAN_POINT('',(-12.7,2.4,7.65));
#8203=CARTESIAN_POINT('',(-11.2000000000007,2.40000149438775,7.65));
#8204=CARTESIAN_POINT('',(-11.6561899656782,3.82894890952074,7.65));
#8205=CARTESIAN_POINT('',(-11.6561899656782,3.82894890952074,7.9));
#8206=CARTESIAN_POINT('',(-11.2000000000007,2.40000149438775,7.9));
#8207=CARTESIAN_POINT('',(-12.7,2.4,7.9));
#8208=CARTESIAN_POINT('',(-12.7,2.4,3.45));
#8209=CARTESIAN_POINT('',(-11.6561899656782,3.82894890952074,7.9));
#8210=CARTESIAN_POINT('',(-11.6561899656782,3.82894890952074,3.45));
#8211=CARTESIAN_POINT('',(-11.2000000000007,2.40000149438775,3.45));
#8212=CARTESIAN_POINT('',(-11.2000000000007,2.40000149438775,7.9));
#8213=CARTESIAN_POINT('',(-12.7,2.4,7.9));
#8214=CARTESIAN_POINT('',(-12.7,2.4,0.25));
#8215=CARTESIAN_POINT('',(-11.6561899656782,3.82894890952074,7.9));
#8216=CARTESIAN_POINT('',(-11.6561899656782,3.82894890952074,0.25));
#8217=CARTESIAN_POINT('',(-11.2000000000007,2.40000149438775,0.25));
#8218=CARTESIAN_POINT('',(-6.156,4.05,7.9));
#8219=CARTESIAN_POINT('',(-6.156,3.8,7.38879481258318));
#8220=CARTESIAN_POINT('',(-6.19565630495061,3.8,7.42993833809834));
#8221=CARTESIAN_POINT('',(-6.25329009633496,3.81272435324521,7.45));
#8222=CARTESIAN_POINT('',(-6.3,3.84563757683958,7.45));
#8223=CARTESIAN_POINT('',(-6.156,3.8,7.38879481258318));
#8224=CARTESIAN_POINT('',(-6.3,3.84563757683958,7.45));
#8225=CARTESIAN_POINT('',(-6.156,4.05,7.45));
#8226=CARTESIAN_POINT('',(-6.3798397138185,3.93866365140866,7.45));
#8227=CARTESIAN_POINT('',(-6.3798397138185,3.93866365140866,7.9));
#8228=CARTESIAN_POINT('',(-6.3798397138185,3.93866365140866,7.65));
#8229=CARTESIAN_POINT('',(-6.156,4.05,7.65));
#8230=CARTESIAN_POINT('',(-6.156,3.8,7.65));
#8231=CARTESIAN_POINT('',(-6.156,3.8,7.9));
#8232=CARTESIAN_POINT('',(-6.156,4.05,7.9));
#8233=CARTESIAN_POINT('',(-6.3,3.84563757683958,4.45));
#8234=CARTESIAN_POINT('',(-6.25329722655168,3.81272937741351,4.45));
#8235=CARTESIAN_POINT('',(-6.19566128596235,3.8,4.47005649408827));
#8236=CARTESIAN_POINT('',(-6.156,3.8,4.51120518741682));
#8237=CARTESIAN_POINT('',(-6.156,3.8,4.51120518741682));
#8238=CARTESIAN_POINT('',(-6.156,3.8,7.9));
#8239=CARTESIAN_POINT('',(-6.156,3.8,3.38879481258318));
#8240=CARTESIAN_POINT('',(-6.156,3.8,3.38879481258318));
#8241=CARTESIAN_POINT('',(-6.19565630495061,3.8,3.42993833809834));
#8242=CARTESIAN_POINT('',(-6.25329009633496,3.81272435324521,3.45));
#8243=CARTESIAN_POINT('',(-6.3,3.84563757683958,3.45));
#8244=CARTESIAN_POINT('',(-6.3,3.84563757683958,3.45));
#8245=CARTESIAN_POINT('',(-6.156,4.05,3.45));
#8246=CARTESIAN_POINT('',(-6.3798397138185,3.93866365140866,3.45));
#8247=CARTESIAN_POINT('',(-6.3798397138185,3.93866365140866,7.9));
#8248=CARTESIAN_POINT('',(-6.3798397138185,3.93866365140866,7.9));
#8249=CARTESIAN_POINT('',(-6.3798397138185,3.93866365140866,7.45));
#8250=CARTESIAN_POINT('',(-6.47298729810778,4.1,7.45));
#8251=CARTESIAN_POINT('',(-6.47298729810778,4.1,7.9));
#8252=CARTESIAN_POINT('',(-6.47298729810778,4.1,7.65));
#8253=CARTESIAN_POINT('',(-6.3798397138185,3.93866365140866,7.65));
#8254=CARTESIAN_POINT('',(-6.3798397138185,3.93866365140866,7.9));
#8255=CARTESIAN_POINT('',(-6.3798397138185,3.93866365140866,3.45));
#8256=CARTESIAN_POINT('',(-6.47298729810778,4.1,3.45));
#8257=CARTESIAN_POINT('',(-6.47298729810778,4.1,7.9));
#8258=CARTESIAN_POINT('',(-6.90599999999999,3.85000000000001,7.9));
#8259=CARTESIAN_POINT('',(-6.90599999999999,3.85000000000001,7.45));
#8260=CARTESIAN_POINT('',(-6.906,4.35,7.45));
#8261=CARTESIAN_POINT('',(-6.906,4.35,7.9));
#8262=CARTESIAN_POINT('',(-6.906,4.35,7.65));
#8263=CARTESIAN_POINT('',(-6.90599999999999,3.85000000000001,7.65));
#8264=CARTESIAN_POINT('',(-6.90599999999999,3.85000000000001,7.9));
#8265=CARTESIAN_POINT('',(-6.90599999999999,3.85000000000001,3.45));
#8266=CARTESIAN_POINT('',(-6.906,4.35,3.45));
#8267=CARTESIAN_POINT('',(-6.906,4.35,7.9));
#8268=CARTESIAN_POINT('',(-6.906,4.35,7.9));
#8269=CARTESIAN_POINT('',(-12.7,4.35,7.45));
#8270=CARTESIAN_POINT('',(-8.31080063831211,4.35,7.45));
#8271=CARTESIAN_POINT('',(-8.3108,4.35,7.9));
#8272=CARTESIAN_POINT('',(-8.3108,4.35,7.65));
#8273=CARTESIAN_POINT('',(-6.906,4.35,7.65));
#8274=CARTESIAN_POINT('',(-6.906,4.35,7.9));
#8275=CARTESIAN_POINT('',(-12.7,4.35,3.45));
#8276=CARTESIAN_POINT('',(-8.31080063831211,4.35,3.45));
#8277=CARTESIAN_POINT('',(-8.3108,4.35,7.9));
#8278=CARTESIAN_POINT('',(-8.3108006383121,-6.65000000000012,7.9));
#8279=CARTESIAN_POINT('',(-8.3108006383121,-6.65000000000012,7.45));
#8280=CARTESIAN_POINT('',(-8.3108006383121,-6.65000000000012,7.65));
#8281=CARTESIAN_POINT('',(-8.3108006383121,-6.65000000000012,7.9));
#8282=CARTESIAN_POINT('',(-8.3108006383121,-6.65000000000012,3.45));
#8283=CARTESIAN_POINT('',(-6.156,4.05,7.9));
#8284=CARTESIAN_POINT('',(-6.3,3.84563757683958,0.45));
#8285=CARTESIAN_POINT('',(-6.25329722655168,3.81272937741351,0.45));
#8286=CARTESIAN_POINT('',(-6.19566128596235,3.8,0.470056494088271));
#8287=CARTESIAN_POINT('',(-6.156,3.8,0.51120518741682));
#8288=CARTESIAN_POINT('',(-6.156,3.8,0.51120518741682));
#8289=CARTESIAN_POINT('',(-6.156,3.8,7.9));
#8290=CARTESIAN_POINT('',(-6.156,3.8,0.25));
#8291=CARTESIAN_POINT('',(-6.156,4.05,0.25));
#8292=CARTESIAN_POINT('',(-6.3798397138185,3.93866365140866,0.25));
#8293=CARTESIAN_POINT('',(-6.3798397138185,3.93866365140866,7.9));
#8294=CARTESIAN_POINT('',(-6.3798397138185,3.93866365140866,7.9));
#8295=CARTESIAN_POINT('',(-6.3798397138185,3.93866365140866,0.25));
#8296=CARTESIAN_POINT('',(-6.47298729810778,4.1,0.25));
#8297=CARTESIAN_POINT('',(-6.47298729810778,4.1,7.9));
#8298=CARTESIAN_POINT('',(-6.90599999999999,3.85000000000001,7.9));
#8299=CARTESIAN_POINT('',(-6.90599999999999,3.85000000000001,0.25));
#8300=CARTESIAN_POINT('',(-6.906,4.35,0.25));
#8301=CARTESIAN_POINT('',(-6.906,4.35,7.9));
#8302=CARTESIAN_POINT('',(-6.906,4.35,7.9));
#8303=CARTESIAN_POINT('',(-6.906,4.35,0.25));
#8304=CARTESIAN_POINT('',(-8.3108,4.35,0.25));
#8305=CARTESIAN_POINT('',(-8.3108,4.35,7.9));
#8306=CARTESIAN_POINT('',(-8.3108006383121,-6.65000000000012,7.9));
#8307=CARTESIAN_POINT('',(-8.3108006383121,-6.65000000000012,0.25));
#8308=CARTESIAN_POINT('',(-0.749999999342289,0.711731409629368,7.9));
#8309=CARTESIAN_POINT('',(-0.100467346327096,1.0867078524455,7.9));
#8310=CARTESIAN_POINT('',(-0.100467346327096,1.0867078524455,5.08003487872381));
#8311=CARTESIAN_POINT('',(-0.100467346327096,1.0867078524455,2.81996512127619));
#8312=CARTESIAN_POINT('',(-0.100467346327096,1.0867078524455,5.08003487872381));
#8313=CARTESIAN_POINT('',(-0.00185489415142145,0.915891768104423,5.22008850691728));
#8314=CARTESIAN_POINT('',(6.57568129085209E-10,0.772809669539246,5.43175068285828));
#8315=CARTESIAN_POINT('',(6.57709930709778E-10,0.711731409631109,5.66487463245704));
#8316=CARTESIAN_POINT('',(0.,0.711731409629368,5.66487463246369));
#8317=CARTESIAN_POINT('',(0.,1.8,5.95));
#8318=CARTESIAN_POINT('',(0.,0.7117,5.66499454391188));
#8319=CARTESIAN_POINT('',(0.,0.7117,7.9));
#8320=CARTESIAN_POINT('',(0.,0.711715704832287,4.48390002379749));
#8321=CARTESIAN_POINT('',(-0.0177992818973566,0.874157113793224,4.32571167204079));
#8322=CARTESIAN_POINT('',(-0.00527053904904467,0.817678648457696,4.37530507871988));
#8323=CARTESIAN_POINT('',(1.08398971636804E-6,0.763458910160853,4.42803439659997));
#8324=CARTESIAN_POINT('',(4.93635370460516E-10,0.711715704725628,4.48390002373398));
#8325=CARTESIAN_POINT('',(-0.0177992818973566,0.874157113793224,4.32571167204079));
#8326=CARTESIAN_POINT('',(-0.0177992818973566,0.874157113793224,4.32571167204079));
#8327=CARTESIAN_POINT('',(-0.0415782337092214,0.981350526722323,4.23158576955512));
#8328=CARTESIAN_POINT('',(-0.113900665060425,1.10713844789858,3.95095405845101));
#8329=CARTESIAN_POINT('',(-0.041580184011226,0.981359318511369,3.66842195046288));
#8330=CARTESIAN_POINT('',(-0.0177992818973574,0.874157113793229,3.57428832795921));
#8331=CARTESIAN_POINT('',(-0.0177992818973569,0.874157113793225,3.57428832795921));
#8332=CARTESIAN_POINT('',(4.93635361833229E-10,0.711715704725627,3.41609997626603));
#8333=CARTESIAN_POINT('',(1.08398971637438E-6,0.763458910160853,3.47196560340003));
#8334=CARTESIAN_POINT('',(-0.00527053904904481,0.817678648457697,3.52469492128012));
#8335=CARTESIAN_POINT('',(-0.0177992818973569,0.874157113793225,3.57428832795921));
#8336=CARTESIAN_POINT('',(0.,0.711715704814684,3.41609997618351));
#8337=CARTESIAN_POINT('',(0.,0.7117,7.9));
#8338=CARTESIAN_POINT('',(0.,0.7117,2.23500545608813));
#8339=CARTESIAN_POINT('',(0.,1.8,1.95));
#8340=CARTESIAN_POINT('',(0.,0.711731409629368,2.23512536753631));
#8341=CARTESIAN_POINT('',(6.57709942726214E-10,0.711731409636774,2.23512536756458));
#8342=CARTESIAN_POINT('',(6.57105783605571E-10,0.772909034345639,2.46862857344333));
#8343=CARTESIAN_POINT('',(-0.00166197909169283,0.915557601431031,2.67963750685248));
#8344=CARTESIAN_POINT('',(-0.10046734632698,1.08670785244549,2.81996512127627));
#8345=CARTESIAN_POINT('',(-0.749999999342289,0.711731409629368,7.9));
#8346=CARTESIAN_POINT('',(-0.100467346327096,1.0867078524455,7.9));
#8347=CARTESIAN_POINT('',(-0.100467346327096,1.0867078524455,1.08003487872381));
#8348=CARTESIAN_POINT('',(-0.100467346327096,1.0867078524455,0.25));
#8349=CARTESIAN_POINT('',(-0.100467346327096,1.0867078524455,1.08003487872381));
#8350=CARTESIAN_POINT('',(-0.00185489415142153,0.915891768104423,1.22008850691728));
#8351=CARTESIAN_POINT('',(6.5756807451263E-10,0.772809669539246,1.43175068285828));
#8352=CARTESIAN_POINT('',(6.57709884966691E-10,0.711731409631109,1.66487463245704));
#8353=CARTESIAN_POINT('',(0.,0.711731409629368,1.66487463246369));
#8354=CARTESIAN_POINT('',(0.,1.8,1.95));
#8355=CARTESIAN_POINT('',(0.,0.7117,1.66499454391187));
#8356=CARTESIAN_POINT('',(0.,0.7117,7.9));
#8357=CARTESIAN_POINT('',(0.,0.711715704851921,0.519805887582799));
#8358=CARTESIAN_POINT('',(-0.0671865323488315,1.02199866425411,0.25));
#8359=CARTESIAN_POINT('',(-0.0179784894992186,0.913705204853291,0.32766316913243));
#8360=CARTESIAN_POINT('',(2.0425930629524E-6,0.809238008083799,0.417502320700129));
#8361=CARTESIAN_POINT('',(4.93884309410588E-10,0.711715704766669,0.519805887501386));
#8362=CARTESIAN_POINT('',(-0.0671865323488204,1.0219986642541,0.250000000000006));
#8363=CARTESIAN_POINT('',(-0.749999999342289,0.711731409629368,0.25));
#8364=CARTESIAN_POINT('',(-1.6,0.25,7.9));
#8365=CARTESIAN_POINT('',(-11.1171572875254,0.25,6.55));
#8366=CARTESIAN_POINT('',(-11.1171572875254,0.25,5.35));
#8367=CARTESIAN_POINT('',(-11.1171572875254,0.25,6.55));
#8368=CARTESIAN_POINT('',(-1.6,0.25,6.55));
#8369=CARTESIAN_POINT('',(-10.6878151260504,0.25,6.55));
#8370=CARTESIAN_POINT('',(-10.6878151260504,0.25,7.9));
#8371=CARTESIAN_POINT('',(-10.6878151260504,0.25,5.35));
#8372=CARTESIAN_POINT('',(-1.6,0.25,5.35));
#8373=CARTESIAN_POINT('',(-5.18810276710012,0.25,7.9));
#8374=CARTESIAN_POINT('',(-5.18810276710012,0.25,6.55));
#8375=CARTESIAN_POINT('',(-5.18810276710013,0.250000000000001,5.35));
#8376=CARTESIAN_POINT('',(-1.6,0.25,6.55));
#8377=CARTESIAN_POINT('',(-4.14794229325807,0.25,6.55));
#8378=CARTESIAN_POINT('',(-4.14794229325807,0.25,7.9));
#8379=CARTESIAN_POINT('',(-4.14794229325808,0.25,5.35));
#8380=CARTESIAN_POINT('',(-1.6,0.25,5.35));
#8381=CARTESIAN_POINT('',(-12.7,0.25,5.25));
#8382=CARTESIAN_POINT('',(-12.7,0.25,5.25));
#8383=CARTESIAN_POINT('',(-1.6,0.25,5.25));
#8384=CARTESIAN_POINT('',(-1.6,0.25,5.25));
#8385=CARTESIAN_POINT('',(-0.25,0.25,5.25));
#8386=CARTESIAN_POINT('',(-0.25,0.25,7.9));
#8387=CARTESIAN_POINT('',(-0.25,0.25,6.65));
#8388=CARTESIAN_POINT('',(-1.6,0.25,6.65));
#8389=CARTESIAN_POINT('',(-1.6,0.25,6.65));
#8390=CARTESIAN_POINT('',(-12.7,0.25,6.65));
#8391=CARTESIAN_POINT('',(-12.7,0.25,6.65));
#8392=CARTESIAN_POINT('',(-12.7,0.25,5.25));
#8393=CARTESIAN_POINT('',(-1.6,0.25,7.9));
#8394=CARTESIAN_POINT('',(-11.1171572875254,0.25,2.55));
#8395=CARTESIAN_POINT('',(-11.1171572875254,0.25,1.35));
#8396=CARTESIAN_POINT('',(-11.1171572875254,0.25,2.55));
#8397=CARTESIAN_POINT('',(-1.6,0.25,2.55));
#8398=CARTESIAN_POINT('',(-10.6878151260504,0.25,2.55));
#8399=CARTESIAN_POINT('',(-10.6878151260504,0.25,7.9));
#8400=CARTESIAN_POINT('',(-10.6878151260504,0.25,1.35));
#8401=CARTESIAN_POINT('',(-1.6,0.25,1.35));
#8402=CARTESIAN_POINT('',(-5.18810276710012,0.25,7.9));
#8403=CARTESIAN_POINT('',(-5.18810276710012,0.25,2.55));
#8404=CARTESIAN_POINT('',(-5.18810276710013,0.250000000000001,1.35));
#8405=CARTESIAN_POINT('',(-1.6,0.25,2.55));
#8406=CARTESIAN_POINT('',(-4.14794229325807,0.25,2.55));
#8407=CARTESIAN_POINT('',(-4.14794229325807,0.25,7.9));
#8408=CARTESIAN_POINT('',(-4.14794229325807,0.25,1.35));
#8409=CARTESIAN_POINT('',(-1.6,0.25,1.35));
#8410=CARTESIAN_POINT('',(-12.7,0.25,1.25));
#8411=CARTESIAN_POINT('',(-12.7,0.25,1.25));
#8412=CARTESIAN_POINT('',(-1.6,0.25,1.25));
#8413=CARTESIAN_POINT('',(-1.6,0.25,1.25));
#8414=CARTESIAN_POINT('',(-0.25,0.25,1.25));
#8415=CARTESIAN_POINT('',(-0.25,0.25,7.9));
#8416=CARTESIAN_POINT('',(-0.25,0.25,2.65));
#8417=CARTESIAN_POINT('',(-1.6,0.25,2.65));
#8418=CARTESIAN_POINT('',(-1.6,0.25,2.65));
#8419=CARTESIAN_POINT('',(-12.7,0.25,2.65));
#8420=CARTESIAN_POINT('',(-12.7,0.25,2.65));
#8421=CARTESIAN_POINT('',(-12.7,0.25,1.25));
#8422=CARTESIAN_POINT('',(-0.25,0.5,7.9));
#8423=CARTESIAN_POINT('',(-0.25,0.25,6.65));
#8424=CARTESIAN_POINT('',(-0.196442818763168,0.25,6.65));
#8425=CARTESIAN_POINT('',(-0.116279199918617,0.280986532008945,6.73039049804426));
#8426=CARTESIAN_POINT('',(-0.0305612335563747,0.360229512388902,6.90013399305853));
#8427=CARTESIAN_POINT('',(1.54662412195141E-15,0.43964763571345,7.03476675194293));
#8428=CARTESIAN_POINT('',(1.5989714535307E-15,0.5,7.12124801212707));
#8429=CARTESIAN_POINT('',(0.,0.5,7.12124801212707));
#8430=CARTESIAN_POINT('',(5.42101086242752E-17,0.5,4.75140946424302));
#8431=CARTESIAN_POINT('',(5.42101086242752E-17,0.439284020621087,4.8417222359608));
#8432=CARTESIAN_POINT('',(-0.0310597198724917,0.35946439270598,4.98353844617946));
#8433=CARTESIAN_POINT('',(-0.116155666941892,0.281511136417762,5.16108951440748));
#8434=CARTESIAN_POINT('',(-0.194886476822972,0.249999999999897,5.24999999999999));
#8435=CARTESIAN_POINT('',(-0.249999999999991,0.249999999999895,5.24999999999999));
#8436=CARTESIAN_POINT('',(0.,0.5,4.75140946424302));
#8437=CARTESIAN_POINT('',(5.42101086242752E-17,0.5,7.9));
#8438=CARTESIAN_POINT('',(-0.25,0.5,7.9));
#8439=CARTESIAN_POINT('',(-0.25,0.25,2.65));
#8440=CARTESIAN_POINT('',(-0.194575846137171,0.25,2.65));
#8441=CARTESIAN_POINT('',(-0.115807162234313,0.281727985630149,2.73950476593308));
#8442=CARTESIAN_POINT('',(-0.0308756483924182,0.359850491640687,2.91716137593653));
#8443=CARTESIAN_POINT('',(5.45645508939428E-15,0.439125866083183,3.0580425150187));
#8444=CARTESIAN_POINT('',(5.93165414072791E-15,0.499999999999998,3.14859053575698));
#8445=CARTESIAN_POINT('',(0.,0.5,3.14859053575698));
#8446=CARTESIAN_POINT('',(5.42101086242752E-17,0.5,0.77875198787293));
#8447=CARTESIAN_POINT('',(5.42101086242752E-17,0.439742251504936,0.865097669393707));
#8448=CARTESIAN_POINT('',(-0.0305826339886041,0.360099198572615,1.0000578315188));
#8449=CARTESIAN_POINT('',(-0.116550568248174,0.280793398988821,1.17008084261646));
#8450=CARTESIAN_POINT('',(-0.19671021807989,0.249999999999566,1.24999999999953));
#8451=CARTESIAN_POINT('',(-0.250000000000097,0.249999999999587,1.24999999999948));
#8452=CARTESIAN_POINT('',(0.,0.5,0.77875198787293));
#8453=CARTESIAN_POINT('',(5.42101086242752E-17,0.5,7.9));
#8454=CARTESIAN_POINT('',(0.,0.5,7.9));
#8455=CARTESIAN_POINT('',(0.,1.8,5.95));
#8456=CARTESIAN_POINT('',(0.,0.7117,6.23500545608813));
#8457=CARTESIAN_POINT('',(0.,0.7117,7.9));
#8458=CARTESIAN_POINT('',(0.,0.711715704851922,7.3801941124172));
#8459=CARTESIAN_POINT('',(0.,2.30411676642743,5.86221556890112));
#8460=CARTESIAN_POINT('',(0.,2.32576198998068,5.97884302902026));
#8461=CARTESIAN_POINT('',(0.,0.5,7.9));
#8462=CARTESIAN_POINT('',(0.,1.8,1.95));
#8463=CARTESIAN_POINT('',(0.,2.32576198998068,1.92115697097974));
#8464=CARTESIAN_POINT('',(0.,2.30411676642742,2.03778443109887));
#8465=CARTESIAN_POINT('',(-0.749999999342289,0.711731409629368,7.9));
#8466=CARTESIAN_POINT('',(0.,1.8,5.95));
#8467=CARTESIAN_POINT('',(0.,0.711731409629368,6.23512536753631));
#8468=CARTESIAN_POINT('',(6.57709919599898E-10,0.711731409636774,6.23512536756458));
#8469=CARTESIAN_POINT('',(6.5710576932311E-10,0.772909034345639,6.46862857344333));
#8470=CARTESIAN_POINT('',(-0.00166197909169261,0.915557601431031,6.67963750685248));
#8471=CARTESIAN_POINT('',(-0.10046734632698,1.08670785244549,6.81996512127627));
#8472=CARTESIAN_POINT('',(-0.100467346327096,1.0867078524455,6.81996512127619));
#8473=CARTESIAN_POINT('',(-0.100467346327096,1.0867078524455,7.9));
#8474=CARTESIAN_POINT('',(-0.100467346327096,1.0867078524455,7.65));
#8475=CARTESIAN_POINT('',(-0.749999999342289,0.711731409629368,7.65));
#8476=CARTESIAN_POINT('',(-0.0671865323488211,1.0219986642541,7.64999999999999));
#8477=CARTESIAN_POINT('',(4.93884298464093E-10,0.711715704766669,7.38019411249861));
#8478=CARTESIAN_POINT('',(2.04259306298373E-6,0.809238008083798,7.48249767929987));
#8479=CARTESIAN_POINT('',(-0.0179784894992002,0.913705204853291,7.57233683086757));
#8480=CARTESIAN_POINT('',(-0.0671865323488122,1.02199866425411,7.65));
#8481=CARTESIAN_POINT('',(-11.2000000000007,2.40000149438775,7.9));
#8482=CARTESIAN_POINT('',(-1.6,0.,7.9));
#8483=CARTESIAN_POINT('',(-1.6,0.,7.9));
#8484=CARTESIAN_POINT('',(-1.6,1.475,7.9));
#8485=CARTESIAN_POINT('',(-1.6,1.475,7.9));
#8486=CARTESIAN_POINT('',(-0.613323056836714,1.475,7.9));
#8487=CARTESIAN_POINT('',(-1.66698729810778,3.3,7.9));
#8488=CARTESIAN_POINT('',(-1.66698729810778,3.3,7.9));
#8489=CARTESIAN_POINT('',(-2.1,3.05,7.9));
#8490=CARTESIAN_POINT('',(-2.1,3.55,7.9));
#8491=CARTESIAN_POINT('',(-6.156,3.55,7.9));
#8492=CARTESIAN_POINT('',(-6.156,3.55,7.9));
#8493=CARTESIAN_POINT('',(-6.156,4.05,7.9));
#8494=CARTESIAN_POINT('',(-6.59955880603947,3.8192282825283,7.9));
#8495=CARTESIAN_POINT('',(-6.68949364905389,3.975,7.9));
#8496=CARTESIAN_POINT('',(-6.68949364905389,3.975,7.9));
#8497=CARTESIAN_POINT('',(-6.90599999999999,3.85000000000001,7.9));
#8498=CARTESIAN_POINT('',(-6.906,4.1,7.9));
#8499=CARTESIAN_POINT('',(-8.3108,4.1,7.9));
#8500=CARTESIAN_POINT('',(-8.31080001450709,4.1,7.9));
#8501=CARTESIAN_POINT('',(-8.3108006383121,-6.65000000000012,7.9));
#8502=CARTESIAN_POINT('',(-11.5801583047319,3.59079100699856,7.9));
#8503=CARTESIAN_POINT('',(-11.2000000000007,2.40000149438775,7.9));
#8504=CARTESIAN_POINT('',(-12.4499999999999,2.4,7.9));
#8505=CARTESIAN_POINT('',(-12.45,0.,7.9));
#8506=CARTESIAN_POINT('',(-12.45,0.,7.9));
#8507=CARTESIAN_POINT('',(-12.7,0.,7.9));
#8508=CARTESIAN_POINT('',(-11.2000000000007,2.40000149438775,0.));
#8509=CARTESIAN_POINT('',(-1.6,1.475,0.));
#8510=CARTESIAN_POINT('',(-1.6,1.475,0.));
#8511=CARTESIAN_POINT('',(-0.613323056836715,1.475,5.42101086242752E-17));
#8512=CARTESIAN_POINT('',(-1.6,0.,0.));
#8513=CARTESIAN_POINT('',(-1.6,0.,0.));
#8514=CARTESIAN_POINT('',(-12.7,0.,0.));
#8515=CARTESIAN_POINT('',(-12.45,0.,0.));
#8516=CARTESIAN_POINT('',(-12.45,2.40000149438775,0.));
#8517=CARTESIAN_POINT('',(-12.45,2.40000024906462,0.));
#8518=CARTESIAN_POINT('',(-11.2000000000007,2.40000149438775,0.));
#8519=CARTESIAN_POINT('',(-11.5801583900562,3.59079097975888,0.));
#8520=CARTESIAN_POINT('',(-8.3108006383121,-6.65000000000012,0.));
#8521=CARTESIAN_POINT('',(-8.3108,4.1,0.));
#8522=CARTESIAN_POINT('',(-11.2000000000007,4.1,0.));
#8523=CARTESIAN_POINT('',(-6.906,4.1,0.));
#8524=CARTESIAN_POINT('',(-6.90599999999999,3.85000000000001,0.));
#8525=CARTESIAN_POINT('',(-6.68949364905389,3.975,0.));
#8526=CARTESIAN_POINT('',(-7.13512587839923,4.74685766271632,0.));
#8527=CARTESIAN_POINT('',(-6.59955880603946,3.81922828252828,0.));
#8528=CARTESIAN_POINT('',(-6.156,4.05,0.));
#8529=CARTESIAN_POINT('',(-6.156,3.55,0.));
#8530=CARTESIAN_POINT('',(-11.2000000000007,3.55,0.));
#8531=CARTESIAN_POINT('',(-2.1,3.55,0.));
#8532=CARTESIAN_POINT('',(-2.1,3.05,0.));
#8533=CARTESIAN_POINT('',(-1.66698729810778,3.3,0.));
#8534=CARTESIAN_POINT('',(-3.6605296889669,6.75291670801033,0.));
#8535=CARTESIAN_POINT('',(-0.749999999342289,0.711731409629368,7.65));
#8536=CARTESIAN_POINT('',(-0.316973697486804,0.961707852322197,7.65));
#8537=CARTESIAN_POINT('',(-0.103756863954951,1.08480864855756,7.69341400539999));
#8538=CARTESIAN_POINT('',(-0.103756863739738,1.08480864866194,7.69341400543148));
#8539=CARTESIAN_POINT('',(-0.0893011206780252,1.06453058586045,7.67991180594661));
#8540=CARTESIAN_POINT('',(-0.0770078900978656,1.04361278963958,7.66550067275579));
#8541=CARTESIAN_POINT('',(-0.067186532336543,1.02199866425758,7.65000000000537));
#8542=CARTESIAN_POINT('',(-3.6605296889669,6.75291670801033,7.65));
#8543=CARTESIAN_POINT('',(-0.613323057121505,1.475,7.9));
#8544=CARTESIAN_POINT('',(-0.494872875950554,1.47500000024873,7.9000000001012));
#8545=CARTESIAN_POINT('',(-0.310722679545828,1.31261970410898,7.83232035140897));
#8546=CARTESIAN_POINT('',(-0.163008606145934,1.16791913482332,7.74875333317745));
#8547=CARTESIAN_POINT('',(-0.103756863746796,1.08480864867751,7.69341400544236));
#8548=CARTESIAN_POINT('',(-0.100467346327095,1.0867078524455,7.65));
#8549=CARTESIAN_POINT('',(-1.45048094716167,3.425,7.65));
#8550=CARTESIAN_POINT('',(-1.66698729810778,3.3,7.65));
#8551=CARTESIAN_POINT('',(-0.316973697273205,0.961707852445503,0.25));
#8552=CARTESIAN_POINT('',(-0.316978230807889,0.961715704757913,0.25));
#8553=CARTESIAN_POINT('',(-0.10375694407949,1.08480876135998,0.206585919528244));
#8554=CARTESIAN_POINT('',(-0.10375686374772,1.0848086486772,0.206585994558354));
#8555=CARTESIAN_POINT('',(-0.163158582786829,1.16812950216354,0.151106593196643));
#8556=CARTESIAN_POINT('',(-0.309505771080527,1.31189811374744,0.0680592066463345));
#8557=CARTESIAN_POINT('',(-0.495717900374452,1.475,-1.44490824635643E-15));
#8558=CARTESIAN_POINT('',(-0.613323056836711,1.47500000000001,-4.45409152706862E-15));
#8559=CARTESIAN_POINT('',(-1.66698729810778,3.3,0.25));
#8560=CARTESIAN_POINT('',(-1.45048094716167,3.425,0.25));
#8561=CARTESIAN_POINT('',(-0.100467346327096,1.0867078524455,0.25));
#8562=CARTESIAN_POINT('',(-0.749999999342289,0.711731409629368,0.25));
#8563=CARTESIAN_POINT('',(-0.0671865323365424,1.02199866425758,0.249999999994627));
#8564=CARTESIAN_POINT('',(-0.0770079082923691,1.04361282968071,0.234499298528526));
#8565=CARTESIAN_POINT('',(-0.089301166132612,1.06453066339446,0.220088140625891));
#8566=CARTESIAN_POINT('',(-0.10375694407949,1.08480876135998,0.206585919528244));
#8567=CARTESIAN_POINT('',(-12.7,0.,7.9));
#8568=CARTESIAN_POINT('',(-1.6,0.,7.9));
#8569=CARTESIAN_POINT('',(-1.6,0.,1.25));
#8570=CARTESIAN_POINT('',(-12.7,0.,1.25));
#8571=CARTESIAN_POINT('',(-12.7,0.,1.25));
#8572=CARTESIAN_POINT('',(-12.7,0.,7.9));
#8573=CARTESIAN_POINT('',(-12.7,0.,0.25));
#8574=CARTESIAN_POINT('',(-12.45,0.,0.25));
#8575=CARTESIAN_POINT('',(-12.7,0.,7.9));
#8576=CARTESIAN_POINT('',(-12.7,0.,7.9));
#8577=CARTESIAN_POINT('',(-12.7,0.,7.65));
#8578=CARTESIAN_POINT('',(-12.7,0.,6.65));
#8579=CARTESIAN_POINT('',(-12.7,0.,6.65));
#8580=CARTESIAN_POINT('',(-1.6,0.,6.65));
#8581=CARTESIAN_POINT('',(-1.6,0.,7.9));
#8582=CARTESIAN_POINT('',(-12.45,0.,7.65));
#8583=CARTESIAN_POINT('',(-1.6,0.,7.9));
#8584=CARTESIAN_POINT('',(-1.6,2.30411676642742,2.03778443109887));
#8585=CARTESIAN_POINT('',(-1.6,0.,1.25));
#8586=CARTESIAN_POINT('',(-1.6,0.,7.9));
#8587=CARTESIAN_POINT('',(-1.6,0.,6.65));
#8588=CARTESIAN_POINT('',(-1.6,2.30411676642743,5.86221556890112));
#8589=CARTESIAN_POINT('',(-12.7,2.4,7.9));
#8590=CARTESIAN_POINT('',(-12.7,1.6,3.45));
#8591=CARTESIAN_POINT('',(-12.7,2.4,0.25));
#8592=CARTESIAN_POINT('',(-12.7,-0.5,1.25));
#8593=CARTESIAN_POINT('',(-12.7,0.25,2.65));
#8594=CARTESIAN_POINT('',(-12.7,0.,2.65));
#8595=CARTESIAN_POINT('',(-12.7,0.,7.9));
#8596=CARTESIAN_POINT('',(-12.7,0.,5.25));
#8597=CARTESIAN_POINT('',(-12.7,0.,5.25));
#8598=CARTESIAN_POINT('',(-12.7,0.25,6.65));
#8599=CARTESIAN_POINT('',(-12.7,2.4,7.65));
#8600=CARTESIAN_POINT('',(-12.7,1.6,7.45));
#8601=CARTESIAN_POINT('',(-12.7,0.,7.9));
#8602=CARTESIAN_POINT('',(-12.7,0.,2.65));
#8603=CARTESIAN_POINT('',(-1.6,0.,2.65));
#8604=CARTESIAN_POINT('',(-1.6,0.,7.9));
#8605=CARTESIAN_POINT('',(-1.6,0.,5.25));
#8606=CARTESIAN_POINT('',(-12.7,0.,5.25));
#8607=CARTESIAN_POINT('',(-1.6,0.,7.9));
#8608=CARTESIAN_POINT('',(-1.6,0.,2.65));
#8609=CARTESIAN_POINT('',(-1.6,2.32576198998068,1.92115697097974));
#8610=CARTESIAN_POINT('',(-1.6,0.874157113793225,3.57428832795921));
#8611=CARTESIAN_POINT('',(-1.6,0.544246914659712,3.95));
#8612=CARTESIAN_POINT('',(-1.6,0.874157113793224,4.32571167204079));
#8613=CARTESIAN_POINT('',(-1.6,2.32576198998068,5.97884302902026));
#8614=CARTESIAN_POINT('',(-1.6,0.,5.25));
#8615=CARTESIAN_POINT('',(-0.100467346327096,1.0867078524455,7.9));
#8616=CARTESIAN_POINT('',(-0.512286759728531,1.8,5.95));
#8617=CARTESIAN_POINT('',(-0.512286759728531,1.8,1.95));
#8618=CARTESIAN_POINT('',(-1.45048094716167,3.425,7.9));
#8619=CARTESIAN_POINT('',(-2.1,3.05,7.9));
#8620=CARTESIAN_POINT('',(-2.1,3.8,7.9));
#8621=CARTESIAN_POINT('',(-2.1,3.8,7.65));
#8622=CARTESIAN_POINT('',(-2.1,3.8,0.25));
#8623=CARTESIAN_POINT('',(-2.1,3.05,7.65));
#8624=CARTESIAN_POINT('',(-2.1,3.05,0.25));
#8625=CARTESIAN_POINT('',(-2.1,3.8,7.9));
#8626=CARTESIAN_POINT('',(-6.3,3.8,7.25));
#8627=CARTESIAN_POINT('',(-6.1,3.8,7.25));
#8628=CARTESIAN_POINT('',(-2.1,3.8,7.65));
#8629=CARTESIAN_POINT('',(-2.1,3.8,0.25));
#8630=CARTESIAN_POINT('',(-6.3,3.8,0.650000000000001));
#8631=CARTESIAN_POINT('',(-6.1,3.8,0.65));
#8632=CARTESIAN_POINT('',(-6.1,3.8,7.9));
#8633=CARTESIAN_POINT('',(-6.1,3.8,3.25));
#8634=CARTESIAN_POINT('',(-6.3,3.8,3.25));
#8635=CARTESIAN_POINT('',(-6.3,3.8,4.65));
#8636=CARTESIAN_POINT('',(-6.1,3.8,4.65));
#8637=CARTESIAN_POINT('',(-6.1,3.8,7.9));
#8638=CARTESIAN_POINT('',(-2.1,3.05,7.65));
#8639=CARTESIAN_POINT('',(-2.1,3.55,7.65));
#8640=CARTESIAN_POINT('',(-11.2000000000007,3.55,7.65));
#8641=CARTESIAN_POINT('',(-6.156,3.55,7.65));
#8642=CARTESIAN_POINT('',(-6.156,4.05,7.65));
#8643=CARTESIAN_POINT('',(-6.3798397138185,3.93866365140866,7.65));
#8644=CARTESIAN_POINT('',(-6.3798397138185,3.93866365140866,7.7821003848809));
#8645=CARTESIAN_POINT('',(-6.4853172366966,3.88186118210918,7.9));
#8646=CARTESIAN_POINT('',(-6.59955880603945,3.81922828252828,7.9));
#8647=CARTESIAN_POINT('',(-7.13512587839923,4.74685766271632,7.65));
#8648=CARTESIAN_POINT('',(-6.68949364905389,3.975,7.65));
#8649=CARTESIAN_POINT('',(-6.90599999999999,3.85000000000001,7.65));
#8650=CARTESIAN_POINT('',(-6.906,4.1,7.65));
#8651=CARTESIAN_POINT('',(-11.2000000000007,4.1,7.65));
#8652=CARTESIAN_POINT('',(-8.31080001450709,4.1,7.65));
#8653=CARTESIAN_POINT('',(-8.3108006383121,-6.65000000000012,7.65));
#8654=CARTESIAN_POINT('',(-11.5801583047319,3.59079100699856,7.65));
#8655=CARTESIAN_POINT('',(-11.2000000000007,2.40000149438775,7.65));
#8656=CARTESIAN_POINT('',(-12.4499999999999,2.4,7.65));
#8657=CARTESIAN_POINT('',(-12.45,2.40000149438775,7.65));
#8658=CARTESIAN_POINT('',(-12.45,2.4,0.25));
#8659=CARTESIAN_POINT('',(-12.45,2.40000024906462,0.25));
#8660=CARTESIAN_POINT('',(-11.2000000000007,2.40000149438775,0.25));
#8661=CARTESIAN_POINT('',(-11.5801583900562,3.59079097975888,0.25));
#8662=CARTESIAN_POINT('',(-8.3108006383121,-6.65000000000012,0.25));
#8663=CARTESIAN_POINT('',(-8.3108,4.1,0.25));
#8664=CARTESIAN_POINT('',(-6.906,4.1,0.25));
#8665=CARTESIAN_POINT('',(-6.906,4.1,0.25));
#8666=CARTESIAN_POINT('',(-6.90599999999999,3.85000000000001,0.25));
#8667=CARTESIAN_POINT('',(-6.68949364905389,3.975,0.25));
#8668=CARTESIAN_POINT('',(-6.59634606476461,3.81366365140866,0.25));
#8669=CARTESIAN_POINT('',(-6.3798397138185,3.93866365140866,0.25));
#8670=CARTESIAN_POINT('',(-6.3798397138185,3.93866365140866,0.117899615119103));
#8671=CARTESIAN_POINT('',(-6.4853172366966,3.88186118210918,-2.11390330020021E-16));
#8672=CARTESIAN_POINT('',(-6.59955880603945,3.81922828252826,2.27534225456188E-16));
#8673=CARTESIAN_POINT('',(-6.156,4.05,0.25));
#8674=CARTESIAN_POINT('',(-6.156,3.55,0.25));
#8675=CARTESIAN_POINT('',(-2.1,3.55,0.25));
#8676=CARTESIAN_POINT('',(-2.1,3.55,0.25));
#8677=CARTESIAN_POINT('',(-2.1,3.05,0.25));
#8678=CARTESIAN_POINT('',(-12.7,0.,5.25));
#8679=CARTESIAN_POINT('',(-12.7,0.25,6.65));
#8680=CARTESIAN_POINT('',(-12.7,-0.5,1.25));
#8681=CARTESIAN_POINT('',(-12.7,0.25,2.65));
#8682=CARTESIAN_POINT('',(-1.6,2.30411676642742,2.03778443109887));
#8683=CARTESIAN_POINT('',(-1.6,2.30411676642743,5.86221556890112));
#8684=CARTESIAN_POINT('',(-1.6,2.32576198998068,5.97884302902026));
#8685=CARTESIAN_POINT('',(-1.6,0.874157113793224,4.32571167204079));
#8686=CARTESIAN_POINT('',(-1.6,0.544246914659712,3.95));
#8687=CARTESIAN_POINT('',(-1.6,0.874157113793225,3.57428832795921));
#8688=CARTESIAN_POINT('',(-1.6,2.32576198998068,1.92115697097974));
#8689=CARTESIAN_POINT('',(-2.,1.8,1.95));
#8690=CARTESIAN_POINT('',(-2.,1.8,1.95));
#8691=CARTESIAN_POINT('',(-2.,1.8,0.825));
#8692=CARTESIAN_POINT('',(-2.,1.8,1.95));
#8693=CARTESIAN_POINT('',(-2.,1.8,5.95));
#8694=CARTESIAN_POINT('',(-2.,1.8,5.95));
#8695=CARTESIAN_POINT('',(-2.,1.8,4.825));
#8696=CARTESIAN_POINT('',(-2.,1.8,5.95));
#8697=CARTESIAN_POINT('',(-6.3,3.35,3.25));
#8698=CARTESIAN_POINT('',(-6.5,3.35,3.45));
#8699=CARTESIAN_POINT('',(-6.5,3.35,3.45));
#8700=CARTESIAN_POINT('',(-12.7,3.35,3.45));
#8701=CARTESIAN_POINT('',(-6.3,3.35,3.45));
#8702=CARTESIAN_POINT('',(-6.3,3.35,3.25));
#8703=CARTESIAN_POINT('',(-6.1,3.35,3.25));
#8704=CARTESIAN_POINT('',(-6.1,3.35,3.25));
#8705=CARTESIAN_POINT('',(-6.1,3.35,0.65));
#8706=CARTESIAN_POINT('',(-6.3,3.35,0.650000000000001));
#8707=CARTESIAN_POINT('',(-6.1,4.35,3.25));
#8708=CARTESIAN_POINT('',(-6.1,4.35,0.65));
#8709=CARTESIAN_POINT('',(-6.1,4.35,3.25));
#8710=CARTESIAN_POINT('',(-6.3,4.35,3.25));
#8711=CARTESIAN_POINT('',(-6.3,4.35,3.45));
#8712=CARTESIAN_POINT('',(-6.3,4.35,0.650000000000001));
#8713=CARTESIAN_POINT('',(-12.7,4.35,3.45));
#8714=CARTESIAN_POINT('',(-11.9,1.95940395240254,3.45));
#8715=CARTESIAN_POINT('',(-11.9,1.95940395240254,3.45));
#8716=CARTESIAN_POINT('',(-6.5,1.6,3.45));
#8717=CARTESIAN_POINT('',(-8.,4.35,3.45));
#8718=CARTESIAN_POINT('',(-8.,3.35,3.45));
#8719=CARTESIAN_POINT('',(-8.,3.35,3.45));
#8720=CARTESIAN_POINT('',(-10.7154199453037,3.20769087084576,3.45));
#8721=CARTESIAN_POINT('',(-10.65,1.95940395240254,3.45));
#8722=CARTESIAN_POINT('',(-6.3,3.35,7.25));
#8723=CARTESIAN_POINT('',(-6.5,3.35,7.45));
#8724=CARTESIAN_POINT('',(-6.5,3.35,7.45));
#8725=CARTESIAN_POINT('',(-12.7,3.35,7.45));
#8726=CARTESIAN_POINT('',(-6.3,3.35,7.45));
#8727=CARTESIAN_POINT('',(-6.3,3.35,7.25));
#8728=CARTESIAN_POINT('',(-6.1,3.35,7.25));
#8729=CARTESIAN_POINT('',(-6.1,3.35,7.25));
#8730=CARTESIAN_POINT('',(-6.1,3.35,4.65));
#8731=CARTESIAN_POINT('',(-6.3,3.35,4.65));
#8732=CARTESIAN_POINT('',(-12.7,4.35,7.45));
#8733=CARTESIAN_POINT('',(-11.9,1.95940395240254,7.45));
#8734=CARTESIAN_POINT('',(-11.9,1.95940395240254,7.45));
#8735=CARTESIAN_POINT('',(-6.3,4.35,7.45));
#8736=CARTESIAN_POINT('',(-6.5,1.6,7.45));
#8737=CARTESIAN_POINT('',(-8.,4.35,7.45));
#8738=CARTESIAN_POINT('',(-8.,3.35,7.45));
#8739=CARTESIAN_POINT('',(-8.,3.35,7.45));
#8740=CARTESIAN_POINT('',(-10.7154199453037,3.20769087084576,7.45));
#8741=CARTESIAN_POINT('',(-10.65,1.95940395240254,7.45));
#8742=CARTESIAN_POINT('',(-6.1,4.35,7.25));
#8743=CARTESIAN_POINT('',(-6.1,4.35,4.65));
#8744=CARTESIAN_POINT('',(-6.1,4.35,7.25));
#8745=CARTESIAN_POINT('',(-6.3,4.35,7.25));
#8746=CARTESIAN_POINT('',(-6.3,4.35,4.65));
#8747=CARTESIAN_POINT('',(-6.5,1.6,3.45));
#8748=CARTESIAN_POINT('',(-6.5,1.6,7.45));
#8749=CARTESIAN_POINT('',(-10.65,1.95940395240254,0.7));
#8750=CARTESIAN_POINT('',(-11.9,1.95940395240254,0.7));
#8751=CARTESIAN_POINT('',(-11.9,1.95940395240254,0.7));
#8752=CARTESIAN_POINT('',(-10.65,1.95940395240254,0.7));
#8753=CARTESIAN_POINT('',(-10.7154199453037,3.20769087084576,0.7));
#8754=CARTESIAN_POINT('',(-10.7154199453037,3.20769087084576,0.7));
#8755=CARTESIAN_POINT('',(-11.9,1.95940395240254,0.7));
#8756=CARTESIAN_POINT('',(-11.9,1.95940395240254,0.7));
#8757=CARTESIAN_POINT('',(-8.,0.,0.7));
#8758=CARTESIAN_POINT('',(-8.,3.35,0.7));
#8759=CARTESIAN_POINT('',(-8.,3.35,0.7));
#8760=CARTESIAN_POINT('',(-8.,0.,0.7));
#8761=CARTESIAN_POINT('',(-8.,3.35,0.7));
#8762=CARTESIAN_POINT('',(-8.,3.35,0.7));
#8763=CARTESIAN_POINT('',(-10.65,1.95940395240254,0.7));
#8764=CARTESIAN_POINT('',(-10.65,1.95940395240254,4.7));
#8765=CARTESIAN_POINT('',(-11.9,1.95940395240254,4.7));
#8766=CARTESIAN_POINT('',(-11.9,1.95940395240254,4.7));
#8767=CARTESIAN_POINT('',(-10.65,1.95940395240254,4.7));
#8768=CARTESIAN_POINT('',(-10.7154199453037,3.20769087084576,4.7));
#8769=CARTESIAN_POINT('',(-10.7154199453037,3.20769087084576,4.7));
#8770=CARTESIAN_POINT('',(-11.9,1.95940395240254,4.7));
#8771=CARTESIAN_POINT('',(-11.9,1.95940395240254,4.7));
#8772=CARTESIAN_POINT('',(-8.,0.,4.7));
#8773=CARTESIAN_POINT('',(-8.,3.35,4.7));
#8774=CARTESIAN_POINT('',(-8.,3.35,4.7));
#8775=CARTESIAN_POINT('',(-8.,0.,4.7));
#8776=CARTESIAN_POINT('',(-8.,3.35,4.7));
#8777=CARTESIAN_POINT('',(-8.,3.35,4.7));
#8778=CARTESIAN_POINT('',(-10.65,1.95940395240254,4.7));
#8779=CARTESIAN_POINT('',(-10.65,1.95940395240254,3.2));
#8780=CARTESIAN_POINT('',(-10.7154199453037,3.20769087084576,3.2));
#8781=CARTESIAN_POINT('',(-10.7154199453037,3.20769087084576,3.2));
#8782=CARTESIAN_POINT('',(-10.65,1.95940395240254,3.2));
#8783=CARTESIAN_POINT('',(-11.9,1.95940395240254,3.2));
#8784=CARTESIAN_POINT('',(-11.9,1.95940395240254,3.2));
#8785=CARTESIAN_POINT('',(-11.9,1.95940395240254,3.2));
#8786=CARTESIAN_POINT('',(-11.9,1.95940395240254,3.2));
#8787=CARTESIAN_POINT('',(-8.,0.,3.2));
#8788=CARTESIAN_POINT('',(-8.,0.,3.2));
#8789=CARTESIAN_POINT('',(-8.,3.35,3.2));
#8790=CARTESIAN_POINT('',(-8.,3.35,3.2));
#8791=CARTESIAN_POINT('',(-8.,3.35,3.2));
#8792=CARTESIAN_POINT('',(-8.,3.35,3.2));
#8793=CARTESIAN_POINT('',(-10.65,1.95940395240254,3.2));
#8794=CARTESIAN_POINT('',(-10.65,1.95940395240254,7.2));
#8795=CARTESIAN_POINT('',(-10.7154199453037,3.20769087084576,7.2));
#8796=CARTESIAN_POINT('',(-10.7154199453037,3.20769087084576,7.2));
#8797=CARTESIAN_POINT('',(-10.65,1.95940395240254,7.2));
#8798=CARTESIAN_POINT('',(-11.9,1.95940395240254,7.2));
#8799=CARTESIAN_POINT('',(-11.9,1.95940395240254,7.2));
#8800=CARTESIAN_POINT('',(-11.9,1.95940395240254,7.2));
#8801=CARTESIAN_POINT('',(-11.9,1.95940395240254,7.2));
#8802=CARTESIAN_POINT('',(-8.,0.,7.2));
#8803=CARTESIAN_POINT('',(-8.,0.,7.2));
#8804=CARTESIAN_POINT('',(-8.,3.35,7.2));
#8805=CARTESIAN_POINT('',(-8.,3.35,7.2));
#8806=CARTESIAN_POINT('',(-8.,3.35,7.2));
#8807=CARTESIAN_POINT('',(-8.,3.35,7.2));
#8808=CARTESIAN_POINT('',(-10.65,1.95940395240254,7.2));
#8809=CARTESIAN_POINT('',(-11.9,1.,7.05));
#8810=CARTESIAN_POINT('',(-11.9,1.,4.85));
#8811=CARTESIAN_POINT('',(-11.9,2.,4.85));
#8812=CARTESIAN_POINT('',(-11.9,2.,7.05));
#8813=CARTESIAN_POINT('',(-11.9,2.,7.05));
#8814=CARTESIAN_POINT('',(-11.9,1.,7.05));
#8815=CARTESIAN_POINT('',(-10.65,2.,7.05));
#8816=CARTESIAN_POINT('',(-10.65,2.,4.85));
#8817=CARTESIAN_POINT('',(-10.7154199453037,3.24828691844322,4.85));
#8818=CARTESIAN_POINT('',(-10.7154199453037,3.24828691844322,7.05));
#8819=CARTESIAN_POINT('',(-10.7154199453037,3.24828691844322,7.05));
#8820=CARTESIAN_POINT('',(-10.65,2.,7.05));
#8821=CARTESIAN_POINT('',(-10.7154199453037,3.24828691844322,7.05));
#8822=CARTESIAN_POINT('',(-10.7154199453037,3.24828691844322,4.85));
#8823=CARTESIAN_POINT('',(-9.71679041054911,3.30062287468616,4.85));
#8824=CARTESIAN_POINT('',(-9.71679041054911,3.30062287468616,7.05));
#8825=CARTESIAN_POINT('',(-9.71679041054911,3.30062287468616,7.05));
#8826=CARTESIAN_POINT('',(-10.7154199453037,3.24828691844322,7.05));
#8827=CARTESIAN_POINT('',(-9.70632321930052,3.10089696773525,7.05));
#8828=CARTESIAN_POINT('',(-9.70632321930052,3.10089696773525,4.85));
#8829=CARTESIAN_POINT('',(-9.5065973123496,3.11136415898384,4.85));
#8830=CARTESIAN_POINT('',(-9.5065973123496,3.11136415898384,7.05));
#8831=CARTESIAN_POINT('',(-9.5065973123496,3.11136415898384,7.05));
#8832=CARTESIAN_POINT('',(-9.70632321930052,3.10089696773525,7.05));
#8833=CARTESIAN_POINT('',(-9.5065973123496,3.11136415898384,7.05));
#8834=CARTESIAN_POINT('',(-9.5065973123496,3.11136415898384,4.85));
#8835=CARTESIAN_POINT('',(-9.47781253641598,2.56211791486882,4.85));
#8836=CARTESIAN_POINT('',(-9.47781253641598,2.56211791486882,7.05));
#8837=CARTESIAN_POINT('',(-9.47781253641598,2.56211791486882,7.05));
#8838=CARTESIAN_POINT('',(-9.5065973123496,3.11136415898384,7.05));
#8839=CARTESIAN_POINT('',(-9.37794958294053,2.56735151049311,7.05));
#8840=CARTESIAN_POINT('',(-9.37794958294053,2.56735151049311,4.85));
#8841=CARTESIAN_POINT('',(-9.33470974333523,2.47718324406357,4.85));
#8842=CARTESIAN_POINT('',(-9.33470974333523,2.47718324406357,7.05));
#8843=CARTESIAN_POINT('',(-9.33470974333523,2.47718324406357,7.05));
#8844=CARTESIAN_POINT('',(-9.37794958294053,2.56735151049311,7.05));
#8845=CARTESIAN_POINT('',(-9.33470974333523,2.47718324406357,7.05));
#8846=CARTESIAN_POINT('',(-9.33470974333523,2.47718324406357,4.85));
#8847=CARTESIAN_POINT('',(-8.88386841118753,2.69338244209004,4.85));
#8848=CARTESIAN_POINT('',(-8.88386841118753,2.69338244209004,7.05));
#8849=CARTESIAN_POINT('',(-8.88386841118753,2.69338244209004,7.05));
#8850=CARTESIAN_POINT('',(-9.33470974333523,2.47718324406357,7.05));
#8851=CARTESIAN_POINT('',(-8.88386841118753,2.69338244209004,7.05));
#8852=CARTESIAN_POINT('',(-8.88386841118753,2.69338244209004,4.85));
#8853=CARTESIAN_POINT('',(-7.23612967884249,2.7797367698909,4.85));
#8854=CARTESIAN_POINT('',(-7.23612967884249,2.7797367698909,7.05));
#8855=CARTESIAN_POINT('',(-7.23612967884249,2.7797367698909,7.05));
#8856=CARTESIAN_POINT('',(-8.88386841118753,2.69338244209004,7.05));
#8857=CARTESIAN_POINT('',(-7.23612967884249,2.7797367698909,7.05));
#8858=CARTESIAN_POINT('',(-7.23612967884249,2.7797367698909,4.85));
#8859=CARTESIAN_POINT('',(-6.94156209573347,3.10688721415475,4.85));
#8860=CARTESIAN_POINT('',(-6.94156209573347,3.10688721415475,7.05));
#8861=CARTESIAN_POINT('',(-6.94156209573347,3.10688721415475,7.05));
#8862=CARTESIAN_POINT('',(-7.23612967884249,2.7797367698909,7.05));
#8863=CARTESIAN_POINT('',(-6.94156209573347,3.10688721415475,7.05));
#8864=CARTESIAN_POINT('',(-6.94156209573347,3.10688721415475,4.85));
#8865=CARTESIAN_POINT('',(-6.94156209573347,3.84661536606823,4.85));
#8866=CARTESIAN_POINT('',(-6.94156209573347,3.84661536606823,7.05));
#8867=CARTESIAN_POINT('',(-6.94156209573347,3.84661536606823,7.05));
#8868=CARTESIAN_POINT('',(-6.94156209573347,3.10688721415475,7.05));
#8869=CARTESIAN_POINT('',(-6.94156209573347,3.84661536606823,7.05));
#8870=CARTESIAN_POINT('',(-6.69190471204483,3.85969935512897,7.05));
#8871=CARTESIAN_POINT('',(-6.69190471204483,3.85969935512897,6.85));
#8872=CARTESIAN_POINT('',(-6.69190471204483,3.85969935512897,5.05));
#8873=CARTESIAN_POINT('',(-6.89163061899575,3.84923216388038,6.85));
#8874=CARTESIAN_POINT('',(-6.89163061899575,3.84923216388038,7.05));
#8875=CARTESIAN_POINT('',(-6.94156209573347,3.84661536606823,7.05));
#8876=CARTESIAN_POINT('',(-6.94156209573347,3.84661536606823,4.85));
#8877=CARTESIAN_POINT('',(-6.89163061899575,3.84923216388038,4.85));
#8878=CARTESIAN_POINT('',(-6.89163061899575,3.84923216388038,5.05));
#8879=CARTESIAN_POINT('',(-6.69190471204483,3.85969935512897,7.05));
#8880=CARTESIAN_POINT('',(-6.70237190329342,4.05942526207988,7.05));
#8881=CARTESIAN_POINT('',(-6.70237190329342,4.05942526207988,6.85));
#8882=CARTESIAN_POINT('',(-6.70237190329342,4.05942526207988,5.05));
#8883=CARTESIAN_POINT('',(-6.69190471204483,3.85969935512897,6.85));
#8884=CARTESIAN_POINT('',(-6.69190471204483,3.85969935512897,5.05));
#8885=CARTESIAN_POINT('',(-6.90209781024434,4.04895807083129,7.05));
#8886=CARTESIAN_POINT('',(-6.91256500149292,4.24868397778221,7.05));
#8887=CARTESIAN_POINT('',(-6.91256500149292,4.24868397778221,6.85));
#8888=CARTESIAN_POINT('',(-6.91256500149292,4.24868397778221,5.05));
#8889=CARTESIAN_POINT('',(-6.90209781024434,4.04895807083129,6.85));
#8890=CARTESIAN_POINT('',(-6.90209781024434,4.04895807083129,5.05));
#8891=CARTESIAN_POINT('',(-6.91256500149292,4.24868397778221,7.05));
#8892=CARTESIAN_POINT('',(-6.91256500149292,4.24868397778221,6.85));
#8893=CARTESIAN_POINT('',(-6.91256500149292,4.24868397778221,5.05));
#8894=CARTESIAN_POINT('',(-7.42087486591823,4.22204458660002,5.05));
#8895=CARTESIAN_POINT('',(-7.42087486591823,4.22204458660002,7.05));
#8896=CARTESIAN_POINT('',(-7.42087486591823,4.22204458660002,5.31603054284547));
#8897=CARTESIAN_POINT('',(-7.76276869310475,4.20412669036659,5.95));
#8898=CARTESIAN_POINT('',(-7.42087486591823,4.22204458660002,7.05));
#8899=CARTESIAN_POINT('',(-7.48310195981159,4.01850893359824,5.05));
#8900=CARTESIAN_POINT('',(-7.48310195981159,4.01850893359824,4.85));
#8901=CARTESIAN_POINT('',(-7.42087486591823,4.22204458660002,4.85));
#8902=CARTESIAN_POINT('',(-7.49865873328493,3.9676250203478,4.85));
#8903=CARTESIAN_POINT('',(-7.49865873328493,3.9676250203478,7.05));
#8904=CARTESIAN_POINT('',(-7.49865873328493,3.9676250203478,5.48137373099424));
#8905=CARTESIAN_POINT('',(-7.35959308825904,4.42248824952191,5.95));
#8906=CARTESIAN_POINT('',(-7.49865873328493,3.9676250203478,7.05));
#8907=CARTESIAN_POINT('',(-7.99797350066222,3.94145704222633,7.05));
#8908=CARTESIAN_POINT('',(-7.99797350066222,3.94145704222633,5.47991378955804));
#8909=CARTESIAN_POINT('',(-7.99797350066222,3.94145704222633,4.85));
#8910=CARTESIAN_POINT('',(-7.74968470404401,3.95446930667795,5.95));
#8911=CARTESIAN_POINT('',(-7.49865873328493,3.9676250203478,4.85));
#8912=CARTESIAN_POINT('',(-7.99797350066222,3.94145704222633,7.05));
#8913=CARTESIAN_POINT('',(-7.99797350066222,3.94145704222633,4.85));
#8914=CARTESIAN_POINT('',(-8.03047490757131,4.0180255585857,4.85));
#8915=CARTESIAN_POINT('',(-8.03047490757131,4.0180255585857,5.05));
#8916=CARTESIAN_POINT('',(-8.11742054992355,4.2228566558193,5.05));
#8917=CARTESIAN_POINT('',(-8.11742054992355,4.2228566558193,7.05));
#8918=CARTESIAN_POINT('',(-8.11742054992355,4.2228566558193,5.30276542147452));
#8919=CARTESIAN_POINT('',(-8.18418977611676,4.3801550953108,5.95));
#8920=CARTESIAN_POINT('',(-8.11742054992355,4.2228566558193,7.05));
#8921=CARTESIAN_POINT('',(-8.11742054992355,4.2228566558193,5.05));
#8922=CARTESIAN_POINT('',(-8.66511734490546,4.25156022856475,5.05));
#8923=CARTESIAN_POINT('',(-8.66511734490546,4.25156022856475,7.05));
#8924=CARTESIAN_POINT('',(-8.66511734490546,4.25156022856475,6.85));
#8925=CARTESIAN_POINT('',(-8.11742054992355,4.2228566558193,6.85));
#8926=CARTESIAN_POINT('',(-7.79905218028167,4.20617167657241,5.95));
#8927=CARTESIAN_POINT('',(-8.66511734490546,4.25156022856475,7.05));
#8928=CARTESIAN_POINT('',(-8.66511734490546,4.25156022856475,5.05));
#8929=CARTESIAN_POINT('',(-10.7239798431799,3.7518751595469,5.05));
#8930=CARTESIAN_POINT('',(-10.7239798431799,3.7518751595469,7.05));
#8931=CARTESIAN_POINT('',(-10.7239798431799,3.7518751595469,6.85));
#8932=CARTESIAN_POINT('',(-8.66511734490546,4.25156022856475,6.85));
#8933=CARTESIAN_POINT('',(-10.7711503907669,3.94623292100831,7.05));
#8934=CARTESIAN_POINT('',(-10.7711503907669,3.94623292100831,5.05));
#8935=CARTESIAN_POINT('',(-10.7587246957508,3.74661928895049,5.05));
#8936=CARTESIAN_POINT('',(-10.7587246957508,3.74661928895049,7.05));
#8937=CARTESIAN_POINT('',(-10.7587246957508,3.74661928895049,6.85));
#8938=CARTESIAN_POINT('',(-10.7711503907669,3.94623292100831,6.85));
#8939=CARTESIAN_POINT('',(-10.65,2.,7.05));
#8940=CARTESIAN_POINT('',(-10.65,2.,5.05));
#8941=CARTESIAN_POINT('',(-12.4,2.,5.05));
#8942=CARTESIAN_POINT('',(-12.4,2.,7.05));
#8943=CARTESIAN_POINT('',(-12.4,2.,6.85));
#8944=CARTESIAN_POINT('',(-10.65,2.,6.85));
#8945=CARTESIAN_POINT('',(-12.4,2.,7.05));
#8946=CARTESIAN_POINT('',(-12.4,2.,5.05));
#8947=CARTESIAN_POINT('',(-12.4,1.8,5.05));
#8948=CARTESIAN_POINT('',(-12.4,1.8,7.05));
#8949=CARTESIAN_POINT('',(-12.4,1.8,6.85));
#8950=CARTESIAN_POINT('',(-12.4,2.,6.85));
#8951=CARTESIAN_POINT('',(-12.6,1.8,7.05));
#8952=CARTESIAN_POINT('',(-12.6,1.8,5.05));
#8953=CARTESIAN_POINT('',(-12.6,1.8,6.85));
#8954=CARTESIAN_POINT('',(-10.65,2.,7.05));
#8955=CARTESIAN_POINT('',(-8.67558453615405,4.05183432161383,7.05));
#8956=CARTESIAN_POINT('',(-8.64637310064868,4.05030341514933,7.05));
#8957=CARTESIAN_POINT('',(-10.6768092955928,3.55751739808537,7.05));
#8958=CARTESIAN_POINT('',(-10.6768092955928,3.55751739808537,7.05));
#8959=CARTESIAN_POINT('',(-10.7711503907669,3.94623292100831,7.05));
#8960=CARTESIAN_POINT('',(-10.7462990007347,3.54700565689254,7.05));
#8961=CARTESIAN_POINT('',(-10.65,2.,7.05));
#8962=CARTESIAN_POINT('',(-12.2,2.,7.05));
#8963=CARTESIAN_POINT('',(-12.2,1.8,7.05));
#8964=CARTESIAN_POINT('',(-12.2,1.8,7.05));
#8965=CARTESIAN_POINT('',(-12.6,1.8,7.05));
#8966=CARTESIAN_POINT('',(-6.90209781024434,4.04895807083129,7.05));
#8967=CARTESIAN_POINT('',(-6.90209781024434,4.04895807083129,7.05));
#8968=CARTESIAN_POINT('',(-7.41040767466964,4.0223186796491,7.05));
#8969=CARTESIAN_POINT('',(-10.65,2.,4.85));
#8970=CARTESIAN_POINT('',(-11.0084728170553,3.47702279985379,4.85));
#8971=CARTESIAN_POINT('',(-10.6768092955928,3.55751739808537,4.85));
#8972=CARTESIAN_POINT('',(-8.64637310064868,4.05030341514933,4.85));
#8973=CARTESIAN_POINT('',(-10.5373544284922,4.14940554720731,4.85));
#8974=CARTESIAN_POINT('',(-10.7468215190494,3.84746463929597,4.85));
#8975=CARTESIAN_POINT('',(-6.90209781024434,4.04895807083129,4.85));
#8976=CARTESIAN_POINT('',(-6.80527629119489,2.20149343153535,4.85));
#8977=CARTESIAN_POINT('',(-12.6,1.8,4.85));
#8978=CARTESIAN_POINT('',(-12.2,1.8,4.85));
#8979=CARTESIAN_POINT('',(-12.2,2.,4.85));
#8980=CARTESIAN_POINT('',(-12.2,2.,4.85));
#8981=CARTESIAN_POINT('',(-10.65,2.,4.85));
#8982=CARTESIAN_POINT('',(-10.7462990007347,3.54700565689254,4.85));
#8983=CARTESIAN_POINT('',(-10.7711503907669,3.94623292100831,4.85));
#8984=CARTESIAN_POINT('',(-7.78096402328606,4.55131427263459,5.95));
#8985=CARTESIAN_POINT('',(-11.9,1.,3.05));
#8986=CARTESIAN_POINT('',(-11.9,1.,0.85));
#8987=CARTESIAN_POINT('',(-11.9,2.,0.85));
#8988=CARTESIAN_POINT('',(-11.9,2.,3.05));
#8989=CARTESIAN_POINT('',(-11.9,2.,3.05));
#8990=CARTESIAN_POINT('',(-11.9,1.,3.05));
#8991=CARTESIAN_POINT('',(-10.65,2.,3.05));
#8992=CARTESIAN_POINT('',(-10.65,2.,0.85));
#8993=CARTESIAN_POINT('',(-10.7154199453037,3.24828691844322,0.85));
#8994=CARTESIAN_POINT('',(-10.7154199453037,3.24828691844322,3.05));
#8995=CARTESIAN_POINT('',(-10.7154199453037,3.24828691844322,3.05));
#8996=CARTESIAN_POINT('',(-10.65,2.,3.05));
#8997=CARTESIAN_POINT('',(-10.7154199453037,3.24828691844322,3.05));
#8998=CARTESIAN_POINT('',(-10.7154199453037,3.24828691844322,0.85));
#8999=CARTESIAN_POINT('',(-9.71679041054911,3.30062287468616,0.85));
#9000=CARTESIAN_POINT('',(-9.71679041054911,3.30062287468616,3.05));
#9001=CARTESIAN_POINT('',(-9.71679041054911,3.30062287468616,3.05));
#9002=CARTESIAN_POINT('',(-10.7154199453037,3.24828691844322,3.05));
#9003=CARTESIAN_POINT('',(-9.70632321930052,3.10089696773525,3.05));
#9004=CARTESIAN_POINT('',(-9.70632321930052,3.10089696773525,0.85));
#9005=CARTESIAN_POINT('',(-9.5065973123496,3.11136415898384,0.85));
#9006=CARTESIAN_POINT('',(-9.5065973123496,3.11136415898384,3.05));
#9007=CARTESIAN_POINT('',(-9.5065973123496,3.11136415898384,3.05));
#9008=CARTESIAN_POINT('',(-9.70632321930052,3.10089696773525,3.05));
#9009=CARTESIAN_POINT('',(-9.5065973123496,3.11136415898384,3.05));
#9010=CARTESIAN_POINT('',(-9.5065973123496,3.11136415898384,0.85));
#9011=CARTESIAN_POINT('',(-9.47781253641598,2.56211791486882,0.85));
#9012=CARTESIAN_POINT('',(-9.47781253641598,2.56211791486882,3.05));
#9013=CARTESIAN_POINT('',(-9.47781253641598,2.56211791486882,3.05));
#9014=CARTESIAN_POINT('',(-9.5065973123496,3.11136415898384,3.05));
#9015=CARTESIAN_POINT('',(-9.37794958294053,2.56735151049311,3.05));
#9016=CARTESIAN_POINT('',(-9.37794958294053,2.56735151049311,0.85));
#9017=CARTESIAN_POINT('',(-9.33470974333523,2.47718324406357,0.85));
#9018=CARTESIAN_POINT('',(-9.33470974333523,2.47718324406357,3.05));
#9019=CARTESIAN_POINT('',(-9.33470974333523,2.47718324406357,3.05));
#9020=CARTESIAN_POINT('',(-9.37794958294053,2.56735151049311,3.05));
#9021=CARTESIAN_POINT('',(-9.33470974333523,2.47718324406357,3.05));
#9022=CARTESIAN_POINT('',(-9.33470974333523,2.47718324406357,0.85));
#9023=CARTESIAN_POINT('',(-8.88386841118753,2.69338244209004,0.85));
#9024=CARTESIAN_POINT('',(-8.88386841118753,2.69338244209004,3.05));
#9025=CARTESIAN_POINT('',(-8.88386841118753,2.69338244209004,3.05));
#9026=CARTESIAN_POINT('',(-9.33470974333523,2.47718324406357,3.05));
#9027=CARTESIAN_POINT('',(-8.88386841118753,2.69338244209004,3.05));
#9028=CARTESIAN_POINT('',(-8.88386841118753,2.69338244209004,0.85));
#9029=CARTESIAN_POINT('',(-7.23612967884249,2.7797367698909,0.85));
#9030=CARTESIAN_POINT('',(-7.23612967884249,2.7797367698909,3.05));
#9031=CARTESIAN_POINT('',(-7.23612967884249,2.7797367698909,3.05));
#9032=CARTESIAN_POINT('',(-8.88386841118753,2.69338244209004,3.05));
#9033=CARTESIAN_POINT('',(-7.23612967884249,2.7797367698909,3.05));
#9034=CARTESIAN_POINT('',(-7.23612967884249,2.7797367698909,0.85));
#9035=CARTESIAN_POINT('',(-6.94156209573347,3.10688721415475,0.85));
#9036=CARTESIAN_POINT('',(-6.94156209573347,3.10688721415475,3.05));
#9037=CARTESIAN_POINT('',(-6.94156209573347,3.10688721415475,3.05));
#9038=CARTESIAN_POINT('',(-7.23612967884249,2.7797367698909,3.05));
#9039=CARTESIAN_POINT('',(-6.94156209573347,3.10688721415475,3.05));
#9040=CARTESIAN_POINT('',(-6.94156209573347,3.10688721415475,0.85));
#9041=CARTESIAN_POINT('',(-6.94156209573347,3.84661536606823,0.85));
#9042=CARTESIAN_POINT('',(-6.94156209573347,3.84661536606823,3.05));
#9043=CARTESIAN_POINT('',(-6.94156209573347,3.84661536606823,3.05));
#9044=CARTESIAN_POINT('',(-6.94156209573347,3.10688721415475,3.05));
#9045=CARTESIAN_POINT('',(-6.94156209573347,3.84661536606823,3.05));
#9046=CARTESIAN_POINT('',(-6.94156209573347,3.84661536606823,0.85));
#9047=CARTESIAN_POINT('',(-6.89163061899575,3.84923216388038,0.85));
#9048=CARTESIAN_POINT('',(-6.89163061899575,3.84923216388038,1.05));
#9049=CARTESIAN_POINT('',(-6.69190471204483,3.85969935512897,1.05));
#9050=CARTESIAN_POINT('',(-6.69190471204483,3.85969935512897,3.05));
#9051=CARTESIAN_POINT('',(-6.69190471204483,3.85969935512897,2.85));
#9052=CARTESIAN_POINT('',(-6.89163061899575,3.84923216388038,2.85));
#9053=CARTESIAN_POINT('',(-6.89163061899575,3.84923216388038,3.05));
#9054=CARTESIAN_POINT('',(-6.94156209573347,3.84661536606823,3.05));
#9055=CARTESIAN_POINT('',(-6.69190471204483,3.85969935512897,3.05));
#9056=CARTESIAN_POINT('',(-6.69190471204483,3.85969935512897,1.05));
#9057=CARTESIAN_POINT('',(-6.70237190329342,4.05942526207988,1.05));
#9058=CARTESIAN_POINT('',(-6.70237190329342,4.05942526207988,3.05));
#9059=CARTESIAN_POINT('',(-6.70237190329342,4.05942526207988,2.85));
#9060=CARTESIAN_POINT('',(-6.69190471204483,3.85969935512897,2.85));
#9061=CARTESIAN_POINT('',(-6.90209781024434,4.04895807083129,3.05));
#9062=CARTESIAN_POINT('',(-6.90209781024434,4.04895807083129,1.05));
#9063=CARTESIAN_POINT('',(-6.91256500149292,4.24868397778221,1.05));
#9064=CARTESIAN_POINT('',(-6.91256500149292,4.24868397778221,3.05));
#9065=CARTESIAN_POINT('',(-6.91256500149292,4.24868397778221,2.85));
#9066=CARTESIAN_POINT('',(-6.90209781024434,4.04895807083129,2.85));
#9067=CARTESIAN_POINT('',(-6.91256500149292,4.24868397778221,3.05));
#9068=CARTESIAN_POINT('',(-6.91256500149292,4.24868397778221,1.05));
#9069=CARTESIAN_POINT('',(-7.42087486591823,4.22204458660002,1.05));
#9070=CARTESIAN_POINT('',(-7.42087486591823,4.22204458660002,3.05));
#9071=CARTESIAN_POINT('',(-7.42087486591823,4.22204458660002,1.31603054284547));
#9072=CARTESIAN_POINT('',(-7.76276869310475,4.20412669036659,1.95));
#9073=CARTESIAN_POINT('',(-6.91256500149292,4.24868397778221,2.85));
#9074=CARTESIAN_POINT('',(-7.42087486591823,4.22204458660002,3.05));
#9075=CARTESIAN_POINT('',(-7.48310195981159,4.01850893359824,1.05));
#9076=CARTESIAN_POINT('',(-7.48310195981159,4.01850893359824,0.85));
#9077=CARTESIAN_POINT('',(-7.42087486591823,4.22204458660002,0.85));
#9078=CARTESIAN_POINT('',(-7.49865873328493,3.9676250203478,0.85));
#9079=CARTESIAN_POINT('',(-7.49865873328493,3.9676250203478,3.05));
#9080=CARTESIAN_POINT('',(-7.49865873328493,3.9676250203478,1.48137373099424));
#9081=CARTESIAN_POINT('',(-7.35959308825904,4.42248824952191,1.95));
#9082=CARTESIAN_POINT('',(-7.49865873328493,3.9676250203478,3.05));
#9083=CARTESIAN_POINT('',(-7.99797350066222,3.94145704222633,3.05));
#9084=CARTESIAN_POINT('',(-7.99797350066222,3.94145704222633,1.47991378955804));
#9085=CARTESIAN_POINT('',(-7.99797350066222,3.94145704222633,0.85));
#9086=CARTESIAN_POINT('',(-7.74968470404401,3.95446930667795,1.95));
#9087=CARTESIAN_POINT('',(-7.49865873328493,3.9676250203478,0.85));
#9088=CARTESIAN_POINT('',(-7.99797350066222,3.94145704222633,3.05));
#9089=CARTESIAN_POINT('',(-7.99797350066222,3.94145704222633,0.85));
#9090=CARTESIAN_POINT('',(-8.03047490757131,4.0180255585857,0.85));
#9091=CARTESIAN_POINT('',(-8.03047490757131,4.0180255585857,1.05));
#9092=CARTESIAN_POINT('',(-8.11742054992355,4.2228566558193,1.05));
#9093=CARTESIAN_POINT('',(-8.11742054992355,4.2228566558193,3.05));
#9094=CARTESIAN_POINT('',(-8.11742054992355,4.2228566558193,1.30276542147452));
#9095=CARTESIAN_POINT('',(-8.18418977611676,4.3801550953108,1.95));
#9096=CARTESIAN_POINT('',(-8.11742054992355,4.2228566558193,3.05));
#9097=CARTESIAN_POINT('',(-8.11742054992355,4.2228566558193,1.05));
#9098=CARTESIAN_POINT('',(-8.66511734490546,4.25156022856475,1.05));
#9099=CARTESIAN_POINT('',(-8.66511734490546,4.25156022856475,3.05));
#9100=CARTESIAN_POINT('',(-8.66511734490546,4.25156022856475,2.85));
#9101=CARTESIAN_POINT('',(-8.11742054992355,4.2228566558193,2.85));
#9102=CARTESIAN_POINT('',(-7.79905218028167,4.20617167657241,1.95));
#9103=CARTESIAN_POINT('',(-8.66511734490546,4.25156022856475,3.05));
#9104=CARTESIAN_POINT('',(-8.66511734490546,4.25156022856475,1.05));
#9105=CARTESIAN_POINT('',(-10.7239798431799,3.7518751595469,1.05));
#9106=CARTESIAN_POINT('',(-10.7239798431799,3.7518751595469,3.05));
#9107=CARTESIAN_POINT('',(-10.7239798431799,3.7518751595469,2.85));
#9108=CARTESIAN_POINT('',(-8.66511734490546,4.25156022856475,2.85));
#9109=CARTESIAN_POINT('',(-10.7711503907669,3.94623292100831,3.05));
#9110=CARTESIAN_POINT('',(-10.7711503907669,3.94623292100831,1.05));
#9111=CARTESIAN_POINT('',(-10.7587246957508,3.74661928895049,1.05));
#9112=CARTESIAN_POINT('',(-10.7587246957508,3.74661928895049,3.05));
#9113=CARTESIAN_POINT('',(-10.7587246957508,3.74661928895049,2.85));
#9114=CARTESIAN_POINT('',(-10.7711503907669,3.94623292100831,2.85));
#9115=CARTESIAN_POINT('',(-10.65,2.,3.05));
#9116=CARTESIAN_POINT('',(-10.65,2.,1.05));
#9117=CARTESIAN_POINT('',(-12.4,2.,1.05));
#9118=CARTESIAN_POINT('',(-12.4,2.,3.05));
#9119=CARTESIAN_POINT('',(-12.4,2.,2.85));
#9120=CARTESIAN_POINT('',(-10.65,2.,2.85));
#9121=CARTESIAN_POINT('',(-12.4,2.,3.05));
#9122=CARTESIAN_POINT('',(-12.4,2.,1.05));
#9123=CARTESIAN_POINT('',(-12.4,1.8,1.05));
#9124=CARTESIAN_POINT('',(-12.4,1.8,3.05));
#9125=CARTESIAN_POINT('',(-12.4,1.8,2.85));
#9126=CARTESIAN_POINT('',(-12.4,2.,2.85));
#9127=CARTESIAN_POINT('',(-12.6,1.8,3.05));
#9128=CARTESIAN_POINT('',(-12.6,1.8,1.05));
#9129=CARTESIAN_POINT('',(-12.6,1.8,2.85));
#9130=CARTESIAN_POINT('',(-10.65,2.,3.05));
#9131=CARTESIAN_POINT('',(-8.67558453615405,4.05183432161383,3.05));
#9132=CARTESIAN_POINT('',(-8.64637310064868,4.05030341514933,3.05));
#9133=CARTESIAN_POINT('',(-10.6768092955928,3.55751739808537,3.05));
#9134=CARTESIAN_POINT('',(-10.6768092955928,3.55751739808537,3.05));
#9135=CARTESIAN_POINT('',(-10.7711503907669,3.94623292100831,3.05));
#9136=CARTESIAN_POINT('',(-10.7462990007347,3.54700565689254,3.05));
#9137=CARTESIAN_POINT('',(-10.65,2.,3.05));
#9138=CARTESIAN_POINT('',(-12.2,2.,3.05));
#9139=CARTESIAN_POINT('',(-12.2,1.8,3.05));
#9140=CARTESIAN_POINT('',(-12.2,1.8,3.05));
#9141=CARTESIAN_POINT('',(-12.6,1.8,3.05));
#9142=CARTESIAN_POINT('',(-6.90209781024434,4.04895807083129,3.05));
#9143=CARTESIAN_POINT('',(-6.90209781024434,4.04895807083129,3.05));
#9144=CARTESIAN_POINT('',(-7.41040767466964,4.0223186796491,3.05));
#9145=CARTESIAN_POINT('',(-10.65,2.,0.85));
#9146=CARTESIAN_POINT('',(-11.0084728170553,3.47702279985379,0.85));
#9147=CARTESIAN_POINT('',(-10.6768092955928,3.55751739808537,0.85));
#9148=CARTESIAN_POINT('',(-8.64637310064868,4.05030341514933,0.85));
#9149=CARTESIAN_POINT('',(-10.5373544284922,4.14940554720731,0.85));
#9150=CARTESIAN_POINT('',(-10.7468215190494,3.84746463929597,0.85));
#9151=CARTESIAN_POINT('',(-6.90209781024434,4.04895807083129,0.85));
#9152=CARTESIAN_POINT('',(-6.80527629119489,2.20149343153535,0.85));
#9153=CARTESIAN_POINT('',(-12.6,1.8,0.85));
#9154=CARTESIAN_POINT('',(-12.2,1.8,0.85));
#9155=CARTESIAN_POINT('',(-12.2,2.,0.85));
#9156=CARTESIAN_POINT('',(-12.2,2.,0.85));
#9157=CARTESIAN_POINT('',(-10.65,2.,0.85));
#9158=CARTESIAN_POINT('',(-10.7462990007347,3.54700565689254,0.85));
#9159=CARTESIAN_POINT('',(-10.7711503907669,3.94623292100831,0.85));
#9160=CARTESIAN_POINT('',(-7.78096402328606,4.55131427263459,1.95));
#9161=CARTESIAN_POINT('',(-4.90000000000001,-0.392349859038019,6.55));
#9162=CARTESIAN_POINT('',(-4.90000000000001,-0.392349859038019,5.35));
#9163=CARTESIAN_POINT('',(-4.64642904295558,0.151434813183994,5.35));
#9164=CARTESIAN_POINT('',(-4.8228947363338,0.202675164229905,5.35));
#9165=CARTESIAN_POINT('',(-4.64642904295558,0.151434813183994,6.55));
#9166=CARTESIAN_POINT('',(-4.64642904295558,0.151434813183994,6.55));
#9167=CARTESIAN_POINT('',(-4.90000000000001,-0.392349859038019,6.55));
#9168=CARTESIAN_POINT('',(-4.8228947363338,0.202675164229905,6.55));
#9169=CARTESIAN_POINT('',(-4.8228947363338,0.202675164229905,6.55));
#9170=CARTESIAN_POINT('',(-4.64642904295558,0.151434813183994,6.55));
#9171=CARTESIAN_POINT('',(-4.64642904295558,0.151434813183994,5.35));
#9172=CARTESIAN_POINT('',(-4.12055415945866,-0.0937846722219902,5.35));
#9173=CARTESIAN_POINT('',(-4.12055415945866,-0.0937846722219902,6.55));
#9174=CARTESIAN_POINT('',(-4.12055415945866,-0.0937846722219902,6.55));
#9175=CARTESIAN_POINT('',(-4.64642904295558,0.151434813183994,6.55));
#9176=CARTESIAN_POINT('',(-3.86698320241423,0.450000000000002,6.55));
#9177=CARTESIAN_POINT('',(-3.86698320241423,0.450000000000002,5.35));
#9178=CARTESIAN_POINT('',(-3.86698320241424,-0.150000000000001,5.35));
#9179=CARTESIAN_POINT('',(-3.86698320241424,-0.150000000000001,6.55));
#9180=CARTESIAN_POINT('',(-3.86698320241424,-0.150000000000001,6.55));
#9181=CARTESIAN_POINT('',(-3.86698320241423,0.450000000000002,6.55));
#9182=CARTESIAN_POINT('',(-3.86698320241424,-0.15,6.55));
#9183=CARTESIAN_POINT('',(-3.86698320241424,-0.15,5.35));
#9184=CARTESIAN_POINT('',(-0.15,-0.15,5.35));
#9185=CARTESIAN_POINT('',(-0.15,-0.15,6.55));
#9186=CARTESIAN_POINT('',(-0.15,-0.15,6.55));
#9187=CARTESIAN_POINT('',(-3.86698320241424,-0.15,6.55));
#9188=CARTESIAN_POINT('',(-0.15,-0.15,6.55));
#9189=CARTESIAN_POINT('',(-0.15,-0.15,5.35));
#9190=CARTESIAN_POINT('',(0.,-3.25260651745651E-16,5.35));
#9191=CARTESIAN_POINT('',(0.,-3.25260651745651E-16,6.55));
#9192=CARTESIAN_POINT('',(0.,-3.25260651745651E-16,6.55));
#9193=CARTESIAN_POINT('',(-0.15,-0.15,6.55));
#9194=CARTESIAN_POINT('',(0.,-3.60822483003176E-16,6.55));
#9195=CARTESIAN_POINT('',(0.,-3.60822483003176E-16,5.35));
#9196=CARTESIAN_POINT('',(0.,0.15,5.35));
#9197=CARTESIAN_POINT('',(0.,0.15,6.55));
#9198=CARTESIAN_POINT('',(0.,0.15,6.55));
#9199=CARTESIAN_POINT('',(0.,-3.60822483003176E-16,6.55));
#9200=CARTESIAN_POINT('',(0.,0.15,6.55));
#9201=CARTESIAN_POINT('',(0.,0.15,5.35));
#9202=CARTESIAN_POINT('',(-3.80047480362135,0.15,5.35));
#9203=CARTESIAN_POINT('',(-3.80047480362135,0.15,6.55));
#9204=CARTESIAN_POINT('',(-3.80047480362135,0.15,6.55));
#9205=CARTESIAN_POINT('',(0.,0.15,6.55));
#9206=CARTESIAN_POINT('',(-3.80047480362135,0.749999999999995,6.55));
#9207=CARTESIAN_POINT('',(-3.80047480362135,0.749999999999995,5.35));
#9208=CARTESIAN_POINT('',(-4.05404576066577,0.20621532777801,5.35));
#9209=CARTESIAN_POINT('',(-4.05404576066577,0.20621532777801,6.55));
#9210=CARTESIAN_POINT('',(-4.05404576066577,0.20621532777801,6.55));
#9211=CARTESIAN_POINT('',(-3.80047480362135,0.749999999999995,6.55));
#9212=CARTESIAN_POINT('',(-11.4,0.599999999999995,6.55));
#9213=CARTESIAN_POINT('',(-7.40723684083451,0.537562558169752,6.55));
#9214=CARTESIAN_POINT('',(-4.05404576066577,0.20621532777801,6.55));
#9215=CARTESIAN_POINT('',(-11.4,0.599999999999995,5.35));
#9216=CARTESIAN_POINT('',(-7.40723684083451,0.537562558169752,5.35));
#9217=CARTESIAN_POINT('',(-4.05404576066577,0.20621532777801,5.35));
#9218=CARTESIAN_POINT('',(-4.05404576066577,0.20621532777801,6.55));
#9219=CARTESIAN_POINT('',(-7.40723684083451,0.537562558169752,6.55));
#9220=CARTESIAN_POINT('',(-10.8718934911243,0.0674556213017759,6.55));
#9221=CARTESIAN_POINT('',(-10.8718934911243,0.0674556213017759,5.35));
#9222=CARTESIAN_POINT('',(-10.8718934911243,0.0674556213017748,5.35));
#9223=CARTESIAN_POINT('',(-10.8718934911243,0.0674556213017759,6.55));
#9224=CARTESIAN_POINT('',(-10.8718934911243,0.0674556213017748,6.55));
#9225=CARTESIAN_POINT('',(-10.8718934911243,0.0674556213017748,6.55));
#9226=CARTESIAN_POINT('',(-11.4,0.599999999999993,6.55));
#9227=CARTESIAN_POINT('',(-11.4,0.599999999999993,5.35));
#9228=CARTESIAN_POINT('',(-11.4,0.149999999999999,5.35));
#9229=CARTESIAN_POINT('',(-11.4,0.149999999999999,6.55));
#9230=CARTESIAN_POINT('',(-11.4,0.149999999999999,6.55));
#9231=CARTESIAN_POINT('',(-11.4,0.599999999999993,6.55));
#9232=CARTESIAN_POINT('',(-11.4,0.599999999999995,6.55));
#9233=CARTESIAN_POINT('',(-11.4,0.15,6.55));
#9234=CARTESIAN_POINT('',(-13.1,0.15,6.55));
#9235=CARTESIAN_POINT('',(-13.1,0.15,6.55));
#9236=CARTESIAN_POINT('',(-13.1,-3.52365706057789E-16,6.55));
#9237=CARTESIAN_POINT('',(-13.1,-3.60822483003176E-16,6.55));
#9238=CARTESIAN_POINT('',(-12.95,-0.15,6.55));
#9239=CARTESIAN_POINT('',(-12.95,-0.15,6.55));
#9240=CARTESIAN_POINT('',(-11.4,-0.15,6.55));
#9241=CARTESIAN_POINT('',(-11.4,0.599999999999995,6.55));
#9242=CARTESIAN_POINT('',(-11.4,0.599999999999995,5.35));
#9243=CARTESIAN_POINT('',(-11.4,0.599999999999995,5.35));
#9244=CARTESIAN_POINT('',(-11.4,-0.15,5.35));
#9245=CARTESIAN_POINT('',(-12.95,-0.15,5.35));
#9246=CARTESIAN_POINT('',(-12.95,-0.15,5.35));
#9247=CARTESIAN_POINT('',(-13.1,-3.60822483003176E-16,5.35));
#9248=CARTESIAN_POINT('',(-13.1,-3.52365706057789E-16,5.35));
#9249=CARTESIAN_POINT('',(-13.1,0.15,5.35));
#9250=CARTESIAN_POINT('',(-13.1,0.15,5.35));
#9251=CARTESIAN_POINT('',(-11.4,0.15,5.35));
#9252=CARTESIAN_POINT('',(-11.4,0.15,6.55));
#9253=CARTESIAN_POINT('',(-13.1,0.15,6.55));
#9254=CARTESIAN_POINT('',(-13.1,0.15,6.55));
#9255=CARTESIAN_POINT('',(-13.1,-3.52365706057789E-16,6.55));
#9256=CARTESIAN_POINT('',(-13.1,-3.60822483003176E-16,6.55));
#9257=CARTESIAN_POINT('',(-12.95,-0.15,6.55));
#9258=CARTESIAN_POINT('',(-12.95,-0.15,6.55));
#9259=CARTESIAN_POINT('',(-11.4,-0.15,6.55));
#9260=CARTESIAN_POINT('',(-11.4,0.599999999999995,6.55));
#9261=CARTESIAN_POINT('',(-4.90000000000001,-0.392349859038018,2.55));
#9262=CARTESIAN_POINT('',(-4.90000000000001,-0.392349859038018,1.35));
#9263=CARTESIAN_POINT('',(-4.64642904295558,0.151434813183994,1.35));
#9264=CARTESIAN_POINT('',(-4.8228947363338,0.202675164229906,1.35));
#9265=CARTESIAN_POINT('',(-4.64642904295558,0.151434813183994,2.55));
#9266=CARTESIAN_POINT('',(-4.64642904295558,0.151434813183994,2.55));
#9267=CARTESIAN_POINT('',(-4.90000000000001,-0.392349859038018,2.55));
#9268=CARTESIAN_POINT('',(-4.8228947363338,0.202675164229906,2.55));
#9269=CARTESIAN_POINT('',(-4.8228947363338,0.202675164229906,2.55));
#9270=CARTESIAN_POINT('',(-4.64642904295558,0.151434813183994,2.55));
#9271=CARTESIAN_POINT('',(-4.64642904295558,0.151434813183994,1.35));
#9272=CARTESIAN_POINT('',(-4.12055415945866,-0.0937846722219898,1.35));
#9273=CARTESIAN_POINT('',(-4.12055415945866,-0.0937846722219898,2.55));
#9274=CARTESIAN_POINT('',(-4.12055415945866,-0.0937846722219898,2.55));
#9275=CARTESIAN_POINT('',(-4.64642904295558,0.151434813183994,2.55));
#9276=CARTESIAN_POINT('',(-3.86698320241423,0.450000000000003,2.55));
#9277=CARTESIAN_POINT('',(-3.86698320241423,0.450000000000003,1.35));
#9278=CARTESIAN_POINT('',(-3.86698320241424,-0.15,1.35));
#9279=CARTESIAN_POINT('',(-3.86698320241424,-0.15,2.55));
#9280=CARTESIAN_POINT('',(-3.86698320241424,-0.15,2.55));
#9281=CARTESIAN_POINT('',(-3.86698320241423,0.450000000000003,2.55));
#9282=CARTESIAN_POINT('',(-3.86698320241424,-0.15,2.55));
#9283=CARTESIAN_POINT('',(-3.86698320241424,-0.15,1.35));
#9284=CARTESIAN_POINT('',(-0.15,-0.15,1.35));
#9285=CARTESIAN_POINT('',(-0.15,-0.15,2.55));
#9286=CARTESIAN_POINT('',(-0.15,-0.15,2.55));
#9287=CARTESIAN_POINT('',(-3.86698320241424,-0.15,2.55));
#9288=CARTESIAN_POINT('',(-0.15,-0.15,2.55));
#9289=CARTESIAN_POINT('',(-0.15,-0.15,1.35));
#9290=CARTESIAN_POINT('',(0.,3.55618312575246E-17,1.35));
#9291=CARTESIAN_POINT('',(0.,3.55618312575246E-17,2.55));
#9292=CARTESIAN_POINT('',(0.,3.55618312575246E-17,2.55));
#9293=CARTESIAN_POINT('',(-0.15,-0.15,2.55));
#9294=CARTESIAN_POINT('',(0.,0.,2.55));
#9295=CARTESIAN_POINT('',(0.,0.,1.35));
#9296=CARTESIAN_POINT('',(0.,0.15,1.35));
#9297=CARTESIAN_POINT('',(0.,0.15,2.55));
#9298=CARTESIAN_POINT('',(0.,0.15,2.55));
#9299=CARTESIAN_POINT('',(0.,0.,2.55));
#9300=CARTESIAN_POINT('',(0.,0.15,2.55));
#9301=CARTESIAN_POINT('',(0.,0.15,1.35));
#9302=CARTESIAN_POINT('',(-3.80047480362135,0.15,1.35));
#9303=CARTESIAN_POINT('',(-3.80047480362135,0.15,2.55));
#9304=CARTESIAN_POINT('',(-3.80047480362135,0.15,2.55));
#9305=CARTESIAN_POINT('',(0.,0.15,2.55));
#9306=CARTESIAN_POINT('',(-3.80047480362135,0.749999999999995,2.55));
#9307=CARTESIAN_POINT('',(-3.80047480362135,0.749999999999995,1.35));
#9308=CARTESIAN_POINT('',(-4.05404576066577,0.206215327778011,1.35));
#9309=CARTESIAN_POINT('',(-4.05404576066577,0.206215327778011,2.55));
#9310=CARTESIAN_POINT('',(-4.05404576066577,0.206215327778011,2.55));
#9311=CARTESIAN_POINT('',(-3.80047480362135,0.749999999999995,2.55));
#9312=CARTESIAN_POINT('',(-11.4,0.599999999999995,2.55));
#9313=CARTESIAN_POINT('',(-7.40723684083451,0.537562558169752,2.55));
#9314=CARTESIAN_POINT('',(-4.05404576066577,0.20621532777801,2.55));
#9315=CARTESIAN_POINT('',(-11.4,0.599999999999995,1.35));
#9316=CARTESIAN_POINT('',(-7.40723684083451,0.537562558169752,1.35));
#9317=CARTESIAN_POINT('',(-4.05404576066577,0.20621532777801,1.35));
#9318=CARTESIAN_POINT('',(-4.05404576066577,0.20621532777801,2.55));
#9319=CARTESIAN_POINT('',(-7.40723684083451,0.537562558169752,2.55));
#9320=CARTESIAN_POINT('',(-10.8718934911243,0.0674556213017763,2.55));
#9321=CARTESIAN_POINT('',(-10.8718934911243,0.0674556213017763,1.35));
#9322=CARTESIAN_POINT('',(-10.8718934911243,0.0674556213017752,1.35));
#9323=CARTESIAN_POINT('',(-10.8718934911243,0.0674556213017763,2.55));
#9324=CARTESIAN_POINT('',(-10.8718934911243,0.0674556213017752,2.55));
#9325=CARTESIAN_POINT('',(-10.8718934911243,0.0674556213017752,2.55));
#9326=CARTESIAN_POINT('',(-11.4,0.599999999999993,2.55));
#9327=CARTESIAN_POINT('',(-11.4,0.599999999999993,1.35));
#9328=CARTESIAN_POINT('',(-11.4,0.15,1.35));
#9329=CARTESIAN_POINT('',(-11.4,0.15,2.55));
#9330=CARTESIAN_POINT('',(-11.4,0.15,2.55));
#9331=CARTESIAN_POINT('',(-11.4,0.599999999999993,2.55));
#9332=CARTESIAN_POINT('',(-11.4,0.599999999999995,2.55));
#9333=CARTESIAN_POINT('',(-11.4,0.15,2.55));
#9334=CARTESIAN_POINT('',(-13.1,0.15,2.55));
#9335=CARTESIAN_POINT('',(-13.1,0.15,2.55));
#9336=CARTESIAN_POINT('',(-13.1,8.45677694538697E-18,2.55));
#9337=CARTESIAN_POINT('',(-13.1,0.,2.55));
#9338=CARTESIAN_POINT('',(-12.95,-0.15,2.55));
#9339=CARTESIAN_POINT('',(-12.95,-0.15,2.55));
#9340=CARTESIAN_POINT('',(-11.4,-0.15,2.55));
#9341=CARTESIAN_POINT('',(-11.4,0.599999999999995,2.55));
#9342=CARTESIAN_POINT('',(-11.4,0.599999999999995,1.35));
#9343=CARTESIAN_POINT('',(-11.4,0.599999999999995,1.35));
#9344=CARTESIAN_POINT('',(-11.4,-0.15,1.35));
#9345=CARTESIAN_POINT('',(-12.95,-0.15,1.35));
#9346=CARTESIAN_POINT('',(-12.95,-0.15,1.35));
#9347=CARTESIAN_POINT('',(-13.1,0.,1.35));
#9348=CARTESIAN_POINT('',(-13.1,8.45677694538697E-18,1.35));
#9349=CARTESIAN_POINT('',(-13.1,0.15,1.35));
#9350=CARTESIAN_POINT('',(-13.1,0.15,1.35));
#9351=CARTESIAN_POINT('',(-11.4,0.15,1.35));
#9352=CARTESIAN_POINT('',(-11.4,0.15,2.55));
#9353=CARTESIAN_POINT('',(-13.1,0.15,2.55));
#9354=CARTESIAN_POINT('',(-13.1,0.15,2.55));
#9355=CARTESIAN_POINT('',(-13.1,8.45677694538697E-18,2.55));
#9356=CARTESIAN_POINT('',(-13.1,0.,2.55));
#9357=CARTESIAN_POINT('',(-12.95,-0.15,2.55));
#9358=CARTESIAN_POINT('',(-12.95,-0.15,2.55));
#9359=CARTESIAN_POINT('',(-11.4,-0.15,2.55));
#9360=CARTESIAN_POINT('',(-11.4,0.599999999999995,2.55));
#9361=CARTESIAN_POINT('',(-12.6,1.8,1.05));
#9362=CARTESIAN_POINT('',(-12.2,1.8,1.05));
#9363=CARTESIAN_POINT('',(-12.2,2.,1.05));
#9364=CARTESIAN_POINT('',(-12.2,2.,1.05));
#9365=CARTESIAN_POINT('',(-10.65,2.,1.05));
#9366=CARTESIAN_POINT('',(-10.7462990007347,3.54700565689254,1.05));
#9367=CARTESIAN_POINT('',(-10.7711503907669,3.94623292100831,1.05));
#9368=CARTESIAN_POINT('',(-10.6768092955928,3.55751739808537,1.05));
#9369=CARTESIAN_POINT('',(-8.6179467973184,4.05720246710322,1.05));
#9370=CARTESIAN_POINT('',(-8.64637310064868,4.05030341514933,1.05));
#9371=CARTESIAN_POINT('',(-8.12788774117214,4.02313074886839,1.05));
#9372=CARTESIAN_POINT('',(-12.6,1.8,2.85));
#9373=CARTESIAN_POINT('',(-12.2,1.8,2.85));
#9374=CARTESIAN_POINT('',(-12.2,2.,2.85));
#9375=CARTESIAN_POINT('',(-12.2,2.,2.85));
#9376=CARTESIAN_POINT('',(-10.65,2.,2.85));
#9377=CARTESIAN_POINT('',(-10.7462990162364,3.54700565592757,2.85));
#9378=CARTESIAN_POINT('',(-10.7711503907669,3.94623292100831,2.85));
#9379=CARTESIAN_POINT('',(-10.6768092955928,3.55751739808538,2.85));
#9380=CARTESIAN_POINT('',(-11.0084728170553,3.47702279985379,2.85));
#9381=CARTESIAN_POINT('',(-8.64637310064868,4.05030341514933,2.85));
#9382=CARTESIAN_POINT('',(-10.5373544284922,4.14940554720731,2.85));
#9383=CARTESIAN_POINT('',(-6.89163061899575,3.84923216388038,1.05));
#9384=CARTESIAN_POINT('',(-6.90209781024434,4.04895807083129,1.05));
#9385=CARTESIAN_POINT('',(-6.90209781024434,4.04895807083129,1.05));
#9386=CARTESIAN_POINT('',(-6.90209781024434,4.04895807083129,1.05));
#9387=CARTESIAN_POINT('',(-6.90209781024433,4.04895807083129,1.05));
#9388=CARTESIAN_POINT('',(-12.6,1.8,5.05));
#9389=CARTESIAN_POINT('',(-12.2,1.8,5.05));
#9390=CARTESIAN_POINT('',(-12.2,2.,5.05));
#9391=CARTESIAN_POINT('',(-12.2,2.,5.05));
#9392=CARTESIAN_POINT('',(-10.65,2.,5.05));
#9393=CARTESIAN_POINT('',(-10.7462990007347,3.54700565689254,5.05));
#9394=CARTESIAN_POINT('',(-10.7711503907669,3.94623292100831,5.05));
#9395=CARTESIAN_POINT('',(-10.6768092955928,3.55751739808537,5.05));
#9396=CARTESIAN_POINT('',(-8.6179467973184,4.05720246710322,5.05));
#9397=CARTESIAN_POINT('',(-8.64637310064868,4.05030341514933,5.05));
#9398=CARTESIAN_POINT('',(-8.12788774117214,4.02313074886839,5.05));
#9399=CARTESIAN_POINT('',(-12.6,1.8,6.85));
#9400=CARTESIAN_POINT('',(-12.2,1.8,6.85));
#9401=CARTESIAN_POINT('',(-12.2,2.,6.85));
#9402=CARTESIAN_POINT('',(-12.2,2.,6.85));
#9403=CARTESIAN_POINT('',(-10.65,2.,6.85));
#9404=CARTESIAN_POINT('',(-10.7462990162364,3.54700565592757,6.85));
#9405=CARTESIAN_POINT('',(-10.7711503907669,3.94623292100831,6.85));
#9406=CARTESIAN_POINT('',(-10.6768092955928,3.55751739808538,6.85));
#9407=CARTESIAN_POINT('',(-11.0084728170553,3.47702279985379,6.85));
#9408=CARTESIAN_POINT('',(-8.64637310064868,4.05030341514933,6.85));
#9409=CARTESIAN_POINT('',(-10.5373544284922,4.14940554720731,6.85));
#9410=CARTESIAN_POINT('',(-6.80527629119489,2.20149343153535,6.85));
#9411=CARTESIAN_POINT('',(-6.90209781024434,4.04895807083129,6.85));
#9412=CARTESIAN_POINT('',(-6.90209781024434,4.04895807083129,6.85));
#9413=CARTESIAN_POINT('',(-6.90209781024434,4.04895807083129,6.85));
#9414=CARTESIAN_POINT('',(-10.7468215190494,3.84746463929597,6.85));
#9415=CARTESIAN_POINT('',(-6.80527629119489,2.20149343153535,2.85));
#9416=CARTESIAN_POINT('',(-6.90209781024434,4.04895807083129,2.85));
#9417=CARTESIAN_POINT('',(-6.90209781024434,4.04895807083129,2.85));
#9418=CARTESIAN_POINT('',(-6.90209781024434,4.04895807083129,2.85));
#9419=CARTESIAN_POINT('',(-10.7468215190494,3.84746463929597,2.85));
#9420=CARTESIAN_POINT('',(-6.89163061899575,3.84923216388038,5.05));
#9421=CARTESIAN_POINT('',(-6.90209781024434,4.04895807083129,5.05));
#9422=CARTESIAN_POINT('',(-6.90209781024434,4.04895807083129,5.05));
#9423=CARTESIAN_POINT('',(-6.90209781024434,4.04895807083129,5.05));
#9424=CARTESIAN_POINT('',(-6.90209781024433,4.04895807083129,5.05));
#9425=MECHANICAL_DESIGN_GEOMETRIC_PRESENTATION_REPRESENTATION('',(#4242,
#4243,#4244,#4245,#4246,#4247,#4248,#4249,#4250,#4251,#4252,#4253,#4254,
#4255,#4256,#4257,#4258,#4259,#4260,#4261,#4262,#4263,#4264,#4265,#4266,
#4267,#4268,#4269,#4270,#4271,#4272,#4273,#4274,#4275,#4276,#4277,#4278,
#4279,#4280,#4281,#4282,#4283,#4284,#4285,#4286,#4287,#4288,#4289,#4290,
#4291,#4292,#4293,#4294,#4295,#4296,#4297,#4298,#4299,#4300,#4301,#4302,
#4303,#4304,#4305,#4306,#4307,#4308,#4309,#4310,#4311,#4312,#4313,#4314,
#4315,#4316,#4317,#4318,#4319,#4320,#4321,#4322,#4323,#4324,#4325,#4326,
#4327,#4328,#4329,#4330,#4331,#4332,#4333,#4334,#4335,#4336,#4337,#4338,
#4339,#4340,#4341,#4342,#4343,#4344,#4345,#4346,#4347,#4348,#4349,#4350,
#4351,#4352,#4353,#4354,#4355,#4356,#4357,#4358,#4359,#4360,#4361,#4362,
#4363,#4364,#4365,#4366,#4367,#4368,#4369,#4370,#4371,#4372,#4373,#4374,
#4375,#4376,#4377,#4378,#4379,#4380,#4381,#4382,#4383,#4384,#4385,#4386,
#4387,#4388,#4389,#4390,#4391,#4392,#4393,#4394,#4395,#4396,#4397,#4398,
#4399,#4400,#4401,#4402,#4403,#4404,#4405,#4406,#4407,#4408,#4409,#4410,
#4411,#4412,#4413,#4414,#4415,#4416,#4417,#4418,#4419,#4420,#4421,#4422,
#4423,#4424,#4425,#4426,#4427,#4428,#4429,#4430,#4431,#4432,#4433,#4434,
#4435,#4436,#4437,#4438,#4439,#4440,#4441,#4442,#4443,#4444,#4445,#4446,
#4447,#4448,#4449,#4450,#4451,#4452,#4453,#4454,#4455,#4456,#4457,#4458,
#4459,#4460,#4461,#4462,#4463,#4464,#4465,#4466,#4467,#4468,#4469,#4470,
#4471,#4472,#4473,#4474,#4475,#4476,#4477,#4478,#4479,#4480,#4481,#4482,
#4483,#4484,#4485,#4486,#4487),#9426);
#9426=(
GEOMETRIC_REPRESENTATION_CONTEXT(3)
GLOBAL_UNCERTAINTY_ASSIGNED_CONTEXT((#9427))
GLOBAL_UNIT_ASSIGNED_CONTEXT((#9430,#9429,#9428))
REPRESENTATION_CONTEXT('2060-472/998-404','TOP_LEVEL_ASSEMBLY_PART')
);
#9427=UNCERTAINTY_MEASURE_WITH_UNIT(LENGTH_MEASURE(1.E-5),#9430,
'DISTANCE_ACCURACY_VALUE','Maximum Tolerance applied to model');
#9428=(
NAMED_UNIT(*)
SI_UNIT($,.STERADIAN.)
SOLID_ANGLE_UNIT()
);
#9429=(
NAMED_UNIT(*)
PLANE_ANGLE_UNIT()
SI_UNIT($,.RADIAN.)
);
#9430=(
LENGTH_UNIT()
NAMED_UNIT(*)
SI_UNIT(.MILLI.,.METRE.)
);
#9431=PRODUCT_DEFINITION_SHAPE('','',#9432);
#9432=PRODUCT_DEFINITION('','',#9434,#9433);
#9433=PRODUCT_DEFINITION_CONTEXT('',#9440,'design');
#9434=PRODUCT_DEFINITION_FORMATION_WITH_SPECIFIED_SOURCE('','',#9436,
 .NOT_KNOWN.);
#9435=PRODUCT_RELATED_PRODUCT_CATEGORY('','',(#9436));
#9436=PRODUCT('2060-472/998-404','2060-472/998-404','2060-472/998-404',
(#9438));
#9437=PRODUCT_CATEGORY('','');
#9438=PRODUCT_CONTEXT('',#9440,'mechanical');
#9439=APPLICATION_PROTOCOL_DEFINITION('international standard',
'ap242_managed_model_based_3d_engineering',2011,#9440);
#9440=APPLICATION_CONTEXT('managed model based 3d engineering');
ENDSEC;
END-ISO-10303-21;
