solid ASCII
  facet normal 8.191520e-01 5.735764e-01 2.717004e-16
    outer loop
      vertex   1.514353e+02 -4.260743e+01 -7.500000e+00
      vertex   1.514353e+02 -4.260743e+01 7.500000e+00
      vertex   1.519051e+02 -4.327844e+01 -7.500000e+00
    endloop
  endfacet
  facet normal 8.191520e-01 5.735764e-01 -0.000000e+00
    outer loop
      vertex   1.519051e+02 -4.327844e+01 -7.500000e+00
      vertex   1.514353e+02 -4.260743e+01 7.500000e+00
      vertex   1.519051e+02 -4.327844e+01 7.500000e+00
    endloop
  endfacet
  facet normal 3.420201e-01 9.396926e-01 4.451278e-16
    outer loop
      vertex   1.514353e+02 -4.260743e+01 -7.500000e+00
      vertex   1.451266e+02 -4.031126e+01 -7.500000e+00
      vertex   1.514353e+02 -4.260743e+01 7.500000e+00
    endloop
  endfacet
  facet normal 3.420201e-01 9.396926e-01 0.000000e+00
    outer loop
      vertex   1.514353e+02 -4.260743e+01 7.500000e+00
      vertex   1.451266e+02 -4.031126e+01 -7.500000e+00
      vertex   1.451266e+02 -4.031126e+01 7.500000e+00
    endloop
  endfacet
  facet normal -0.000000e+00 0.000000e+00 -1.000000e+00
    outer loop
      vertex   9.354087e+00 -8.524078e+01 -7.500000e+00
      vertex   5.320013e+00 -1.175391e+02 -7.500000e+00
      vertex   9.320013e+00 -8.498196e+01 -7.500000e+00
    endloop
  endfacet
  facet normal -0.000000e+00 0.000000e+00 -1.000000e+00
    outer loop
      vertex   9.320013e+00 -8.498196e+01 -7.500000e+00
      vertex   5.320013e+00 -1.175391e+02 -7.500000e+00
      vertex   5.320013e+00 -6.317486e+01 -7.500000e+00
    endloop
  endfacet
  facet normal 0.000000e+00 0.000000e+00 -1.000000e+00
    outer loop
      vertex   9.320013e+00 -8.498196e+01 -7.500000e+00
      vertex   5.320013e+00 -6.317486e+01 -7.500000e+00
      vertex   9.354087e+00 -8.472314e+01 -7.500000e+00
    endloop
  endfacet
  facet normal 0.000000e+00 0.000000e+00 -1.000000e+00
    outer loop
      vertex   9.354087e+00 -8.472314e+01 -7.500000e+00
      vertex   5.320013e+00 -6.317486e+01 -7.500000e+00
      vertex   9.453987e+00 -8.448196e+01 -7.500000e+00
    endloop
  endfacet
  facet normal 0.000000e+00 0.000000e+00 -1.000000e+00
    outer loop
      vertex   9.453987e+00 -8.448196e+01 -7.500000e+00
      vertex   5.320013e+00 -6.317486e+01 -7.500000e+00
      vertex   9.612906e+00 -8.427485e+01 -7.500000e+00
    endloop
  endfacet
  facet normal 0.000000e+00 0.000000e+00 -1.000000e+00
    outer loop
      vertex   9.612906e+00 -8.427485e+01 -7.500000e+00
      vertex   5.320013e+00 -6.317486e+01 -7.500000e+00
      vertex   9.820013e+00 -8.411593e+01 -7.500000e+00
    endloop
  endfacet
  facet normal 0.000000e+00 0.000000e+00 -1.000000e+00
    outer loop
      vertex   9.820013e+00 -8.411593e+01 -7.500000e+00
      vertex   5.320013e+00 -6.317486e+01 -7.500000e+00
      vertex   1.006119e+01 -8.401603e+01 -7.500000e+00
    endloop
  endfacet
  facet normal 0.000000e+00 0.000000e+00 -1.000000e+00
    outer loop
      vertex   1.006119e+01 -8.401603e+01 -7.500000e+00
      vertex   5.320013e+00 -6.317486e+01 -7.500000e+00
      vertex   1.032001e+01 -8.398196e+01 -7.500000e+00
    endloop
  endfacet
  facet normal 0.000000e+00 0.000000e+00 -1.000000e+00
    outer loop
      vertex   1.032001e+01 -8.398196e+01 -7.500000e+00
      vertex   5.320013e+00 -6.317486e+01 -7.500000e+00
      vertex   1.882001e+01 -6.317486e+01 -7.500000e+00
    endloop
  endfacet
  facet normal 0.000000e+00 0.000000e+00 -1.000000e+00
    outer loop
      vertex   1.032001e+01 -8.398196e+01 -7.500000e+00
      vertex   1.882001e+01 -6.317486e+01 -7.500000e+00
      vertex   1.057883e+01 -8.401603e+01 -7.500000e+00
    endloop
  endfacet
  facet normal 0.000000e+00 0.000000e+00 -1.000000e+00
    outer loop
      vertex   1.057883e+01 -8.401603e+01 -7.500000e+00
      vertex   1.882001e+01 -6.317486e+01 -7.500000e+00
      vertex   1.082001e+01 -8.411593e+01 -7.500000e+00
    endloop
  endfacet
  facet normal 0.000000e+00 0.000000e+00 -1.000000e+00
    outer loop
      vertex   1.082001e+01 -8.411593e+01 -7.500000e+00
      vertex   1.882001e+01 -6.317486e+01 -7.500000e+00
      vertex   1.102712e+01 -8.427485e+01 -7.500000e+00
    endloop
  endfacet
  facet normal 0.000000e+00 0.000000e+00 -1.000000e+00
    outer loop
      vertex   1.102712e+01 -8.427485e+01 -7.500000e+00
      vertex   1.882001e+01 -6.317486e+01 -7.500000e+00
      vertex   1.118604e+01 -8.448196e+01 -7.500000e+00
    endloop
  endfacet
  facet normal 0.000000e+00 0.000000e+00 -1.000000e+00
    outer loop
      vertex   1.118604e+01 -8.448196e+01 -7.500000e+00
      vertex   1.882001e+01 -6.317486e+01 -7.500000e+00
      vertex   1.128594e+01 -8.472314e+01 -7.500000e+00
    endloop
  endfacet
  facet normal 0.000000e+00 0.000000e+00 -1.000000e+00
    outer loop
      vertex   1.128594e+01 -8.472314e+01 -7.500000e+00
      vertex   1.882001e+01 -6.317486e+01 -7.500000e+00
      vertex   1.132001e+01 -8.498196e+01 -7.500000e+00
    endloop
  endfacet
  facet normal 0.000000e+00 0.000000e+00 -1.000000e+00
    outer loop
      vertex   1.132001e+01 -8.498196e+01 -7.500000e+00
      vertex   1.882001e+01 -6.317486e+01 -7.500000e+00
      vertex   1.882001e+01 -1.014731e+02 -7.500000e+00
    endloop
  endfacet
  facet normal 0.000000e+00 -0.000000e+00 -1.000000e+00
    outer loop
      vertex   1.132001e+01 -8.498196e+01 -7.500000e+00
      vertex   1.882001e+01 -1.014731e+02 -7.500000e+00
      vertex   1.128594e+01 -8.524078e+01 -7.500000e+00
    endloop
  endfacet
  facet normal 0.000000e+00 -0.000000e+00 -1.000000e+00
    outer loop
      vertex   1.128594e+01 -8.524078e+01 -7.500000e+00
      vertex   1.882001e+01 -1.014731e+02 -7.500000e+00
      vertex   1.118604e+01 -8.548196e+01 -7.500000e+00
    endloop
  endfacet
  facet normal 0.000000e+00 -0.000000e+00 -1.000000e+00
    outer loop
      vertex   1.118604e+01 -8.548196e+01 -7.500000e+00
      vertex   1.882001e+01 -1.014731e+02 -7.500000e+00
      vertex   1.102712e+01 -8.568907e+01 -7.500000e+00
    endloop
  endfacet
  facet normal 0.000000e+00 -0.000000e+00 -1.000000e+00
    outer loop
      vertex   1.102712e+01 -8.568907e+01 -7.500000e+00
      vertex   1.882001e+01 -1.014731e+02 -7.500000e+00
      vertex   1.082001e+01 -8.584798e+01 -7.500000e+00
    endloop
  endfacet
  facet normal 0.000000e+00 -0.000000e+00 -1.000000e+00
    outer loop
      vertex   1.082001e+01 -8.584798e+01 -7.500000e+00
      vertex   1.882001e+01 -1.014731e+02 -7.500000e+00
      vertex   1.057883e+01 -8.594788e+01 -7.500000e+00
    endloop
  endfacet
  facet normal 0.000000e+00 -0.000000e+00 -1.000000e+00
    outer loop
      vertex   1.057883e+01 -8.594788e+01 -7.500000e+00
      vertex   1.882001e+01 -1.014731e+02 -7.500000e+00
      vertex   1.032001e+01 -8.598196e+01 -7.500000e+00
    endloop
  endfacet
  facet normal -0.000000e+00 -0.000000e+00 -1.000000e+00
    outer loop
      vertex   1.032001e+01 -8.598196e+01 -7.500000e+00
      vertex   1.882001e+01 -1.014731e+02 -7.500000e+00
      vertex   1.006119e+01 -8.594788e+01 -7.500000e+00
    endloop
  endfacet
  facet normal -0.000000e+00 -0.000000e+00 -1.000000e+00
    outer loop
      vertex   1.006119e+01 -8.594788e+01 -7.500000e+00
      vertex   1.882001e+01 -1.014731e+02 -7.500000e+00
      vertex   9.820013e+00 -8.584798e+01 -7.500000e+00
    endloop
  endfacet
  facet normal 0.000000e+00 -0.000000e+00 -1.000000e+00
    outer loop
      vertex   9.820013e+00 -8.584798e+01 -7.500000e+00
      vertex   1.882001e+01 -1.014731e+02 -7.500000e+00
      vertex   5.320013e+00 -1.175391e+02 -7.500000e+00
    endloop
  endfacet
  facet normal -0.000000e+00 0.000000e+00 -1.000000e+00
    outer loop
      vertex   9.820013e+00 -8.584798e+01 -7.500000e+00
      vertex   5.320013e+00 -1.175391e+02 -7.500000e+00
      vertex   9.612906e+00 -8.568907e+01 -7.500000e+00
    endloop
  endfacet
  facet normal -0.000000e+00 0.000000e+00 -1.000000e+00
    outer loop
      vertex   9.612906e+00 -8.568907e+01 -7.500000e+00
      vertex   5.320013e+00 -1.175391e+02 -7.500000e+00
      vertex   9.453987e+00 -8.548196e+01 -7.500000e+00
    endloop
  endfacet
  facet normal -0.000000e+00 0.000000e+00 -1.000000e+00
    outer loop
      vertex   9.453987e+00 -8.548196e+01 -7.500000e+00
      vertex   5.320013e+00 -1.175391e+02 -7.500000e+00
      vertex   9.354087e+00 -8.524078e+01 -7.500000e+00
    endloop
  endfacet
  facet normal -0.000000e+00 0.000000e+00 -1.000000e+00
    outer loop
      vertex   1.438890e+02 -1.222300e+02 -7.500000e+00
      vertex   1.438549e+02 -1.224888e+02 -7.500000e+00
      vertex   1.407285e+02 -1.216568e+02 -7.500000e+00
    endloop
  endfacet
  facet normal 0.000000e+00 0.000000e+00 -1.000000e+00
    outer loop
      vertex   1.407285e+02 -1.216568e+02 -7.500000e+00
      vertex   1.438549e+02 -1.224888e+02 -7.500000e+00
      vertex   1.438890e+02 -1.227476e+02 -7.500000e+00
    endloop
  endfacet
  facet normal 0.000000e+00 -0.000000e+00 -1.000000e+00
    outer loop
      vertex   1.407285e+02 -1.216568e+02 -7.500000e+00
      vertex   1.438890e+02 -1.227476e+02 -7.500000e+00
      vertex   1.401440e+02 -1.219219e+02 -7.500000e+00
    endloop
  endfacet
  facet normal 0.000000e+00 0.000000e+00 -1.000000e+00
    outer loop
      vertex   1.401440e+02 -1.219219e+02 -7.500000e+00
      vertex   1.438890e+02 -1.227476e+02 -7.500000e+00
      vertex   1.439889e+02 -1.229888e+02 -7.500000e+00
    endloop
  endfacet
  facet normal 0.000000e+00 0.000000e+00 -1.000000e+00
    outer loop
      vertex   1.401440e+02 -1.219219e+02 -7.500000e+00
      vertex   1.439889e+02 -1.229888e+02 -7.500000e+00
      vertex   1.441478e+02 -1.231959e+02 -7.500000e+00
    endloop
  endfacet
  facet normal 0.000000e+00 -0.000000e+00 -1.000000e+00
    outer loop
      vertex   1.401440e+02 -1.219219e+02 -7.500000e+00
      vertex   1.441478e+02 -1.231959e+02 -7.500000e+00
      vertex   1.395152e+02 -1.220501e+02 -7.500000e+00
    endloop
  endfacet
  facet normal 0.000000e+00 0.000000e+00 -1.000000e+00
    outer loop
      vertex   1.395152e+02 -1.220501e+02 -7.500000e+00
      vertex   1.441478e+02 -1.231959e+02 -7.500000e+00
      vertex   1.443549e+02 -1.233548e+02 -7.500000e+00
    endloop
  endfacet
  facet normal 0.000000e+00 0.000000e+00 -1.000000e+00
    outer loop
      vertex   1.395152e+02 -1.220501e+02 -7.500000e+00
      vertex   1.443549e+02 -1.233548e+02 -7.500000e+00
      vertex   1.414715e+02 -1.294364e+02 -7.500000e+00
    endloop
  endfacet
  facet normal 0.000000e+00 0.000000e+00 -1.000000e+00
    outer loop
      vertex   1.414715e+02 -1.294364e+02 -7.500000e+00
      vertex   1.443549e+02 -1.233548e+02 -7.500000e+00
      vertex   1.430110e+02 -1.291302e+02 -7.500000e+00
    endloop
  endfacet
  facet normal 0.000000e+00 0.000000e+00 -1.000000e+00
    outer loop
      vertex   1.430110e+02 -1.291302e+02 -7.500000e+00
      vertex   1.443549e+02 -1.233548e+02 -7.500000e+00
      vertex   1.444973e+02 -1.286256e+02 -7.500000e+00
    endloop
  endfacet
  facet normal 0.000000e+00 0.000000e+00 -1.000000e+00
    outer loop
      vertex   1.444973e+02 -1.286256e+02 -7.500000e+00
      vertex   1.443549e+02 -1.233548e+02 -7.500000e+00
      vertex   1.445961e+02 -1.234547e+02 -7.500000e+00
    endloop
  endfacet
  facet normal 0.000000e+00 0.000000e+00 -1.000000e+00
    outer loop
      vertex   1.444973e+02 -1.286256e+02 -7.500000e+00
      vertex   1.445961e+02 -1.234547e+02 -7.500000e+00
      vertex   1.459051e+02 -1.279314e+02 -7.500000e+00
    endloop
  endfacet
  facet normal 0.000000e+00 0.000000e+00 -1.000000e+00
    outer loop
      vertex   1.459051e+02 -1.279314e+02 -7.500000e+00
      vertex   1.445961e+02 -1.234547e+02 -7.500000e+00
      vertex   1.448549e+02 -1.234888e+02 -7.500000e+00
    endloop
  endfacet
  facet normal 0.000000e+00 0.000000e+00 -1.000000e+00
    outer loop
      vertex   1.459051e+02 -1.279314e+02 -7.500000e+00
      vertex   1.448549e+02 -1.234888e+02 -7.500000e+00
      vertex   1.472103e+02 -1.270593e+02 -7.500000e+00
    endloop
  endfacet
  facet normal 0.000000e+00 0.000000e+00 -1.000000e+00
    outer loop
      vertex   1.472103e+02 -1.270593e+02 -7.500000e+00
      vertex   1.448549e+02 -1.234888e+02 -7.500000e+00
      vertex   1.451137e+02 -1.234547e+02 -7.500000e+00
    endloop
  endfacet
  facet normal 0.000000e+00 0.000000e+00 -1.000000e+00
    outer loop
      vertex   1.472103e+02 -1.270593e+02 -7.500000e+00
      vertex   1.451137e+02 -1.234547e+02 -7.500000e+00
      vertex   1.483904e+02 -1.260243e+02 -7.500000e+00
    endloop
  endfacet
  facet normal 0.000000e+00 0.000000e+00 -1.000000e+00
    outer loop
      vertex   1.483904e+02 -1.260243e+02 -7.500000e+00
      vertex   1.451137e+02 -1.234547e+02 -7.500000e+00
      vertex   1.453549e+02 -1.233548e+02 -7.500000e+00
    endloop
  endfacet
  facet normal 0.000000e+00 0.000000e+00 -1.000000e+00
    outer loop
      vertex   1.483904e+02 -1.260243e+02 -7.500000e+00
      vertex   1.453549e+02 -1.233548e+02 -7.500000e+00
      vertex   1.494254e+02 -1.248442e+02 -7.500000e+00
    endloop
  endfacet
  facet normal 0.000000e+00 0.000000e+00 -1.000000e+00
    outer loop
      vertex   1.494254e+02 -1.248442e+02 -7.500000e+00
      vertex   1.453549e+02 -1.233548e+02 -7.500000e+00
      vertex   1.455620e+02 -1.231959e+02 -7.500000e+00
    endloop
  endfacet
  facet normal 0.000000e+00 0.000000e+00 -1.000000e+00
    outer loop
      vertex   1.494254e+02 -1.248442e+02 -7.500000e+00
      vertex   1.455620e+02 -1.231959e+02 -7.500000e+00
      vertex   1.457209e+02 -1.229888e+02 -7.500000e+00
    endloop
  endfacet
  facet normal 0.000000e+00 0.000000e+00 -1.000000e+00
    outer loop
      vertex   1.494254e+02 -1.248442e+02 -7.500000e+00
      vertex   1.457209e+02 -1.229888e+02 -7.500000e+00
      vertex   1.502974e+02 -1.235391e+02 -7.500000e+00
    endloop
  endfacet
  facet normal 0.000000e+00 0.000000e+00 -1.000000e+00
    outer loop
      vertex   1.502974e+02 -1.235391e+02 -7.500000e+00
      vertex   1.457209e+02 -1.229888e+02 -7.500000e+00
      vertex   1.458208e+02 -1.227476e+02 -7.500000e+00
    endloop
  endfacet
  facet normal 0.000000e+00 0.000000e+00 -1.000000e+00
    outer loop
      vertex   1.502974e+02 -1.235391e+02 -7.500000e+00
      vertex   1.458208e+02 -1.227476e+02 -7.500000e+00
      vertex   1.458549e+02 -1.224888e+02 -7.500000e+00
    endloop
  endfacet
  facet normal 0.000000e+00 0.000000e+00 -1.000000e+00
    outer loop
      vertex   1.502974e+02 -1.235391e+02 -7.500000e+00
      vertex   1.458549e+02 -1.224888e+02 -7.500000e+00
      vertex   1.509917e+02 -1.221313e+02 -7.500000e+00
    endloop
  endfacet
  facet normal 0.000000e+00 0.000000e+00 -1.000000e+00
    outer loop
      vertex   1.509917e+02 -1.221313e+02 -7.500000e+00
      vertex   1.458549e+02 -1.224888e+02 -7.500000e+00
      vertex   1.458208e+02 -1.222300e+02 -7.500000e+00
    endloop
  endfacet
  facet normal -0.000000e+00 0.000000e+00 -1.000000e+00
    outer loop
      vertex   1.509917e+02 -1.221313e+02 -7.500000e+00
      vertex   1.458208e+02 -1.222300e+02 -7.500000e+00
      vertex   1.457209e+02 -1.219888e+02 -7.500000e+00
    endloop
  endfacet
  facet normal 0.000000e+00 0.000000e+00 -1.000000e+00
    outer loop
      vertex   1.509917e+02 -1.221313e+02 -7.500000e+00
      vertex   1.457209e+02 -1.219888e+02 -7.500000e+00
      vertex   1.514962e+02 -1.206449e+02 -7.500000e+00
    endloop
  endfacet
  facet normal 0.000000e+00 0.000000e+00 -1.000000e+00
    outer loop
      vertex   1.514962e+02 -1.206449e+02 -7.500000e+00
      vertex   1.457209e+02 -1.219888e+02 -7.500000e+00
      vertex   1.455620e+02 -1.217817e+02 -7.500000e+00
    endloop
  endfacet
  facet normal 0.000000e+00 0.000000e+00 -1.000000e+00
    outer loop
      vertex   1.514962e+02 -1.206449e+02 -7.500000e+00
      vertex   1.455620e+02 -1.217817e+02 -7.500000e+00
      vertex   1.453549e+02 -1.216228e+02 -7.500000e+00
    endloop
  endfacet
  facet normal -0.000000e+00 0.000000e+00 -1.000000e+00
    outer loop
      vertex   1.514962e+02 -1.206449e+02 -7.500000e+00
      vertex   1.453549e+02 -1.216228e+02 -7.500000e+00
      vertex   1.518025e+02 -1.191054e+02 -7.500000e+00
    endloop
  endfacet
  facet normal 0.000000e+00 0.000000e+00 -1.000000e+00
    outer loop
      vertex   1.518025e+02 -1.191054e+02 -7.500000e+00
      vertex   1.453549e+02 -1.216228e+02 -7.500000e+00
      vertex   1.451137e+02 -1.215229e+02 -7.500000e+00
    endloop
  endfacet
  facet normal -0.000000e+00 0.000000e+00 -1.000000e+00
    outer loop
      vertex   1.518025e+02 -1.191054e+02 -7.500000e+00
      vertex   1.451137e+02 -1.215229e+02 -7.500000e+00
      vertex   1.519051e+02 -1.175391e+02 -7.500000e+00
    endloop
  endfacet
  facet normal 0.000000e+00 0.000000e+00 -1.000000e+00
    outer loop
      vertex   1.519051e+02 -1.175391e+02 -7.500000e+00
      vertex   1.451137e+02 -1.215229e+02 -7.500000e+00
      vertex   1.419415e+02 -1.202034e+02 -7.500000e+00
    endloop
  endfacet
  facet normal -0.000000e+00 0.000000e+00 -1.000000e+00
    outer loop
      vertex   1.519051e+02 -1.175391e+02 -7.500000e+00
      vertex   1.419415e+02 -1.202034e+02 -7.500000e+00
      vertex   1.471996e+02 -1.083133e+02 -7.500000e+00
    endloop
  endfacet
  facet normal 0.000000e+00 0.000000e+00 -1.000000e+00
    outer loop
      vertex   1.451137e+02 -1.215229e+02 -7.500000e+00
      vertex   1.448549e+02 -1.214888e+02 -7.500000e+00
      vertex   1.419415e+02 -1.202034e+02 -7.500000e+00
    endloop
  endfacet
  facet normal 0.000000e+00 0.000000e+00 -1.000000e+00
    outer loop
      vertex   1.419415e+02 -1.202034e+02 -7.500000e+00
      vertex   1.448549e+02 -1.214888e+02 -7.500000e+00
      vertex   1.445961e+02 -1.215229e+02 -7.500000e+00
    endloop
  endfacet
  facet normal 0.000000e+00 0.000000e+00 -1.000000e+00
    outer loop
      vertex   1.419415e+02 -1.202034e+02 -7.500000e+00
      vertex   1.445961e+02 -1.215229e+02 -7.500000e+00
      vertex   1.443549e+02 -1.216228e+02 -7.500000e+00
    endloop
  endfacet
  facet normal 0.000000e+00 -0.000000e+00 -1.000000e+00
    outer loop
      vertex   1.419415e+02 -1.202034e+02 -7.500000e+00
      vertex   1.443549e+02 -1.216228e+02 -7.500000e+00
      vertex   1.416505e+02 -1.207754e+02 -7.500000e+00
    endloop
  endfacet
  facet normal 0.000000e+00 0.000000e+00 -1.000000e+00
    outer loop
      vertex   1.416505e+02 -1.207754e+02 -7.500000e+00
      vertex   1.443549e+02 -1.216228e+02 -7.500000e+00
      vertex   1.441478e+02 -1.217817e+02 -7.500000e+00
    endloop
  endfacet
  facet normal 0.000000e+00 0.000000e+00 -1.000000e+00
    outer loop
      vertex   1.416505e+02 -1.207754e+02 -7.500000e+00
      vertex   1.441478e+02 -1.217817e+02 -7.500000e+00
      vertex   1.439889e+02 -1.219888e+02 -7.500000e+00
    endloop
  endfacet
  facet normal 0.000000e+00 -0.000000e+00 -1.000000e+00
    outer loop
      vertex   1.416505e+02 -1.207754e+02 -7.500000e+00
      vertex   1.439889e+02 -1.219888e+02 -7.500000e+00
      vertex   1.412392e+02 -1.212681e+02 -7.500000e+00
    endloop
  endfacet
  facet normal 0.000000e+00 0.000000e+00 -1.000000e+00
    outer loop
      vertex   1.412392e+02 -1.212681e+02 -7.500000e+00
      vertex   1.439889e+02 -1.219888e+02 -7.500000e+00
      vertex   1.438890e+02 -1.222300e+02 -7.500000e+00
    endloop
  endfacet
  facet normal 0.000000e+00 -0.000000e+00 -1.000000e+00
    outer loop
      vertex   1.412392e+02 -1.212681e+02 -7.500000e+00
      vertex   1.438890e+02 -1.222300e+02 -7.500000e+00
      vertex   1.407285e+02 -1.216568e+02 -7.500000e+00
    endloop
  endfacet
  facet normal -0.000000e+00 0.000000e+00 -1.000000e+00
    outer loop
      vertex   1.140434e+01 -1.227476e+02 -7.500000e+00
      vertex   6.927708e+00 -1.235391e+02 -7.500000e+00
      vertex   1.137027e+01 -1.224888e+02 -7.500000e+00
    endloop
  endfacet
  facet normal -0.000000e+00 0.000000e+00 -1.000000e+00
    outer loop
      vertex   1.137027e+01 -1.224888e+02 -7.500000e+00
      vertex   6.927708e+00 -1.235391e+02 -7.500000e+00
      vertex   6.233458e+00 -1.221313e+02 -7.500000e+00
    endloop
  endfacet
  facet normal 0.000000e+00 0.000000e+00 -1.000000e+00
    outer loop
      vertex   1.137027e+01 -1.224888e+02 -7.500000e+00
      vertex   6.233458e+00 -1.221313e+02 -7.500000e+00
      vertex   1.140434e+01 -1.222300e+02 -7.500000e+00
    endloop
  endfacet
  facet normal 0.000000e+00 0.000000e+00 -1.000000e+00
    outer loop
      vertex   1.140434e+01 -1.222300e+02 -7.500000e+00
      vertex   6.233458e+00 -1.221313e+02 -7.500000e+00
      vertex   1.150424e+01 -1.219888e+02 -7.500000e+00
    endloop
  endfacet
  facet normal -0.000000e+00 0.000000e+00 -1.000000e+00
    outer loop
      vertex   1.150424e+01 -1.219888e+02 -7.500000e+00
      vertex   6.233458e+00 -1.221313e+02 -7.500000e+00
      vertex   5.728903e+00 -1.206449e+02 -7.500000e+00
    endloop
  endfacet
  facet normal 0.000000e+00 0.000000e+00 -1.000000e+00
    outer loop
      vertex   1.150424e+01 -1.219888e+02 -7.500000e+00
      vertex   5.728903e+00 -1.206449e+02 -7.500000e+00
      vertex   1.166316e+01 -1.217817e+02 -7.500000e+00
    endloop
  endfacet
  facet normal 0.000000e+00 0.000000e+00 -1.000000e+00
    outer loop
      vertex   1.166316e+01 -1.217817e+02 -7.500000e+00
      vertex   5.728903e+00 -1.206449e+02 -7.500000e+00
      vertex   1.187027e+01 -1.216228e+02 -7.500000e+00
    endloop
  endfacet
  facet normal 0.000000e+00 0.000000e+00 -1.000000e+00
    outer loop
      vertex   1.187027e+01 -1.216228e+02 -7.500000e+00
      vertex   5.728903e+00 -1.206449e+02 -7.500000e+00
      vertex   5.422674e+00 -1.191054e+02 -7.500000e+00
    endloop
  endfacet
  facet normal 0.000000e+00 0.000000e+00 -1.000000e+00
    outer loop
      vertex   1.187027e+01 -1.216228e+02 -7.500000e+00
      vertex   5.422674e+00 -1.191054e+02 -7.500000e+00
      vertex   1.211145e+01 -1.215229e+02 -7.500000e+00
    endloop
  endfacet
  facet normal 0.000000e+00 0.000000e+00 -1.000000e+00
    outer loop
      vertex   1.211145e+01 -1.215229e+02 -7.500000e+00
      vertex   5.422674e+00 -1.191054e+02 -7.500000e+00
      vertex   5.320013e+00 -1.175391e+02 -7.500000e+00
    endloop
  endfacet
  facet normal 0.000000e+00 0.000000e+00 -1.000000e+00
    outer loop
      vertex   1.211145e+01 -1.215229e+02 -7.500000e+00
      vertex   5.320013e+00 -1.175391e+02 -7.500000e+00
      vertex   1.237027e+01 -1.214888e+02 -7.500000e+00
    endloop
  endfacet
  facet normal 0.000000e+00 0.000000e+00 -1.000000e+00
    outer loop
      vertex   1.237027e+01 -1.214888e+02 -7.500000e+00
      vertex   5.320013e+00 -1.175391e+02 -7.500000e+00
      vertex   1.262908e+01 -1.215229e+02 -7.500000e+00
    endloop
  endfacet
  facet normal 0.000000e+00 0.000000e+00 -1.000000e+00
    outer loop
      vertex   1.262908e+01 -1.215229e+02 -7.500000e+00
      vertex   5.320013e+00 -1.175391e+02 -7.500000e+00
      vertex   2.156607e+01 -1.049165e+02 -7.500000e+00
    endloop
  endfacet
  facet normal 0.000000e+00 0.000000e+00 -1.000000e+00
    outer loop
      vertex   1.262908e+01 -1.215229e+02 -7.500000e+00
      vertex   2.156607e+01 -1.049165e+02 -7.500000e+00
      vertex   2.235201e+01 -1.050051e+02 -7.500000e+00
    endloop
  endfacet
  facet normal 0.000000e+00 -0.000000e+00 -1.000000e+00
    outer loop
      vertex   1.140434e+01 -1.227476e+02 -7.500000e+00
      vertex   1.150424e+01 -1.229888e+02 -7.500000e+00
      vertex   6.927708e+00 -1.235391e+02 -7.500000e+00
    endloop
  endfacet
  facet normal 0.000000e+00 0.000000e+00 -1.000000e+00
    outer loop
      vertex   6.927708e+00 -1.235391e+02 -7.500000e+00
      vertex   1.150424e+01 -1.229888e+02 -7.500000e+00
      vertex   7.799773e+00 -1.248442e+02 -7.500000e+00
    endloop
  endfacet
  facet normal 0.000000e+00 0.000000e+00 -1.000000e+00
    outer loop
      vertex   7.799773e+00 -1.248442e+02 -7.500000e+00
      vertex   1.150424e+01 -1.229888e+02 -7.500000e+00
      vertex   1.166316e+01 -1.231959e+02 -7.500000e+00
    endloop
  endfacet
  facet normal 0.000000e+00 0.000000e+00 -1.000000e+00
    outer loop
      vertex   7.799773e+00 -1.248442e+02 -7.500000e+00
      vertex   1.166316e+01 -1.231959e+02 -7.500000e+00
      vertex   1.187027e+01 -1.233548e+02 -7.500000e+00
    endloop
  endfacet
  facet normal 0.000000e+00 0.000000e+00 -1.000000e+00
    outer loop
      vertex   7.799773e+00 -1.248442e+02 -7.500000e+00
      vertex   1.187027e+01 -1.233548e+02 -7.500000e+00
      vertex   8.834731e+00 -1.260243e+02 -7.500000e+00
    endloop
  endfacet
  facet normal 0.000000e+00 0.000000e+00 -1.000000e+00
    outer loop
      vertex   8.834731e+00 -1.260243e+02 -7.500000e+00
      vertex   1.187027e+01 -1.233548e+02 -7.500000e+00
      vertex   1.211145e+01 -1.234547e+02 -7.500000e+00
    endloop
  endfacet
  facet normal 0.000000e+00 0.000000e+00 -1.000000e+00
    outer loop
      vertex   8.834731e+00 -1.260243e+02 -7.500000e+00
      vertex   1.211145e+01 -1.234547e+02 -7.500000e+00
      vertex   1.001488e+01 -1.270593e+02 -7.500000e+00
    endloop
  endfacet
  facet normal 0.000000e+00 0.000000e+00 -1.000000e+00
    outer loop
      vertex   1.001488e+01 -1.270593e+02 -7.500000e+00
      vertex   1.211145e+01 -1.234547e+02 -7.500000e+00
      vertex   1.237027e+01 -1.234888e+02 -7.500000e+00
    endloop
  endfacet
  facet normal 0.000000e+00 0.000000e+00 -1.000000e+00
    outer loop
      vertex   1.001488e+01 -1.270593e+02 -7.500000e+00
      vertex   1.237027e+01 -1.234888e+02 -7.500000e+00
      vertex   1.132001e+01 -1.279314e+02 -7.500000e+00
    endloop
  endfacet
  facet normal 0.000000e+00 0.000000e+00 -1.000000e+00
    outer loop
      vertex   1.132001e+01 -1.279314e+02 -7.500000e+00
      vertex   1.237027e+01 -1.234888e+02 -7.500000e+00
      vertex   1.262908e+01 -1.234547e+02 -7.500000e+00
    endloop
  endfacet
  facet normal 0.000000e+00 0.000000e+00 -1.000000e+00
    outer loop
      vertex   1.132001e+01 -1.279314e+02 -7.500000e+00
      vertex   1.262908e+01 -1.234547e+02 -7.500000e+00
      vertex   1.272781e+01 -1.286256e+02 -7.500000e+00
    endloop
  endfacet
  facet normal 0.000000e+00 0.000000e+00 -1.000000e+00
    outer loop
      vertex   1.272781e+01 -1.286256e+02 -7.500000e+00
      vertex   1.262908e+01 -1.234547e+02 -7.500000e+00
      vertex   1.287027e+01 -1.233548e+02 -7.500000e+00
    endloop
  endfacet
  facet normal 0.000000e+00 0.000000e+00 -1.000000e+00
    outer loop
      vertex   1.272781e+01 -1.286256e+02 -7.500000e+00
      vertex   1.287027e+01 -1.233548e+02 -7.500000e+00
      vertex   1.421418e+01 -1.291302e+02 -7.500000e+00
    endloop
  endfacet
  facet normal 0.000000e+00 0.000000e+00 -1.000000e+00
    outer loop
      vertex   1.421418e+01 -1.291302e+02 -7.500000e+00
      vertex   1.287027e+01 -1.233548e+02 -7.500000e+00
      vertex   1.575370e+01 -1.294364e+02 -7.500000e+00
    endloop
  endfacet
  facet normal 0.000000e+00 0.000000e+00 -1.000000e+00
    outer loop
      vertex   1.575370e+01 -1.294364e+02 -7.500000e+00
      vertex   1.287027e+01 -1.233548e+02 -7.500000e+00
      vertex   1.732001e+01 -1.295391e+02 -7.500000e+00
    endloop
  endfacet
  facet normal 0.000000e+00 0.000000e+00 -1.000000e+00
    outer loop
      vertex   1.732001e+01 -1.295391e+02 -7.500000e+00
      vertex   1.287027e+01 -1.233548e+02 -7.500000e+00
      vertex   1.307737e+01 -1.231959e+02 -7.500000e+00
    endloop
  endfacet
  facet normal 0.000000e+00 0.000000e+00 -1.000000e+00
    outer loop
      vertex   1.732001e+01 -1.295391e+02 -7.500000e+00
      vertex   1.307737e+01 -1.231959e+02 -7.500000e+00
      vertex   1.323629e+01 -1.229888e+02 -7.500000e+00
    endloop
  endfacet
  facet normal 0.000000e+00 0.000000e+00 -1.000000e+00
    outer loop
      vertex   1.323629e+01 -1.229888e+02 -7.500000e+00
      vertex   1.333619e+01 -1.227476e+02 -7.500000e+00
      vertex   1.732001e+01 -1.295391e+02 -7.500000e+00
    endloop
  endfacet
  facet normal 0.000000e+00 0.000000e+00 -1.000000e+00
    outer loop
      vertex   1.732001e+01 -1.295391e+02 -7.500000e+00
      vertex   1.333619e+01 -1.227476e+02 -7.500000e+00
      vertex   1.337027e+01 -1.224888e+02 -7.500000e+00
    endloop
  endfacet
  facet normal 0.000000e+00 0.000000e+00 -1.000000e+00
    outer loop
      vertex   1.732001e+01 -1.295391e+02 -7.500000e+00
      vertex   1.337027e+01 -1.224888e+02 -7.500000e+00
      vertex   1.333619e+01 -1.222300e+02 -7.500000e+00
    endloop
  endfacet
  facet normal 0.000000e+00 0.000000e+00 -1.000000e+00
    outer loop
      vertex   1.323629e+01 -1.219888e+02 -7.500000e+00
      vertex   2.235201e+01 -1.050051e+02 -7.500000e+00
      vertex   1.333619e+01 -1.222300e+02 -7.500000e+00
    endloop
  endfacet
  facet normal 0.000000e+00 0.000000e+00 -1.000000e+00
    outer loop
      vertex   1.333619e+01 -1.222300e+02 -7.500000e+00
      vertex   2.235201e+01 -1.050051e+02 -7.500000e+00
      vertex   6.528161e+01 -1.103293e+02 -7.500000e+00
    endloop
  endfacet
  facet normal 0.000000e+00 0.000000e+00 -1.000000e+00
    outer loop
      vertex   1.333619e+01 -1.222300e+02 -7.500000e+00
      vertex   6.528161e+01 -1.103293e+02 -7.500000e+00
      vertex   1.732001e+01 -1.295391e+02 -7.500000e+00
    endloop
  endfacet
  facet normal 0.000000e+00 0.000000e+00 -1.000000e+00
    outer loop
      vertex   1.732001e+01 -1.295391e+02 -7.500000e+00
      vertex   6.528161e+01 -1.103293e+02 -7.500000e+00
      vertex   6.570988e+01 -1.107993e+02 -7.500000e+00
    endloop
  endfacet
  facet normal 0.000000e+00 0.000000e+00 -1.000000e+00
    outer loop
      vertex   1.732001e+01 -1.295391e+02 -7.500000e+00
      vertex   6.570988e+01 -1.107993e+02 -7.500000e+00
      vertex   6.624289e+01 -1.111461e+02 -7.500000e+00
    endloop
  endfacet
  facet normal 0.000000e+00 0.000000e+00 -1.000000e+00
    outer loop
      vertex   1.323629e+01 -1.219888e+02 -7.500000e+00
      vertex   1.307737e+01 -1.217817e+02 -7.500000e+00
      vertex   2.235201e+01 -1.050051e+02 -7.500000e+00
    endloop
  endfacet
  facet normal 0.000000e+00 0.000000e+00 -1.000000e+00
    outer loop
      vertex   2.235201e+01 -1.050051e+02 -7.500000e+00
      vertex   1.307737e+01 -1.217817e+02 -7.500000e+00
      vertex   1.287027e+01 -1.216228e+02 -7.500000e+00
    endloop
  endfacet
  facet normal 0.000000e+00 0.000000e+00 -1.000000e+00
    outer loop
      vertex   2.235201e+01 -1.050051e+02 -7.500000e+00
      vertex   1.287027e+01 -1.216228e+02 -7.500000e+00
      vertex   1.262908e+01 -1.215229e+02 -7.500000e+00
    endloop
  endfacet
  facet normal -0.000000e+00 -0.000000e+00 -1.000000e+00
    outer loop
      vertex   1.459392e+02 -8.524078e+01 -7.500000e+00
      vertex   1.473979e+02 -1.068183e+02 -7.500000e+00
      vertex   1.459051e+02 -8.498196e+01 -7.500000e+00
    endloop
  endfacet
  facet normal -0.000000e+00 -0.000000e+00 -1.000000e+00
    outer loop
      vertex   1.459051e+02 -8.498196e+01 -7.500000e+00
      vertex   1.473979e+02 -1.068183e+02 -7.500000e+00
      vertex   1.345495e+02 -3.222046e+01 -7.500000e+00
    endloop
  endfacet
  facet normal 0.000000e+00 0.000000e+00 -1.000000e+00
    outer loop
      vertex   1.459051e+02 -8.498196e+01 -7.500000e+00
      vertex   1.345495e+02 -3.222046e+01 -7.500000e+00
      vertex   1.459392e+02 -8.472314e+01 -7.500000e+00
    endloop
  endfacet
  facet normal 0.000000e+00 0.000000e+00 -1.000000e+00
    outer loop
      vertex   1.459392e+02 -8.472314e+01 -7.500000e+00
      vertex   1.345495e+02 -3.222046e+01 -7.500000e+00
      vertex   1.460391e+02 -8.448196e+01 -7.500000e+00
    endloop
  endfacet
  facet normal 0.000000e+00 0.000000e+00 -1.000000e+00
    outer loop
      vertex   1.460391e+02 -8.448196e+01 -7.500000e+00
      vertex   1.345495e+02 -3.222046e+01 -7.500000e+00
      vertex   1.460391e+02 -4.592486e+01 -7.500000e+00
    endloop
  endfacet
  facet normal 0.000000e+00 0.000000e+00 -1.000000e+00
    outer loop
      vertex   1.460391e+02 -8.448196e+01 -7.500000e+00
      vertex   1.460391e+02 -4.592486e+01 -7.500000e+00
      vertex   1.461980e+02 -4.613197e+01 -7.500000e+00
    endloop
  endfacet
  facet normal 0.000000e+00 0.000000e+00 -1.000000e+00
    outer loop
      vertex   1.459392e+02 -8.524078e+01 -7.500000e+00
      vertex   1.460391e+02 -8.548196e+01 -7.500000e+00
      vertex   1.473979e+02 -1.068183e+02 -7.500000e+00
    endloop
  endfacet
  facet normal 0.000000e+00 0.000000e+00 -1.000000e+00
    outer loop
      vertex   1.473979e+02 -1.068183e+02 -7.500000e+00
      vertex   1.460391e+02 -8.548196e+01 -7.500000e+00
      vertex   1.461980e+02 -8.568907e+01 -7.500000e+00
    endloop
  endfacet
  facet normal 0.000000e+00 0.000000e+00 -1.000000e+00
    outer loop
      vertex   1.473979e+02 -1.068183e+02 -7.500000e+00
      vertex   1.461980e+02 -8.568907e+01 -7.500000e+00
      vertex   1.464051e+02 -8.584798e+01 -7.500000e+00
    endloop
  endfacet
  facet normal 0.000000e+00 0.000000e+00 -1.000000e+00
    outer loop
      vertex   1.464051e+02 -8.584798e+01 -7.500000e+00
      vertex   1.466463e+02 -8.594788e+01 -7.500000e+00
      vertex   1.473979e+02 -1.068183e+02 -7.500000e+00
    endloop
  endfacet
  facet normal 0.000000e+00 0.000000e+00 -1.000000e+00
    outer loop
      vertex   1.473979e+02 -1.068183e+02 -7.500000e+00
      vertex   1.466463e+02 -8.594788e+01 -7.500000e+00
      vertex   1.469051e+02 -8.598196e+01 -7.500000e+00
    endloop
  endfacet
  facet normal 0.000000e+00 0.000000e+00 -1.000000e+00
    outer loop
      vertex   1.473979e+02 -1.068183e+02 -7.500000e+00
      vertex   1.469051e+02 -8.598196e+01 -7.500000e+00
      vertex   1.471640e+02 -8.594788e+01 -7.500000e+00
    endloop
  endfacet
  facet normal 0.000000e+00 0.000000e+00 -1.000000e+00
    outer loop
      vertex   1.471640e+02 -8.594788e+01 -7.500000e+00
      vertex   1.474051e+02 -8.584798e+01 -7.500000e+00
      vertex   1.473979e+02 -1.068183e+02 -7.500000e+00
    endloop
  endfacet
  facet normal 0.000000e+00 0.000000e+00 -1.000000e+00
    outer loop
      vertex   1.473979e+02 -1.068183e+02 -7.500000e+00
      vertex   1.474051e+02 -8.584798e+01 -7.500000e+00
      vertex   1.476122e+02 -8.568907e+01 -7.500000e+00
    endloop
  endfacet
  facet normal 0.000000e+00 0.000000e+00 -1.000000e+00
    outer loop
      vertex   1.473979e+02 -1.068183e+02 -7.500000e+00
      vertex   1.476122e+02 -8.568907e+01 -7.500000e+00
      vertex   1.477712e+02 -8.548196e+01 -7.500000e+00
    endloop
  endfacet
  facet normal 0.000000e+00 -0.000000e+00 -1.000000e+00
    outer loop
      vertex   1.477712e+02 -8.548196e+01 -7.500000e+00
      vertex   1.478711e+02 -8.524078e+01 -7.500000e+00
      vertex   1.473979e+02 -1.068183e+02 -7.500000e+00
    endloop
  endfacet
  facet normal 0.000000e+00 0.000000e+00 -1.000000e+00
    outer loop
      vertex   1.473979e+02 -1.068183e+02 -7.500000e+00
      vertex   1.478711e+02 -8.524078e+01 -7.500000e+00
      vertex   1.519051e+02 -1.175391e+02 -7.500000e+00
    endloop
  endfacet
  facet normal 0.000000e+00 0.000000e+00 -1.000000e+00
    outer loop
      vertex   1.473979e+02 -1.068183e+02 -7.500000e+00
      vertex   1.519051e+02 -1.175391e+02 -7.500000e+00
      vertex   1.474334e+02 -1.073266e+02 -7.500000e+00
    endloop
  endfacet
  facet normal 0.000000e+00 -0.000000e+00 -1.000000e+00
    outer loop
      vertex   1.474334e+02 -1.073266e+02 -7.500000e+00
      vertex   1.519051e+02 -1.175391e+02 -7.500000e+00
      vertex   1.473664e+02 -1.078318e+02 -7.500000e+00
    endloop
  endfacet
  facet normal 0.000000e+00 -0.000000e+00 -1.000000e+00
    outer loop
      vertex   1.473664e+02 -1.078318e+02 -7.500000e+00
      vertex   1.519051e+02 -1.175391e+02 -7.500000e+00
      vertex   1.471996e+02 -1.083133e+02 -7.500000e+00
    endloop
  endfacet
  facet normal 0.000000e+00 0.000000e+00 -1.000000e+00
    outer loop
      vertex   1.478711e+02 -8.524078e+01 -7.500000e+00
      vertex   1.479051e+02 -8.498196e+01 -7.500000e+00
      vertex   1.519051e+02 -1.175391e+02 -7.500000e+00
    endloop
  endfacet
  facet normal 0.000000e+00 0.000000e+00 -1.000000e+00
    outer loop
      vertex   1.519051e+02 -1.175391e+02 -7.500000e+00
      vertex   1.479051e+02 -8.498196e+01 -7.500000e+00
      vertex   1.519051e+02 -4.327844e+01 -7.500000e+00
    endloop
  endfacet
  facet normal 0.000000e+00 0.000000e+00 -1.000000e+00
    outer loop
      vertex   1.519051e+02 -4.327844e+01 -7.500000e+00
      vertex   1.479051e+02 -8.498196e+01 -7.500000e+00
      vertex   1.478711e+02 -8.472314e+01 -7.500000e+00
    endloop
  endfacet
  facet normal 0.000000e+00 0.000000e+00 -1.000000e+00
    outer loop
      vertex   1.519051e+02 -4.327844e+01 -7.500000e+00
      vertex   1.478711e+02 -8.472314e+01 -7.500000e+00
      vertex   1.477712e+02 -8.448196e+01 -7.500000e+00
    endloop
  endfacet
  facet normal 0.000000e+00 0.000000e+00 -1.000000e+00
    outer loop
      vertex   1.477712e+02 -8.448196e+01 -7.500000e+00
      vertex   1.476122e+02 -8.427485e+01 -7.500000e+00
      vertex   1.519051e+02 -4.327844e+01 -7.500000e+00
    endloop
  endfacet
  facet normal 0.000000e+00 0.000000e+00 -1.000000e+00
    outer loop
      vertex   1.519051e+02 -4.327844e+01 -7.500000e+00
      vertex   1.476122e+02 -8.427485e+01 -7.500000e+00
      vertex   1.476122e+02 -4.613197e+01 -7.500000e+00
    endloop
  endfacet
  facet normal 0.000000e+00 0.000000e+00 -1.000000e+00
    outer loop
      vertex   1.519051e+02 -4.327844e+01 -7.500000e+00
      vertex   1.476122e+02 -4.613197e+01 -7.500000e+00
      vertex   1.477712e+02 -4.592486e+01 -7.500000e+00
    endloop
  endfacet
  facet normal 0.000000e+00 -0.000000e+00 -1.000000e+00
    outer loop
      vertex   1.476122e+02 -4.613197e+01 -7.500000e+00
      vertex   1.476122e+02 -8.427485e+01 -7.500000e+00
      vertex   1.474051e+02 -4.629089e+01 -7.500000e+00
    endloop
  endfacet
  facet normal 0.000000e+00 0.000000e+00 -1.000000e+00
    outer loop
      vertex   1.474051e+02 -4.629089e+01 -7.500000e+00
      vertex   1.476122e+02 -8.427485e+01 -7.500000e+00
      vertex   1.474051e+02 -8.411593e+01 -7.500000e+00
    endloop
  endfacet
  facet normal 0.000000e+00 -0.000000e+00 -1.000000e+00
    outer loop
      vertex   1.474051e+02 -4.629089e+01 -7.500000e+00
      vertex   1.474051e+02 -8.411593e+01 -7.500000e+00
      vertex   1.471640e+02 -4.639079e+01 -7.500000e+00
    endloop
  endfacet
  facet normal 0.000000e+00 0.000000e+00 -1.000000e+00
    outer loop
      vertex   1.471640e+02 -4.639079e+01 -7.500000e+00
      vertex   1.474051e+02 -8.411593e+01 -7.500000e+00
      vertex   1.471640e+02 -8.401603e+01 -7.500000e+00
    endloop
  endfacet
  facet normal 0.000000e+00 -0.000000e+00 -1.000000e+00
    outer loop
      vertex   1.471640e+02 -4.639079e+01 -7.500000e+00
      vertex   1.471640e+02 -8.401603e+01 -7.500000e+00
      vertex   1.469051e+02 -4.642486e+01 -7.500000e+00
    endloop
  endfacet
  facet normal 0.000000e+00 0.000000e+00 -1.000000e+00
    outer loop
      vertex   1.469051e+02 -4.642486e+01 -7.500000e+00
      vertex   1.471640e+02 -8.401603e+01 -7.500000e+00
      vertex   1.469051e+02 -8.398196e+01 -7.500000e+00
    endloop
  endfacet
  facet normal 0.000000e+00 -0.000000e+00 -1.000000e+00
    outer loop
      vertex   1.469051e+02 -4.642486e+01 -7.500000e+00
      vertex   1.469051e+02 -8.398196e+01 -7.500000e+00
      vertex   1.466463e+02 -8.401603e+01 -7.500000e+00
    endloop
  endfacet
  facet normal -0.000000e+00 0.000000e+00 -1.000000e+00
    outer loop
      vertex   1.469051e+02 -4.642486e+01 -7.500000e+00
      vertex   1.466463e+02 -8.401603e+01 -7.500000e+00
      vertex   1.466463e+02 -4.639079e+01 -7.500000e+00
    endloop
  endfacet
  facet normal 0.000000e+00 -0.000000e+00 -1.000000e+00
    outer loop
      vertex   1.466463e+02 -4.639079e+01 -7.500000e+00
      vertex   1.466463e+02 -8.401603e+01 -7.500000e+00
      vertex   1.464051e+02 -8.411593e+01 -7.500000e+00
    endloop
  endfacet
  facet normal -0.000000e+00 0.000000e+00 -1.000000e+00
    outer loop
      vertex   1.466463e+02 -4.639079e+01 -7.500000e+00
      vertex   1.464051e+02 -8.411593e+01 -7.500000e+00
      vertex   1.464051e+02 -4.629089e+01 -7.500000e+00
    endloop
  endfacet
  facet normal 0.000000e+00 -0.000000e+00 -1.000000e+00
    outer loop
      vertex   1.464051e+02 -4.629089e+01 -7.500000e+00
      vertex   1.464051e+02 -8.411593e+01 -7.500000e+00
      vertex   1.461980e+02 -8.427485e+01 -7.500000e+00
    endloop
  endfacet
  facet normal -0.000000e+00 0.000000e+00 -1.000000e+00
    outer loop
      vertex   1.464051e+02 -4.629089e+01 -7.500000e+00
      vertex   1.461980e+02 -8.427485e+01 -7.500000e+00
      vertex   1.461980e+02 -4.613197e+01 -7.500000e+00
    endloop
  endfacet
  facet normal 0.000000e+00 -0.000000e+00 -1.000000e+00
    outer loop
      vertex   1.461980e+02 -4.613197e+01 -7.500000e+00
      vertex   1.461980e+02 -8.427485e+01 -7.500000e+00
      vertex   1.460391e+02 -8.448196e+01 -7.500000e+00
    endloop
  endfacet
  facet normal 0.000000e+00 0.000000e+00 -1.000000e+00
    outer loop
      vertex   7.764665e+01 -1.247979e+02 -7.500000e+00
      vertex   6.624289e+01 -1.111461e+02 -7.500000e+00
      vertex   7.761258e+01 -1.245391e+02 -7.500000e+00
    endloop
  endfacet
  facet normal 0.000000e+00 0.000000e+00 -1.000000e+00
    outer loop
      vertex   7.761258e+01 -1.245391e+02 -7.500000e+00
      vertex   6.624289e+01 -1.111461e+02 -7.500000e+00
      vertex   6.684614e+01 -1.113471e+02 -7.500000e+00
    endloop
  endfacet
  facet normal 0.000000e+00 0.000000e+00 -1.000000e+00
    outer loop
      vertex   7.761258e+01 -1.245391e+02 -7.500000e+00
      vertex   6.684614e+01 -1.113471e+02 -7.500000e+00
      vertex   7.764665e+01 -1.242802e+02 -7.500000e+00
    endloop
  endfacet
  facet normal 0.000000e+00 0.000000e+00 -1.000000e+00
    outer loop
      vertex   7.764665e+01 -1.242802e+02 -7.500000e+00
      vertex   6.684614e+01 -1.113471e+02 -7.500000e+00
      vertex   7.774655e+01 -1.240391e+02 -7.500000e+00
    endloop
  endfacet
  facet normal 0.000000e+00 0.000000e+00 -1.000000e+00
    outer loop
      vertex   7.774655e+01 -1.240391e+02 -7.500000e+00
      vertex   6.684614e+01 -1.113471e+02 -7.500000e+00
      vertex   6.748060e+01 -1.113895e+02 -7.500000e+00
    endloop
  endfacet
  facet normal 0.000000e+00 0.000000e+00 -1.000000e+00
    outer loop
      vertex   7.774655e+01 -1.240391e+02 -7.500000e+00
      vertex   6.748060e+01 -1.113895e+02 -7.500000e+00
      vertex   7.790547e+01 -1.238320e+02 -7.500000e+00
    endloop
  endfacet
  facet normal 0.000000e+00 0.000000e+00 -1.000000e+00
    outer loop
      vertex   7.790547e+01 -1.238320e+02 -7.500000e+00
      vertex   6.748060e+01 -1.113895e+02 -7.500000e+00
      vertex   7.792066e+01 -1.141098e+02 -7.500000e+00
    endloop
  endfacet
  facet normal 0.000000e+00 0.000000e+00 -1.000000e+00
    outer loop
      vertex   7.790547e+01 -1.238320e+02 -7.500000e+00
      vertex   7.792066e+01 -1.141098e+02 -7.500000e+00
      vertex   7.811258e+01 -1.236730e+02 -7.500000e+00
    endloop
  endfacet
  facet normal 0.000000e+00 0.000000e+00 -1.000000e+00
    outer loop
      vertex   7.811258e+01 -1.236730e+02 -7.500000e+00
      vertex   7.792066e+01 -1.141098e+02 -7.500000e+00
      vertex   7.886552e+01 -1.145587e+02 -7.500000e+00
    endloop
  endfacet
  facet normal 0.000000e+00 0.000000e+00 -1.000000e+00
    outer loop
      vertex   7.811258e+01 -1.236730e+02 -7.500000e+00
      vertex   7.886552e+01 -1.145587e+02 -7.500000e+00
      vertex   7.835376e+01 -1.235731e+02 -7.500000e+00
    endloop
  endfacet
  facet normal 0.000000e+00 0.000000e+00 -1.000000e+00
    outer loop
      vertex   7.835376e+01 -1.235731e+02 -7.500000e+00
      vertex   7.886552e+01 -1.145587e+02 -7.500000e+00
      vertex   7.988422e+01 -1.147964e+02 -7.500000e+00
    endloop
  endfacet
  facet normal 0.000000e+00 0.000000e+00 -1.000000e+00
    outer loop
      vertex   7.835376e+01 -1.235731e+02 -7.500000e+00
      vertex   7.988422e+01 -1.147964e+02 -7.500000e+00
      vertex   7.861258e+01 -1.235391e+02 -7.500000e+00
    endloop
  endfacet
  facet normal 0.000000e+00 0.000000e+00 -1.000000e+00
    outer loop
      vertex   7.861258e+01 -1.235391e+02 -7.500000e+00
      vertex   7.988422e+01 -1.147964e+02 -7.500000e+00
      vertex   7.887139e+01 -1.235731e+02 -7.500000e+00
    endloop
  endfacet
  facet normal 0.000000e+00 0.000000e+00 -1.000000e+00
    outer loop
      vertex   7.887139e+01 -1.235731e+02 -7.500000e+00
      vertex   7.988422e+01 -1.147964e+02 -7.500000e+00
      vertex   7.911258e+01 -1.236730e+02 -7.500000e+00
    endloop
  endfacet
  facet normal 0.000000e+00 0.000000e+00 -1.000000e+00
    outer loop
      vertex   7.911258e+01 -1.236730e+02 -7.500000e+00
      vertex   7.988422e+01 -1.147964e+02 -7.500000e+00
      vertex   7.931968e+01 -1.238320e+02 -7.500000e+00
    endloop
  endfacet
  facet normal 0.000000e+00 0.000000e+00 -1.000000e+00
    outer loop
      vertex   7.931968e+01 -1.238320e+02 -7.500000e+00
      vertex   7.988422e+01 -1.147964e+02 -7.500000e+00
      vertex   7.947860e+01 -1.240391e+02 -7.500000e+00
    endloop
  endfacet
  facet normal 0.000000e+00 0.000000e+00 -1.000000e+00
    outer loop
      vertex   7.947860e+01 -1.240391e+02 -7.500000e+00
      vertex   7.988422e+01 -1.147964e+02 -7.500000e+00
      vertex   7.957850e+01 -1.242802e+02 -7.500000e+00
    endloop
  endfacet
  facet normal 0.000000e+00 0.000000e+00 -1.000000e+00
    outer loop
      vertex   7.957850e+01 -1.242802e+02 -7.500000e+00
      vertex   7.988422e+01 -1.147964e+02 -7.500000e+00
      vertex   1.388736e+02 -1.220349e+02 -7.500000e+00
    endloop
  endfacet
  facet normal 0.000000e+00 0.000000e+00 -1.000000e+00
    outer loop
      vertex   7.957850e+01 -1.242802e+02 -7.500000e+00
      vertex   1.388736e+02 -1.220349e+02 -7.500000e+00
      vertex   7.961258e+01 -1.245391e+02 -7.500000e+00
    endloop
  endfacet
  facet normal 0.000000e+00 -0.000000e+00 -1.000000e+00
    outer loop
      vertex   7.961258e+01 -1.245391e+02 -7.500000e+00
      vertex   1.388736e+02 -1.220349e+02 -7.500000e+00
      vertex   7.957850e+01 -1.247979e+02 -7.500000e+00
    endloop
  endfacet
  facet normal 0.000000e+00 0.000000e+00 -1.000000e+00
    outer loop
      vertex   7.957850e+01 -1.247979e+02 -7.500000e+00
      vertex   1.388736e+02 -1.220349e+02 -7.500000e+00
      vertex   1.399051e+02 -1.295391e+02 -7.500000e+00
    endloop
  endfacet
  facet normal 0.000000e+00 -0.000000e+00 -1.000000e+00
    outer loop
      vertex   7.957850e+01 -1.247979e+02 -7.500000e+00
      vertex   1.399051e+02 -1.295391e+02 -7.500000e+00
      vertex   7.947860e+01 -1.250391e+02 -7.500000e+00
    endloop
  endfacet
  facet normal 0.000000e+00 -0.000000e+00 -1.000000e+00
    outer loop
      vertex   7.947860e+01 -1.250391e+02 -7.500000e+00
      vertex   1.399051e+02 -1.295391e+02 -7.500000e+00
      vertex   7.931968e+01 -1.252462e+02 -7.500000e+00
    endloop
  endfacet
  facet normal 0.000000e+00 -0.000000e+00 -1.000000e+00
    outer loop
      vertex   7.931968e+01 -1.252462e+02 -7.500000e+00
      vertex   1.399051e+02 -1.295391e+02 -7.500000e+00
      vertex   7.911258e+01 -1.254051e+02 -7.500000e+00
    endloop
  endfacet
  facet normal 0.000000e+00 -0.000000e+00 -1.000000e+00
    outer loop
      vertex   7.911258e+01 -1.254051e+02 -7.500000e+00
      vertex   1.399051e+02 -1.295391e+02 -7.500000e+00
      vertex   7.887139e+01 -1.255050e+02 -7.500000e+00
    endloop
  endfacet
  facet normal 0.000000e+00 -0.000000e+00 -1.000000e+00
    outer loop
      vertex   7.887139e+01 -1.255050e+02 -7.500000e+00
      vertex   1.399051e+02 -1.295391e+02 -7.500000e+00
      vertex   7.861258e+01 -1.255391e+02 -7.500000e+00
    endloop
  endfacet
  facet normal 0.000000e+00 -0.000000e+00 -1.000000e+00
    outer loop
      vertex   7.861258e+01 -1.255391e+02 -7.500000e+00
      vertex   1.399051e+02 -1.295391e+02 -7.500000e+00
      vertex   1.732001e+01 -1.295391e+02 -7.500000e+00
    endloop
  endfacet
  facet normal -0.000000e+00 0.000000e+00 -1.000000e+00
    outer loop
      vertex   7.861258e+01 -1.255391e+02 -7.500000e+00
      vertex   1.732001e+01 -1.295391e+02 -7.500000e+00
      vertex   7.835376e+01 -1.255050e+02 -7.500000e+00
    endloop
  endfacet
  facet normal -0.000000e+00 0.000000e+00 -1.000000e+00
    outer loop
      vertex   7.835376e+01 -1.255050e+02 -7.500000e+00
      vertex   1.732001e+01 -1.295391e+02 -7.500000e+00
      vertex   7.811258e+01 -1.254051e+02 -7.500000e+00
    endloop
  endfacet
  facet normal -0.000000e+00 0.000000e+00 -1.000000e+00
    outer loop
      vertex   7.811258e+01 -1.254051e+02 -7.500000e+00
      vertex   1.732001e+01 -1.295391e+02 -7.500000e+00
      vertex   7.790547e+01 -1.252462e+02 -7.500000e+00
    endloop
  endfacet
  facet normal -0.000000e+00 0.000000e+00 -1.000000e+00
    outer loop
      vertex   7.790547e+01 -1.252462e+02 -7.500000e+00
      vertex   1.732001e+01 -1.295391e+02 -7.500000e+00
      vertex   7.774655e+01 -1.250391e+02 -7.500000e+00
    endloop
  endfacet
  facet normal -0.000000e+00 0.000000e+00 -1.000000e+00
    outer loop
      vertex   7.774655e+01 -1.250391e+02 -7.500000e+00
      vertex   1.732001e+01 -1.295391e+02 -7.500000e+00
      vertex   7.764665e+01 -1.247979e+02 -7.500000e+00
    endloop
  endfacet
  facet normal -0.000000e+00 0.000000e+00 -1.000000e+00
    outer loop
      vertex   7.764665e+01 -1.247979e+02 -7.500000e+00
      vertex   1.732001e+01 -1.295391e+02 -7.500000e+00
      vertex   6.624289e+01 -1.111461e+02 -7.500000e+00
    endloop
  endfacet
  facet normal 0.000000e+00 0.000000e+00 -1.000000e+00
    outer loop
      vertex   1.459392e+02 -4.568368e+01 -7.500000e+00
      vertex   1.427872e+02 -3.860018e+01 -7.500000e+00
      vertex   1.459051e+02 -4.542486e+01 -7.500000e+00
    endloop
  endfacet
  facet normal 0.000000e+00 0.000000e+00 -1.000000e+00
    outer loop
      vertex   1.459051e+02 -4.542486e+01 -7.500000e+00
      vertex   1.427872e+02 -3.860018e+01 -7.500000e+00
      vertex   1.434543e+02 -3.931484e+01 -7.500000e+00
    endloop
  endfacet
  facet normal 0.000000e+00 0.000000e+00 -1.000000e+00
    outer loop
      vertex   1.459051e+02 -4.542486e+01 -7.500000e+00
      vertex   1.434543e+02 -3.931484e+01 -7.500000e+00
      vertex   1.459392e+02 -4.516604e+01 -7.500000e+00
    endloop
  endfacet
  facet normal 0.000000e+00 0.000000e+00 -1.000000e+00
    outer loop
      vertex   1.459392e+02 -4.516604e+01 -7.500000e+00
      vertex   1.434543e+02 -3.931484e+01 -7.500000e+00
      vertex   1.442434e+02 -3.989200e+01 -7.500000e+00
    endloop
  endfacet
  facet normal 0.000000e+00 0.000000e+00 -1.000000e+00
    outer loop
      vertex   1.459392e+02 -4.516604e+01 -7.500000e+00
      vertex   1.442434e+02 -3.989200e+01 -7.500000e+00
      vertex   1.460391e+02 -4.492486e+01 -7.500000e+00
    endloop
  endfacet
  facet normal 0.000000e+00 0.000000e+00 -1.000000e+00
    outer loop
      vertex   1.460391e+02 -4.492486e+01 -7.500000e+00
      vertex   1.442434e+02 -3.989200e+01 -7.500000e+00
      vertex   1.461980e+02 -4.471775e+01 -7.500000e+00
    endloop
  endfacet
  facet normal 0.000000e+00 0.000000e+00 -1.000000e+00
    outer loop
      vertex   1.461980e+02 -4.471775e+01 -7.500000e+00
      vertex   1.442434e+02 -3.989200e+01 -7.500000e+00
      vertex   1.451266e+02 -4.031126e+01 -7.500000e+00
    endloop
  endfacet
  facet normal 0.000000e+00 0.000000e+00 -1.000000e+00
    outer loop
      vertex   1.461980e+02 -4.471775e+01 -7.500000e+00
      vertex   1.451266e+02 -4.031126e+01 -7.500000e+00
      vertex   1.464051e+02 -4.455883e+01 -7.500000e+00
    endloop
  endfacet
  facet normal 0.000000e+00 0.000000e+00 -1.000000e+00
    outer loop
      vertex   1.464051e+02 -4.455883e+01 -7.500000e+00
      vertex   1.451266e+02 -4.031126e+01 -7.500000e+00
      vertex   1.466463e+02 -4.445893e+01 -7.500000e+00
    endloop
  endfacet
  facet normal 0.000000e+00 0.000000e+00 -1.000000e+00
    outer loop
      vertex   1.466463e+02 -4.445893e+01 -7.500000e+00
      vertex   1.451266e+02 -4.031126e+01 -7.500000e+00
      vertex   1.469051e+02 -4.442486e+01 -7.500000e+00
    endloop
  endfacet
  facet normal 0.000000e+00 0.000000e+00 -1.000000e+00
    outer loop
      vertex   1.469051e+02 -4.442486e+01 -7.500000e+00
      vertex   1.451266e+02 -4.031126e+01 -7.500000e+00
      vertex   1.471640e+02 -4.445893e+01 -7.500000e+00
    endloop
  endfacet
  facet normal 0.000000e+00 0.000000e+00 -1.000000e+00
    outer loop
      vertex   1.471640e+02 -4.445893e+01 -7.500000e+00
      vertex   1.451266e+02 -4.031126e+01 -7.500000e+00
      vertex   1.514353e+02 -4.260743e+01 -7.500000e+00
    endloop
  endfacet
  facet normal 0.000000e+00 0.000000e+00 -1.000000e+00
    outer loop
      vertex   1.471640e+02 -4.445893e+01 -7.500000e+00
      vertex   1.514353e+02 -4.260743e+01 -7.500000e+00
      vertex   1.474051e+02 -4.455883e+01 -7.500000e+00
    endloop
  endfacet
  facet normal 0.000000e+00 0.000000e+00 -1.000000e+00
    outer loop
      vertex   1.474051e+02 -4.455883e+01 -7.500000e+00
      vertex   1.514353e+02 -4.260743e+01 -7.500000e+00
      vertex   1.476122e+02 -4.471775e+01 -7.500000e+00
    endloop
  endfacet
  facet normal 0.000000e+00 0.000000e+00 -1.000000e+00
    outer loop
      vertex   1.476122e+02 -4.471775e+01 -7.500000e+00
      vertex   1.514353e+02 -4.260743e+01 -7.500000e+00
      vertex   1.519051e+02 -4.327844e+01 -7.500000e+00
    endloop
  endfacet
  facet normal 0.000000e+00 0.000000e+00 -1.000000e+00
    outer loop
      vertex   1.476122e+02 -4.471775e+01 -7.500000e+00
      vertex   1.519051e+02 -4.327844e+01 -7.500000e+00
      vertex   1.477712e+02 -4.492486e+01 -7.500000e+00
    endloop
  endfacet
  facet normal 0.000000e+00 0.000000e+00 -1.000000e+00
    outer loop
      vertex   1.477712e+02 -4.492486e+01 -7.500000e+00
      vertex   1.519051e+02 -4.327844e+01 -7.500000e+00
      vertex   1.478711e+02 -4.516604e+01 -7.500000e+00
    endloop
  endfacet
  facet normal 0.000000e+00 0.000000e+00 -1.000000e+00
    outer loop
      vertex   1.478711e+02 -4.516604e+01 -7.500000e+00
      vertex   1.519051e+02 -4.327844e+01 -7.500000e+00
      vertex   1.479051e+02 -4.542486e+01 -7.500000e+00
    endloop
  endfacet
  facet normal 0.000000e+00 -0.000000e+00 -1.000000e+00
    outer loop
      vertex   1.479051e+02 -4.542486e+01 -7.500000e+00
      vertex   1.519051e+02 -4.327844e+01 -7.500000e+00
      vertex   1.478711e+02 -4.568368e+01 -7.500000e+00
    endloop
  endfacet
  facet normal 0.000000e+00 -0.000000e+00 -1.000000e+00
    outer loop
      vertex   1.478711e+02 -4.568368e+01 -7.500000e+00
      vertex   1.519051e+02 -4.327844e+01 -7.500000e+00
      vertex   1.477712e+02 -4.592486e+01 -7.500000e+00
    endloop
  endfacet
  facet normal -0.000000e+00 -0.000000e+00 -1.000000e+00
    outer loop
      vertex   1.427872e+02 -3.860018e+01 -7.500000e+00
      vertex   1.459392e+02 -4.568368e+01 -7.500000e+00
      vertex   1.345495e+02 -3.222046e+01 -7.500000e+00
    endloop
  endfacet
  facet normal 0.000000e+00 0.000000e+00 -1.000000e+00
    outer loop
      vertex   1.345495e+02 -3.222046e+01 -7.500000e+00
      vertex   1.459392e+02 -4.568368e+01 -7.500000e+00
      vertex   1.460391e+02 -4.592486e+01 -7.500000e+00
    endloop
  endfacet
  facet normal -0.000000e+00 0.000000e+00 -1.000000e+00
    outer loop
      vertex   1.414715e+02 -1.294364e+02 -7.500000e+00
      vertex   1.399051e+02 -1.295391e+02 -7.500000e+00
      vertex   1.395152e+02 -1.220501e+02 -7.500000e+00
    endloop
  endfacet
  facet normal -0.000000e+00 -0.000000e+00 -1.000000e+00
    outer loop
      vertex   1.395152e+02 -1.220501e+02 -7.500000e+00
      vertex   1.399051e+02 -1.295391e+02 -7.500000e+00
      vertex   1.388736e+02 -1.220349e+02 -7.500000e+00
    endloop
  endfacet
  facet normal 0.000000e+00 0.000000e+00 -1.000000e+00
    outer loop
      vertex   1.882001e+01 -6.317486e+01 -7.500000e+00
      vertex   5.320013e+00 -6.317486e+01 -7.500000e+00
      vertex   1.871747e+01 -6.200273e+01 -7.500000e+00
    endloop
  endfacet
  facet normal 0.000000e+00 0.000000e+00 -1.000000e+00
    outer loop
      vertex   1.871747e+01 -6.200273e+01 -7.500000e+00
      vertex   5.320013e+00 -6.317486e+01 -7.500000e+00
      vertex   5.422560e+00 -6.200273e+01 -7.500000e+00
    endloop
  endfacet
  facet normal -0.000000e+00 0.000000e+00 -1.000000e+00
    outer loop
      vertex   1.871747e+01 -6.200273e+01 -7.500000e+00
      vertex   5.422560e+00 -6.200273e+01 -7.500000e+00
      vertex   1.841294e+01 -6.086622e+01 -7.500000e+00
    endloop
  endfacet
  facet normal 0.000000e+00 0.000000e+00 -1.000000e+00
    outer loop
      vertex   1.841294e+01 -6.086622e+01 -7.500000e+00
      vertex   5.422560e+00 -6.200273e+01 -7.500000e+00
      vertex   5.727088e+00 -6.086622e+01 -7.500000e+00
    endloop
  endfacet
  facet normal -0.000000e+00 0.000000e+00 -1.000000e+00
    outer loop
      vertex   1.841294e+01 -6.086622e+01 -7.500000e+00
      vertex   5.727088e+00 -6.086622e+01 -7.500000e+00
      vertex   1.791568e+01 -5.979986e+01 -7.500000e+00
    endloop
  endfacet
  facet normal -0.000000e+00 0.000000e+00 -1.000000e+00
    outer loop
      vertex   1.791568e+01 -5.979986e+01 -7.500000e+00
      vertex   5.727088e+00 -6.086622e+01 -7.500000e+00
      vertex   6.224341e+00 -5.979986e+01 -7.500000e+00
    endloop
  endfacet
  facet normal 0.000000e+00 0.000000e+00 -1.000000e+00
    outer loop
      vertex   1.791568e+01 -5.979986e+01 -7.500000e+00
      vertex   6.224341e+00 -5.979986e+01 -7.500000e+00
      vertex   1.724081e+01 -5.883604e+01 -7.500000e+00
    endloop
  endfacet
  facet normal -0.000000e+00 0.000000e+00 -1.000000e+00
    outer loop
      vertex   1.724081e+01 -5.883604e+01 -7.500000e+00
      vertex   6.224341e+00 -5.979986e+01 -7.500000e+00
      vertex   6.899213e+00 -5.883604e+01 -7.500000e+00
    endloop
  endfacet
  facet normal 0.000000e+00 0.000000e+00 -1.000000e+00
    outer loop
      vertex   1.724081e+01 -5.883604e+01 -7.500000e+00
      vertex   6.899213e+00 -5.883604e+01 -7.500000e+00
      vertex   1.640883e+01 -5.800406e+01 -7.500000e+00
    endloop
  endfacet
  facet normal -0.000000e+00 0.000000e+00 -1.000000e+00
    outer loop
      vertex   1.640883e+01 -5.800406e+01 -7.500000e+00
      vertex   6.899213e+00 -5.883604e+01 -7.500000e+00
      vertex   7.731196e+00 -5.800406e+01 -7.500000e+00
    endloop
  endfacet
  facet normal 0.000000e+00 0.000000e+00 -1.000000e+00
    outer loop
      vertex   1.640883e+01 -5.800406e+01 -7.500000e+00
      vertex   7.731196e+00 -5.800406e+01 -7.500000e+00
      vertex   1.544501e+01 -5.732919e+01 -7.500000e+00
    endloop
  endfacet
  facet normal -0.000000e+00 0.000000e+00 -1.000000e+00
    outer loop
      vertex   1.544501e+01 -5.732919e+01 -7.500000e+00
      vertex   7.731196e+00 -5.800406e+01 -7.500000e+00
      vertex   8.695013e+00 -5.732919e+01 -7.500000e+00
    endloop
  endfacet
  facet normal 0.000000e+00 0.000000e+00 -1.000000e+00
    outer loop
      vertex   1.544501e+01 -5.732919e+01 -7.500000e+00
      vertex   8.695013e+00 -5.732919e+01 -7.500000e+00
      vertex   1.437865e+01 -5.683193e+01 -7.500000e+00
    endloop
  endfacet
  facet normal -0.000000e+00 0.000000e+00 -1.000000e+00
    outer loop
      vertex   1.437865e+01 -5.683193e+01 -7.500000e+00
      vertex   8.695013e+00 -5.732919e+01 -7.500000e+00
      vertex   9.761377e+00 -5.683193e+01 -7.500000e+00
    endloop
  endfacet
  facet normal 0.000000e+00 0.000000e+00 -1.000000e+00
    outer loop
      vertex   1.437865e+01 -5.683193e+01 -7.500000e+00
      vertex   9.761377e+00 -5.683193e+01 -7.500000e+00
      vertex   1.324214e+01 -5.652741e+01 -7.500000e+00
    endloop
  endfacet
  facet normal -0.000000e+00 0.000000e+00 -1.000000e+00
    outer loop
      vertex   1.324214e+01 -5.652741e+01 -7.500000e+00
      vertex   9.761377e+00 -5.683193e+01 -7.500000e+00
      vertex   1.089789e+01 -5.652741e+01 -7.500000e+00
    endloop
  endfacet
  facet normal 0.000000e+00 0.000000e+00 -1.000000e+00
    outer loop
      vertex   1.324214e+01 -5.652741e+01 -7.500000e+00
      vertex   1.089789e+01 -5.652741e+01 -7.500000e+00
      vertex   1.207001e+01 -5.642486e+01 -7.500000e+00
    endloop
  endfacet
  facet normal 0.000000e+00 -0.000000e+00 -1.000000e+00
    outer loop
      vertex   1.882001e+01 -1.014731e+02 -7.500000e+00
      vertex   1.890857e+01 -1.022590e+02 -7.500000e+00
      vertex   5.320013e+00 -1.175391e+02 -7.500000e+00
    endloop
  endfacet
  facet normal 0.000000e+00 0.000000e+00 -1.000000e+00
    outer loop
      vertex   5.320013e+00 -1.175391e+02 -7.500000e+00
      vertex   1.890857e+01 -1.022590e+02 -7.500000e+00
      vertex   1.916979e+01 -1.030055e+02 -7.500000e+00
    endloop
  endfacet
  facet normal 0.000000e+00 0.000000e+00 -1.000000e+00
    outer loop
      vertex   5.320013e+00 -1.175391e+02 -7.500000e+00
      vertex   1.916979e+01 -1.030055e+02 -7.500000e+00
      vertex   1.959058e+01 -1.036752e+02 -7.500000e+00
    endloop
  endfacet
  facet normal 0.000000e+00 -0.000000e+00 -1.000000e+00
    outer loop
      vertex   1.959058e+01 -1.036752e+02 -7.500000e+00
      vertex   2.014985e+01 -1.042345e+02 -7.500000e+00
      vertex   5.320013e+00 -1.175391e+02 -7.500000e+00
    endloop
  endfacet
  facet normal 0.000000e+00 0.000000e+00 -1.000000e+00
    outer loop
      vertex   5.320013e+00 -1.175391e+02 -7.500000e+00
      vertex   2.014985e+01 -1.042345e+02 -7.500000e+00
      vertex   2.081954e+01 -1.046553e+02 -7.500000e+00
    endloop
  endfacet
  facet normal 0.000000e+00 0.000000e+00 -1.000000e+00
    outer loop
      vertex   5.320013e+00 -1.175391e+02 -7.500000e+00
      vertex   2.081954e+01 -1.046553e+02 -7.500000e+00
      vertex   2.156607e+01 -1.049165e+02 -7.500000e+00
    endloop
  endfacet
  facet normal -0.000000e+00 0.000000e+00 -1.000000e+00
    outer loop
      vertex   6.556090e+01 -1.050051e+02 -7.500000e+00
      vertex   6.503460e+01 -1.079005e+02 -7.500000e+00
      vertex   2.235201e+01 -1.050051e+02 -7.500000e+00
    endloop
  endfacet
  facet normal 0.000000e+00 0.000000e+00 -1.000000e+00
    outer loop
      vertex   2.235201e+01 -1.050051e+02 -7.500000e+00
      vertex   6.503460e+01 -1.079005e+02 -7.500000e+00
      vertex   6.485813e+01 -1.085114e+02 -7.500000e+00
    endloop
  endfacet
  facet normal 0.000000e+00 0.000000e+00 -1.000000e+00
    outer loop
      vertex   2.235201e+01 -1.050051e+02 -7.500000e+00
      vertex   6.485813e+01 -1.085114e+02 -7.500000e+00
      vertex   6.484149e+01 -1.091471e+02 -7.500000e+00
    endloop
  endfacet
  facet normal -0.000000e+00 0.000000e+00 -1.000000e+00
    outer loop
      vertex   6.697511e+01 -1.064193e+02 -7.500000e+00
      vertex   6.636217e+01 -1.065885e+02 -7.500000e+00
      vertex   6.556090e+01 -1.050051e+02 -7.500000e+00
    endloop
  endfacet
  facet normal 0.000000e+00 0.000000e+00 -1.000000e+00
    outer loop
      vertex   6.556090e+01 -1.050051e+02 -7.500000e+00
      vertex   6.636217e+01 -1.065885e+02 -7.500000e+00
      vertex   6.581176e+01 -1.069069e+02 -7.500000e+00
    endloop
  endfacet
  facet normal 0.000000e+00 -0.000000e+00 -1.000000e+00
    outer loop
      vertex   6.556090e+01 -1.050051e+02 -7.500000e+00
      vertex   6.581176e+01 -1.069069e+02 -7.500000e+00
      vertex   6.535948e+01 -1.073539e+02 -7.500000e+00
    endloop
  endfacet
  facet normal -0.000000e+00 0.000000e+00 -1.000000e+00
    outer loop
      vertex   6.535948e+01 -1.073539e+02 -7.500000e+00
      vertex   6.503460e+01 -1.079005e+02 -7.500000e+00
      vertex   6.556090e+01 -1.050051e+02 -7.500000e+00
    endloop
  endfacet
  facet normal -0.000000e+00 -0.000000e+00 -1.000000e+00
    outer loop
      vertex   6.484149e+01 -1.091471e+02 -7.500000e+00
      vertex   6.498576e+01 -1.097664e+02 -7.500000e+00
      vertex   2.235201e+01 -1.050051e+02 -7.500000e+00
    endloop
  endfacet
  facet normal 0.000000e+00 0.000000e+00 -1.000000e+00
    outer loop
      vertex   2.235201e+01 -1.050051e+02 -7.500000e+00
      vertex   6.498576e+01 -1.097664e+02 -7.500000e+00
      vertex   6.528161e+01 -1.103293e+02 -7.500000e+00
    endloop
  endfacet
  facet normal 0.000000e+00 0.000000e+00 -1.000000e+00
    outer loop
      vertex   7.792066e+01 -1.141098e+02 -7.500000e+00
      vertex   6.748060e+01 -1.113895e+02 -7.500000e+00
      vertex   7.709283e+01 -1.134703e+02 -7.500000e+00
    endloop
  endfacet
  facet normal 0.000000e+00 0.000000e+00 -1.000000e+00
    outer loop
      vertex   7.709283e+01 -1.134703e+02 -7.500000e+00
      vertex   6.748060e+01 -1.113895e+02 -7.500000e+00
      vertex   6.810524e+01 -1.112705e+02 -7.500000e+00
    endloop
  endfacet
  facet normal 0.000000e+00 0.000000e+00 -1.000000e+00
    outer loop
      vertex   7.709283e+01 -1.134703e+02 -7.500000e+00
      vertex   6.810524e+01 -1.112705e+02 -7.500000e+00
      vertex   7.641991e+01 -1.126694e+02 -7.500000e+00
    endloop
  endfacet
  facet normal 0.000000e+00 0.000000e+00 -1.000000e+00
    outer loop
      vertex   7.641991e+01 -1.126694e+02 -7.500000e+00
      vertex   6.810524e+01 -1.112705e+02 -7.500000e+00
      vertex   6.867963e+01 -1.109977e+02 -7.500000e+00
    endloop
  endfacet
  facet normal 0.000000e+00 0.000000e+00 -1.000000e+00
    outer loop
      vertex   7.641991e+01 -1.126694e+02 -7.500000e+00
      vertex   6.867963e+01 -1.109977e+02 -7.500000e+00
      vertex   7.593266e+01 -1.117438e+02 -7.500000e+00
    endloop
  endfacet
  facet normal 0.000000e+00 0.000000e+00 -1.000000e+00
    outer loop
      vertex   7.593266e+01 -1.117438e+02 -7.500000e+00
      vertex   6.867963e+01 -1.109977e+02 -7.500000e+00
      vertex   6.916663e+01 -1.105888e+02 -7.500000e+00
    endloop
  endfacet
  facet normal 0.000000e+00 0.000000e+00 -1.000000e+00
    outer loop
      vertex   7.593266e+01 -1.117438e+02 -7.500000e+00
      vertex   6.916663e+01 -1.105888e+02 -7.500000e+00
      vertex   7.565337e+01 -1.107357e+02 -7.500000e+00
    endloop
  endfacet
  facet normal 0.000000e+00 0.000000e+00 -1.000000e+00
    outer loop
      vertex   7.565337e+01 -1.107357e+02 -7.500000e+00
      vertex   6.916663e+01 -1.105888e+02 -7.500000e+00
      vertex   6.953471e+01 -1.100703e+02 -7.500000e+00
    endloop
  endfacet
  facet normal 0.000000e+00 0.000000e+00 -1.000000e+00
    outer loop
      vertex   7.565337e+01 -1.107357e+02 -7.500000e+00
      vertex   6.953471e+01 -1.100703e+02 -7.500000e+00
      vertex   7.508154e+01 -1.094655e+02 -7.500000e+00
    endloop
  endfacet
  facet normal 0.000000e+00 0.000000e+00 -1.000000e+00
    outer loop
      vertex   7.508154e+01 -1.094655e+02 -7.500000e+00
      vertex   6.953471e+01 -1.100703e+02 -7.500000e+00
      vertex   6.976008e+01 -1.094757e+02 -7.500000e+00
    endloop
  endfacet
  facet normal -0.000000e+00 0.000000e+00 -1.000000e+00
    outer loop
      vertex   7.508154e+01 -1.094655e+02 -7.500000e+00
      vertex   6.976008e+01 -1.094757e+02 -7.500000e+00
      vertex   7.434392e+01 -1.082838e+02 -7.500000e+00
    endloop
  endfacet
  facet normal 0.000000e+00 0.000000e+00 -1.000000e+00
    outer loop
      vertex   7.434392e+01 -1.082838e+02 -7.500000e+00
      vertex   6.976008e+01 -1.094757e+02 -7.500000e+00
      vertex   6.982815e+01 -1.088435e+02 -7.500000e+00
    endloop
  endfacet
  facet normal -0.000000e+00 0.000000e+00 -1.000000e+00
    outer loop
      vertex   7.434392e+01 -1.082838e+02 -7.500000e+00
      vertex   6.982815e+01 -1.088435e+02 -7.500000e+00
      vertex   7.345393e+01 -1.072122e+02 -7.500000e+00
    endloop
  endfacet
  facet normal 0.000000e+00 0.000000e+00 -1.000000e+00
    outer loop
      vertex   7.345393e+01 -1.072122e+02 -7.500000e+00
      vertex   6.982815e+01 -1.088435e+02 -7.500000e+00
      vertex   6.973451e+01 -1.082145e+02 -7.500000e+00
    endloop
  endfacet
  facet normal 0.000000e+00 0.000000e+00 -1.000000e+00
    outer loop
      vertex   7.345393e+01 -1.072122e+02 -7.500000e+00
      vertex   6.973451e+01 -1.082145e+02 -7.500000e+00
      vertex   6.948523e+01 -1.076296e+02 -7.500000e+00
    endloop
  endfacet
  facet normal -0.000000e+00 0.000000e+00 -1.000000e+00
    outer loop
      vertex   7.345393e+01 -1.072122e+02 -7.500000e+00
      vertex   6.948523e+01 -1.076296e+02 -7.500000e+00
      vertex   7.242777e+01 -1.062701e+02 -7.500000e+00
    endloop
  endfacet
  facet normal 0.000000e+00 0.000000e+00 -1.000000e+00
    outer loop
      vertex   7.242777e+01 -1.062701e+02 -7.500000e+00
      vertex   6.948523e+01 -1.076296e+02 -7.500000e+00
      vertex   6.909643e+01 -1.071264e+02 -7.500000e+00
    endloop
  endfacet
  facet normal -0.000000e+00 0.000000e+00 -1.000000e+00
    outer loop
      vertex   7.242777e+01 -1.062701e+02 -7.500000e+00
      vertex   6.909643e+01 -1.071264e+02 -7.500000e+00
      vertex   7.128414e+01 -1.054748e+02 -7.500000e+00
    endloop
  endfacet
  facet normal -0.000000e+00 0.000000e+00 -1.000000e+00
    outer loop
      vertex   7.128414e+01 -1.054748e+02 -7.500000e+00
      vertex   6.909643e+01 -1.071264e+02 -7.500000e+00
      vertex   7.004384e+01 -1.048407e+02 -7.500000e+00
    endloop
  endfacet
  facet normal -0.000000e+00 0.000000e+00 -1.000000e+00
    outer loop
      vertex   7.004384e+01 -1.048407e+02 -7.500000e+00
      vertex   6.909643e+01 -1.071264e+02 -7.500000e+00
      vertex   6.872946e+01 -1.043793e+02 -7.500000e+00
    endloop
  endfacet
  facet normal -0.000000e+00 -0.000000e+00 -1.000000e+00
    outer loop
      vertex   6.872946e+01 -1.043793e+02 -7.500000e+00
      vertex   6.909643e+01 -1.071264e+02 -7.500000e+00
      vertex   6.736494e+01 -1.040990e+02 -7.500000e+00
    endloop
  endfacet
  facet normal -0.000000e+00 -0.000000e+00 -1.000000e+00
    outer loop
      vertex   6.736494e+01 -1.040990e+02 -7.500000e+00
      vertex   6.909643e+01 -1.071264e+02 -7.500000e+00
      vertex   6.597511e+01 -1.040051e+02 -7.500000e+00
    endloop
  endfacet
  facet normal 0.000000e+00 0.000000e+00 -1.000000e+00
    outer loop
      vertex   1.345329e+02 -3.212073e+01 -7.500000e+00
      vertex   1.354125e+02 -3.092486e+01 -7.500000e+00
      vertex   1.345495e+02 -3.222046e+01 -7.500000e+00
    endloop
  endfacet
  facet normal 0.000000e+00 0.000000e+00 -1.000000e+00
    outer loop
      vertex   1.345495e+02 -3.222046e+01 -7.500000e+00
      vertex   1.354125e+02 -3.092486e+01 -7.500000e+00
      vertex   1.398251e+02 -3.092486e+01 -7.500000e+00
    endloop
  endfacet
  facet normal 0.000000e+00 0.000000e+00 -1.000000e+00
    outer loop
      vertex   1.345495e+02 -3.222046e+01 -7.500000e+00
      vertex   1.398251e+02 -3.092486e+01 -7.500000e+00
      vertex   1.406249e+02 -3.132500e+01 -7.500000e+00
    endloop
  endfacet
  facet normal 0.000000e+00 0.000000e+00 -1.000000e+00
    outer loop
      vertex   1.345329e+02 -3.212073e+01 -7.500000e+00
      vertex   1.345172e+02 -3.202084e+01 -7.500000e+00
      vertex   1.354125e+02 -3.092486e+01 -7.500000e+00
    endloop
  endfacet
  facet normal 0.000000e+00 0.000000e+00 -1.000000e+00
    outer loop
      vertex   1.354125e+02 -3.092486e+01 -7.500000e+00
      vertex   1.345172e+02 -3.202084e+01 -7.500000e+00
      vertex   1.345026e+02 -3.192079e+01 -7.500000e+00
    endloop
  endfacet
  facet normal 0.000000e+00 -0.000000e+00 -1.000000e+00
    outer loop
      vertex   1.406249e+02 -3.132500e+01 -7.500000e+00
      vertex   1.418079e+02 -3.290393e+01 -7.500000e+00
      vertex   1.345495e+02 -3.222046e+01 -7.500000e+00
    endloop
  endfacet
  facet normal 0.000000e+00 0.000000e+00 -1.000000e+00
    outer loop
      vertex   1.345495e+02 -3.222046e+01 -7.500000e+00
      vertex   1.418079e+02 -3.290393e+01 -7.500000e+00
      vertex   1.419143e+02 -3.396498e+01 -7.500000e+00
    endloop
  endfacet
  facet normal 0.000000e+00 0.000000e+00 -1.000000e+00
    outer loop
      vertex   1.345495e+02 -3.222046e+01 -7.500000e+00
      vertex   1.419143e+02 -3.396498e+01 -7.500000e+00
      vertex   1.417292e+02 -3.492496e+01 -7.500000e+00
    endloop
  endfacet
  facet normal -1.248500e-14 -1.251599e-15 -1.000000e+00
    outer loop
      vertex   1.418079e+02 -3.290393e+01 -7.500000e+00
      vertex   1.419673e+02 -3.378393e+01 -7.500000e+00
      vertex   1.419143e+02 -3.396498e+01 -7.500000e+00
    endloop
  endfacet
  facet normal -0.000000e+00 0.000000e+00 -1.000000e+00
    outer loop
      vertex   1.417292e+02 -3.492496e+01 -7.500000e+00
      vertex   1.417271e+02 -3.590261e+01 -7.500000e+00
      vertex   1.345495e+02 -3.222046e+01 -7.500000e+00
    endloop
  endfacet
  facet normal 0.000000e+00 0.000000e+00 -1.000000e+00
    outer loop
      vertex   1.345495e+02 -3.222046e+01 -7.500000e+00
      vertex   1.417271e+02 -3.590261e+01 -7.500000e+00
      vertex   1.419081e+02 -3.686337e+01 -7.500000e+00
    endloop
  endfacet
  facet normal 0.000000e+00 0.000000e+00 -1.000000e+00
    outer loop
      vertex   1.345495e+02 -3.222046e+01 -7.500000e+00
      vertex   1.419081e+02 -3.686337e+01 -7.500000e+00
      vertex   1.422656e+02 -3.777328e+01 -7.500000e+00
    endloop
  endfacet
  facet normal -0.000000e+00 -0.000000e+00 -1.000000e+00
    outer loop
      vertex   1.422656e+02 -3.777328e+01 -7.500000e+00
      vertex   1.427872e+02 -3.860018e+01 -7.500000e+00
      vertex   1.345495e+02 -3.222046e+01 -7.500000e+00
    endloop
  endfacet
  facet normal 9.839961e-01 1.781898e-01 -0.000000e+00
    outer loop
      vertex   1.418079e+02 -3.290393e+01 -7.500000e+00
      vertex   1.418079e+02 -3.290393e+01 7.500000e+00
      vertex   1.419673e+02 -3.378393e+01 -7.500000e+00
    endloop
  endfacet
  facet normal 9.839961e-01 1.781898e-01 -0.000000e+00
    outer loop
      vertex   1.419673e+02 -3.378393e+01 -7.500000e+00
      vertex   1.418079e+02 -3.290393e+01 7.500000e+00
      vertex   1.419673e+02 -3.378393e+01 7.500000e+00
    endloop
  endfacet
  facet normal 9.597356e-01 -2.809048e-01 0.000000e+00
    outer loop
      vertex   1.419673e+02 -3.378393e+01 7.500000e+00
      vertex   1.419143e+02 -3.396498e+01 7.500000e+00
      vertex   1.419673e+02 -3.378393e+01 -7.500000e+00
    endloop
  endfacet
  facet normal 9.597356e-01 -2.809048e-01 0.000000e+00
    outer loop
      vertex   1.419673e+02 -3.378393e+01 -7.500000e+00
      vertex   1.419143e+02 -3.396498e+01 7.500000e+00
      vertex   1.419143e+02 -3.396498e+01 -7.500000e+00
    endloop
  endfacet
  facet normal 4.474244e-01 8.943218e-01 -0.000000e+00
    outer loop
      vertex   1.398251e+02 -3.092486e+01 -7.500000e+00
      vertex   1.398251e+02 -3.092486e+01 7.500000e+00
      vertex   1.406249e+02 -3.132500e+01 -7.500000e+00
    endloop
  endfacet
  facet normal 4.474244e-01 8.943218e-01 -0.000000e+00
    outer loop
      vertex   1.406249e+02 -3.132500e+01 -7.500000e+00
      vertex   1.398251e+02 -3.092486e+01 7.500000e+00
      vertex   1.406249e+02 -3.132500e+01 7.500000e+00
    endloop
  endfacet
  facet normal 8.002827e-01 5.996229e-01 0.000000e+00
    outer loop
      vertex   1.418079e+02 -3.290393e+01 7.500000e+00
      vertex   1.418079e+02 -3.290393e+01 -7.500000e+00
      vertex   1.406249e+02 -3.132500e+01 7.500000e+00
    endloop
  endfacet
  facet normal 8.002827e-01 5.996229e-01 0.000000e+00
    outer loop
      vertex   1.406249e+02 -3.132500e+01 7.500000e+00
      vertex   1.418079e+02 -3.290393e+01 -7.500000e+00
      vertex   1.406249e+02 -3.132500e+01 -7.500000e+00
    endloop
  endfacet
  facet normal -0.000000e+00 1.000000e+00 0.000000e+00
    outer loop
      vertex   7.776858e+00 -3.042486e+01 -3.191600e+00
      vertex   8.231775e+00 -3.042486e+01 -2.020386e+00
      vertex   1.682001e+01 -3.042486e+01 -7.500000e+00
    endloop
  endfacet
  facet normal 0.000000e+00 1.000000e+00 0.000000e+00
    outer loop
      vertex   1.682001e+01 -3.042486e+01 -7.500000e+00
      vertex   8.231775e+00 -3.042486e+01 -2.020386e+00
      vertex   8.231775e+00 -3.042486e+01 2.020386e+00
    endloop
  endfacet
  facet normal 0.000000e+00 1.000000e+00 -0.000000e+00
    outer loop
      vertex   1.682001e+01 -3.042486e+01 -7.500000e+00
      vertex   8.231775e+00 -3.042486e+01 2.020386e+00
      vertex   1.682001e+01 -3.042486e+01 7.500000e+00
    endloop
  endfacet
  facet normal 0.000000e+00 1.000000e+00 0.000000e+00
    outer loop
      vertex   1.682001e+01 -3.042486e+01 7.500000e+00
      vertex   8.231775e+00 -3.042486e+01 2.020386e+00
      vertex   7.776858e+00 -3.042486e+01 3.191600e+00
    endloop
  endfacet
  facet normal 0.000000e+00 1.000000e+00 0.000000e+00
    outer loop
      vertex   1.682001e+01 -3.042486e+01 7.500000e+00
      vertex   7.776858e+00 -3.042486e+01 3.191600e+00
      vertex   7.125912e+00 -3.042486e+01 4.266291e+00
    endloop
  endfacet
  facet normal 0.000000e+00 1.000000e+00 -0.000000e+00
    outer loop
      vertex   7.125912e+00 -3.042486e+01 4.266291e+00
      vertex   6.298624e+00 -3.042486e+01 5.211957e+00
      vertex   1.682001e+01 -3.042486e+01 7.500000e+00
    endloop
  endfacet
  facet normal 0.000000e+00 1.000000e+00 0.000000e+00
    outer loop
      vertex   1.682001e+01 -3.042486e+01 7.500000e+00
      vertex   6.298624e+00 -3.042486e+01 5.211957e+00
      vertex   5.320013e+00 -3.042486e+01 6.000000e+00
    endloop
  endfacet
  facet normal -1.323993e-16 1.000000e+00 1.015061e-15
    outer loop
      vertex   1.682001e+01 -3.042486e+01 7.500000e+00
      vertex   5.320013e+00 -3.042486e+01 6.000000e+00
      vertex   5.320013e+00 -3.042486e+01 9.500000e+00
    endloop
  endfacet
  facet normal -0.000000e+00 1.000000e+00 1.776357e-15
    outer loop
      vertex   5.320013e+00 -3.042486e+01 9.500000e+00
      vertex   1.469051e+02 -3.042486e+01 9.500000e+00
      vertex   1.682001e+01 -3.042486e+01 7.500000e+00
    endloop
  endfacet
  facet normal -0.000000e+00 1.000000e+00 1.776357e-15
    outer loop
      vertex   1.682001e+01 -3.042486e+01 7.500000e+00
      vertex   1.469051e+02 -3.042486e+01 9.500000e+00
      vertex   1.469051e+02 -3.042486e+01 7.500000e+00
    endloop
  endfacet
  facet normal 0.000000e+00 1.000000e+00 0.000000e+00
    outer loop
      vertex   5.320013e+00 -3.042486e+01 -7.500000e+00
      vertex   5.320013e+00 -3.042486e+01 -6.000000e+00
      vertex   1.682001e+01 -3.042486e+01 -7.500000e+00
    endloop
  endfacet
  facet normal 0.000000e+00 1.000000e+00 0.000000e+00
    outer loop
      vertex   1.682001e+01 -3.042486e+01 -7.500000e+00
      vertex   5.320013e+00 -3.042486e+01 -6.000000e+00
      vertex   6.298624e+00 -3.042486e+01 -5.211957e+00
    endloop
  endfacet
  facet normal 0.000000e+00 1.000000e+00 0.000000e+00
    outer loop
      vertex   1.682001e+01 -3.042486e+01 -7.500000e+00
      vertex   6.298624e+00 -3.042486e+01 -5.211957e+00
      vertex   7.125912e+00 -3.042486e+01 -4.266291e+00
    endloop
  endfacet
  facet normal -0.000000e+00 1.000000e+00 0.000000e+00
    outer loop
      vertex   7.125912e+00 -3.042486e+01 -4.266291e+00
      vertex   7.776858e+00 -3.042486e+01 -3.191600e+00
      vertex   1.682001e+01 -3.042486e+01 -7.500000e+00
    endloop
  endfacet
  facet normal -9.396926e-01 3.420201e-01 0.000000e+00
    outer loop
      vertex   8.231775e+00 -3.042486e+01 2.020386e+00
      vertex   8.231775e+00 -3.042486e+01 -2.020386e+00
      vertex   8.029825e+00 -3.097971e+01 2.615901e+00
    endloop
  endfacet
  facet normal -9.396926e-01 3.420201e-01 -2.322526e-16
    outer loop
      vertex   8.029825e+00 -3.097971e+01 2.615901e+00
      vertex   8.231775e+00 -3.042486e+01 -2.020386e+00
      vertex   8.029825e+00 -3.097971e+01 -2.615901e+00
    endloop
  endfacet
  facet normal -9.396926e-01 3.420201e-01 -2.322526e-16
    outer loop
      vertex   8.029825e+00 -3.097971e+01 2.615901e+00
      vertex   8.029825e+00 -3.097971e+01 -2.615901e+00
      vertex   7.776858e+00 -3.167473e+01 3.191600e+00
    endloop
  endfacet
  facet normal -9.396926e-01 3.420201e-01 1.307518e-16
    outer loop
      vertex   7.776858e+00 -3.167473e+01 3.191600e+00
      vertex   8.029825e+00 -3.097971e+01 -2.615901e+00
      vertex   7.776858e+00 -3.167473e+01 -3.191600e+00
    endloop
  endfacet
  facet normal -9.396926e-01 3.420201e-01 1.307518e-16
    outer loop
      vertex   7.776858e+00 -3.167473e+01 3.191600e+00
      vertex   7.776858e+00 -3.167473e+01 -3.191600e+00
      vertex   7.474791e+00 -3.250466e+01 3.743122e+00
    endloop
  endfacet
  facet normal -9.396926e-01 3.420201e-01 0.000000e+00
    outer loop
      vertex   7.474791e+00 -3.250466e+01 3.743122e+00
      vertex   7.776858e+00 -3.167473e+01 -3.191600e+00
      vertex   7.474791e+00 -3.250466e+01 -3.743122e+00
    endloop
  endfacet
  facet normal -9.396926e-01 3.420201e-01 0.000000e+00
    outer loop
      vertex   7.474791e+00 -3.250466e+01 3.743122e+00
      vertex   7.474791e+00 -3.250466e+01 -3.743122e+00
      vertex   7.125912e+00 -3.346319e+01 4.266291e+00
    endloop
  endfacet
  facet normal -9.396926e-01 3.420201e-01 0.000000e+00
    outer loop
      vertex   7.125912e+00 -3.346319e+01 4.266291e+00
      vertex   7.474791e+00 -3.250466e+01 -3.743122e+00
      vertex   7.125912e+00 -3.346319e+01 -4.266291e+00
    endloop
  endfacet
  facet normal -9.396926e-01 3.420201e-01 0.000000e+00
    outer loop
      vertex   7.125912e+00 -3.346319e+01 4.266291e+00
      vertex   7.125912e+00 -3.346319e+01 -4.266291e+00
      vertex   6.732864e+00 -3.454308e+01 4.757142e+00
    endloop
  endfacet
  facet normal -9.396926e-01 3.420201e-01 0.000000e+00
    outer loop
      vertex   6.732864e+00 -3.454308e+01 4.757142e+00
      vertex   7.125912e+00 -3.346319e+01 -4.266291e+00
      vertex   6.732864e+00 -3.454308e+01 -4.757142e+00
    endloop
  endfacet
  facet normal -9.396926e-01 3.420201e-01 0.000000e+00
    outer loop
      vertex   6.732864e+00 -3.454308e+01 4.757142e+00
      vertex   6.732864e+00 -3.454308e+01 -4.757142e+00
      vertex   6.298624e+00 -3.573615e+01 5.211957e+00
    endloop
  endfacet
  facet normal -9.396926e-01 3.420201e-01 0.000000e+00
    outer loop
      vertex   6.298624e+00 -3.573615e+01 5.211957e+00
      vertex   6.732864e+00 -3.454308e+01 -4.757142e+00
      vertex   6.298624e+00 -3.573615e+01 -5.211957e+00
    endloop
  endfacet
  facet normal -9.396926e-01 3.420201e-01 0.000000e+00
    outer loop
      vertex   6.298624e+00 -3.573615e+01 5.211957e+00
      vertex   6.298624e+00 -3.573615e+01 -5.211957e+00
      vertex   5.826481e+00 -3.703335e+01 5.627292e+00
    endloop
  endfacet
  facet normal -9.396926e-01 3.420201e-01 0.000000e+00
    outer loop
      vertex   5.826481e+00 -3.703335e+01 5.627292e+00
      vertex   6.298624e+00 -3.573615e+01 -5.211957e+00
      vertex   5.826481e+00 -3.703335e+01 -5.627292e+00
    endloop
  endfacet
  facet normal -9.396926e-01 3.420201e-01 0.000000e+00
    outer loop
      vertex   5.826481e+00 -3.703335e+01 5.627292e+00
      vertex   5.826481e+00 -3.703335e+01 -5.627292e+00
      vertex   5.320013e+00 -3.842486e+01 -6.000000e+00
    endloop
  endfacet
  facet normal -9.396926e-01 3.420201e-01 0.000000e+00
    outer loop
      vertex   5.320013e+00 -3.842486e+01 -6.000000e+00
      vertex   5.320013e+00 -3.842486e+01 6.000000e+00
      vertex   5.826481e+00 -3.703335e+01 5.627292e+00
    endloop
  endfacet
  facet normal -5.927046e-01 0.000000e+00 -8.054199e-01
    outer loop
      vertex   5.320013e+00 -3.842486e+01 6.000000e+00
      vertex   5.320013e+00 -3.042486e+01 6.000000e+00
      vertex   5.826481e+00 -3.703335e+01 5.627292e+00
    endloop
  endfacet
  facet normal -6.271875e-01 -4.140823e-03 -7.788573e-01
    outer loop
      vertex   5.826481e+00 -3.703335e+01 5.627292e+00
      vertex   5.320013e+00 -3.042486e+01 6.000000e+00
      vertex   6.298624e+00 -3.042486e+01 5.211957e+00
    endloop
  endfacet
  facet normal -6.604928e-01 2.077592e-16 -7.508324e-01
    outer loop
      vertex   5.826481e+00 -3.703335e+01 5.627292e+00
      vertex   6.298624e+00 -3.042486e+01 5.211957e+00
      vertex   6.298624e+00 -3.573615e+01 5.211957e+00
    endloop
  endfacet
  facet normal -7.232777e-01 2.473715e-16 -6.905572e-01
    outer loop
      vertex   6.298624e+00 -3.573615e+01 5.211957e+00
      vertex   6.298624e+00 -3.042486e+01 5.211957e+00
      vertex   6.732864e+00 -3.454308e+01 4.757142e+00
    endloop
  endfacet
  facet normal -7.526272e-01 -6.644665e-03 -6.584134e-01
    outer loop
      vertex   6.732864e+00 -3.454308e+01 4.757142e+00
      vertex   6.298624e+00 -3.042486e+01 5.211957e+00
      vertex   7.125912e+00 -3.042486e+01 4.266291e+00
    endloop
  endfacet
  facet normal -7.805838e-01 8.716378e-16 -6.250511e-01
    outer loop
      vertex   6.732864e+00 -3.454308e+01 4.757142e+00
      vertex   7.125912e+00 -3.042486e+01 4.266291e+00
      vertex   7.125912e+00 -3.346319e+01 4.266291e+00
    endloop
  endfacet
  facet normal -8.319769e-01 8.918058e-16 -5.548102e-01
    outer loop
      vertex   7.125912e+00 -3.346319e+01 4.266291e+00
      vertex   7.125912e+00 -3.042486e+01 4.266291e+00
      vertex   7.474791e+00 -3.250466e+01 3.743122e+00
    endloop
  endfacet
  facet normal -8.552586e-01 -1.315632e-02 -5.180344e-01
    outer loop
      vertex   7.474791e+00 -3.250466e+01 3.743122e+00
      vertex   7.125912e+00 -3.042486e+01 4.266291e+00
      vertex   7.776858e+00 -3.042486e+01 3.191600e+00
    endloop
  endfacet
  facet normal -8.770678e-01 1.130066e-15 -4.803666e-01
    outer loop
      vertex   7.474791e+00 -3.250466e+01 3.743122e+00
      vertex   7.776858e+00 -3.042486e+01 3.191600e+00
      vertex   7.776858e+00 -3.167473e+01 3.191600e+00
    endloop
  endfacet
  facet normal -9.155148e-01 1.079382e-15 -4.022842e-01
    outer loop
      vertex   7.776858e+00 -3.167473e+01 3.191600e+00
      vertex   7.776858e+00 -3.042486e+01 3.191600e+00
      vertex   8.029825e+00 -3.097971e+01 2.615901e+00
    endloop
  endfacet
  facet normal -9.310223e-01 -4.925912e-02 -3.616228e-01
    outer loop
      vertex   8.029825e+00 -3.097971e+01 2.615901e+00
      vertex   7.776858e+00 -3.042486e+01 3.191600e+00
      vertex   8.231775e+00 -3.042486e+01 2.020386e+00
    endloop
  endfacet
  facet normal -5.927046e-01 0.000000e+00 8.054199e-01
    outer loop
      vertex   5.320013e+00 -3.842486e+01 -6.000000e+00
      vertex   5.826481e+00 -3.703335e+01 -5.627292e+00
      vertex   5.320013e+00 -3.042486e+01 -6.000000e+00
    endloop
  endfacet
  facet normal -6.271875e-01 -4.140823e-03 7.788573e-01
    outer loop
      vertex   5.320013e+00 -3.042486e+01 -6.000000e+00
      vertex   5.826481e+00 -3.703335e+01 -5.627292e+00
      vertex   6.298624e+00 -3.042486e+01 -5.211957e+00
    endloop
  endfacet
  facet normal -6.604928e-01 3.313521e-16 7.508324e-01
    outer loop
      vertex   6.298624e+00 -3.042486e+01 -5.211957e+00
      vertex   5.826481e+00 -3.703335e+01 -5.627292e+00
      vertex   6.298624e+00 -3.573615e+01 -5.211957e+00
    endloop
  endfacet
  facet normal -7.232777e-01 3.628497e-16 6.905572e-01
    outer loop
      vertex   6.298624e+00 -3.042486e+01 -5.211957e+00
      vertex   6.298624e+00 -3.573615e+01 -5.211957e+00
      vertex   6.732864e+00 -3.454308e+01 -4.757142e+00
    endloop
  endfacet
  facet normal -7.526272e-01 -6.644665e-03 6.584134e-01
    outer loop
      vertex   6.298624e+00 -3.042486e+01 -5.211957e+00
      vertex   6.732864e+00 -3.454308e+01 -4.757142e+00
      vertex   7.125912e+00 -3.042486e+01 -4.266291e+00
    endloop
  endfacet
  facet normal -7.805838e-01 2.736496e-16 6.250511e-01
    outer loop
      vertex   7.125912e+00 -3.042486e+01 -4.266291e+00
      vertex   6.732864e+00 -3.454308e+01 -4.757142e+00
      vertex   7.125912e+00 -3.346319e+01 -4.266291e+00
    endloop
  endfacet
  facet normal -8.319769e-01 3.242297e-16 5.548102e-01
    outer loop
      vertex   7.125912e+00 -3.042486e+01 -4.266291e+00
      vertex   7.125912e+00 -3.346319e+01 -4.266291e+00
      vertex   7.474791e+00 -3.250466e+01 -3.743122e+00
    endloop
  endfacet
  facet normal -8.552586e-01 -1.315632e-02 5.180344e-01
    outer loop
      vertex   7.125912e+00 -3.042486e+01 -4.266291e+00
      vertex   7.474791e+00 -3.250466e+01 -3.743122e+00
      vertex   7.776858e+00 -3.042486e+01 -3.191600e+00
    endloop
  endfacet
  facet normal -8.770678e-01 6.232572e-16 4.803666e-01
    outer loop
      vertex   7.776858e+00 -3.042486e+01 -3.191600e+00
      vertex   7.474791e+00 -3.250466e+01 -3.743122e+00
      vertex   7.776858e+00 -3.167473e+01 -3.191600e+00
    endloop
  endfacet
  facet normal -9.155148e-01 6.505782e-16 4.022842e-01
    outer loop
      vertex   7.776858e+00 -3.042486e+01 -3.191600e+00
      vertex   7.776858e+00 -3.167473e+01 -3.191600e+00
      vertex   8.029825e+00 -3.097971e+01 -2.615901e+00
    endloop
  endfacet
  facet normal -9.310223e-01 -4.925912e-02 3.616228e-01
    outer loop
      vertex   8.029825e+00 -3.097971e+01 -2.615901e+00
      vertex   8.231775e+00 -3.042486e+01 -2.020386e+00
      vertex   7.776858e+00 -3.042486e+01 -3.191600e+00
    endloop
  endfacet
  facet normal -7.382700e-01 6.745053e-01 0.000000e+00
    outer loop
      vertex   1.345026e+02 -3.192079e+01 -7.500000e+00
      vertex   1.345026e+02 -3.192079e+01 7.500000e+00
      vertex   1.354125e+02 -3.092486e+01 -7.500000e+00
    endloop
  endfacet
  facet normal -7.382700e-01 6.745053e-01 0.000000e+00
    outer loop
      vertex   1.354125e+02 -3.092486e+01 -7.500000e+00
      vertex   1.345026e+02 -3.192079e+01 7.500000e+00
      vertex   1.354125e+02 -3.092486e+01 7.500000e+00
    endloop
  endfacet
  facet normal 0.000000e+00 1.000000e+00 0.000000e+00
    outer loop
      vertex   1.398251e+02 -3.092486e+01 7.500000e+00
      vertex   1.398251e+02 -3.092486e+01 -7.500000e+00
      vertex   1.354125e+02 -3.092486e+01 7.500000e+00
    endloop
  endfacet
  facet normal 0.000000e+00 1.000000e+00 0.000000e+00
    outer loop
      vertex   1.354125e+02 -3.092486e+01 7.500000e+00
      vertex   1.398251e+02 -3.092486e+01 -7.500000e+00
      vertex   1.354125e+02 -3.092486e+01 -7.500000e+00
    endloop
  endfacet
  facet normal 7.071068e-01 7.071068e-01 -0.000000e+00
    outer loop
      vertex   1.682001e+01 -3.042486e+01 -7.500000e+00
      vertex   1.682001e+01 -3.042486e+01 7.500000e+00
      vertex   1.782001e+01 -3.142486e+01 -7.500000e+00
    endloop
  endfacet
  facet normal 7.071068e-01 7.071068e-01 -1.674765e-16
    outer loop
      vertex   1.782001e+01 -3.142486e+01 -7.500000e+00
      vertex   1.682001e+01 -3.042486e+01 7.500000e+00
      vertex   1.782001e+01 -3.142486e+01 7.500000e+00
    endloop
  endfacet
  facet normal 1.000000e+00 -1.776357e-16 -2.368476e-16
    outer loop
      vertex   1.782001e+01 -3.142486e+01 7.500000e+00
      vertex   1.782001e+01 -5.142486e+01 7.500000e+00
      vertex   1.782001e+01 -3.142486e+01 -7.500000e+00
    endloop
  endfacet
  facet normal 1.000000e+00 0.000000e+00 0.000000e+00
    outer loop
      vertex   1.782001e+01 -3.142486e+01 -7.500000e+00
      vertex   1.782001e+01 -5.142486e+01 7.500000e+00
      vertex   1.782001e+01 -5.142486e+01 -7.500000e+00
    endloop
  endfacet
  facet normal -9.894649e-01 -1.447732e-01 -0.000000e+00
    outer loop
      vertex   1.345026e+02 -3.192079e+01 7.500000e+00
      vertex   1.345026e+02 -3.192079e+01 -7.500000e+00
      vertex   1.345172e+02 -3.202084e+01 7.500000e+00
    endloop
  endfacet
  facet normal -9.894649e-01 -1.447732e-01 -0.000000e+00
    outer loop
      vertex   1.345172e+02 -3.202084e+01 7.500000e+00
      vertex   1.345026e+02 -3.192079e+01 -7.500000e+00
      vertex   1.345172e+02 -3.202084e+01 -7.500000e+00
    endloop
  endfacet
  facet normal -9.879505e-01 -1.547702e-01 -0.000000e+00
    outer loop
      vertex   1.345172e+02 -3.202084e+01 7.500000e+00
      vertex   1.345172e+02 -3.202084e+01 -7.500000e+00
      vertex   1.345329e+02 -3.212073e+01 7.500000e+00
    endloop
  endfacet
  facet normal -9.879505e-01 -1.547702e-01 7.331391e-17
    outer loop
      vertex   1.345329e+02 -3.212073e+01 7.500000e+00
      vertex   1.345172e+02 -3.202084e+01 -7.500000e+00
      vertex   1.345329e+02 -3.212073e+01 -7.500000e+00
    endloop
  endfacet
  facet normal -9.863351e-01 -1.647514e-01 7.804195e-17
    outer loop
      vertex   1.345329e+02 -3.212073e+01 7.500000e+00
      vertex   1.345329e+02 -3.212073e+01 -7.500000e+00
      vertex   1.345495e+02 -3.222046e+01 7.500000e+00
    endloop
  endfacet
  facet normal -9.863351e-01 -1.647514e-01 -0.000000e+00
    outer loop
      vertex   1.345495e+02 -3.222046e+01 7.500000e+00
      vertex   1.345329e+02 -3.212073e+01 -7.500000e+00
      vertex   1.345495e+02 -3.222046e+01 -7.500000e+00
    endloop
  endfacet
  facet normal 9.951847e-01 9.801714e-02 1.466305e-12
    outer loop
      vertex   1.519051e+02 -3.542486e+01 9.500000e+00
      vertex   1.519051e+02 -3.542486e+01 7.500000e+00
      vertex   1.518091e+02 -3.444941e+01 9.500000e+00
    endloop
  endfacet
  facet normal 9.951847e-01 9.801714e-02 -1.305544e-12
    outer loop
      vertex   1.518091e+02 -3.444941e+01 9.500000e+00
      vertex   1.519051e+02 -3.542486e+01 7.500000e+00
      vertex   1.518091e+02 -3.444941e+01 7.500000e+00
    endloop
  endfacet
  facet normal 9.569403e-01 2.902847e-01 1.309666e-12
    outer loop
      vertex   1.518091e+02 -3.444941e+01 9.500000e+00
      vertex   1.518091e+02 -3.444941e+01 7.500000e+00
      vertex   1.515245e+02 -3.351144e+01 9.500000e+00
    endloop
  endfacet
  facet normal 9.569403e-01 2.902847e-01 -1.122424e-12
    outer loop
      vertex   1.515245e+02 -3.351144e+01 9.500000e+00
      vertex   1.518091e+02 -3.444941e+01 7.500000e+00
      vertex   1.515245e+02 -3.351144e+01 7.500000e+00
    endloop
  endfacet
  facet normal 8.819213e-01 4.713967e-01 1.118876e-12
    outer loop
      vertex   1.515245e+02 -3.351144e+01 9.500000e+00
      vertex   1.515245e+02 -3.351144e+01 7.500000e+00
      vertex   1.510625e+02 -3.264701e+01 9.500000e+00
    endloop
  endfacet
  facet normal 8.819213e-01 4.713967e-01 -9.400900e-13
    outer loop
      vertex   1.510625e+02 -3.264701e+01 9.500000e+00
      vertex   1.515245e+02 -3.351144e+01 7.500000e+00
      vertex   1.510625e+02 -3.264701e+01 7.500000e+00
    endloop
  endfacet
  facet normal 7.730105e-01 6.343933e-01 9.285565e-13
    outer loop
      vertex   1.510625e+02 -3.264701e+01 9.500000e+00
      vertex   1.510625e+02 -3.264701e+01 7.500000e+00
      vertex   1.504407e+02 -3.188933e+01 9.500000e+00
    endloop
  endfacet
  facet normal 7.730105e-01 6.343933e-01 -7.443263e-13
    outer loop
      vertex   1.504407e+02 -3.188933e+01 9.500000e+00
      vertex   1.510625e+02 -3.264701e+01 7.500000e+00
      vertex   1.504407e+02 -3.188933e+01 7.500000e+00
    endloop
  endfacet
  facet normal 6.343933e-01 7.730105e-01 7.493264e-13
    outer loop
      vertex   1.504407e+02 -3.188933e+01 9.500000e+00
      vertex   1.504407e+02 -3.188933e+01 7.500000e+00
      vertex   1.496830e+02 -3.126751e+01 9.500000e+00
    endloop
  endfacet
  facet normal 6.343933e-01 7.730105e-01 -5.649371e-13
    outer loop
      vertex   1.496830e+02 -3.126751e+01 9.500000e+00
      vertex   1.504407e+02 -3.188933e+01 7.500000e+00
      vertex   1.496830e+02 -3.126751e+01 7.500000e+00
    endloop
  endfacet
  facet normal 4.713967e-01 8.819213e-01 5.569447e-13
    outer loop
      vertex   1.496830e+02 -3.126751e+01 9.500000e+00
      vertex   1.496830e+02 -3.126751e+01 7.500000e+00
      vertex   1.488186e+02 -3.080546e+01 9.500000e+00
    endloop
  endfacet
  facet normal 4.713967e-01 8.819213e-01 -3.735889e-13
    outer loop
      vertex   1.488186e+02 -3.080546e+01 9.500000e+00
      vertex   1.496830e+02 -3.126751e+01 7.500000e+00
      vertex   1.488186e+02 -3.080546e+01 7.500000e+00
    endloop
  endfacet
  facet normal 2.902847e-01 9.569403e-01 3.742431e-13
    outer loop
      vertex   1.488186e+02 -3.080546e+01 9.500000e+00
      vertex   1.488186e+02 -3.080546e+01 7.500000e+00
      vertex   1.478806e+02 -3.052093e+01 9.500000e+00
    endloop
  endfacet
  facet normal 2.902847e-01 9.569403e-01 -1.834282e-13
    outer loop
      vertex   1.478806e+02 -3.052093e+01 9.500000e+00
      vertex   1.488186e+02 -3.080546e+01 7.500000e+00
      vertex   1.478806e+02 -3.052093e+01 7.500000e+00
    endloop
  endfacet
  facet normal 9.801714e-02 9.951847e-01 1.887678e-13
    outer loop
      vertex   1.478806e+02 -3.052093e+01 9.500000e+00
      vertex   1.478806e+02 -3.052093e+01 7.500000e+00
      vertex   1.469051e+02 -3.042486e+01 9.500000e+00
    endloop
  endfacet
  facet normal 9.801714e-02 9.951847e-01 1.767803e-15
    outer loop
      vertex   1.469051e+02 -3.042486e+01 9.500000e+00
      vertex   1.478806e+02 -3.052093e+01 7.500000e+00
      vertex   1.469051e+02 -3.042486e+01 7.500000e+00
    endloop
  endfacet
  facet normal 0.000000e+00 0.000000e+00 1.000000e+00
    outer loop
      vertex   1.518091e+02 -3.444941e+01 9.500000e+00
      vertex   1.469051e+02 -3.042486e+01 9.500000e+00
      vertex   1.519051e+02 -3.542486e+01 9.500000e+00
    endloop
  endfacet
  facet normal 0.000000e+00 0.000000e+00 1.000000e+00
    outer loop
      vertex   1.519051e+02 -3.542486e+01 9.500000e+00
      vertex   1.469051e+02 -3.042486e+01 9.500000e+00
      vertex   5.320013e+00 -3.042486e+01 9.500000e+00
    endloop
  endfacet
  facet normal 0.000000e+00 0.000000e+00 1.000000e+00
    outer loop
      vertex   1.519051e+02 -3.542486e+01 9.500000e+00
      vertex   5.320013e+00 -3.042486e+01 9.500000e+00
      vertex   5.320013e+00 -1.175391e+02 9.500000e+00
    endloop
  endfacet
  facet normal 0.000000e+00 0.000000e+00 1.000000e+00
    outer loop
      vertex   1.518091e+02 -3.444941e+01 9.500000e+00
      vertex   1.515245e+02 -3.351144e+01 9.500000e+00
      vertex   1.469051e+02 -3.042486e+01 9.500000e+00
    endloop
  endfacet
  facet normal 0.000000e+00 0.000000e+00 1.000000e+00
    outer loop
      vertex   1.469051e+02 -3.042486e+01 9.500000e+00
      vertex   1.515245e+02 -3.351144e+01 9.500000e+00
      vertex   1.510625e+02 -3.264701e+01 9.500000e+00
    endloop
  endfacet
  facet normal 0.000000e+00 0.000000e+00 1.000000e+00
    outer loop
      vertex   1.469051e+02 -3.042486e+01 9.500000e+00
      vertex   1.510625e+02 -3.264701e+01 9.500000e+00
      vertex   1.504407e+02 -3.188933e+01 9.500000e+00
    endloop
  endfacet
  facet normal 0.000000e+00 0.000000e+00 1.000000e+00
    outer loop
      vertex   1.504407e+02 -3.188933e+01 9.500000e+00
      vertex   1.496830e+02 -3.126751e+01 9.500000e+00
      vertex   1.469051e+02 -3.042486e+01 9.500000e+00
    endloop
  endfacet
  facet normal 0.000000e+00 0.000000e+00 1.000000e+00
    outer loop
      vertex   1.469051e+02 -3.042486e+01 9.500000e+00
      vertex   1.496830e+02 -3.126751e+01 9.500000e+00
      vertex   1.488186e+02 -3.080546e+01 9.500000e+00
    endloop
  endfacet
  facet normal 0.000000e+00 0.000000e+00 1.000000e+00
    outer loop
      vertex   1.469051e+02 -3.042486e+01 9.500000e+00
      vertex   1.488186e+02 -3.080546e+01 9.500000e+00
      vertex   1.478806e+02 -3.052093e+01 9.500000e+00
    endloop
  endfacet
  facet normal -0.000000e+00 -0.000000e+00 1.000000e+00
    outer loop
      vertex   5.422674e+00 -1.191054e+02 9.500000e+00
      vertex   1.732001e+01 -1.295391e+02 9.500000e+00
      vertex   5.320013e+00 -1.175391e+02 9.500000e+00
    endloop
  endfacet
  facet normal 0.000000e+00 0.000000e+00 1.000000e+00
    outer loop
      vertex   5.320013e+00 -1.175391e+02 9.500000e+00
      vertex   1.732001e+01 -1.295391e+02 9.500000e+00
      vertex   1.399051e+02 -1.295391e+02 9.500000e+00
    endloop
  endfacet
  facet normal -0.000000e+00 0.000000e+00 1.000000e+00
    outer loop
      vertex   5.320013e+00 -1.175391e+02 9.500000e+00
      vertex   1.399051e+02 -1.295391e+02 9.500000e+00
      vertex   1.519051e+02 -1.175391e+02 9.500000e+00
    endloop
  endfacet
  facet normal 0.000000e+00 0.000000e+00 1.000000e+00
    outer loop
      vertex   1.519051e+02 -1.175391e+02 9.500000e+00
      vertex   1.399051e+02 -1.295391e+02 9.500000e+00
      vertex   1.518025e+02 -1.191054e+02 9.500000e+00
    endloop
  endfacet
  facet normal 0.000000e+00 0.000000e+00 1.000000e+00
    outer loop
      vertex   1.518025e+02 -1.191054e+02 9.500000e+00
      vertex   1.399051e+02 -1.295391e+02 9.500000e+00
      vertex   1.514962e+02 -1.206449e+02 9.500000e+00
    endloop
  endfacet
  facet normal 0.000000e+00 0.000000e+00 1.000000e+00
    outer loop
      vertex   1.514962e+02 -1.206449e+02 9.500000e+00
      vertex   1.399051e+02 -1.295391e+02 9.500000e+00
      vertex   1.509917e+02 -1.221313e+02 9.500000e+00
    endloop
  endfacet
  facet normal 0.000000e+00 0.000000e+00 1.000000e+00
    outer loop
      vertex   1.509917e+02 -1.221313e+02 9.500000e+00
      vertex   1.399051e+02 -1.295391e+02 9.500000e+00
      vertex   1.502974e+02 -1.235391e+02 9.500000e+00
    endloop
  endfacet
  facet normal 0.000000e+00 0.000000e+00 1.000000e+00
    outer loop
      vertex   1.502974e+02 -1.235391e+02 9.500000e+00
      vertex   1.399051e+02 -1.295391e+02 9.500000e+00
      vertex   1.494254e+02 -1.248442e+02 9.500000e+00
    endloop
  endfacet
  facet normal 0.000000e+00 0.000000e+00 1.000000e+00
    outer loop
      vertex   1.494254e+02 -1.248442e+02 9.500000e+00
      vertex   1.399051e+02 -1.295391e+02 9.500000e+00
      vertex   1.483904e+02 -1.260243e+02 9.500000e+00
    endloop
  endfacet
  facet normal 0.000000e+00 0.000000e+00 1.000000e+00
    outer loop
      vertex   1.483904e+02 -1.260243e+02 9.500000e+00
      vertex   1.399051e+02 -1.295391e+02 9.500000e+00
      vertex   1.472103e+02 -1.270593e+02 9.500000e+00
    endloop
  endfacet
  facet normal 0.000000e+00 0.000000e+00 1.000000e+00
    outer loop
      vertex   1.472103e+02 -1.270593e+02 9.500000e+00
      vertex   1.399051e+02 -1.295391e+02 9.500000e+00
      vertex   1.459051e+02 -1.279314e+02 9.500000e+00
    endloop
  endfacet
  facet normal 0.000000e+00 0.000000e+00 1.000000e+00
    outer loop
      vertex   1.459051e+02 -1.279314e+02 9.500000e+00
      vertex   1.399051e+02 -1.295391e+02 9.500000e+00
      vertex   1.444973e+02 -1.286256e+02 9.500000e+00
    endloop
  endfacet
  facet normal 0.000000e+00 0.000000e+00 1.000000e+00
    outer loop
      vertex   1.444973e+02 -1.286256e+02 9.500000e+00
      vertex   1.399051e+02 -1.295391e+02 9.500000e+00
      vertex   1.430110e+02 -1.291302e+02 9.500000e+00
    endloop
  endfacet
  facet normal 0.000000e+00 0.000000e+00 1.000000e+00
    outer loop
      vertex   1.430110e+02 -1.291302e+02 9.500000e+00
      vertex   1.399051e+02 -1.295391e+02 9.500000e+00
      vertex   1.414715e+02 -1.294364e+02 9.500000e+00
    endloop
  endfacet
  facet normal 0.000000e+00 0.000000e+00 1.000000e+00
    outer loop
      vertex   5.422674e+00 -1.191054e+02 9.500000e+00
      vertex   5.728903e+00 -1.206449e+02 9.500000e+00
      vertex   1.732001e+01 -1.295391e+02 9.500000e+00
    endloop
  endfacet
  facet normal 0.000000e+00 0.000000e+00 1.000000e+00
    outer loop
      vertex   1.732001e+01 -1.295391e+02 9.500000e+00
      vertex   5.728903e+00 -1.206449e+02 9.500000e+00
      vertex   6.233458e+00 -1.221313e+02 9.500000e+00
    endloop
  endfacet
  facet normal 0.000000e+00 0.000000e+00 1.000000e+00
    outer loop
      vertex   1.732001e+01 -1.295391e+02 9.500000e+00
      vertex   6.233458e+00 -1.221313e+02 9.500000e+00
      vertex   6.927708e+00 -1.235391e+02 9.500000e+00
    endloop
  endfacet
  facet normal 0.000000e+00 0.000000e+00 1.000000e+00
    outer loop
      vertex   6.927708e+00 -1.235391e+02 9.500000e+00
      vertex   7.799773e+00 -1.248442e+02 9.500000e+00
      vertex   1.732001e+01 -1.295391e+02 9.500000e+00
    endloop
  endfacet
  facet normal 0.000000e+00 0.000000e+00 1.000000e+00
    outer loop
      vertex   1.732001e+01 -1.295391e+02 9.500000e+00
      vertex   7.799773e+00 -1.248442e+02 9.500000e+00
      vertex   8.834731e+00 -1.260243e+02 9.500000e+00
    endloop
  endfacet
  facet normal 0.000000e+00 0.000000e+00 1.000000e+00
    outer loop
      vertex   1.732001e+01 -1.295391e+02 9.500000e+00
      vertex   8.834731e+00 -1.260243e+02 9.500000e+00
      vertex   1.001488e+01 -1.270593e+02 9.500000e+00
    endloop
  endfacet
  facet normal 0.000000e+00 0.000000e+00 1.000000e+00
    outer loop
      vertex   1.001488e+01 -1.270593e+02 9.500000e+00
      vertex   1.132001e+01 -1.279314e+02 9.500000e+00
      vertex   1.732001e+01 -1.295391e+02 9.500000e+00
    endloop
  endfacet
  facet normal 0.000000e+00 0.000000e+00 1.000000e+00
    outer loop
      vertex   1.732001e+01 -1.295391e+02 9.500000e+00
      vertex   1.132001e+01 -1.279314e+02 9.500000e+00
      vertex   1.272781e+01 -1.286256e+02 9.500000e+00
    endloop
  endfacet
  facet normal 0.000000e+00 0.000000e+00 1.000000e+00
    outer loop
      vertex   1.732001e+01 -1.295391e+02 9.500000e+00
      vertex   1.272781e+01 -1.286256e+02 9.500000e+00
      vertex   1.421418e+01 -1.291302e+02 9.500000e+00
    endloop
  endfacet
  facet normal 0.000000e+00 0.000000e+00 1.000000e+00
    outer loop
      vertex   1.421418e+01 -1.291302e+02 9.500000e+00
      vertex   1.575370e+01 -1.294364e+02 9.500000e+00
      vertex   1.732001e+01 -1.295391e+02 9.500000e+00
    endloop
  endfacet
  facet normal 0.000000e+00 -0.000000e+00 1.000000e+00
    outer loop
      vertex   1.519051e+02 -1.175391e+02 9.500000e+00
      vertex   1.519051e+02 -3.542486e+01 9.500000e+00
      vertex   5.320013e+00 -1.175391e+02 9.500000e+00
    endloop
  endfacet
  facet normal -9.914449e-01 -1.305262e-01 0.000000e+00
    outer loop
      vertex   1.442005e+02 -3.614955e+01 6.500000e+00
      vertex   1.442005e+02 -3.614955e+01 7.500000e+00
      vertex   1.441051e+02 -3.542486e+01 6.500000e+00
    endloop
  endfacet
  facet normal -9.914449e-01 -1.305262e-01 0.000000e+00
    outer loop
      vertex   1.441051e+02 -3.542486e+01 6.500000e+00
      vertex   1.442005e+02 -3.614955e+01 7.500000e+00
      vertex   1.441051e+02 -3.542486e+01 7.500000e+00
    endloop
  endfacet
  facet normal -9.914449e-01 1.305262e-01 0.000000e+00
    outer loop
      vertex   1.441051e+02 -3.542486e+01 6.500000e+00
      vertex   1.441051e+02 -3.542486e+01 7.500000e+00
      vertex   1.442005e+02 -3.470017e+01 6.500000e+00
    endloop
  endfacet
  facet normal -9.914449e-01 1.305262e-01 0.000000e+00
    outer loop
      vertex   1.442005e+02 -3.470017e+01 6.500000e+00
      vertex   1.441051e+02 -3.542486e+01 7.500000e+00
      vertex   1.442005e+02 -3.470017e+01 7.500000e+00
    endloop
  endfacet
  facet normal -9.238795e-01 3.826834e-01 0.000000e+00
    outer loop
      vertex   1.442005e+02 -3.470017e+01 6.500000e+00
      vertex   1.442005e+02 -3.470017e+01 7.500000e+00
      vertex   1.444803e+02 -3.402486e+01 6.500000e+00
    endloop
  endfacet
  facet normal -9.238795e-01 3.826834e-01 0.000000e+00
    outer loop
      vertex   1.444803e+02 -3.402486e+01 6.500000e+00
      vertex   1.442005e+02 -3.470017e+01 7.500000e+00
      vertex   1.444803e+02 -3.402486e+01 7.500000e+00
    endloop
  endfacet
  facet normal -7.933533e-01 6.087614e-01 0.000000e+00
    outer loop
      vertex   1.444803e+02 -3.402486e+01 6.500000e+00
      vertex   1.444803e+02 -3.402486e+01 7.500000e+00
      vertex   1.449252e+02 -3.344496e+01 6.500000e+00
    endloop
  endfacet
  facet normal -7.933533e-01 6.087614e-01 0.000000e+00
    outer loop
      vertex   1.449252e+02 -3.344496e+01 6.500000e+00
      vertex   1.444803e+02 -3.402486e+01 7.500000e+00
      vertex   1.449252e+02 -3.344496e+01 7.500000e+00
    endloop
  endfacet
  facet normal -6.087614e-01 7.933533e-01 0.000000e+00
    outer loop
      vertex   1.449252e+02 -3.344496e+01 6.500000e+00
      vertex   1.449252e+02 -3.344496e+01 7.500000e+00
      vertex   1.455051e+02 -3.299999e+01 6.500000e+00
    endloop
  endfacet
  facet normal -6.087614e-01 7.933533e-01 0.000000e+00
    outer loop
      vertex   1.455051e+02 -3.299999e+01 6.500000e+00
      vertex   1.449252e+02 -3.344496e+01 7.500000e+00
      vertex   1.455051e+02 -3.299999e+01 7.500000e+00
    endloop
  endfacet
  facet normal -3.826834e-01 9.238795e-01 0.000000e+00
    outer loop
      vertex   1.455051e+02 -3.299999e+01 6.500000e+00
      vertex   1.455051e+02 -3.299999e+01 7.500000e+00
      vertex   1.461804e+02 -3.272027e+01 6.500000e+00
    endloop
  endfacet
  facet normal -3.826834e-01 9.238795e-01 0.000000e+00
    outer loop
      vertex   1.461804e+02 -3.272027e+01 6.500000e+00
      vertex   1.455051e+02 -3.299999e+01 7.500000e+00
      vertex   1.461804e+02 -3.272027e+01 7.500000e+00
    endloop
  endfacet
  facet normal -1.305262e-01 9.914449e-01 0.000000e+00
    outer loop
      vertex   1.461804e+02 -3.272027e+01 6.500000e+00
      vertex   1.461804e+02 -3.272027e+01 7.500000e+00
      vertex   1.469051e+02 -3.262486e+01 6.500000e+00
    endloop
  endfacet
  facet normal -1.305262e-01 9.914449e-01 0.000000e+00
    outer loop
      vertex   1.469051e+02 -3.262486e+01 6.500000e+00
      vertex   1.461804e+02 -3.272027e+01 7.500000e+00
      vertex   1.469051e+02 -3.262486e+01 7.500000e+00
    endloop
  endfacet
  facet normal 1.305262e-01 9.914449e-01 -0.000000e+00
    outer loop
      vertex   1.469051e+02 -3.262486e+01 6.500000e+00
      vertex   1.469051e+02 -3.262486e+01 7.500000e+00
      vertex   1.476298e+02 -3.272027e+01 6.500000e+00
    endloop
  endfacet
  facet normal 1.305262e-01 9.914449e-01 -3.709778e-15
    outer loop
      vertex   1.476298e+02 -3.272027e+01 6.500000e+00
      vertex   1.469051e+02 -3.262486e+01 7.500000e+00
      vertex   1.476298e+02 -3.272027e+01 7.500000e+00
    endloop
  endfacet
  facet normal 3.826834e-01 9.238795e-01 -1.087652e-14
    outer loop
      vertex   1.476298e+02 -3.272027e+01 6.500000e+00
      vertex   1.476298e+02 -3.272027e+01 7.500000e+00
      vertex   1.483051e+02 -3.299999e+01 6.500000e+00
    endloop
  endfacet
  facet normal 3.826834e-01 9.238795e-01 -1.087652e-14
    outer loop
      vertex   1.483051e+02 -3.299999e+01 6.500000e+00
      vertex   1.476298e+02 -3.272027e+01 7.500000e+00
      vertex   1.483051e+02 -3.299999e+01 7.500000e+00
    endloop
  endfacet
  facet normal 6.087614e-01 7.933533e-01 -1.730204e-14
    outer loop
      vertex   1.483051e+02 -3.299999e+01 6.500000e+00
      vertex   1.483051e+02 -3.299999e+01 7.500000e+00
      vertex   1.488850e+02 -3.344496e+01 6.500000e+00
    endloop
  endfacet
  facet normal 6.087614e-01 7.933533e-01 -0.000000e+00
    outer loop
      vertex   1.488850e+02 -3.344496e+01 6.500000e+00
      vertex   1.483051e+02 -3.299999e+01 7.500000e+00
      vertex   1.488850e+02 -3.344496e+01 7.500000e+00
    endloop
  endfacet
  facet normal 7.933533e-01 6.087614e-01 -0.000000e+00
    outer loop
      vertex   1.488850e+02 -3.344496e+01 6.500000e+00
      vertex   1.488850e+02 -3.344496e+01 7.500000e+00
      vertex   1.493300e+02 -3.402486e+01 6.500000e+00
    endloop
  endfacet
  facet normal 7.933533e-01 6.087614e-01 -0.000000e+00
    outer loop
      vertex   1.493300e+02 -3.402486e+01 6.500000e+00
      vertex   1.488850e+02 -3.344496e+01 7.500000e+00
      vertex   1.493300e+02 -3.402486e+01 7.500000e+00
    endloop
  endfacet
  facet normal 9.238795e-01 3.826834e-01 -0.000000e+00
    outer loop
      vertex   1.493300e+02 -3.402486e+01 6.500000e+00
      vertex   1.493300e+02 -3.402486e+01 7.500000e+00
      vertex   1.496097e+02 -3.470017e+01 6.500000e+00
    endloop
  endfacet
  facet normal 9.238795e-01 3.826834e-01 -0.000000e+00
    outer loop
      vertex   1.496097e+02 -3.470017e+01 6.500000e+00
      vertex   1.493300e+02 -3.402486e+01 7.500000e+00
      vertex   1.496097e+02 -3.470017e+01 7.500000e+00
    endloop
  endfacet
  facet normal 9.914449e-01 1.305262e-01 -0.000000e+00
    outer loop
      vertex   1.496097e+02 -3.470017e+01 6.500000e+00
      vertex   1.496097e+02 -3.470017e+01 7.500000e+00
      vertex   1.497051e+02 -3.542486e+01 6.500000e+00
    endloop
  endfacet
  facet normal 9.914449e-01 1.305262e-01 -0.000000e+00
    outer loop
      vertex   1.497051e+02 -3.542486e+01 6.500000e+00
      vertex   1.496097e+02 -3.470017e+01 7.500000e+00
      vertex   1.497051e+02 -3.542486e+01 7.500000e+00
    endloop
  endfacet
  facet normal 9.914449e-01 -1.305262e-01 0.000000e+00
    outer loop
      vertex   1.497051e+02 -3.542486e+01 6.500000e+00
      vertex   1.497051e+02 -3.542486e+01 7.500000e+00
      vertex   1.496097e+02 -3.614955e+01 6.500000e+00
    endloop
  endfacet
  facet normal 9.914449e-01 -1.305262e-01 0.000000e+00
    outer loop
      vertex   1.496097e+02 -3.614955e+01 6.500000e+00
      vertex   1.497051e+02 -3.542486e+01 7.500000e+00
      vertex   1.496097e+02 -3.614955e+01 7.500000e+00
    endloop
  endfacet
  facet normal 9.238795e-01 -3.826834e-01 0.000000e+00
    outer loop
      vertex   1.496097e+02 -3.614955e+01 6.500000e+00
      vertex   1.496097e+02 -3.614955e+01 7.500000e+00
      vertex   1.493300e+02 -3.682486e+01 6.500000e+00
    endloop
  endfacet
  facet normal 9.238795e-01 -3.826834e-01 0.000000e+00
    outer loop
      vertex   1.493300e+02 -3.682486e+01 6.500000e+00
      vertex   1.496097e+02 -3.614955e+01 7.500000e+00
      vertex   1.493300e+02 -3.682486e+01 7.500000e+00
    endloop
  endfacet
  facet normal 7.933533e-01 -6.087614e-01 0.000000e+00
    outer loop
      vertex   1.493300e+02 -3.682486e+01 6.500000e+00
      vertex   1.493300e+02 -3.682486e+01 7.500000e+00
      vertex   1.488850e+02 -3.740476e+01 6.500000e+00
    endloop
  endfacet
  facet normal 7.933533e-01 -6.087614e-01 0.000000e+00
    outer loop
      vertex   1.488850e+02 -3.740476e+01 6.500000e+00
      vertex   1.493300e+02 -3.682486e+01 7.500000e+00
      vertex   1.488850e+02 -3.740476e+01 7.500000e+00
    endloop
  endfacet
  facet normal 6.087614e-01 -7.933533e-01 0.000000e+00
    outer loop
      vertex   1.488850e+02 -3.740476e+01 6.500000e+00
      vertex   1.488850e+02 -3.740476e+01 7.500000e+00
      vertex   1.483051e+02 -3.784973e+01 6.500000e+00
    endloop
  endfacet
  facet normal 6.087614e-01 -7.933533e-01 1.730204e-14
    outer loop
      vertex   1.483051e+02 -3.784973e+01 6.500000e+00
      vertex   1.488850e+02 -3.740476e+01 7.500000e+00
      vertex   1.483051e+02 -3.784973e+01 7.500000e+00
    endloop
  endfacet
  facet normal 3.826834e-01 -9.238795e-01 1.087652e-14
    outer loop
      vertex   1.483051e+02 -3.784973e+01 6.500000e+00
      vertex   1.483051e+02 -3.784973e+01 7.500000e+00
      vertex   1.476298e+02 -3.812945e+01 6.500000e+00
    endloop
  endfacet
  facet normal 3.826834e-01 -9.238795e-01 1.087652e-14
    outer loop
      vertex   1.476298e+02 -3.812945e+01 6.500000e+00
      vertex   1.483051e+02 -3.784973e+01 7.500000e+00
      vertex   1.476298e+02 -3.812945e+01 7.500000e+00
    endloop
  endfacet
  facet normal 1.305262e-01 -9.914449e-01 3.709778e-15
    outer loop
      vertex   1.476298e+02 -3.812945e+01 6.500000e+00
      vertex   1.476298e+02 -3.812945e+01 7.500000e+00
      vertex   1.469051e+02 -3.822486e+01 6.500000e+00
    endloop
  endfacet
  facet normal 1.305262e-01 -9.914449e-01 0.000000e+00
    outer loop
      vertex   1.469051e+02 -3.822486e+01 6.500000e+00
      vertex   1.476298e+02 -3.812945e+01 7.500000e+00
      vertex   1.469051e+02 -3.822486e+01 7.500000e+00
    endloop
  endfacet
  facet normal -1.305262e-01 -9.914449e-01 0.000000e+00
    outer loop
      vertex   1.469051e+02 -3.822486e+01 6.500000e+00
      vertex   1.469051e+02 -3.822486e+01 7.500000e+00
      vertex   1.461804e+02 -3.812945e+01 6.500000e+00
    endloop
  endfacet
  facet normal -1.305262e-01 -9.914449e-01 0.000000e+00
    outer loop
      vertex   1.461804e+02 -3.812945e+01 6.500000e+00
      vertex   1.469051e+02 -3.822486e+01 7.500000e+00
      vertex   1.461804e+02 -3.812945e+01 7.500000e+00
    endloop
  endfacet
  facet normal -3.826834e-01 -9.238795e-01 0.000000e+00
    outer loop
      vertex   1.461804e+02 -3.812945e+01 6.500000e+00
      vertex   1.461804e+02 -3.812945e+01 7.500000e+00
      vertex   1.455051e+02 -3.784973e+01 6.500000e+00
    endloop
  endfacet
  facet normal -3.826834e-01 -9.238795e-01 0.000000e+00
    outer loop
      vertex   1.455051e+02 -3.784973e+01 6.500000e+00
      vertex   1.461804e+02 -3.812945e+01 7.500000e+00
      vertex   1.455051e+02 -3.784973e+01 7.500000e+00
    endloop
  endfacet
  facet normal -6.087614e-01 -7.933533e-01 0.000000e+00
    outer loop
      vertex   1.455051e+02 -3.784973e+01 6.500000e+00
      vertex   1.455051e+02 -3.784973e+01 7.500000e+00
      vertex   1.449252e+02 -3.740476e+01 6.500000e+00
    endloop
  endfacet
  facet normal -6.087614e-01 -7.933533e-01 0.000000e+00
    outer loop
      vertex   1.449252e+02 -3.740476e+01 6.500000e+00
      vertex   1.455051e+02 -3.784973e+01 7.500000e+00
      vertex   1.449252e+02 -3.740476e+01 7.500000e+00
    endloop
  endfacet
  facet normal -7.933533e-01 -6.087614e-01 0.000000e+00
    outer loop
      vertex   1.449252e+02 -3.740476e+01 6.500000e+00
      vertex   1.449252e+02 -3.740476e+01 7.500000e+00
      vertex   1.444803e+02 -3.682486e+01 6.500000e+00
    endloop
  endfacet
  facet normal -7.933533e-01 -6.087614e-01 0.000000e+00
    outer loop
      vertex   1.444803e+02 -3.682486e+01 6.500000e+00
      vertex   1.449252e+02 -3.740476e+01 7.500000e+00
      vertex   1.444803e+02 -3.682486e+01 7.500000e+00
    endloop
  endfacet
  facet normal -9.238795e-01 -3.826834e-01 0.000000e+00
    outer loop
      vertex   1.444803e+02 -3.682486e+01 6.500000e+00
      vertex   1.444803e+02 -3.682486e+01 7.500000e+00
      vertex   1.442005e+02 -3.614955e+01 6.500000e+00
    endloop
  endfacet
  facet normal -9.238795e-01 -3.826834e-01 0.000000e+00
    outer loop
      vertex   1.442005e+02 -3.614955e+01 6.500000e+00
      vertex   1.444803e+02 -3.682486e+01 7.500000e+00
      vertex   1.442005e+02 -3.614955e+01 7.500000e+00
    endloop
  endfacet
  facet normal 0.000000e+00 -0.000000e+00 -1.000000e+00
    outer loop
      vertex   1.442005e+02 -3.470017e+01 6.500000e+00
      vertex   1.496097e+02 -3.470017e+01 6.500000e+00
      vertex   1.441051e+02 -3.542486e+01 6.500000e+00
    endloop
  endfacet
  facet normal 0.000000e+00 0.000000e+00 -1.000000e+00
    outer loop
      vertex   1.441051e+02 -3.542486e+01 6.500000e+00
      vertex   1.496097e+02 -3.470017e+01 6.500000e+00
      vertex   1.497051e+02 -3.542486e+01 6.500000e+00
    endloop
  endfacet
  facet normal 0.000000e+00 0.000000e+00 -1.000000e+00
    outer loop
      vertex   1.441051e+02 -3.542486e+01 6.500000e+00
      vertex   1.497051e+02 -3.542486e+01 6.500000e+00
      vertex   1.442005e+02 -3.614955e+01 6.500000e+00
    endloop
  endfacet
  facet normal 0.000000e+00 0.000000e+00 -1.000000e+00
    outer loop
      vertex   1.442005e+02 -3.614955e+01 6.500000e+00
      vertex   1.497051e+02 -3.542486e+01 6.500000e+00
      vertex   1.496097e+02 -3.614955e+01 6.500000e+00
    endloop
  endfacet
  facet normal 0.000000e+00 0.000000e+00 -1.000000e+00
    outer loop
      vertex   1.442005e+02 -3.614955e+01 6.500000e+00
      vertex   1.496097e+02 -3.614955e+01 6.500000e+00
      vertex   1.444803e+02 -3.682486e+01 6.500000e+00
    endloop
  endfacet
  facet normal 0.000000e+00 0.000000e+00 -1.000000e+00
    outer loop
      vertex   1.444803e+02 -3.682486e+01 6.500000e+00
      vertex   1.496097e+02 -3.614955e+01 6.500000e+00
      vertex   1.493300e+02 -3.682486e+01 6.500000e+00
    endloop
  endfacet
  facet normal 0.000000e+00 0.000000e+00 -1.000000e+00
    outer loop
      vertex   1.444803e+02 -3.682486e+01 6.500000e+00
      vertex   1.493300e+02 -3.682486e+01 6.500000e+00
      vertex   1.449252e+02 -3.740476e+01 6.500000e+00
    endloop
  endfacet
  facet normal 0.000000e+00 0.000000e+00 -1.000000e+00
    outer loop
      vertex   1.449252e+02 -3.740476e+01 6.500000e+00
      vertex   1.493300e+02 -3.682486e+01 6.500000e+00
      vertex   1.488850e+02 -3.740476e+01 6.500000e+00
    endloop
  endfacet
  facet normal 0.000000e+00 0.000000e+00 -1.000000e+00
    outer loop
      vertex   1.449252e+02 -3.740476e+01 6.500000e+00
      vertex   1.488850e+02 -3.740476e+01 6.500000e+00
      vertex   1.455051e+02 -3.784973e+01 6.500000e+00
    endloop
  endfacet
  facet normal 0.000000e+00 0.000000e+00 -1.000000e+00
    outer loop
      vertex   1.455051e+02 -3.784973e+01 6.500000e+00
      vertex   1.488850e+02 -3.740476e+01 6.500000e+00
      vertex   1.483051e+02 -3.784973e+01 6.500000e+00
    endloop
  endfacet
  facet normal 0.000000e+00 0.000000e+00 -1.000000e+00
    outer loop
      vertex   1.455051e+02 -3.784973e+01 6.500000e+00
      vertex   1.483051e+02 -3.784973e+01 6.500000e+00
      vertex   1.461804e+02 -3.812945e+01 6.500000e+00
    endloop
  endfacet
  facet normal 0.000000e+00 0.000000e+00 -1.000000e+00
    outer loop
      vertex   1.461804e+02 -3.812945e+01 6.500000e+00
      vertex   1.483051e+02 -3.784973e+01 6.500000e+00
      vertex   1.476298e+02 -3.812945e+01 6.500000e+00
    endloop
  endfacet
  facet normal 0.000000e+00 0.000000e+00 -1.000000e+00
    outer loop
      vertex   1.461804e+02 -3.812945e+01 6.500000e+00
      vertex   1.476298e+02 -3.812945e+01 6.500000e+00
      vertex   1.469051e+02 -3.822486e+01 6.500000e+00
    endloop
  endfacet
  facet normal 0.000000e+00 0.000000e+00 -1.000000e+00
    outer loop
      vertex   1.496097e+02 -3.470017e+01 6.500000e+00
      vertex   1.442005e+02 -3.470017e+01 6.500000e+00
      vertex   1.493300e+02 -3.402486e+01 6.500000e+00
    endloop
  endfacet
  facet normal -0.000000e+00 0.000000e+00 -1.000000e+00
    outer loop
      vertex   1.493300e+02 -3.402486e+01 6.500000e+00
      vertex   1.442005e+02 -3.470017e+01 6.500000e+00
      vertex   1.444803e+02 -3.402486e+01 6.500000e+00
    endloop
  endfacet
  facet normal 0.000000e+00 0.000000e+00 -1.000000e+00
    outer loop
      vertex   1.493300e+02 -3.402486e+01 6.500000e+00
      vertex   1.444803e+02 -3.402486e+01 6.500000e+00
      vertex   1.488850e+02 -3.344496e+01 6.500000e+00
    endloop
  endfacet
  facet normal -0.000000e+00 0.000000e+00 -1.000000e+00
    outer loop
      vertex   1.488850e+02 -3.344496e+01 6.500000e+00
      vertex   1.444803e+02 -3.402486e+01 6.500000e+00
      vertex   1.449252e+02 -3.344496e+01 6.500000e+00
    endloop
  endfacet
  facet normal 0.000000e+00 0.000000e+00 -1.000000e+00
    outer loop
      vertex   1.488850e+02 -3.344496e+01 6.500000e+00
      vertex   1.449252e+02 -3.344496e+01 6.500000e+00
      vertex   1.483051e+02 -3.299999e+01 6.500000e+00
    endloop
  endfacet
  facet normal -0.000000e+00 0.000000e+00 -1.000000e+00
    outer loop
      vertex   1.483051e+02 -3.299999e+01 6.500000e+00
      vertex   1.449252e+02 -3.344496e+01 6.500000e+00
      vertex   1.455051e+02 -3.299999e+01 6.500000e+00
    endloop
  endfacet
  facet normal 0.000000e+00 0.000000e+00 -1.000000e+00
    outer loop
      vertex   1.483051e+02 -3.299999e+01 6.500000e+00
      vertex   1.455051e+02 -3.299999e+01 6.500000e+00
      vertex   1.476298e+02 -3.272027e+01 6.500000e+00
    endloop
  endfacet
  facet normal -0.000000e+00 0.000000e+00 -1.000000e+00
    outer loop
      vertex   1.476298e+02 -3.272027e+01 6.500000e+00
      vertex   1.455051e+02 -3.299999e+01 6.500000e+00
      vertex   1.461804e+02 -3.272027e+01 6.500000e+00
    endloop
  endfacet
  facet normal 0.000000e+00 0.000000e+00 -1.000000e+00
    outer loop
      vertex   1.476298e+02 -3.272027e+01 6.500000e+00
      vertex   1.461804e+02 -3.272027e+01 6.500000e+00
      vertex   1.469051e+02 -3.262486e+01 6.500000e+00
    endloop
  endfacet
  facet normal 4.288413e-01 9.033799e-01 0.000000e+00
    outer loop
      vertex   1.451266e+02 -4.031126e+01 7.500000e+00
      vertex   1.451266e+02 -4.031126e+01 -7.500000e+00
      vertex   1.442434e+02 -3.989200e+01 7.500000e+00
    endloop
  endfacet
  facet normal 4.288413e-01 9.033799e-01 0.000000e+00
    outer loop
      vertex   1.442434e+02 -3.989200e+01 7.500000e+00
      vertex   1.451266e+02 -4.031126e+01 -7.500000e+00
      vertex   1.442434e+02 -3.989200e+01 -7.500000e+00
    endloop
  endfacet
  facet normal 5.903541e-01 8.071444e-01 0.000000e+00
    outer loop
      vertex   1.442434e+02 -3.989200e+01 7.500000e+00
      vertex   1.442434e+02 -3.989200e+01 -7.500000e+00
      vertex   1.434543e+02 -3.931484e+01 7.500000e+00
    endloop
  endfacet
  facet normal 5.903541e-01 8.071444e-01 -3.823404e-16
    outer loop
      vertex   1.434543e+02 -3.931484e+01 7.500000e+00
      vertex   1.442434e+02 -3.989200e+01 -7.500000e+00
      vertex   1.434543e+02 -3.931484e+01 -7.500000e+00
    endloop
  endfacet
  facet normal 7.309993e-01 6.823782e-01 -3.232393e-16
    outer loop
      vertex   1.434543e+02 -3.931484e+01 7.500000e+00
      vertex   1.434543e+02 -3.931484e+01 -7.500000e+00
      vertex   1.427872e+02 -3.860018e+01 7.500000e+00
    endloop
  endfacet
  facet normal 7.309993e-01 6.823782e-01 -3.232393e-16
    outer loop
      vertex   1.427872e+02 -3.860018e+01 7.500000e+00
      vertex   1.434543e+02 -3.931484e+01 -7.500000e+00
      vertex   1.427872e+02 -3.860018e+01 -7.500000e+00
    endloop
  endfacet
  facet normal 8.458053e-01 5.334916e-01 -2.527124e-16
    outer loop
      vertex   1.427872e+02 -3.860018e+01 7.500000e+00
      vertex   1.427872e+02 -3.860018e+01 -7.500000e+00
      vertex   1.422656e+02 -3.777328e+01 7.500000e+00
    endloop
  endfacet
  facet normal 8.458053e-01 5.334916e-01 0.000000e+00
    outer loop
      vertex   1.422656e+02 -3.777328e+01 7.500000e+00
      vertex   1.427872e+02 -3.860018e+01 -7.500000e+00
      vertex   1.422656e+02 -3.777328e+01 -7.500000e+00
    endloop
  endfacet
  facet normal 9.307142e-01 3.657473e-01 0.000000e+00
    outer loop
      vertex   1.422656e+02 -3.777328e+01 7.500000e+00
      vertex   1.422656e+02 -3.777328e+01 -7.500000e+00
      vertex   1.419081e+02 -3.686337e+01 7.500000e+00
    endloop
  endfacet
  facet normal 9.307142e-01 3.657473e-01 0.000000e+00
    outer loop
      vertex   1.419081e+02 -3.686337e+01 7.500000e+00
      vertex   1.422656e+02 -3.777328e+01 -7.500000e+00
      vertex   1.419081e+02 -3.686337e+01 -7.500000e+00
    endloop
  endfacet
  facet normal 9.827244e-01 1.850747e-01 0.000000e+00
    outer loop
      vertex   1.419081e+02 -3.686337e+01 7.500000e+00
      vertex   1.419081e+02 -3.686337e+01 -7.500000e+00
      vertex   1.417271e+02 -3.590261e+01 7.500000e+00
    endloop
  endfacet
  facet normal 9.827244e-01 1.850747e-01 0.000000e+00
    outer loop
      vertex   1.417271e+02 -3.590261e+01 7.500000e+00
      vertex   1.419081e+02 -3.686337e+01 -7.500000e+00
      vertex   1.417271e+02 -3.590261e+01 -7.500000e+00
    endloop
  endfacet
  facet normal 9.999977e-01 -2.139809e-03 0.000000e+00
    outer loop
      vertex   1.417271e+02 -3.590261e+01 7.500000e+00
      vertex   1.417271e+02 -3.590261e+01 -7.500000e+00
      vertex   1.417292e+02 -3.492496e+01 7.500000e+00
    endloop
  endfacet
  facet normal 9.999977e-01 -2.139809e-03 0.000000e+00
    outer loop
      vertex   1.417292e+02 -3.492496e+01 7.500000e+00
      vertex   1.417271e+02 -3.590261e+01 -7.500000e+00
      vertex   1.417292e+02 -3.492496e+01 -7.500000e+00
    endloop
  endfacet
  facet normal 9.819234e-01 -1.892787e-01 0.000000e+00
    outer loop
      vertex   1.417292e+02 -3.492496e+01 7.500000e+00
      vertex   1.417292e+02 -3.492496e+01 -7.500000e+00
      vertex   1.419143e+02 -3.396498e+01 7.500000e+00
    endloop
  endfacet
  facet normal 9.819234e-01 -1.892787e-01 0.000000e+00
    outer loop
      vertex   1.419143e+02 -3.396498e+01 7.500000e+00
      vertex   1.417292e+02 -3.492496e+01 -7.500000e+00
      vertex   1.419143e+02 -3.396498e+01 -7.500000e+00
    endloop
  endfacet
  facet normal 1.000000e+00 0.000000e+00 -2.842171e-14
    outer loop
      vertex   1.519051e+02 -3.542486e+01 7.500000e+00
      vertex   1.519051e+02 -3.542486e+01 9.500000e+00
      vertex   1.519051e+02 -4.327844e+01 7.500000e+00
    endloop
  endfacet
  facet normal 1.000000e+00 0.000000e+00 -2.842171e-14
    outer loop
      vertex   1.519051e+02 -4.327844e+01 7.500000e+00
      vertex   1.519051e+02 -3.542486e+01 9.500000e+00
      vertex   1.519051e+02 -1.175391e+02 9.500000e+00
    endloop
  endfacet
  facet normal 1.000000e+00 7.654584e-16 0.000000e+00
    outer loop
      vertex   1.519051e+02 -4.327844e+01 7.500000e+00
      vertex   1.519051e+02 -1.175391e+02 9.500000e+00
      vertex   1.519051e+02 -1.175391e+02 -7.500000e+00
    endloop
  endfacet
  facet normal 1.000000e+00 7.654584e-16 0.000000e+00
    outer loop
      vertex   1.519051e+02 -1.175391e+02 -7.500000e+00
      vertex   1.519051e+02 -4.327844e+01 -7.500000e+00
      vertex   1.519051e+02 -4.327844e+01 7.500000e+00
    endloop
  endfacet
  facet normal 9.914449e-01 -1.305262e-01 3.522320e-16
    outer loop
      vertex   9.354087e+00 -8.472314e+01 -7.500000e+00
      vertex   9.354087e+00 -8.472314e+01 -2.500000e+00
      vertex   9.320013e+00 -8.498196e+01 -7.500000e+00
    endloop
  endfacet
  facet normal 9.914449e-01 -1.305262e-01 0.000000e+00
    outer loop
      vertex   9.320013e+00 -8.498196e+01 -7.500000e+00
      vertex   9.354087e+00 -8.472314e+01 -2.500000e+00
      vertex   9.320013e+00 -8.498196e+01 -2.500000e+00
    endloop
  endfacet
  facet normal 9.914449e-01 1.305262e-01 -0.000000e+00
    outer loop
      vertex   9.320013e+00 -8.498196e+01 -7.500000e+00
      vertex   9.320013e+00 -8.498196e+01 -2.500000e+00
      vertex   9.354087e+00 -8.524078e+01 -7.500000e+00
    endloop
  endfacet
  facet normal 9.914449e-01 1.305262e-01 3.522320e-16
    outer loop
      vertex   9.354087e+00 -8.524078e+01 -7.500000e+00
      vertex   9.320013e+00 -8.498196e+01 -2.500000e+00
      vertex   9.354087e+00 -8.524078e+01 -2.500000e+00
    endloop
  endfacet
  facet normal 9.238795e-01 3.826834e-01 3.282279e-16
    outer loop
      vertex   9.354087e+00 -8.524078e+01 -7.500000e+00
      vertex   9.354087e+00 -8.524078e+01 -2.500000e+00
      vertex   9.453987e+00 -8.548196e+01 -7.500000e+00
    endloop
  endfacet
  facet normal 9.238795e-01 3.826834e-01 -3.282279e-16
    outer loop
      vertex   9.453987e+00 -8.548196e+01 -7.500000e+00
      vertex   9.354087e+00 -8.524078e+01 -2.500000e+00
      vertex   9.453987e+00 -8.548196e+01 -2.500000e+00
    endloop
  endfacet
  facet normal 7.933533e-01 6.087614e-01 -2.818557e-16
    outer loop
      vertex   9.453987e+00 -8.548196e+01 -7.500000e+00
      vertex   9.453987e+00 -8.548196e+01 -2.500000e+00
      vertex   9.612906e+00 -8.568907e+01 -7.500000e+00
    endloop
  endfacet
  facet normal 7.933533e-01 6.087614e-01 -0.000000e+00
    outer loop
      vertex   9.612906e+00 -8.568907e+01 -7.500000e+00
      vertex   9.453987e+00 -8.548196e+01 -2.500000e+00
      vertex   9.612906e+00 -8.568907e+01 -2.500000e+00
    endloop
  endfacet
  facet normal 6.087614e-01 7.933533e-01 -0.000000e+00
    outer loop
      vertex   9.612906e+00 -8.568907e+01 -7.500000e+00
      vertex   9.612906e+00 -8.568907e+01 -2.500000e+00
      vertex   9.820013e+00 -8.584798e+01 -7.500000e+00
    endloop
  endfacet
  facet normal 6.087614e-01 7.933533e-01 2.162755e-16
    outer loop
      vertex   9.820013e+00 -8.584798e+01 -7.500000e+00
      vertex   9.612906e+00 -8.568907e+01 -2.500000e+00
      vertex   9.820013e+00 -8.584798e+01 -2.500000e+00
    endloop
  endfacet
  facet normal 3.826834e-01 9.238795e-01 1.359565e-16
    outer loop
      vertex   9.820013e+00 -8.584798e+01 -7.500000e+00
      vertex   9.820013e+00 -8.584798e+01 -2.500000e+00
      vertex   1.006119e+01 -8.594788e+01 -7.500000e+00
    endloop
  endfacet
  facet normal 3.826834e-01 9.238795e-01 -0.000000e+00
    outer loop
      vertex   1.006119e+01 -8.594788e+01 -7.500000e+00
      vertex   9.820013e+00 -8.584798e+01 -2.500000e+00
      vertex   1.006119e+01 -8.594788e+01 -2.500000e+00
    endloop
  endfacet
  facet normal 1.305262e-01 9.914449e-01 -0.000000e+00
    outer loop
      vertex   1.006119e+01 -8.594788e+01 -7.500000e+00
      vertex   1.006119e+01 -8.594788e+01 -2.500000e+00
      vertex   1.032001e+01 -8.598196e+01 -7.500000e+00
    endloop
  endfacet
  facet normal 1.305262e-01 9.914449e-01 -0.000000e+00
    outer loop
      vertex   1.032001e+01 -8.598196e+01 -7.500000e+00
      vertex   1.006119e+01 -8.594788e+01 -2.500000e+00
      vertex   1.032001e+01 -8.598196e+01 -2.500000e+00
    endloop
  endfacet
  facet normal -1.305262e-01 9.914449e-01 0.000000e+00
    outer loop
      vertex   1.032001e+01 -8.598196e+01 -7.500000e+00
      vertex   1.032001e+01 -8.598196e+01 -2.500000e+00
      vertex   1.057883e+01 -8.594788e+01 -7.500000e+00
    endloop
  endfacet
  facet normal -1.305262e-01 9.914449e-01 4.637222e-17
    outer loop
      vertex   1.057883e+01 -8.594788e+01 -7.500000e+00
      vertex   1.032001e+01 -8.598196e+01 -2.500000e+00
      vertex   1.057883e+01 -8.594788e+01 -2.500000e+00
    endloop
  endfacet
  facet normal -3.826834e-01 9.238795e-01 1.359565e-16
    outer loop
      vertex   1.057883e+01 -8.594788e+01 -7.500000e+00
      vertex   1.057883e+01 -8.594788e+01 -2.500000e+00
      vertex   1.082001e+01 -8.584798e+01 -7.500000e+00
    endloop
  endfacet
  facet normal -3.826834e-01 9.238795e-01 1.359565e-16
    outer loop
      vertex   1.082001e+01 -8.584798e+01 -7.500000e+00
      vertex   1.057883e+01 -8.594788e+01 -2.500000e+00
      vertex   1.082001e+01 -8.584798e+01 -2.500000e+00
    endloop
  endfacet
  facet normal -6.087614e-01 7.933533e-01 2.162755e-16
    outer loop
      vertex   1.082001e+01 -8.584798e+01 -7.500000e+00
      vertex   1.082001e+01 -8.584798e+01 -2.500000e+00
      vertex   1.102712e+01 -8.568907e+01 -7.500000e+00
    endloop
  endfacet
  facet normal -6.087614e-01 7.933533e-01 0.000000e+00
    outer loop
      vertex   1.102712e+01 -8.568907e+01 -7.500000e+00
      vertex   1.082001e+01 -8.584798e+01 -2.500000e+00
      vertex   1.102712e+01 -8.568907e+01 -2.500000e+00
    endloop
  endfacet
  facet normal -7.933533e-01 6.087614e-01 0.000000e+00
    outer loop
      vertex   1.102712e+01 -8.568907e+01 -7.500000e+00
      vertex   1.102712e+01 -8.568907e+01 -2.500000e+00
      vertex   1.118604e+01 -8.548196e+01 -7.500000e+00
    endloop
  endfacet
  facet normal -7.933533e-01 6.087614e-01 -8.455672e-16
    outer loop
      vertex   1.118604e+01 -8.548196e+01 -7.500000e+00
      vertex   1.102712e+01 -8.568907e+01 -2.500000e+00
      vertex   1.118604e+01 -8.548196e+01 -2.500000e+00
    endloop
  endfacet
  facet normal -9.238795e-01 3.826834e-01 -9.846838e-16
    outer loop
      vertex   1.118604e+01 -8.548196e+01 -7.500000e+00
      vertex   1.118604e+01 -8.548196e+01 -2.500000e+00
      vertex   1.128594e+01 -8.524078e+01 -7.500000e+00
    endloop
  endfacet
  facet normal -9.238795e-01 3.826834e-01 0.000000e+00
    outer loop
      vertex   1.128594e+01 -8.524078e+01 -7.500000e+00
      vertex   1.118604e+01 -8.548196e+01 -2.500000e+00
      vertex   1.128594e+01 -8.524078e+01 -2.500000e+00
    endloop
  endfacet
  facet normal -9.914449e-01 1.305262e-01 0.000000e+00
    outer loop
      vertex   1.128594e+01 -8.524078e+01 -7.500000e+00
      vertex   1.128594e+01 -8.524078e+01 -2.500000e+00
      vertex   1.132001e+01 -8.498196e+01 -7.500000e+00
    endloop
  endfacet
  facet normal -9.914449e-01 1.305262e-01 0.000000e+00
    outer loop
      vertex   1.132001e+01 -8.498196e+01 -7.500000e+00
      vertex   1.128594e+01 -8.524078e+01 -2.500000e+00
      vertex   1.132001e+01 -8.498196e+01 -2.500000e+00
    endloop
  endfacet
  facet normal -9.914449e-01 -1.305262e-01 0.000000e+00
    outer loop
      vertex   1.132001e+01 -8.498196e+01 -7.500000e+00
      vertex   1.132001e+01 -8.498196e+01 -2.500000e+00
      vertex   1.128594e+01 -8.472314e+01 -7.500000e+00
    endloop
  endfacet
  facet normal -9.914449e-01 -1.305262e-01 0.000000e+00
    outer loop
      vertex   1.128594e+01 -8.472314e+01 -7.500000e+00
      vertex   1.132001e+01 -8.498196e+01 -2.500000e+00
      vertex   1.128594e+01 -8.472314e+01 -2.500000e+00
    endloop
  endfacet
  facet normal -9.238795e-01 -3.826834e-01 0.000000e+00
    outer loop
      vertex   1.128594e+01 -8.472314e+01 -7.500000e+00
      vertex   1.128594e+01 -8.472314e+01 -2.500000e+00
      vertex   1.118604e+01 -8.448196e+01 -7.500000e+00
    endloop
  endfacet
  facet normal -9.238795e-01 -3.826834e-01 -9.846838e-16
    outer loop
      vertex   1.118604e+01 -8.448196e+01 -7.500000e+00
      vertex   1.128594e+01 -8.472314e+01 -2.500000e+00
      vertex   1.118604e+01 -8.448196e+01 -2.500000e+00
    endloop
  endfacet
  facet normal -7.933533e-01 -6.087614e-01 -8.455672e-16
    outer loop
      vertex   1.118604e+01 -8.448196e+01 -7.500000e+00
      vertex   1.118604e+01 -8.448196e+01 -2.500000e+00
      vertex   1.102712e+01 -8.427485e+01 -7.500000e+00
    endloop
  endfacet
  facet normal -7.933533e-01 -6.087614e-01 0.000000e+00
    outer loop
      vertex   1.102712e+01 -8.427485e+01 -7.500000e+00
      vertex   1.118604e+01 -8.448196e+01 -2.500000e+00
      vertex   1.102712e+01 -8.427485e+01 -2.500000e+00
    endloop
  endfacet
  facet normal -6.087614e-01 -7.933533e-01 0.000000e+00
    outer loop
      vertex   1.102712e+01 -8.427485e+01 -7.500000e+00
      vertex   1.102712e+01 -8.427485e+01 -2.500000e+00
      vertex   1.082001e+01 -8.411593e+01 -7.500000e+00
    endloop
  endfacet
  facet normal -6.087614e-01 -7.933533e-01 2.162755e-16
    outer loop
      vertex   1.082001e+01 -8.411593e+01 -7.500000e+00
      vertex   1.102712e+01 -8.427485e+01 -2.500000e+00
      vertex   1.082001e+01 -8.411593e+01 -2.500000e+00
    endloop
  endfacet
  facet normal -3.826834e-01 -9.238795e-01 1.359565e-16
    outer loop
      vertex   1.082001e+01 -8.411593e+01 -7.500000e+00
      vertex   1.082001e+01 -8.411593e+01 -2.500000e+00
      vertex   1.057883e+01 -8.401603e+01 -7.500000e+00
    endloop
  endfacet
  facet normal -3.826834e-01 -9.238795e-01 1.359565e-16
    outer loop
      vertex   1.057883e+01 -8.401603e+01 -7.500000e+00
      vertex   1.082001e+01 -8.411593e+01 -2.500000e+00
      vertex   1.057883e+01 -8.401603e+01 -2.500000e+00
    endloop
  endfacet
  facet normal -1.305262e-01 -9.914449e-01 4.637222e-17
    outer loop
      vertex   1.057883e+01 -8.401603e+01 -7.500000e+00
      vertex   1.057883e+01 -8.401603e+01 -2.500000e+00
      vertex   1.032001e+01 -8.398196e+01 -7.500000e+00
    endloop
  endfacet
  facet normal -1.305262e-01 -9.914449e-01 0.000000e+00
    outer loop
      vertex   1.032001e+01 -8.398196e+01 -7.500000e+00
      vertex   1.057883e+01 -8.401603e+01 -2.500000e+00
      vertex   1.032001e+01 -8.398196e+01 -2.500000e+00
    endloop
  endfacet
  facet normal 1.305262e-01 -9.914449e-01 0.000000e+00
    outer loop
      vertex   1.032001e+01 -8.398196e+01 -7.500000e+00
      vertex   1.032001e+01 -8.398196e+01 -2.500000e+00
      vertex   1.006119e+01 -8.401603e+01 -7.500000e+00
    endloop
  endfacet
  facet normal 1.305262e-01 -9.914449e-01 0.000000e+00
    outer loop
      vertex   1.006119e+01 -8.401603e+01 -7.500000e+00
      vertex   1.032001e+01 -8.398196e+01 -2.500000e+00
      vertex   1.006119e+01 -8.401603e+01 -2.500000e+00
    endloop
  endfacet
  facet normal 3.826834e-01 -9.238795e-01 0.000000e+00
    outer loop
      vertex   1.006119e+01 -8.401603e+01 -7.500000e+00
      vertex   1.006119e+01 -8.401603e+01 -2.500000e+00
      vertex   9.820013e+00 -8.411593e+01 -7.500000e+00
    endloop
  endfacet
  facet normal 3.826834e-01 -9.238795e-01 2.719129e-16
    outer loop
      vertex   9.820013e+00 -8.411593e+01 -7.500000e+00
      vertex   1.006119e+01 -8.401603e+01 -2.500000e+00
      vertex   9.820013e+00 -8.411593e+01 -2.500000e+00
    endloop
  endfacet
  facet normal 6.087614e-01 -7.933533e-01 4.325510e-16
    outer loop
      vertex   9.820013e+00 -8.411593e+01 -7.500000e+00
      vertex   9.820013e+00 -8.411593e+01 -2.500000e+00
      vertex   9.612906e+00 -8.427485e+01 -7.500000e+00
    endloop
  endfacet
  facet normal 6.087614e-01 -7.933533e-01 0.000000e+00
    outer loop
      vertex   9.612906e+00 -8.427485e+01 -7.500000e+00
      vertex   9.820013e+00 -8.411593e+01 -2.500000e+00
      vertex   9.612906e+00 -8.427485e+01 -2.500000e+00
    endloop
  endfacet
  facet normal 7.933533e-01 -6.087614e-01 0.000000e+00
    outer loop
      vertex   9.612906e+00 -8.427485e+01 -7.500000e+00
      vertex   9.612906e+00 -8.427485e+01 -2.500000e+00
      vertex   9.453987e+00 -8.448196e+01 -7.500000e+00
    endloop
  endfacet
  facet normal 7.933533e-01 -6.087614e-01 -2.818557e-16
    outer loop
      vertex   9.453987e+00 -8.448196e+01 -7.500000e+00
      vertex   9.612906e+00 -8.427485e+01 -2.500000e+00
      vertex   9.453987e+00 -8.448196e+01 -2.500000e+00
    endloop
  endfacet
  facet normal 9.238795e-01 -3.826834e-01 -3.282279e-16
    outer loop
      vertex   9.453987e+00 -8.448196e+01 -7.500000e+00
      vertex   9.453987e+00 -8.448196e+01 -2.500000e+00
      vertex   9.354087e+00 -8.472314e+01 -7.500000e+00
    endloop
  endfacet
  facet normal 9.238795e-01 -3.826834e-01 3.282279e-16
    outer loop
      vertex   9.354087e+00 -8.472314e+01 -7.500000e+00
      vertex   9.453987e+00 -8.448196e+01 -2.500000e+00
      vertex   9.354087e+00 -8.472314e+01 -2.500000e+00
    endloop
  endfacet
  facet normal 9.914449e-01 1.305262e-01 -3.522320e-16
    outer loop
      vertex   9.354087e+00 -8.524078e+01 7.500000e+00
      vertex   9.354087e+00 -8.524078e+01 2.500000e+00
      vertex   9.320013e+00 -8.498196e+01 7.500000e+00
    endloop
  endfacet
  facet normal 9.914449e-01 1.305262e-01 0.000000e+00
    outer loop
      vertex   9.320013e+00 -8.498196e+01 7.500000e+00
      vertex   9.354087e+00 -8.524078e+01 2.500000e+00
      vertex   9.320013e+00 -8.498196e+01 2.500000e+00
    endloop
  endfacet
  facet normal 9.914449e-01 -1.305262e-01 0.000000e+00
    outer loop
      vertex   9.320013e+00 -8.498196e+01 7.500000e+00
      vertex   9.320013e+00 -8.498196e+01 2.500000e+00
      vertex   9.354087e+00 -8.472314e+01 7.500000e+00
    endloop
  endfacet
  facet normal 9.914449e-01 -1.305262e-01 -3.522320e-16
    outer loop
      vertex   9.354087e+00 -8.472314e+01 7.500000e+00
      vertex   9.320013e+00 -8.498196e+01 2.500000e+00
      vertex   9.354087e+00 -8.472314e+01 2.500000e+00
    endloop
  endfacet
  facet normal 9.238795e-01 -3.826834e-01 -3.282279e-16
    outer loop
      vertex   9.354087e+00 -8.472314e+01 7.500000e+00
      vertex   9.354087e+00 -8.472314e+01 2.500000e+00
      vertex   9.453987e+00 -8.448196e+01 7.500000e+00
    endloop
  endfacet
  facet normal 9.238795e-01 -3.826834e-01 3.282279e-16
    outer loop
      vertex   9.453987e+00 -8.448196e+01 7.500000e+00
      vertex   9.354087e+00 -8.472314e+01 2.500000e+00
      vertex   9.453987e+00 -8.448196e+01 2.500000e+00
    endloop
  endfacet
  facet normal 7.933533e-01 -6.087614e-01 2.818557e-16
    outer loop
      vertex   9.453987e+00 -8.448196e+01 7.500000e+00
      vertex   9.453987e+00 -8.448196e+01 2.500000e+00
      vertex   9.612906e+00 -8.427485e+01 7.500000e+00
    endloop
  endfacet
  facet normal 7.933533e-01 -6.087614e-01 0.000000e+00
    outer loop
      vertex   9.612906e+00 -8.427485e+01 7.500000e+00
      vertex   9.453987e+00 -8.448196e+01 2.500000e+00
      vertex   9.612906e+00 -8.427485e+01 2.500000e+00
    endloop
  endfacet
  facet normal 6.087614e-01 -7.933533e-01 0.000000e+00
    outer loop
      vertex   9.612906e+00 -8.427485e+01 7.500000e+00
      vertex   9.612906e+00 -8.427485e+01 2.500000e+00
      vertex   9.820013e+00 -8.411593e+01 7.500000e+00
    endloop
  endfacet
  facet normal 6.087614e-01 -7.933533e-01 -4.325510e-16
    outer loop
      vertex   9.820013e+00 -8.411593e+01 7.500000e+00
      vertex   9.612906e+00 -8.427485e+01 2.500000e+00
      vertex   9.820013e+00 -8.411593e+01 2.500000e+00
    endloop
  endfacet
  facet normal 3.826834e-01 -9.238795e-01 -2.719129e-16
    outer loop
      vertex   9.820013e+00 -8.411593e+01 7.500000e+00
      vertex   9.820013e+00 -8.411593e+01 2.500000e+00
      vertex   1.006119e+01 -8.401603e+01 7.500000e+00
    endloop
  endfacet
  facet normal 3.826834e-01 -9.238795e-01 0.000000e+00
    outer loop
      vertex   1.006119e+01 -8.401603e+01 7.500000e+00
      vertex   9.820013e+00 -8.411593e+01 2.500000e+00
      vertex   1.006119e+01 -8.401603e+01 2.500000e+00
    endloop
  endfacet
  facet normal 1.305262e-01 -9.914449e-01 0.000000e+00
    outer loop
      vertex   1.006119e+01 -8.401603e+01 7.500000e+00
      vertex   1.006119e+01 -8.401603e+01 2.500000e+00
      vertex   1.032001e+01 -8.398196e+01 7.500000e+00
    endloop
  endfacet
  facet normal 1.305262e-01 -9.914449e-01 0.000000e+00
    outer loop
      vertex   1.032001e+01 -8.398196e+01 7.500000e+00
      vertex   1.006119e+01 -8.401603e+01 2.500000e+00
      vertex   1.032001e+01 -8.398196e+01 2.500000e+00
    endloop
  endfacet
  facet normal -1.305262e-01 -9.914449e-01 -0.000000e+00
    outer loop
      vertex   1.032001e+01 -8.398196e+01 7.500000e+00
      vertex   1.032001e+01 -8.398196e+01 2.500000e+00
      vertex   1.057883e+01 -8.401603e+01 7.500000e+00
    endloop
  endfacet
  facet normal -1.305262e-01 -9.914449e-01 -4.637222e-17
    outer loop
      vertex   1.057883e+01 -8.401603e+01 7.500000e+00
      vertex   1.032001e+01 -8.398196e+01 2.500000e+00
      vertex   1.057883e+01 -8.401603e+01 2.500000e+00
    endloop
  endfacet
  facet normal -3.826834e-01 -9.238795e-01 -1.359565e-16
    outer loop
      vertex   1.057883e+01 -8.401603e+01 7.500000e+00
      vertex   1.057883e+01 -8.401603e+01 2.500000e+00
      vertex   1.082001e+01 -8.411593e+01 7.500000e+00
    endloop
  endfacet
  facet normal -3.826834e-01 -9.238795e-01 -1.359565e-16
    outer loop
      vertex   1.082001e+01 -8.411593e+01 7.500000e+00
      vertex   1.057883e+01 -8.401603e+01 2.500000e+00
      vertex   1.082001e+01 -8.411593e+01 2.500000e+00
    endloop
  endfacet
  facet normal -6.087614e-01 -7.933533e-01 -2.162755e-16
    outer loop
      vertex   1.082001e+01 -8.411593e+01 7.500000e+00
      vertex   1.082001e+01 -8.411593e+01 2.500000e+00
      vertex   1.102712e+01 -8.427485e+01 7.500000e+00
    endloop
  endfacet
  facet normal -6.087614e-01 -7.933533e-01 -0.000000e+00
    outer loop
      vertex   1.102712e+01 -8.427485e+01 7.500000e+00
      vertex   1.082001e+01 -8.411593e+01 2.500000e+00
      vertex   1.102712e+01 -8.427485e+01 2.500000e+00
    endloop
  endfacet
  facet normal -7.933533e-01 -6.087614e-01 -0.000000e+00
    outer loop
      vertex   1.102712e+01 -8.427485e+01 7.500000e+00
      vertex   1.102712e+01 -8.427485e+01 2.500000e+00
      vertex   1.118604e+01 -8.448196e+01 7.500000e+00
    endloop
  endfacet
  facet normal -7.933533e-01 -6.087614e-01 8.455672e-16
    outer loop
      vertex   1.118604e+01 -8.448196e+01 7.500000e+00
      vertex   1.102712e+01 -8.427485e+01 2.500000e+00
      vertex   1.118604e+01 -8.448196e+01 2.500000e+00
    endloop
  endfacet
  facet normal -9.238795e-01 -3.826834e-01 9.846838e-16
    outer loop
      vertex   1.118604e+01 -8.448196e+01 7.500000e+00
      vertex   1.118604e+01 -8.448196e+01 2.500000e+00
      vertex   1.128594e+01 -8.472314e+01 7.500000e+00
    endloop
  endfacet
  facet normal -9.238795e-01 -3.826834e-01 -0.000000e+00
    outer loop
      vertex   1.128594e+01 -8.472314e+01 7.500000e+00
      vertex   1.118604e+01 -8.448196e+01 2.500000e+00
      vertex   1.128594e+01 -8.472314e+01 2.500000e+00
    endloop
  endfacet
  facet normal -9.914449e-01 -1.305262e-01 -0.000000e+00
    outer loop
      vertex   1.128594e+01 -8.472314e+01 7.500000e+00
      vertex   1.128594e+01 -8.472314e+01 2.500000e+00
      vertex   1.132001e+01 -8.498196e+01 7.500000e+00
    endloop
  endfacet
  facet normal -9.914449e-01 -1.305262e-01 -0.000000e+00
    outer loop
      vertex   1.132001e+01 -8.498196e+01 7.500000e+00
      vertex   1.128594e+01 -8.472314e+01 2.500000e+00
      vertex   1.132001e+01 -8.498196e+01 2.500000e+00
    endloop
  endfacet
  facet normal -9.914449e-01 1.305262e-01 0.000000e+00
    outer loop
      vertex   1.132001e+01 -8.498196e+01 7.500000e+00
      vertex   1.132001e+01 -8.498196e+01 2.500000e+00
      vertex   1.128594e+01 -8.524078e+01 7.500000e+00
    endloop
  endfacet
  facet normal -9.914449e-01 1.305262e-01 0.000000e+00
    outer loop
      vertex   1.128594e+01 -8.524078e+01 7.500000e+00
      vertex   1.132001e+01 -8.498196e+01 2.500000e+00
      vertex   1.128594e+01 -8.524078e+01 2.500000e+00
    endloop
  endfacet
  facet normal -9.238795e-01 3.826834e-01 0.000000e+00
    outer loop
      vertex   1.128594e+01 -8.524078e+01 7.500000e+00
      vertex   1.128594e+01 -8.524078e+01 2.500000e+00
      vertex   1.118604e+01 -8.548196e+01 7.500000e+00
    endloop
  endfacet
  facet normal -9.238795e-01 3.826834e-01 9.846838e-16
    outer loop
      vertex   1.118604e+01 -8.548196e+01 7.500000e+00
      vertex   1.128594e+01 -8.524078e+01 2.500000e+00
      vertex   1.118604e+01 -8.548196e+01 2.500000e+00
    endloop
  endfacet
  facet normal -7.933533e-01 6.087614e-01 8.455672e-16
    outer loop
      vertex   1.118604e+01 -8.548196e+01 7.500000e+00
      vertex   1.118604e+01 -8.548196e+01 2.500000e+00
      vertex   1.102712e+01 -8.568907e+01 7.500000e+00
    endloop
  endfacet
  facet normal -7.933533e-01 6.087614e-01 0.000000e+00
    outer loop
      vertex   1.102712e+01 -8.568907e+01 7.500000e+00
      vertex   1.118604e+01 -8.548196e+01 2.500000e+00
      vertex   1.102712e+01 -8.568907e+01 2.500000e+00
    endloop
  endfacet
  facet normal -6.087614e-01 7.933533e-01 0.000000e+00
    outer loop
      vertex   1.102712e+01 -8.568907e+01 7.500000e+00
      vertex   1.102712e+01 -8.568907e+01 2.500000e+00
      vertex   1.082001e+01 -8.584798e+01 7.500000e+00
    endloop
  endfacet
  facet normal -6.087614e-01 7.933533e-01 -2.162755e-16
    outer loop
      vertex   1.082001e+01 -8.584798e+01 7.500000e+00
      vertex   1.102712e+01 -8.568907e+01 2.500000e+00
      vertex   1.082001e+01 -8.584798e+01 2.500000e+00
    endloop
  endfacet
  facet normal -3.826834e-01 9.238795e-01 -1.359565e-16
    outer loop
      vertex   1.082001e+01 -8.584798e+01 7.500000e+00
      vertex   1.082001e+01 -8.584798e+01 2.500000e+00
      vertex   1.057883e+01 -8.594788e+01 7.500000e+00
    endloop
  endfacet
  facet normal -3.826834e-01 9.238795e-01 -1.359565e-16
    outer loop
      vertex   1.057883e+01 -8.594788e+01 7.500000e+00
      vertex   1.082001e+01 -8.584798e+01 2.500000e+00
      vertex   1.057883e+01 -8.594788e+01 2.500000e+00
    endloop
  endfacet
  facet normal -1.305262e-01 9.914449e-01 -4.637222e-17
    outer loop
      vertex   1.057883e+01 -8.594788e+01 7.500000e+00
      vertex   1.057883e+01 -8.594788e+01 2.500000e+00
      vertex   1.032001e+01 -8.598196e+01 7.500000e+00
    endloop
  endfacet
  facet normal -1.305262e-01 9.914449e-01 0.000000e+00
    outer loop
      vertex   1.032001e+01 -8.598196e+01 7.500000e+00
      vertex   1.057883e+01 -8.594788e+01 2.500000e+00
      vertex   1.032001e+01 -8.598196e+01 2.500000e+00
    endloop
  endfacet
  facet normal 1.305262e-01 9.914449e-01 0.000000e+00
    outer loop
      vertex   1.032001e+01 -8.598196e+01 7.500000e+00
      vertex   1.032001e+01 -8.598196e+01 2.500000e+00
      vertex   1.006119e+01 -8.594788e+01 7.500000e+00
    endloop
  endfacet
  facet normal 1.305262e-01 9.914449e-01 0.000000e+00
    outer loop
      vertex   1.006119e+01 -8.594788e+01 7.500000e+00
      vertex   1.032001e+01 -8.598196e+01 2.500000e+00
      vertex   1.006119e+01 -8.594788e+01 2.500000e+00
    endloop
  endfacet
  facet normal 3.826834e-01 9.238795e-01 0.000000e+00
    outer loop
      vertex   1.006119e+01 -8.594788e+01 7.500000e+00
      vertex   1.006119e+01 -8.594788e+01 2.500000e+00
      vertex   9.820013e+00 -8.584798e+01 7.500000e+00
    endloop
  endfacet
  facet normal 3.826834e-01 9.238795e-01 -1.359565e-16
    outer loop
      vertex   9.820013e+00 -8.584798e+01 7.500000e+00
      vertex   1.006119e+01 -8.594788e+01 2.500000e+00
      vertex   9.820013e+00 -8.584798e+01 2.500000e+00
    endloop
  endfacet
  facet normal 6.087614e-01 7.933533e-01 -2.162755e-16
    outer loop
      vertex   9.820013e+00 -8.584798e+01 7.500000e+00
      vertex   9.820013e+00 -8.584798e+01 2.500000e+00
      vertex   9.612906e+00 -8.568907e+01 7.500000e+00
    endloop
  endfacet
  facet normal 6.087614e-01 7.933533e-01 0.000000e+00
    outer loop
      vertex   9.612906e+00 -8.568907e+01 7.500000e+00
      vertex   9.820013e+00 -8.584798e+01 2.500000e+00
      vertex   9.612906e+00 -8.568907e+01 2.500000e+00
    endloop
  endfacet
  facet normal 7.933533e-01 6.087614e-01 0.000000e+00
    outer loop
      vertex   9.612906e+00 -8.568907e+01 7.500000e+00
      vertex   9.612906e+00 -8.568907e+01 2.500000e+00
      vertex   9.453987e+00 -8.548196e+01 7.500000e+00
    endloop
  endfacet
  facet normal 7.933533e-01 6.087614e-01 2.818557e-16
    outer loop
      vertex   9.453987e+00 -8.548196e+01 7.500000e+00
      vertex   9.612906e+00 -8.568907e+01 2.500000e+00
      vertex   9.453987e+00 -8.548196e+01 2.500000e+00
    endloop
  endfacet
  facet normal 9.238795e-01 3.826834e-01 3.282279e-16
    outer loop
      vertex   9.453987e+00 -8.548196e+01 7.500000e+00
      vertex   9.453987e+00 -8.548196e+01 2.500000e+00
      vertex   9.354087e+00 -8.524078e+01 7.500000e+00
    endloop
  endfacet
  facet normal 9.238795e-01 3.826834e-01 -3.282279e-16
    outer loop
      vertex   9.354087e+00 -8.524078e+01 7.500000e+00
      vertex   9.453987e+00 -8.548196e+01 2.500000e+00
      vertex   9.354087e+00 -8.524078e+01 2.500000e+00
    endloop
  endfacet
  facet normal 9.914449e-01 1.305262e-01 -0.000000e+00
    outer loop
      vertex   9.320013e+00 -8.498196e+01 -2.500000e+00
      vertex   9.320013e+00 -8.498196e+01 2.500000e+00
      vertex   9.354087e+00 -8.524078e+01 -2.500000e+00
    endloop
  endfacet
  facet normal 9.914449e-01 1.305262e-01 -0.000000e+00
    outer loop
      vertex   9.354087e+00 -8.524078e+01 -2.500000e+00
      vertex   9.320013e+00 -8.498196e+01 2.500000e+00
      vertex   9.354087e+00 -8.524078e+01 2.500000e+00
    endloop
  endfacet
  facet normal 9.238795e-01 3.826834e-01 -0.000000e+00
    outer loop
      vertex   9.354087e+00 -8.524078e+01 -2.500000e+00
      vertex   9.354087e+00 -8.524078e+01 2.500000e+00
      vertex   9.453987e+00 -8.548196e+01 -2.500000e+00
    endloop
  endfacet
  facet normal 9.238795e-01 3.826834e-01 -0.000000e+00
    outer loop
      vertex   9.453987e+00 -8.548196e+01 -2.500000e+00
      vertex   9.354087e+00 -8.524078e+01 2.500000e+00
      vertex   9.453987e+00 -8.548196e+01 2.500000e+00
    endloop
  endfacet
  facet normal 7.933533e-01 6.087614e-01 -0.000000e+00
    outer loop
      vertex   9.453987e+00 -8.548196e+01 -2.500000e+00
      vertex   9.453987e+00 -8.548196e+01 2.500000e+00
      vertex   9.612906e+00 -8.568907e+01 -2.500000e+00
    endloop
  endfacet
  facet normal 7.933533e-01 6.087614e-01 -0.000000e+00
    outer loop
      vertex   9.612906e+00 -8.568907e+01 -2.500000e+00
      vertex   9.453987e+00 -8.548196e+01 2.500000e+00
      vertex   9.612906e+00 -8.568907e+01 2.500000e+00
    endloop
  endfacet
  facet normal 6.087614e-01 7.933533e-01 -0.000000e+00
    outer loop
      vertex   9.612906e+00 -8.568907e+01 -2.500000e+00
      vertex   9.612906e+00 -8.568907e+01 2.500000e+00
      vertex   9.820013e+00 -8.584798e+01 -2.500000e+00
    endloop
  endfacet
  facet normal 6.087614e-01 7.933533e-01 -0.000000e+00
    outer loop
      vertex   9.820013e+00 -8.584798e+01 -2.500000e+00
      vertex   9.612906e+00 -8.568907e+01 2.500000e+00
      vertex   9.820013e+00 -8.584798e+01 2.500000e+00
    endloop
  endfacet
  facet normal 3.826834e-01 9.238795e-01 -0.000000e+00
    outer loop
      vertex   9.820013e+00 -8.584798e+01 -2.500000e+00
      vertex   9.820013e+00 -8.584798e+01 2.500000e+00
      vertex   1.006119e+01 -8.594788e+01 -2.500000e+00
    endloop
  endfacet
  facet normal 3.826834e-01 9.238795e-01 -0.000000e+00
    outer loop
      vertex   1.006119e+01 -8.594788e+01 -2.500000e+00
      vertex   9.820013e+00 -8.584798e+01 2.500000e+00
      vertex   1.006119e+01 -8.594788e+01 2.500000e+00
    endloop
  endfacet
  facet normal 1.305262e-01 9.914449e-01 -0.000000e+00
    outer loop
      vertex   1.006119e+01 -8.594788e+01 -2.500000e+00
      vertex   1.006119e+01 -8.594788e+01 2.500000e+00
      vertex   1.032001e+01 -8.598196e+01 -2.500000e+00
    endloop
  endfacet
  facet normal 1.305262e-01 9.914449e-01 -0.000000e+00
    outer loop
      vertex   1.032001e+01 -8.598196e+01 -2.500000e+00
      vertex   1.006119e+01 -8.594788e+01 2.500000e+00
      vertex   1.032001e+01 -8.598196e+01 2.500000e+00
    endloop
  endfacet
  facet normal -1.305262e-01 9.914449e-01 0.000000e+00
    outer loop
      vertex   1.032001e+01 -8.598196e+01 -2.500000e+00
      vertex   1.032001e+01 -8.598196e+01 2.500000e+00
      vertex   1.057883e+01 -8.594788e+01 -2.500000e+00
    endloop
  endfacet
  facet normal -1.305262e-01 9.914449e-01 0.000000e+00
    outer loop
      vertex   1.057883e+01 -8.594788e+01 -2.500000e+00
      vertex   1.032001e+01 -8.598196e+01 2.500000e+00
      vertex   1.057883e+01 -8.594788e+01 2.500000e+00
    endloop
  endfacet
  facet normal -3.826834e-01 9.238795e-01 0.000000e+00
    outer loop
      vertex   1.057883e+01 -8.594788e+01 -2.500000e+00
      vertex   1.057883e+01 -8.594788e+01 2.500000e+00
      vertex   1.082001e+01 -8.584798e+01 -2.500000e+00
    endloop
  endfacet
  facet normal -3.826834e-01 9.238795e-01 0.000000e+00
    outer loop
      vertex   1.082001e+01 -8.584798e+01 -2.500000e+00
      vertex   1.057883e+01 -8.594788e+01 2.500000e+00
      vertex   1.082001e+01 -8.584798e+01 2.500000e+00
    endloop
  endfacet
  facet normal -6.087614e-01 7.933533e-01 0.000000e+00
    outer loop
      vertex   1.082001e+01 -8.584798e+01 -2.500000e+00
      vertex   1.082001e+01 -8.584798e+01 2.500000e+00
      vertex   1.102712e+01 -8.568907e+01 -2.500000e+00
    endloop
  endfacet
  facet normal -6.087614e-01 7.933533e-01 0.000000e+00
    outer loop
      vertex   1.102712e+01 -8.568907e+01 -2.500000e+00
      vertex   1.082001e+01 -8.584798e+01 2.500000e+00
      vertex   1.102712e+01 -8.568907e+01 2.500000e+00
    endloop
  endfacet
  facet normal -7.933533e-01 6.087614e-01 0.000000e+00
    outer loop
      vertex   1.102712e+01 -8.568907e+01 -2.500000e+00
      vertex   1.102712e+01 -8.568907e+01 2.500000e+00
      vertex   1.118604e+01 -8.548196e+01 -2.500000e+00
    endloop
  endfacet
  facet normal -7.933533e-01 6.087614e-01 0.000000e+00
    outer loop
      vertex   1.118604e+01 -8.548196e+01 -2.500000e+00
      vertex   1.102712e+01 -8.568907e+01 2.500000e+00
      vertex   1.118604e+01 -8.548196e+01 2.500000e+00
    endloop
  endfacet
  facet normal -9.238795e-01 3.826834e-01 0.000000e+00
    outer loop
      vertex   1.118604e+01 -8.548196e+01 -2.500000e+00
      vertex   1.118604e+01 -8.548196e+01 2.500000e+00
      vertex   1.128594e+01 -8.524078e+01 -2.500000e+00
    endloop
  endfacet
  facet normal -9.238795e-01 3.826834e-01 0.000000e+00
    outer loop
      vertex   1.128594e+01 -8.524078e+01 -2.500000e+00
      vertex   1.118604e+01 -8.548196e+01 2.500000e+00
      vertex   1.128594e+01 -8.524078e+01 2.500000e+00
    endloop
  endfacet
  facet normal -9.914449e-01 1.305262e-01 0.000000e+00
    outer loop
      vertex   1.128594e+01 -8.524078e+01 -2.500000e+00
      vertex   1.128594e+01 -8.524078e+01 2.500000e+00
      vertex   1.132001e+01 -8.498196e+01 -2.500000e+00
    endloop
  endfacet
  facet normal -9.914449e-01 1.305262e-01 0.000000e+00
    outer loop
      vertex   1.132001e+01 -8.498196e+01 -2.500000e+00
      vertex   1.128594e+01 -8.524078e+01 2.500000e+00
      vertex   1.132001e+01 -8.498196e+01 2.500000e+00
    endloop
  endfacet
  facet normal -9.914449e-01 -1.305262e-01 0.000000e+00
    outer loop
      vertex   1.132001e+01 -8.498196e+01 -2.500000e+00
      vertex   1.132001e+01 -8.498196e+01 2.500000e+00
      vertex   1.128594e+01 -8.472314e+01 -2.500000e+00
    endloop
  endfacet
  facet normal -9.914449e-01 -1.305262e-01 0.000000e+00
    outer loop
      vertex   1.128594e+01 -8.472314e+01 -2.500000e+00
      vertex   1.132001e+01 -8.498196e+01 2.500000e+00
      vertex   1.128594e+01 -8.472314e+01 2.500000e+00
    endloop
  endfacet
  facet normal -9.238795e-01 -3.826834e-01 0.000000e+00
    outer loop
      vertex   1.128594e+01 -8.472314e+01 -2.500000e+00
      vertex   1.128594e+01 -8.472314e+01 2.500000e+00
      vertex   1.118604e+01 -8.448196e+01 -2.500000e+00
    endloop
  endfacet
  facet normal -9.238795e-01 -3.826834e-01 0.000000e+00
    outer loop
      vertex   1.118604e+01 -8.448196e+01 -2.500000e+00
      vertex   1.128594e+01 -8.472314e+01 2.500000e+00
      vertex   1.118604e+01 -8.448196e+01 2.500000e+00
    endloop
  endfacet
  facet normal -7.933533e-01 -6.087614e-01 0.000000e+00
    outer loop
      vertex   1.118604e+01 -8.448196e+01 -2.500000e+00
      vertex   1.118604e+01 -8.448196e+01 2.500000e+00
      vertex   1.102712e+01 -8.427485e+01 -2.500000e+00
    endloop
  endfacet
  facet normal -7.933533e-01 -6.087614e-01 0.000000e+00
    outer loop
      vertex   1.102712e+01 -8.427485e+01 -2.500000e+00
      vertex   1.118604e+01 -8.448196e+01 2.500000e+00
      vertex   1.102712e+01 -8.427485e+01 2.500000e+00
    endloop
  endfacet
  facet normal -6.087614e-01 -7.933533e-01 0.000000e+00
    outer loop
      vertex   1.102712e+01 -8.427485e+01 -2.500000e+00
      vertex   1.102712e+01 -8.427485e+01 2.500000e+00
      vertex   1.082001e+01 -8.411593e+01 -2.500000e+00
    endloop
  endfacet
  facet normal -6.087614e-01 -7.933533e-01 0.000000e+00
    outer loop
      vertex   1.082001e+01 -8.411593e+01 -2.500000e+00
      vertex   1.102712e+01 -8.427485e+01 2.500000e+00
      vertex   1.082001e+01 -8.411593e+01 2.500000e+00
    endloop
  endfacet
  facet normal -3.826834e-01 -9.238795e-01 0.000000e+00
    outer loop
      vertex   1.082001e+01 -8.411593e+01 -2.500000e+00
      vertex   1.082001e+01 -8.411593e+01 2.500000e+00
      vertex   1.057883e+01 -8.401603e+01 -2.500000e+00
    endloop
  endfacet
  facet normal -3.826834e-01 -9.238795e-01 0.000000e+00
    outer loop
      vertex   1.057883e+01 -8.401603e+01 -2.500000e+00
      vertex   1.082001e+01 -8.411593e+01 2.500000e+00
      vertex   1.057883e+01 -8.401603e+01 2.500000e+00
    endloop
  endfacet
  facet normal -1.305262e-01 -9.914449e-01 0.000000e+00
    outer loop
      vertex   1.057883e+01 -8.401603e+01 -2.500000e+00
      vertex   1.057883e+01 -8.401603e+01 2.500000e+00
      vertex   1.032001e+01 -8.398196e+01 -2.500000e+00
    endloop
  endfacet
  facet normal -1.305262e-01 -9.914449e-01 0.000000e+00
    outer loop
      vertex   1.032001e+01 -8.398196e+01 -2.500000e+00
      vertex   1.057883e+01 -8.401603e+01 2.500000e+00
      vertex   1.032001e+01 -8.398196e+01 2.500000e+00
    endloop
  endfacet
  facet normal 1.305262e-01 -9.914449e-01 0.000000e+00
    outer loop
      vertex   1.032001e+01 -8.398196e+01 -2.500000e+00
      vertex   1.032001e+01 -8.398196e+01 2.500000e+00
      vertex   1.006119e+01 -8.401603e+01 -2.500000e+00
    endloop
  endfacet
  facet normal 1.305262e-01 -9.914449e-01 0.000000e+00
    outer loop
      vertex   1.006119e+01 -8.401603e+01 -2.500000e+00
      vertex   1.032001e+01 -8.398196e+01 2.500000e+00
      vertex   1.006119e+01 -8.401603e+01 2.500000e+00
    endloop
  endfacet
  facet normal 3.826834e-01 -9.238795e-01 0.000000e+00
    outer loop
      vertex   1.006119e+01 -8.401603e+01 -2.500000e+00
      vertex   1.006119e+01 -8.401603e+01 2.500000e+00
      vertex   9.820013e+00 -8.411593e+01 -2.500000e+00
    endloop
  endfacet
  facet normal 3.826834e-01 -9.238795e-01 0.000000e+00
    outer loop
      vertex   9.820013e+00 -8.411593e+01 -2.500000e+00
      vertex   1.006119e+01 -8.401603e+01 2.500000e+00
      vertex   9.820013e+00 -8.411593e+01 2.500000e+00
    endloop
  endfacet
  facet normal 6.087614e-01 -7.933533e-01 0.000000e+00
    outer loop
      vertex   9.820013e+00 -8.411593e+01 -2.500000e+00
      vertex   9.820013e+00 -8.411593e+01 2.500000e+00
      vertex   9.612906e+00 -8.427485e+01 -2.500000e+00
    endloop
  endfacet
  facet normal 6.087614e-01 -7.933533e-01 0.000000e+00
    outer loop
      vertex   9.612906e+00 -8.427485e+01 -2.500000e+00
      vertex   9.820013e+00 -8.411593e+01 2.500000e+00
      vertex   9.612906e+00 -8.427485e+01 2.500000e+00
    endloop
  endfacet
  facet normal 7.933533e-01 -6.087614e-01 0.000000e+00
    outer loop
      vertex   9.612906e+00 -8.427485e+01 -2.500000e+00
      vertex   9.612906e+00 -8.427485e+01 2.500000e+00
      vertex   9.453987e+00 -8.448196e+01 -2.500000e+00
    endloop
  endfacet
  facet normal 7.933533e-01 -6.087614e-01 0.000000e+00
    outer loop
      vertex   9.453987e+00 -8.448196e+01 -2.500000e+00
      vertex   9.612906e+00 -8.427485e+01 2.500000e+00
      vertex   9.453987e+00 -8.448196e+01 2.500000e+00
    endloop
  endfacet
  facet normal 9.238795e-01 -3.826834e-01 0.000000e+00
    outer loop
      vertex   9.453987e+00 -8.448196e+01 -2.500000e+00
      vertex   9.453987e+00 -8.448196e+01 2.500000e+00
      vertex   9.354087e+00 -8.472314e+01 -2.500000e+00
    endloop
  endfacet
  facet normal 9.238795e-01 -3.826834e-01 0.000000e+00
    outer loop
      vertex   9.354087e+00 -8.472314e+01 -2.500000e+00
      vertex   9.453987e+00 -8.448196e+01 2.500000e+00
      vertex   9.354087e+00 -8.472314e+01 2.500000e+00
    endloop
  endfacet
  facet normal 9.914449e-01 -1.305262e-01 0.000000e+00
    outer loop
      vertex   9.354087e+00 -8.472314e+01 -2.500000e+00
      vertex   9.354087e+00 -8.472314e+01 2.500000e+00
      vertex   9.320013e+00 -8.498196e+01 -2.500000e+00
    endloop
  endfacet
  facet normal 9.914449e-01 -1.305262e-01 0.000000e+00
    outer loop
      vertex   9.320013e+00 -8.498196e+01 -2.500000e+00
      vertex   9.354087e+00 -8.472314e+01 2.500000e+00
      vertex   9.320013e+00 -8.498196e+01 2.500000e+00
    endloop
  endfacet
  facet normal 0.000000e+00 -0.000000e+00 -1.000000e+00
    outer loop
      vertex   9.354087e+00 -8.472314e+01 7.500000e+00
      vertex   1.128594e+01 -8.472314e+01 7.500000e+00
      vertex   9.320013e+00 -8.498196e+01 7.500000e+00
    endloop
  endfacet
  facet normal 0.000000e+00 0.000000e+00 -1.000000e+00
    outer loop
      vertex   9.320013e+00 -8.498196e+01 7.500000e+00
      vertex   1.128594e+01 -8.472314e+01 7.500000e+00
      vertex   1.132001e+01 -8.498196e+01 7.500000e+00
    endloop
  endfacet
  facet normal 0.000000e+00 0.000000e+00 -1.000000e+00
    outer loop
      vertex   9.320013e+00 -8.498196e+01 7.500000e+00
      vertex   1.132001e+01 -8.498196e+01 7.500000e+00
      vertex   9.354087e+00 -8.524078e+01 7.500000e+00
    endloop
  endfacet
  facet normal 0.000000e+00 0.000000e+00 -1.000000e+00
    outer loop
      vertex   9.354087e+00 -8.524078e+01 7.500000e+00
      vertex   1.132001e+01 -8.498196e+01 7.500000e+00
      vertex   1.128594e+01 -8.524078e+01 7.500000e+00
    endloop
  endfacet
  facet normal 0.000000e+00 0.000000e+00 -1.000000e+00
    outer loop
      vertex   9.354087e+00 -8.524078e+01 7.500000e+00
      vertex   1.128594e+01 -8.524078e+01 7.500000e+00
      vertex   9.453987e+00 -8.548196e+01 7.500000e+00
    endloop
  endfacet
  facet normal 0.000000e+00 0.000000e+00 -1.000000e+00
    outer loop
      vertex   9.453987e+00 -8.548196e+01 7.500000e+00
      vertex   1.128594e+01 -8.524078e+01 7.500000e+00
      vertex   1.118604e+01 -8.548196e+01 7.500000e+00
    endloop
  endfacet
  facet normal 0.000000e+00 0.000000e+00 -1.000000e+00
    outer loop
      vertex   9.453987e+00 -8.548196e+01 7.500000e+00
      vertex   1.118604e+01 -8.548196e+01 7.500000e+00
      vertex   9.612906e+00 -8.568907e+01 7.500000e+00
    endloop
  endfacet
  facet normal 0.000000e+00 0.000000e+00 -1.000000e+00
    outer loop
      vertex   9.612906e+00 -8.568907e+01 7.500000e+00
      vertex   1.118604e+01 -8.548196e+01 7.500000e+00
      vertex   1.102712e+01 -8.568907e+01 7.500000e+00
    endloop
  endfacet
  facet normal 0.000000e+00 0.000000e+00 -1.000000e+00
    outer loop
      vertex   9.612906e+00 -8.568907e+01 7.500000e+00
      vertex   1.102712e+01 -8.568907e+01 7.500000e+00
      vertex   9.820013e+00 -8.584798e+01 7.500000e+00
    endloop
  endfacet
  facet normal 0.000000e+00 0.000000e+00 -1.000000e+00
    outer loop
      vertex   9.820013e+00 -8.584798e+01 7.500000e+00
      vertex   1.102712e+01 -8.568907e+01 7.500000e+00
      vertex   1.082001e+01 -8.584798e+01 7.500000e+00
    endloop
  endfacet
  facet normal 0.000000e+00 0.000000e+00 -1.000000e+00
    outer loop
      vertex   9.820013e+00 -8.584798e+01 7.500000e+00
      vertex   1.082001e+01 -8.584798e+01 7.500000e+00
      vertex   1.006119e+01 -8.594788e+01 7.500000e+00
    endloop
  endfacet
  facet normal 0.000000e+00 0.000000e+00 -1.000000e+00
    outer loop
      vertex   1.006119e+01 -8.594788e+01 7.500000e+00
      vertex   1.082001e+01 -8.584798e+01 7.500000e+00
      vertex   1.057883e+01 -8.594788e+01 7.500000e+00
    endloop
  endfacet
  facet normal 0.000000e+00 0.000000e+00 -1.000000e+00
    outer loop
      vertex   1.006119e+01 -8.594788e+01 7.500000e+00
      vertex   1.057883e+01 -8.594788e+01 7.500000e+00
      vertex   1.032001e+01 -8.598196e+01 7.500000e+00
    endloop
  endfacet
  facet normal 0.000000e+00 0.000000e+00 -1.000000e+00
    outer loop
      vertex   1.128594e+01 -8.472314e+01 7.500000e+00
      vertex   9.354087e+00 -8.472314e+01 7.500000e+00
      vertex   1.118604e+01 -8.448196e+01 7.500000e+00
    endloop
  endfacet
  facet normal -0.000000e+00 0.000000e+00 -1.000000e+00
    outer loop
      vertex   1.118604e+01 -8.448196e+01 7.500000e+00
      vertex   9.354087e+00 -8.472314e+01 7.500000e+00
      vertex   9.453987e+00 -8.448196e+01 7.500000e+00
    endloop
  endfacet
  facet normal 0.000000e+00 0.000000e+00 -1.000000e+00
    outer loop
      vertex   1.118604e+01 -8.448196e+01 7.500000e+00
      vertex   9.453987e+00 -8.448196e+01 7.500000e+00
      vertex   1.102712e+01 -8.427485e+01 7.500000e+00
    endloop
  endfacet
  facet normal -0.000000e+00 0.000000e+00 -1.000000e+00
    outer loop
      vertex   1.102712e+01 -8.427485e+01 7.500000e+00
      vertex   9.453987e+00 -8.448196e+01 7.500000e+00
      vertex   9.612906e+00 -8.427485e+01 7.500000e+00
    endloop
  endfacet
  facet normal 0.000000e+00 0.000000e+00 -1.000000e+00
    outer loop
      vertex   1.102712e+01 -8.427485e+01 7.500000e+00
      vertex   9.612906e+00 -8.427485e+01 7.500000e+00
      vertex   1.082001e+01 -8.411593e+01 7.500000e+00
    endloop
  endfacet
  facet normal -0.000000e+00 0.000000e+00 -1.000000e+00
    outer loop
      vertex   1.082001e+01 -8.411593e+01 7.500000e+00
      vertex   9.612906e+00 -8.427485e+01 7.500000e+00
      vertex   9.820013e+00 -8.411593e+01 7.500000e+00
    endloop
  endfacet
  facet normal 0.000000e+00 0.000000e+00 -1.000000e+00
    outer loop
      vertex   1.082001e+01 -8.411593e+01 7.500000e+00
      vertex   9.820013e+00 -8.411593e+01 7.500000e+00
      vertex   1.057883e+01 -8.401603e+01 7.500000e+00
    endloop
  endfacet
  facet normal -0.000000e+00 0.000000e+00 -1.000000e+00
    outer loop
      vertex   1.057883e+01 -8.401603e+01 7.500000e+00
      vertex   9.820013e+00 -8.411593e+01 7.500000e+00
      vertex   1.006119e+01 -8.401603e+01 7.500000e+00
    endloop
  endfacet
  facet normal 0.000000e+00 0.000000e+00 -1.000000e+00
    outer loop
      vertex   1.057883e+01 -8.401603e+01 7.500000e+00
      vertex   1.006119e+01 -8.401603e+01 7.500000e+00
      vertex   1.032001e+01 -8.398196e+01 7.500000e+00
    endloop
  endfacet
  facet normal 9.914449e-01 -1.305262e-01 0.000000e+00
    outer loop
      vertex   1.438890e+02 -1.222300e+02 -7.500000e+00
      vertex   1.438890e+02 -1.222300e+02 -2.500000e+00
      vertex   1.438549e+02 -1.224888e+02 -7.500000e+00
    endloop
  endfacet
  facet normal 9.914449e-01 -1.305262e-01 0.000000e+00
    outer loop
      vertex   1.438549e+02 -1.224888e+02 -7.500000e+00
      vertex   1.438890e+02 -1.222300e+02 -2.500000e+00
      vertex   1.438549e+02 -1.224888e+02 -2.500000e+00
    endloop
  endfacet
  facet normal 9.914449e-01 1.305262e-01 -0.000000e+00
    outer loop
      vertex   1.438549e+02 -1.224888e+02 -7.500000e+00
      vertex   1.438549e+02 -1.224888e+02 -2.500000e+00
      vertex   1.438890e+02 -1.227476e+02 -7.500000e+00
    endloop
  endfacet
  facet normal 9.914449e-01 1.305262e-01 -0.000000e+00
    outer loop
      vertex   1.438890e+02 -1.227476e+02 -7.500000e+00
      vertex   1.438549e+02 -1.224888e+02 -2.500000e+00
      vertex   1.438890e+02 -1.227476e+02 -2.500000e+00
    endloop
  endfacet
  facet normal 9.238795e-01 3.826834e-01 -0.000000e+00
    outer loop
      vertex   1.438890e+02 -1.227476e+02 -7.500000e+00
      vertex   1.438890e+02 -1.227476e+02 -2.500000e+00
      vertex   1.439889e+02 -1.229888e+02 -7.500000e+00
    endloop
  endfacet
  facet normal 9.238795e-01 3.826834e-01 -0.000000e+00
    outer loop
      vertex   1.439889e+02 -1.229888e+02 -7.500000e+00
      vertex   1.438890e+02 -1.227476e+02 -2.500000e+00
      vertex   1.439889e+02 -1.229888e+02 -2.500000e+00
    endloop
  endfacet
  facet normal 7.933533e-01 6.087614e-01 -0.000000e+00
    outer loop
      vertex   1.439889e+02 -1.229888e+02 -7.500000e+00
      vertex   1.439889e+02 -1.229888e+02 -2.500000e+00
      vertex   1.441478e+02 -1.231959e+02 -7.500000e+00
    endloop
  endfacet
  facet normal 7.933533e-01 6.087614e-01 -0.000000e+00
    outer loop
      vertex   1.441478e+02 -1.231959e+02 -7.500000e+00
      vertex   1.439889e+02 -1.229888e+02 -2.500000e+00
      vertex   1.441478e+02 -1.231959e+02 -2.500000e+00
    endloop
  endfacet
  facet normal 6.087614e-01 7.933533e-01 -0.000000e+00
    outer loop
      vertex   1.441478e+02 -1.231959e+02 -7.500000e+00
      vertex   1.441478e+02 -1.231959e+02 -2.500000e+00
      vertex   1.443549e+02 -1.233548e+02 -7.500000e+00
    endloop
  endfacet
  facet normal 6.087614e-01 7.933533e-01 -0.000000e+00
    outer loop
      vertex   1.443549e+02 -1.233548e+02 -7.500000e+00
      vertex   1.441478e+02 -1.231959e+02 -2.500000e+00
      vertex   1.443549e+02 -1.233548e+02 -2.500000e+00
    endloop
  endfacet
  facet normal 3.826834e-01 9.238795e-01 -0.000000e+00
    outer loop
      vertex   1.443549e+02 -1.233548e+02 -7.500000e+00
      vertex   1.443549e+02 -1.233548e+02 -2.500000e+00
      vertex   1.445961e+02 -1.234547e+02 -7.500000e+00
    endloop
  endfacet
  facet normal 3.826834e-01 9.238795e-01 -0.000000e+00
    outer loop
      vertex   1.445961e+02 -1.234547e+02 -7.500000e+00
      vertex   1.443549e+02 -1.233548e+02 -2.500000e+00
      vertex   1.445961e+02 -1.234547e+02 -2.500000e+00
    endloop
  endfacet
  facet normal 1.305262e-01 9.914449e-01 -0.000000e+00
    outer loop
      vertex   1.445961e+02 -1.234547e+02 -7.500000e+00
      vertex   1.445961e+02 -1.234547e+02 -2.500000e+00
      vertex   1.448549e+02 -1.234888e+02 -7.500000e+00
    endloop
  endfacet
  facet normal 1.305262e-01 9.914449e-01 -0.000000e+00
    outer loop
      vertex   1.448549e+02 -1.234888e+02 -7.500000e+00
      vertex   1.445961e+02 -1.234547e+02 -2.500000e+00
      vertex   1.448549e+02 -1.234888e+02 -2.500000e+00
    endloop
  endfacet
  facet normal -1.305262e-01 9.914449e-01 0.000000e+00
    outer loop
      vertex   1.448549e+02 -1.234888e+02 -7.500000e+00
      vertex   1.448549e+02 -1.234888e+02 -2.500000e+00
      vertex   1.451137e+02 -1.234547e+02 -7.500000e+00
    endloop
  endfacet
  facet normal -1.305262e-01 9.914449e-01 0.000000e+00
    outer loop
      vertex   1.451137e+02 -1.234547e+02 -7.500000e+00
      vertex   1.448549e+02 -1.234888e+02 -2.500000e+00
      vertex   1.451137e+02 -1.234547e+02 -2.500000e+00
    endloop
  endfacet
  facet normal -3.826834e-01 9.238795e-01 0.000000e+00
    outer loop
      vertex   1.451137e+02 -1.234547e+02 -7.500000e+00
      vertex   1.451137e+02 -1.234547e+02 -2.500000e+00
      vertex   1.453549e+02 -1.233548e+02 -7.500000e+00
    endloop
  endfacet
  facet normal -3.826834e-01 9.238795e-01 0.000000e+00
    outer loop
      vertex   1.453549e+02 -1.233548e+02 -7.500000e+00
      vertex   1.451137e+02 -1.234547e+02 -2.500000e+00
      vertex   1.453549e+02 -1.233548e+02 -2.500000e+00
    endloop
  endfacet
  facet normal -6.087614e-01 7.933533e-01 0.000000e+00
    outer loop
      vertex   1.453549e+02 -1.233548e+02 -7.500000e+00
      vertex   1.453549e+02 -1.233548e+02 -2.500000e+00
      vertex   1.455620e+02 -1.231959e+02 -7.500000e+00
    endloop
  endfacet
  facet normal -6.087614e-01 7.933533e-01 0.000000e+00
    outer loop
      vertex   1.455620e+02 -1.231959e+02 -7.500000e+00
      vertex   1.453549e+02 -1.233548e+02 -2.500000e+00
      vertex   1.455620e+02 -1.231959e+02 -2.500000e+00
    endloop
  endfacet
  facet normal -7.933533e-01 6.087614e-01 0.000000e+00
    outer loop
      vertex   1.455620e+02 -1.231959e+02 -7.500000e+00
      vertex   1.455620e+02 -1.231959e+02 -2.500000e+00
      vertex   1.457209e+02 -1.229888e+02 -7.500000e+00
    endloop
  endfacet
  facet normal -7.933533e-01 6.087614e-01 0.000000e+00
    outer loop
      vertex   1.457209e+02 -1.229888e+02 -7.500000e+00
      vertex   1.455620e+02 -1.231959e+02 -2.500000e+00
      vertex   1.457209e+02 -1.229888e+02 -2.500000e+00
    endloop
  endfacet
  facet normal -9.238795e-01 3.826834e-01 0.000000e+00
    outer loop
      vertex   1.457209e+02 -1.229888e+02 -7.500000e+00
      vertex   1.457209e+02 -1.229888e+02 -2.500000e+00
      vertex   1.458208e+02 -1.227476e+02 -7.500000e+00
    endloop
  endfacet
  facet normal -9.238795e-01 3.826834e-01 0.000000e+00
    outer loop
      vertex   1.458208e+02 -1.227476e+02 -7.500000e+00
      vertex   1.457209e+02 -1.229888e+02 -2.500000e+00
      vertex   1.458208e+02 -1.227476e+02 -2.500000e+00
    endloop
  endfacet
  facet normal -9.914449e-01 1.305262e-01 0.000000e+00
    outer loop
      vertex   1.458208e+02 -1.227476e+02 -7.500000e+00
      vertex   1.458208e+02 -1.227476e+02 -2.500000e+00
      vertex   1.458549e+02 -1.224888e+02 -7.500000e+00
    endloop
  endfacet
  facet normal -9.914449e-01 1.305262e-01 0.000000e+00
    outer loop
      vertex   1.458549e+02 -1.224888e+02 -7.500000e+00
      vertex   1.458208e+02 -1.227476e+02 -2.500000e+00
      vertex   1.458549e+02 -1.224888e+02 -2.500000e+00
    endloop
  endfacet
  facet normal -9.914449e-01 -1.305262e-01 0.000000e+00
    outer loop
      vertex   1.458549e+02 -1.224888e+02 -7.500000e+00
      vertex   1.458549e+02 -1.224888e+02 -2.500000e+00
      vertex   1.458208e+02 -1.222300e+02 -7.500000e+00
    endloop
  endfacet
  facet normal -9.914449e-01 -1.305262e-01 0.000000e+00
    outer loop
      vertex   1.458208e+02 -1.222300e+02 -7.500000e+00
      vertex   1.458549e+02 -1.224888e+02 -2.500000e+00
      vertex   1.458208e+02 -1.222300e+02 -2.500000e+00
    endloop
  endfacet
  facet normal -9.238795e-01 -3.826834e-01 0.000000e+00
    outer loop
      vertex   1.458208e+02 -1.222300e+02 -7.500000e+00
      vertex   1.458208e+02 -1.222300e+02 -2.500000e+00
      vertex   1.457209e+02 -1.219888e+02 -7.500000e+00
    endloop
  endfacet
  facet normal -9.238795e-01 -3.826834e-01 0.000000e+00
    outer loop
      vertex   1.457209e+02 -1.219888e+02 -7.500000e+00
      vertex   1.458208e+02 -1.222300e+02 -2.500000e+00
      vertex   1.457209e+02 -1.219888e+02 -2.500000e+00
    endloop
  endfacet
  facet normal -7.933533e-01 -6.087614e-01 0.000000e+00
    outer loop
      vertex   1.457209e+02 -1.219888e+02 -7.500000e+00
      vertex   1.457209e+02 -1.219888e+02 -2.500000e+00
      vertex   1.455620e+02 -1.217817e+02 -7.500000e+00
    endloop
  endfacet
  facet normal -7.933533e-01 -6.087614e-01 0.000000e+00
    outer loop
      vertex   1.455620e+02 -1.217817e+02 -7.500000e+00
      vertex   1.457209e+02 -1.219888e+02 -2.500000e+00
      vertex   1.455620e+02 -1.217817e+02 -2.500000e+00
    endloop
  endfacet
  facet normal -6.087614e-01 -7.933533e-01 0.000000e+00
    outer loop
      vertex   1.455620e+02 -1.217817e+02 -7.500000e+00
      vertex   1.455620e+02 -1.217817e+02 -2.500000e+00
      vertex   1.453549e+02 -1.216228e+02 -7.500000e+00
    endloop
  endfacet
  facet normal -6.087614e-01 -7.933533e-01 0.000000e+00
    outer loop
      vertex   1.453549e+02 -1.216228e+02 -7.500000e+00
      vertex   1.455620e+02 -1.217817e+02 -2.500000e+00
      vertex   1.453549e+02 -1.216228e+02 -2.500000e+00
    endloop
  endfacet
  facet normal -3.826834e-01 -9.238795e-01 0.000000e+00
    outer loop
      vertex   1.453549e+02 -1.216228e+02 -7.500000e+00
      vertex   1.453549e+02 -1.216228e+02 -2.500000e+00
      vertex   1.451137e+02 -1.215229e+02 -7.500000e+00
    endloop
  endfacet
  facet normal -3.826834e-01 -9.238795e-01 0.000000e+00
    outer loop
      vertex   1.451137e+02 -1.215229e+02 -7.500000e+00
      vertex   1.453549e+02 -1.216228e+02 -2.500000e+00
      vertex   1.451137e+02 -1.215229e+02 -2.500000e+00
    endloop
  endfacet
  facet normal -1.305262e-01 -9.914449e-01 0.000000e+00
    outer loop
      vertex   1.451137e+02 -1.215229e+02 -7.500000e+00
      vertex   1.451137e+02 -1.215229e+02 -2.500000e+00
      vertex   1.448549e+02 -1.214888e+02 -7.500000e+00
    endloop
  endfacet
  facet normal -1.305262e-01 -9.914449e-01 0.000000e+00
    outer loop
      vertex   1.448549e+02 -1.214888e+02 -7.500000e+00
      vertex   1.451137e+02 -1.215229e+02 -2.500000e+00
      vertex   1.448549e+02 -1.214888e+02 -2.500000e+00
    endloop
  endfacet
  facet normal 1.305262e-01 -9.914449e-01 0.000000e+00
    outer loop
      vertex   1.448549e+02 -1.214888e+02 -7.500000e+00
      vertex   1.448549e+02 -1.214888e+02 -2.500000e+00
      vertex   1.445961e+02 -1.215229e+02 -7.500000e+00
    endloop
  endfacet
  facet normal 1.305262e-01 -9.914449e-01 0.000000e+00
    outer loop
      vertex   1.445961e+02 -1.215229e+02 -7.500000e+00
      vertex   1.448549e+02 -1.214888e+02 -2.500000e+00
      vertex   1.445961e+02 -1.215229e+02 -2.500000e+00
    endloop
  endfacet
  facet normal 3.826834e-01 -9.238795e-01 0.000000e+00
    outer loop
      vertex   1.445961e+02 -1.215229e+02 -7.500000e+00
      vertex   1.445961e+02 -1.215229e+02 -2.500000e+00
      vertex   1.443549e+02 -1.216228e+02 -7.500000e+00
    endloop
  endfacet
  facet normal 3.826834e-01 -9.238795e-01 0.000000e+00
    outer loop
      vertex   1.443549e+02 -1.216228e+02 -7.500000e+00
      vertex   1.445961e+02 -1.215229e+02 -2.500000e+00
      vertex   1.443549e+02 -1.216228e+02 -2.500000e+00
    endloop
  endfacet
  facet normal 6.087614e-01 -7.933533e-01 0.000000e+00
    outer loop
      vertex   1.443549e+02 -1.216228e+02 -7.500000e+00
      vertex   1.443549e+02 -1.216228e+02 -2.500000e+00
      vertex   1.441478e+02 -1.217817e+02 -7.500000e+00
    endloop
  endfacet
  facet normal 6.087614e-01 -7.933533e-01 0.000000e+00
    outer loop
      vertex   1.441478e+02 -1.217817e+02 -7.500000e+00
      vertex   1.443549e+02 -1.216228e+02 -2.500000e+00
      vertex   1.441478e+02 -1.217817e+02 -2.500000e+00
    endloop
  endfacet
  facet normal 7.933533e-01 -6.087614e-01 0.000000e+00
    outer loop
      vertex   1.441478e+02 -1.217817e+02 -7.500000e+00
      vertex   1.441478e+02 -1.217817e+02 -2.500000e+00
      vertex   1.439889e+02 -1.219888e+02 -7.500000e+00
    endloop
  endfacet
  facet normal 7.933533e-01 -6.087614e-01 0.000000e+00
    outer loop
      vertex   1.439889e+02 -1.219888e+02 -7.500000e+00
      vertex   1.441478e+02 -1.217817e+02 -2.500000e+00
      vertex   1.439889e+02 -1.219888e+02 -2.500000e+00
    endloop
  endfacet
  facet normal 9.238795e-01 -3.826834e-01 0.000000e+00
    outer loop
      vertex   1.439889e+02 -1.219888e+02 -7.500000e+00
      vertex   1.439889e+02 -1.219888e+02 -2.500000e+00
      vertex   1.438890e+02 -1.222300e+02 -7.500000e+00
    endloop
  endfacet
  facet normal 9.238795e-01 -3.826834e-01 0.000000e+00
    outer loop
      vertex   1.438890e+02 -1.222300e+02 -7.500000e+00
      vertex   1.439889e+02 -1.219888e+02 -2.500000e+00
      vertex   1.438890e+02 -1.222300e+02 -2.500000e+00
    endloop
  endfacet
  facet normal 9.914449e-01 1.305262e-01 0.000000e+00
    outer loop
      vertex   1.438890e+02 -1.227476e+02 7.500000e+00
      vertex   1.438890e+02 -1.227476e+02 2.500000e+00
      vertex   1.438549e+02 -1.224888e+02 7.500000e+00
    endloop
  endfacet
  facet normal 9.914449e-01 1.305262e-01 0.000000e+00
    outer loop
      vertex   1.438549e+02 -1.224888e+02 7.500000e+00
      vertex   1.438890e+02 -1.227476e+02 2.500000e+00
      vertex   1.438549e+02 -1.224888e+02 2.500000e+00
    endloop
  endfacet
  facet normal 9.914449e-01 -1.305262e-01 0.000000e+00
    outer loop
      vertex   1.438549e+02 -1.224888e+02 7.500000e+00
      vertex   1.438549e+02 -1.224888e+02 2.500000e+00
      vertex   1.438890e+02 -1.222300e+02 7.500000e+00
    endloop
  endfacet
  facet normal 9.914449e-01 -1.305262e-01 0.000000e+00
    outer loop
      vertex   1.438890e+02 -1.222300e+02 7.500000e+00
      vertex   1.438549e+02 -1.224888e+02 2.500000e+00
      vertex   1.438890e+02 -1.222300e+02 2.500000e+00
    endloop
  endfacet
  facet normal 9.238795e-01 -3.826834e-01 0.000000e+00
    outer loop
      vertex   1.438890e+02 -1.222300e+02 7.500000e+00
      vertex   1.438890e+02 -1.222300e+02 2.500000e+00
      vertex   1.439889e+02 -1.219888e+02 7.500000e+00
    endloop
  endfacet
  facet normal 9.238795e-01 -3.826834e-01 0.000000e+00
    outer loop
      vertex   1.439889e+02 -1.219888e+02 7.500000e+00
      vertex   1.438890e+02 -1.222300e+02 2.500000e+00
      vertex   1.439889e+02 -1.219888e+02 2.500000e+00
    endloop
  endfacet
  facet normal 7.933533e-01 -6.087614e-01 0.000000e+00
    outer loop
      vertex   1.439889e+02 -1.219888e+02 7.500000e+00
      vertex   1.439889e+02 -1.219888e+02 2.500000e+00
      vertex   1.441478e+02 -1.217817e+02 7.500000e+00
    endloop
  endfacet
  facet normal 7.933533e-01 -6.087614e-01 0.000000e+00
    outer loop
      vertex   1.441478e+02 -1.217817e+02 7.500000e+00
      vertex   1.439889e+02 -1.219888e+02 2.500000e+00
      vertex   1.441478e+02 -1.217817e+02 2.500000e+00
    endloop
  endfacet
  facet normal 6.087614e-01 -7.933533e-01 0.000000e+00
    outer loop
      vertex   1.441478e+02 -1.217817e+02 7.500000e+00
      vertex   1.441478e+02 -1.217817e+02 2.500000e+00
      vertex   1.443549e+02 -1.216228e+02 7.500000e+00
    endloop
  endfacet
  facet normal 6.087614e-01 -7.933533e-01 0.000000e+00
    outer loop
      vertex   1.443549e+02 -1.216228e+02 7.500000e+00
      vertex   1.441478e+02 -1.217817e+02 2.500000e+00
      vertex   1.443549e+02 -1.216228e+02 2.500000e+00
    endloop
  endfacet
  facet normal 3.826834e-01 -9.238795e-01 0.000000e+00
    outer loop
      vertex   1.443549e+02 -1.216228e+02 7.500000e+00
      vertex   1.443549e+02 -1.216228e+02 2.500000e+00
      vertex   1.445961e+02 -1.215229e+02 7.500000e+00
    endloop
  endfacet
  facet normal 3.826834e-01 -9.238795e-01 0.000000e+00
    outer loop
      vertex   1.445961e+02 -1.215229e+02 7.500000e+00
      vertex   1.443549e+02 -1.216228e+02 2.500000e+00
      vertex   1.445961e+02 -1.215229e+02 2.500000e+00
    endloop
  endfacet
  facet normal 1.305262e-01 -9.914449e-01 0.000000e+00
    outer loop
      vertex   1.445961e+02 -1.215229e+02 7.500000e+00
      vertex   1.445961e+02 -1.215229e+02 2.500000e+00
      vertex   1.448549e+02 -1.214888e+02 7.500000e+00
    endloop
  endfacet
  facet normal 1.305262e-01 -9.914449e-01 0.000000e+00
    outer loop
      vertex   1.448549e+02 -1.214888e+02 7.500000e+00
      vertex   1.445961e+02 -1.215229e+02 2.500000e+00
      vertex   1.448549e+02 -1.214888e+02 2.500000e+00
    endloop
  endfacet
  facet normal -1.305262e-01 -9.914449e-01 -0.000000e+00
    outer loop
      vertex   1.448549e+02 -1.214888e+02 7.500000e+00
      vertex   1.448549e+02 -1.214888e+02 2.500000e+00
      vertex   1.451137e+02 -1.215229e+02 7.500000e+00
    endloop
  endfacet
  facet normal -1.305262e-01 -9.914449e-01 -0.000000e+00
    outer loop
      vertex   1.451137e+02 -1.215229e+02 7.500000e+00
      vertex   1.448549e+02 -1.214888e+02 2.500000e+00
      vertex   1.451137e+02 -1.215229e+02 2.500000e+00
    endloop
  endfacet
  facet normal -3.826834e-01 -9.238795e-01 -0.000000e+00
    outer loop
      vertex   1.451137e+02 -1.215229e+02 7.500000e+00
      vertex   1.451137e+02 -1.215229e+02 2.500000e+00
      vertex   1.453549e+02 -1.216228e+02 7.500000e+00
    endloop
  endfacet
  facet normal -3.826834e-01 -9.238795e-01 -0.000000e+00
    outer loop
      vertex   1.453549e+02 -1.216228e+02 7.500000e+00
      vertex   1.451137e+02 -1.215229e+02 2.500000e+00
      vertex   1.453549e+02 -1.216228e+02 2.500000e+00
    endloop
  endfacet
  facet normal -6.087614e-01 -7.933533e-01 -0.000000e+00
    outer loop
      vertex   1.453549e+02 -1.216228e+02 7.500000e+00
      vertex   1.453549e+02 -1.216228e+02 2.500000e+00
      vertex   1.455620e+02 -1.217817e+02 7.500000e+00
    endloop
  endfacet
  facet normal -6.087614e-01 -7.933533e-01 -0.000000e+00
    outer loop
      vertex   1.455620e+02 -1.217817e+02 7.500000e+00
      vertex   1.453549e+02 -1.216228e+02 2.500000e+00
      vertex   1.455620e+02 -1.217817e+02 2.500000e+00
    endloop
  endfacet
  facet normal -7.933533e-01 -6.087614e-01 -0.000000e+00
    outer loop
      vertex   1.455620e+02 -1.217817e+02 7.500000e+00
      vertex   1.455620e+02 -1.217817e+02 2.500000e+00
      vertex   1.457209e+02 -1.219888e+02 7.500000e+00
    endloop
  endfacet
  facet normal -7.933533e-01 -6.087614e-01 -0.000000e+00
    outer loop
      vertex   1.457209e+02 -1.219888e+02 7.500000e+00
      vertex   1.455620e+02 -1.217817e+02 2.500000e+00
      vertex   1.457209e+02 -1.219888e+02 2.500000e+00
    endloop
  endfacet
  facet normal -9.238795e-01 -3.826834e-01 -0.000000e+00
    outer loop
      vertex   1.457209e+02 -1.219888e+02 7.500000e+00
      vertex   1.457209e+02 -1.219888e+02 2.500000e+00
      vertex   1.458208e+02 -1.222300e+02 7.500000e+00
    endloop
  endfacet
  facet normal -9.238795e-01 -3.826834e-01 -0.000000e+00
    outer loop
      vertex   1.458208e+02 -1.222300e+02 7.500000e+00
      vertex   1.457209e+02 -1.219888e+02 2.500000e+00
      vertex   1.458208e+02 -1.222300e+02 2.500000e+00
    endloop
  endfacet
  facet normal -9.914449e-01 -1.305262e-01 -0.000000e+00
    outer loop
      vertex   1.458208e+02 -1.222300e+02 7.500000e+00
      vertex   1.458208e+02 -1.222300e+02 2.500000e+00
      vertex   1.458549e+02 -1.224888e+02 7.500000e+00
    endloop
  endfacet
  facet normal -9.914449e-01 -1.305262e-01 -0.000000e+00
    outer loop
      vertex   1.458549e+02 -1.224888e+02 7.500000e+00
      vertex   1.458208e+02 -1.222300e+02 2.500000e+00
      vertex   1.458549e+02 -1.224888e+02 2.500000e+00
    endloop
  endfacet
  facet normal -9.914449e-01 1.305262e-01 0.000000e+00
    outer loop
      vertex   1.458549e+02 -1.224888e+02 7.500000e+00
      vertex   1.458549e+02 -1.224888e+02 2.500000e+00
      vertex   1.458208e+02 -1.227476e+02 7.500000e+00
    endloop
  endfacet
  facet normal -9.914449e-01 1.305262e-01 0.000000e+00
    outer loop
      vertex   1.458208e+02 -1.227476e+02 7.500000e+00
      vertex   1.458549e+02 -1.224888e+02 2.500000e+00
      vertex   1.458208e+02 -1.227476e+02 2.500000e+00
    endloop
  endfacet
  facet normal -9.238795e-01 3.826834e-01 0.000000e+00
    outer loop
      vertex   1.458208e+02 -1.227476e+02 7.500000e+00
      vertex   1.458208e+02 -1.227476e+02 2.500000e+00
      vertex   1.457209e+02 -1.229888e+02 7.500000e+00
    endloop
  endfacet
  facet normal -9.238795e-01 3.826834e-01 0.000000e+00
    outer loop
      vertex   1.457209e+02 -1.229888e+02 7.500000e+00
      vertex   1.458208e+02 -1.227476e+02 2.500000e+00
      vertex   1.457209e+02 -1.229888e+02 2.500000e+00
    endloop
  endfacet
  facet normal -7.933533e-01 6.087614e-01 0.000000e+00
    outer loop
      vertex   1.457209e+02 -1.229888e+02 7.500000e+00
      vertex   1.457209e+02 -1.229888e+02 2.500000e+00
      vertex   1.455620e+02 -1.231959e+02 7.500000e+00
    endloop
  endfacet
  facet normal -7.933533e-01 6.087614e-01 0.000000e+00
    outer loop
      vertex   1.455620e+02 -1.231959e+02 7.500000e+00
      vertex   1.457209e+02 -1.229888e+02 2.500000e+00
      vertex   1.455620e+02 -1.231959e+02 2.500000e+00
    endloop
  endfacet
  facet normal -6.087614e-01 7.933533e-01 0.000000e+00
    outer loop
      vertex   1.455620e+02 -1.231959e+02 7.500000e+00
      vertex   1.455620e+02 -1.231959e+02 2.500000e+00
      vertex   1.453549e+02 -1.233548e+02 7.500000e+00
    endloop
  endfacet
  facet normal -6.087614e-01 7.933533e-01 0.000000e+00
    outer loop
      vertex   1.453549e+02 -1.233548e+02 7.500000e+00
      vertex   1.455620e+02 -1.231959e+02 2.500000e+00
      vertex   1.453549e+02 -1.233548e+02 2.500000e+00
    endloop
  endfacet
  facet normal -3.826834e-01 9.238795e-01 0.000000e+00
    outer loop
      vertex   1.453549e+02 -1.233548e+02 7.500000e+00
      vertex   1.453549e+02 -1.233548e+02 2.500000e+00
      vertex   1.451137e+02 -1.234547e+02 7.500000e+00
    endloop
  endfacet
  facet normal -3.826834e-01 9.238795e-01 0.000000e+00
    outer loop
      vertex   1.451137e+02 -1.234547e+02 7.500000e+00
      vertex   1.453549e+02 -1.233548e+02 2.500000e+00
      vertex   1.451137e+02 -1.234547e+02 2.500000e+00
    endloop
  endfacet
  facet normal -1.305262e-01 9.914449e-01 0.000000e+00
    outer loop
      vertex   1.451137e+02 -1.234547e+02 7.500000e+00
      vertex   1.451137e+02 -1.234547e+02 2.500000e+00
      vertex   1.448549e+02 -1.234888e+02 7.500000e+00
    endloop
  endfacet
  facet normal -1.305262e-01 9.914449e-01 0.000000e+00
    outer loop
      vertex   1.448549e+02 -1.234888e+02 7.500000e+00
      vertex   1.451137e+02 -1.234547e+02 2.500000e+00
      vertex   1.448549e+02 -1.234888e+02 2.500000e+00
    endloop
  endfacet
  facet normal 1.305262e-01 9.914449e-01 0.000000e+00
    outer loop
      vertex   1.448549e+02 -1.234888e+02 7.500000e+00
      vertex   1.448549e+02 -1.234888e+02 2.500000e+00
      vertex   1.445961e+02 -1.234547e+02 7.500000e+00
    endloop
  endfacet
  facet normal 1.305262e-01 9.914449e-01 0.000000e+00
    outer loop
      vertex   1.445961e+02 -1.234547e+02 7.500000e+00
      vertex   1.448549e+02 -1.234888e+02 2.500000e+00
      vertex   1.445961e+02 -1.234547e+02 2.500000e+00
    endloop
  endfacet
  facet normal 3.826834e-01 9.238795e-01 0.000000e+00
    outer loop
      vertex   1.445961e+02 -1.234547e+02 7.500000e+00
      vertex   1.445961e+02 -1.234547e+02 2.500000e+00
      vertex   1.443549e+02 -1.233548e+02 7.500000e+00
    endloop
  endfacet
  facet normal 3.826834e-01 9.238795e-01 0.000000e+00
    outer loop
      vertex   1.443549e+02 -1.233548e+02 7.500000e+00
      vertex   1.445961e+02 -1.234547e+02 2.500000e+00
      vertex   1.443549e+02 -1.233548e+02 2.500000e+00
    endloop
  endfacet
  facet normal 6.087614e-01 7.933533e-01 0.000000e+00
    outer loop
      vertex   1.443549e+02 -1.233548e+02 7.500000e+00
      vertex   1.443549e+02 -1.233548e+02 2.500000e+00
      vertex   1.441478e+02 -1.231959e+02 7.500000e+00
    endloop
  endfacet
  facet normal 6.087614e-01 7.933533e-01 0.000000e+00
    outer loop
      vertex   1.441478e+02 -1.231959e+02 7.500000e+00
      vertex   1.443549e+02 -1.233548e+02 2.500000e+00
      vertex   1.441478e+02 -1.231959e+02 2.500000e+00
    endloop
  endfacet
  facet normal 7.933533e-01 6.087614e-01 0.000000e+00
    outer loop
      vertex   1.441478e+02 -1.231959e+02 7.500000e+00
      vertex   1.441478e+02 -1.231959e+02 2.500000e+00
      vertex   1.439889e+02 -1.229888e+02 7.500000e+00
    endloop
  endfacet
  facet normal 7.933533e-01 6.087614e-01 0.000000e+00
    outer loop
      vertex   1.439889e+02 -1.229888e+02 7.500000e+00
      vertex   1.441478e+02 -1.231959e+02 2.500000e+00
      vertex   1.439889e+02 -1.229888e+02 2.500000e+00
    endloop
  endfacet
  facet normal 9.238795e-01 3.826834e-01 0.000000e+00
    outer loop
      vertex   1.439889e+02 -1.229888e+02 7.500000e+00
      vertex   1.439889e+02 -1.229888e+02 2.500000e+00
      vertex   1.438890e+02 -1.227476e+02 7.500000e+00
    endloop
  endfacet
  facet normal 9.238795e-01 3.826834e-01 0.000000e+00
    outer loop
      vertex   1.438890e+02 -1.227476e+02 7.500000e+00
      vertex   1.439889e+02 -1.229888e+02 2.500000e+00
      vertex   1.438890e+02 -1.227476e+02 2.500000e+00
    endloop
  endfacet
  facet normal 9.914449e-01 1.305262e-01 -0.000000e+00
    outer loop
      vertex   1.438549e+02 -1.224888e+02 -2.500000e+00
      vertex   1.438549e+02 -1.224888e+02 2.500000e+00
      vertex   1.438890e+02 -1.227476e+02 -2.500000e+00
    endloop
  endfacet
  facet normal 9.914449e-01 1.305262e-01 -0.000000e+00
    outer loop
      vertex   1.438890e+02 -1.227476e+02 -2.500000e+00
      vertex   1.438549e+02 -1.224888e+02 2.500000e+00
      vertex   1.438890e+02 -1.227476e+02 2.500000e+00
    endloop
  endfacet
  facet normal 9.238795e-01 3.826834e-01 -0.000000e+00
    outer loop
      vertex   1.438890e+02 -1.227476e+02 -2.500000e+00
      vertex   1.438890e+02 -1.227476e+02 2.500000e+00
      vertex   1.439889e+02 -1.229888e+02 -2.500000e+00
    endloop
  endfacet
  facet normal 9.238795e-01 3.826834e-01 -0.000000e+00
    outer loop
      vertex   1.439889e+02 -1.229888e+02 -2.500000e+00
      vertex   1.438890e+02 -1.227476e+02 2.500000e+00
      vertex   1.439889e+02 -1.229888e+02 2.500000e+00
    endloop
  endfacet
  facet normal 7.933533e-01 6.087614e-01 -0.000000e+00
    outer loop
      vertex   1.439889e+02 -1.229888e+02 -2.500000e+00
      vertex   1.439889e+02 -1.229888e+02 2.500000e+00
      vertex   1.441478e+02 -1.231959e+02 -2.500000e+00
    endloop
  endfacet
  facet normal 7.933533e-01 6.087614e-01 -0.000000e+00
    outer loop
      vertex   1.441478e+02 -1.231959e+02 -2.500000e+00
      vertex   1.439889e+02 -1.229888e+02 2.500000e+00
      vertex   1.441478e+02 -1.231959e+02 2.500000e+00
    endloop
  endfacet
  facet normal 6.087614e-01 7.933533e-01 -0.000000e+00
    outer loop
      vertex   1.441478e+02 -1.231959e+02 -2.500000e+00
      vertex   1.441478e+02 -1.231959e+02 2.500000e+00
      vertex   1.443549e+02 -1.233548e+02 -2.500000e+00
    endloop
  endfacet
  facet normal 6.087614e-01 7.933533e-01 -0.000000e+00
    outer loop
      vertex   1.443549e+02 -1.233548e+02 -2.500000e+00
      vertex   1.441478e+02 -1.231959e+02 2.500000e+00
      vertex   1.443549e+02 -1.233548e+02 2.500000e+00
    endloop
  endfacet
  facet normal 3.826834e-01 9.238795e-01 -0.000000e+00
    outer loop
      vertex   1.443549e+02 -1.233548e+02 -2.500000e+00
      vertex   1.443549e+02 -1.233548e+02 2.500000e+00
      vertex   1.445961e+02 -1.234547e+02 -2.500000e+00
    endloop
  endfacet
  facet normal 3.826834e-01 9.238795e-01 -0.000000e+00
    outer loop
      vertex   1.445961e+02 -1.234547e+02 -2.500000e+00
      vertex   1.443549e+02 -1.233548e+02 2.500000e+00
      vertex   1.445961e+02 -1.234547e+02 2.500000e+00
    endloop
  endfacet
  facet normal 1.305262e-01 9.914449e-01 -0.000000e+00
    outer loop
      vertex   1.445961e+02 -1.234547e+02 -2.500000e+00
      vertex   1.445961e+02 -1.234547e+02 2.500000e+00
      vertex   1.448549e+02 -1.234888e+02 -2.500000e+00
    endloop
  endfacet
  facet normal 1.305262e-01 9.914449e-01 -0.000000e+00
    outer loop
      vertex   1.448549e+02 -1.234888e+02 -2.500000e+00
      vertex   1.445961e+02 -1.234547e+02 2.500000e+00
      vertex   1.448549e+02 -1.234888e+02 2.500000e+00
    endloop
  endfacet
  facet normal -1.305262e-01 9.914449e-01 0.000000e+00
    outer loop
      vertex   1.448549e+02 -1.234888e+02 -2.500000e+00
      vertex   1.448549e+02 -1.234888e+02 2.500000e+00
      vertex   1.451137e+02 -1.234547e+02 -2.500000e+00
    endloop
  endfacet
  facet normal -1.305262e-01 9.914449e-01 0.000000e+00
    outer loop
      vertex   1.451137e+02 -1.234547e+02 -2.500000e+00
      vertex   1.448549e+02 -1.234888e+02 2.500000e+00
      vertex   1.451137e+02 -1.234547e+02 2.500000e+00
    endloop
  endfacet
  facet normal -3.826834e-01 9.238795e-01 0.000000e+00
    outer loop
      vertex   1.451137e+02 -1.234547e+02 -2.500000e+00
      vertex   1.451137e+02 -1.234547e+02 2.500000e+00
      vertex   1.453549e+02 -1.233548e+02 -2.500000e+00
    endloop
  endfacet
  facet normal -3.826834e-01 9.238795e-01 0.000000e+00
    outer loop
      vertex   1.453549e+02 -1.233548e+02 -2.500000e+00
      vertex   1.451137e+02 -1.234547e+02 2.500000e+00
      vertex   1.453549e+02 -1.233548e+02 2.500000e+00
    endloop
  endfacet
  facet normal -6.087614e-01 7.933533e-01 0.000000e+00
    outer loop
      vertex   1.453549e+02 -1.233548e+02 -2.500000e+00
      vertex   1.453549e+02 -1.233548e+02 2.500000e+00
      vertex   1.455620e+02 -1.231959e+02 -2.500000e+00
    endloop
  endfacet
  facet normal -6.087614e-01 7.933533e-01 0.000000e+00
    outer loop
      vertex   1.455620e+02 -1.231959e+02 -2.500000e+00
      vertex   1.453549e+02 -1.233548e+02 2.500000e+00
      vertex   1.455620e+02 -1.231959e+02 2.500000e+00
    endloop
  endfacet
  facet normal -7.933533e-01 6.087614e-01 0.000000e+00
    outer loop
      vertex   1.455620e+02 -1.231959e+02 -2.500000e+00
      vertex   1.455620e+02 -1.231959e+02 2.500000e+00
      vertex   1.457209e+02 -1.229888e+02 -2.500000e+00
    endloop
  endfacet
  facet normal -7.933533e-01 6.087614e-01 0.000000e+00
    outer loop
      vertex   1.457209e+02 -1.229888e+02 -2.500000e+00
      vertex   1.455620e+02 -1.231959e+02 2.500000e+00
      vertex   1.457209e+02 -1.229888e+02 2.500000e+00
    endloop
  endfacet
  facet normal -9.238795e-01 3.826834e-01 0.000000e+00
    outer loop
      vertex   1.457209e+02 -1.229888e+02 -2.500000e+00
      vertex   1.457209e+02 -1.229888e+02 2.500000e+00
      vertex   1.458208e+02 -1.227476e+02 -2.500000e+00
    endloop
  endfacet
  facet normal -9.238795e-01 3.826834e-01 0.000000e+00
    outer loop
      vertex   1.458208e+02 -1.227476e+02 -2.500000e+00
      vertex   1.457209e+02 -1.229888e+02 2.500000e+00
      vertex   1.458208e+02 -1.227476e+02 2.500000e+00
    endloop
  endfacet
  facet normal -9.914449e-01 1.305262e-01 0.000000e+00
    outer loop
      vertex   1.458208e+02 -1.227476e+02 -2.500000e+00
      vertex   1.458208e+02 -1.227476e+02 2.500000e+00
      vertex   1.458549e+02 -1.224888e+02 -2.500000e+00
    endloop
  endfacet
  facet normal -9.914449e-01 1.305262e-01 0.000000e+00
    outer loop
      vertex   1.458549e+02 -1.224888e+02 -2.500000e+00
      vertex   1.458208e+02 -1.227476e+02 2.500000e+00
      vertex   1.458549e+02 -1.224888e+02 2.500000e+00
    endloop
  endfacet
  facet normal -9.914449e-01 -1.305262e-01 0.000000e+00
    outer loop
      vertex   1.458549e+02 -1.224888e+02 -2.500000e+00
      vertex   1.458549e+02 -1.224888e+02 2.500000e+00
      vertex   1.458208e+02 -1.222300e+02 -2.500000e+00
    endloop
  endfacet
  facet normal -9.914449e-01 -1.305262e-01 0.000000e+00
    outer loop
      vertex   1.458208e+02 -1.222300e+02 -2.500000e+00
      vertex   1.458549e+02 -1.224888e+02 2.500000e+00
      vertex   1.458208e+02 -1.222300e+02 2.500000e+00
    endloop
  endfacet
  facet normal -9.238795e-01 -3.826834e-01 0.000000e+00
    outer loop
      vertex   1.458208e+02 -1.222300e+02 -2.500000e+00
      vertex   1.458208e+02 -1.222300e+02 2.500000e+00
      vertex   1.457209e+02 -1.219888e+02 -2.500000e+00
    endloop
  endfacet
  facet normal -9.238795e-01 -3.826834e-01 0.000000e+00
    outer loop
      vertex   1.457209e+02 -1.219888e+02 -2.500000e+00
      vertex   1.458208e+02 -1.222300e+02 2.500000e+00
      vertex   1.457209e+02 -1.219888e+02 2.500000e+00
    endloop
  endfacet
  facet normal -7.933533e-01 -6.087614e-01 0.000000e+00
    outer loop
      vertex   1.457209e+02 -1.219888e+02 -2.500000e+00
      vertex   1.457209e+02 -1.219888e+02 2.500000e+00
      vertex   1.455620e+02 -1.217817e+02 -2.500000e+00
    endloop
  endfacet
  facet normal -7.933533e-01 -6.087614e-01 0.000000e+00
    outer loop
      vertex   1.455620e+02 -1.217817e+02 -2.500000e+00
      vertex   1.457209e+02 -1.219888e+02 2.500000e+00
      vertex   1.455620e+02 -1.217817e+02 2.500000e+00
    endloop
  endfacet
  facet normal -6.087614e-01 -7.933533e-01 0.000000e+00
    outer loop
      vertex   1.455620e+02 -1.217817e+02 -2.500000e+00
      vertex   1.455620e+02 -1.217817e+02 2.500000e+00
      vertex   1.453549e+02 -1.216228e+02 -2.500000e+00
    endloop
  endfacet
  facet normal -6.087614e-01 -7.933533e-01 0.000000e+00
    outer loop
      vertex   1.453549e+02 -1.216228e+02 -2.500000e+00
      vertex   1.455620e+02 -1.217817e+02 2.500000e+00
      vertex   1.453549e+02 -1.216228e+02 2.500000e+00
    endloop
  endfacet
  facet normal -3.826834e-01 -9.238795e-01 0.000000e+00
    outer loop
      vertex   1.453549e+02 -1.216228e+02 -2.500000e+00
      vertex   1.453549e+02 -1.216228e+02 2.500000e+00
      vertex   1.451137e+02 -1.215229e+02 -2.500000e+00
    endloop
  endfacet
  facet normal -3.826834e-01 -9.238795e-01 0.000000e+00
    outer loop
      vertex   1.451137e+02 -1.215229e+02 -2.500000e+00
      vertex   1.453549e+02 -1.216228e+02 2.500000e+00
      vertex   1.451137e+02 -1.215229e+02 2.500000e+00
    endloop
  endfacet
  facet normal -1.305262e-01 -9.914449e-01 0.000000e+00
    outer loop
      vertex   1.451137e+02 -1.215229e+02 -2.500000e+00
      vertex   1.451137e+02 -1.215229e+02 2.500000e+00
      vertex   1.448549e+02 -1.214888e+02 -2.500000e+00
    endloop
  endfacet
  facet normal -1.305262e-01 -9.914449e-01 0.000000e+00
    outer loop
      vertex   1.448549e+02 -1.214888e+02 -2.500000e+00
      vertex   1.451137e+02 -1.215229e+02 2.500000e+00
      vertex   1.448549e+02 -1.214888e+02 2.500000e+00
    endloop
  endfacet
  facet normal 1.305262e-01 -9.914449e-01 0.000000e+00
    outer loop
      vertex   1.448549e+02 -1.214888e+02 -2.500000e+00
      vertex   1.448549e+02 -1.214888e+02 2.500000e+00
      vertex   1.445961e+02 -1.215229e+02 -2.500000e+00
    endloop
  endfacet
  facet normal 1.305262e-01 -9.914449e-01 0.000000e+00
    outer loop
      vertex   1.445961e+02 -1.215229e+02 -2.500000e+00
      vertex   1.448549e+02 -1.214888e+02 2.500000e+00
      vertex   1.445961e+02 -1.215229e+02 2.500000e+00
    endloop
  endfacet
  facet normal 3.826834e-01 -9.238795e-01 0.000000e+00
    outer loop
      vertex   1.445961e+02 -1.215229e+02 -2.500000e+00
      vertex   1.445961e+02 -1.215229e+02 2.500000e+00
      vertex   1.443549e+02 -1.216228e+02 -2.500000e+00
    endloop
  endfacet
  facet normal 3.826834e-01 -9.238795e-01 0.000000e+00
    outer loop
      vertex   1.443549e+02 -1.216228e+02 -2.500000e+00
      vertex   1.445961e+02 -1.215229e+02 2.500000e+00
      vertex   1.443549e+02 -1.216228e+02 2.500000e+00
    endloop
  endfacet
  facet normal 6.087614e-01 -7.933533e-01 0.000000e+00
    outer loop
      vertex   1.443549e+02 -1.216228e+02 -2.500000e+00
      vertex   1.443549e+02 -1.216228e+02 2.500000e+00
      vertex   1.441478e+02 -1.217817e+02 -2.500000e+00
    endloop
  endfacet
  facet normal 6.087614e-01 -7.933533e-01 0.000000e+00
    outer loop
      vertex   1.441478e+02 -1.217817e+02 -2.500000e+00
      vertex   1.443549e+02 -1.216228e+02 2.500000e+00
      vertex   1.441478e+02 -1.217817e+02 2.500000e+00
    endloop
  endfacet
  facet normal 7.933533e-01 -6.087614e-01 0.000000e+00
    outer loop
      vertex   1.441478e+02 -1.217817e+02 -2.500000e+00
      vertex   1.441478e+02 -1.217817e+02 2.500000e+00
      vertex   1.439889e+02 -1.219888e+02 -2.500000e+00
    endloop
  endfacet
  facet normal 7.933533e-01 -6.087614e-01 0.000000e+00
    outer loop
      vertex   1.439889e+02 -1.219888e+02 -2.500000e+00
      vertex   1.441478e+02 -1.217817e+02 2.500000e+00
      vertex   1.439889e+02 -1.219888e+02 2.500000e+00
    endloop
  endfacet
  facet normal 9.238795e-01 -3.826834e-01 0.000000e+00
    outer loop
      vertex   1.439889e+02 -1.219888e+02 -2.500000e+00
      vertex   1.439889e+02 -1.219888e+02 2.500000e+00
      vertex   1.438890e+02 -1.222300e+02 -2.500000e+00
    endloop
  endfacet
  facet normal 9.238795e-01 -3.826834e-01 0.000000e+00
    outer loop
      vertex   1.438890e+02 -1.222300e+02 -2.500000e+00
      vertex   1.439889e+02 -1.219888e+02 2.500000e+00
      vertex   1.438890e+02 -1.222300e+02 2.500000e+00
    endloop
  endfacet
  facet normal 9.914449e-01 -1.305262e-01 0.000000e+00
    outer loop
      vertex   1.438890e+02 -1.222300e+02 -2.500000e+00
      vertex   1.438890e+02 -1.222300e+02 2.500000e+00
      vertex   1.438549e+02 -1.224888e+02 -2.500000e+00
    endloop
  endfacet
  facet normal 9.914449e-01 -1.305262e-01 0.000000e+00
    outer loop
      vertex   1.438549e+02 -1.224888e+02 -2.500000e+00
      vertex   1.438890e+02 -1.222300e+02 2.500000e+00
      vertex   1.438549e+02 -1.224888e+02 2.500000e+00
    endloop
  endfacet
  facet normal 0.000000e+00 -0.000000e+00 -1.000000e+00
    outer loop
      vertex   1.438890e+02 -1.222300e+02 7.500000e+00
      vertex   1.458208e+02 -1.222300e+02 7.500000e+00
      vertex   1.438549e+02 -1.224888e+02 7.500000e+00
    endloop
  endfacet
  facet normal 0.000000e+00 0.000000e+00 -1.000000e+00
    outer loop
      vertex   1.438549e+02 -1.224888e+02 7.500000e+00
      vertex   1.458208e+02 -1.222300e+02 7.500000e+00
      vertex   1.458549e+02 -1.224888e+02 7.500000e+00
    endloop
  endfacet
  facet normal 0.000000e+00 0.000000e+00 -1.000000e+00
    outer loop
      vertex   1.438549e+02 -1.224888e+02 7.500000e+00
      vertex   1.458549e+02 -1.224888e+02 7.500000e+00
      vertex   1.438890e+02 -1.227476e+02 7.500000e+00
    endloop
  endfacet
  facet normal 0.000000e+00 0.000000e+00 -1.000000e+00
    outer loop
      vertex   1.438890e+02 -1.227476e+02 7.500000e+00
      vertex   1.458549e+02 -1.224888e+02 7.500000e+00
      vertex   1.458208e+02 -1.227476e+02 7.500000e+00
    endloop
  endfacet
  facet normal 0.000000e+00 0.000000e+00 -1.000000e+00
    outer loop
      vertex   1.438890e+02 -1.227476e+02 7.500000e+00
      vertex   1.458208e+02 -1.227476e+02 7.500000e+00
      vertex   1.439889e+02 -1.229888e+02 7.500000e+00
    endloop
  endfacet
  facet normal 0.000000e+00 0.000000e+00 -1.000000e+00
    outer loop
      vertex   1.439889e+02 -1.229888e+02 7.500000e+00
      vertex   1.458208e+02 -1.227476e+02 7.500000e+00
      vertex   1.457209e+02 -1.229888e+02 7.500000e+00
    endloop
  endfacet
  facet normal 0.000000e+00 0.000000e+00 -1.000000e+00
    outer loop
      vertex   1.439889e+02 -1.229888e+02 7.500000e+00
      vertex   1.457209e+02 -1.229888e+02 7.500000e+00
      vertex   1.441478e+02 -1.231959e+02 7.500000e+00
    endloop
  endfacet
  facet normal 0.000000e+00 0.000000e+00 -1.000000e+00
    outer loop
      vertex   1.441478e+02 -1.231959e+02 7.500000e+00
      vertex   1.457209e+02 -1.229888e+02 7.500000e+00
      vertex   1.455620e+02 -1.231959e+02 7.500000e+00
    endloop
  endfacet
  facet normal 0.000000e+00 0.000000e+00 -1.000000e+00
    outer loop
      vertex   1.441478e+02 -1.231959e+02 7.500000e+00
      vertex   1.455620e+02 -1.231959e+02 7.500000e+00
      vertex   1.443549e+02 -1.233548e+02 7.500000e+00
    endloop
  endfacet
  facet normal 0.000000e+00 0.000000e+00 -1.000000e+00
    outer loop
      vertex   1.443549e+02 -1.233548e+02 7.500000e+00
      vertex   1.455620e+02 -1.231959e+02 7.500000e+00
      vertex   1.453549e+02 -1.233548e+02 7.500000e+00
    endloop
  endfacet
  facet normal 0.000000e+00 0.000000e+00 -1.000000e+00
    outer loop
      vertex   1.443549e+02 -1.233548e+02 7.500000e+00
      vertex   1.453549e+02 -1.233548e+02 7.500000e+00
      vertex   1.445961e+02 -1.234547e+02 7.500000e+00
    endloop
  endfacet
  facet normal 0.000000e+00 0.000000e+00 -1.000000e+00
    outer loop
      vertex   1.445961e+02 -1.234547e+02 7.500000e+00
      vertex   1.453549e+02 -1.233548e+02 7.500000e+00
      vertex   1.451137e+02 -1.234547e+02 7.500000e+00
    endloop
  endfacet
  facet normal 0.000000e+00 0.000000e+00 -1.000000e+00
    outer loop
      vertex   1.445961e+02 -1.234547e+02 7.500000e+00
      vertex   1.451137e+02 -1.234547e+02 7.500000e+00
      vertex   1.448549e+02 -1.234888e+02 7.500000e+00
    endloop
  endfacet
  facet normal 0.000000e+00 0.000000e+00 -1.000000e+00
    outer loop
      vertex   1.458208e+02 -1.222300e+02 7.500000e+00
      vertex   1.438890e+02 -1.222300e+02 7.500000e+00
      vertex   1.457209e+02 -1.219888e+02 7.500000e+00
    endloop
  endfacet
  facet normal -0.000000e+00 0.000000e+00 -1.000000e+00
    outer loop
      vertex   1.457209e+02 -1.219888e+02 7.500000e+00
      vertex   1.438890e+02 -1.222300e+02 7.500000e+00
      vertex   1.439889e+02 -1.219888e+02 7.500000e+00
    endloop
  endfacet
  facet normal 0.000000e+00 0.000000e+00 -1.000000e+00
    outer loop
      vertex   1.457209e+02 -1.219888e+02 7.500000e+00
      vertex   1.439889e+02 -1.219888e+02 7.500000e+00
      vertex   1.455620e+02 -1.217817e+02 7.500000e+00
    endloop
  endfacet
  facet normal -0.000000e+00 0.000000e+00 -1.000000e+00
    outer loop
      vertex   1.455620e+02 -1.217817e+02 7.500000e+00
      vertex   1.439889e+02 -1.219888e+02 7.500000e+00
      vertex   1.441478e+02 -1.217817e+02 7.500000e+00
    endloop
  endfacet
  facet normal 0.000000e+00 0.000000e+00 -1.000000e+00
    outer loop
      vertex   1.455620e+02 -1.217817e+02 7.500000e+00
      vertex   1.441478e+02 -1.217817e+02 7.500000e+00
      vertex   1.453549e+02 -1.216228e+02 7.500000e+00
    endloop
  endfacet
  facet normal -0.000000e+00 0.000000e+00 -1.000000e+00
    outer loop
      vertex   1.453549e+02 -1.216228e+02 7.500000e+00
      vertex   1.441478e+02 -1.217817e+02 7.500000e+00
      vertex   1.443549e+02 -1.216228e+02 7.500000e+00
    endloop
  endfacet
  facet normal 0.000000e+00 0.000000e+00 -1.000000e+00
    outer loop
      vertex   1.453549e+02 -1.216228e+02 7.500000e+00
      vertex   1.443549e+02 -1.216228e+02 7.500000e+00
      vertex   1.451137e+02 -1.215229e+02 7.500000e+00
    endloop
  endfacet
  facet normal -0.000000e+00 0.000000e+00 -1.000000e+00
    outer loop
      vertex   1.451137e+02 -1.215229e+02 7.500000e+00
      vertex   1.443549e+02 -1.216228e+02 7.500000e+00
      vertex   1.445961e+02 -1.215229e+02 7.500000e+00
    endloop
  endfacet
  facet normal 0.000000e+00 0.000000e+00 -1.000000e+00
    outer loop
      vertex   1.451137e+02 -1.215229e+02 7.500000e+00
      vertex   1.445961e+02 -1.215229e+02 7.500000e+00
      vertex   1.448549e+02 -1.214888e+02 7.500000e+00
    endloop
  endfacet
  facet normal 9.914449e-01 -1.305262e-01 0.000000e+00
    outer loop
      vertex   1.140434e+01 -1.222300e+02 -7.500000e+00
      vertex   1.140434e+01 -1.222300e+02 -2.500000e+00
      vertex   1.137027e+01 -1.224888e+02 -7.500000e+00
    endloop
  endfacet
  facet normal 9.914449e-01 -1.305262e-01 0.000000e+00
    outer loop
      vertex   1.137027e+01 -1.224888e+02 -7.500000e+00
      vertex   1.140434e+01 -1.222300e+02 -2.500000e+00
      vertex   1.137027e+01 -1.224888e+02 -2.500000e+00
    endloop
  endfacet
  facet normal 9.914449e-01 1.305262e-01 -0.000000e+00
    outer loop
      vertex   1.137027e+01 -1.224888e+02 -7.500000e+00
      vertex   1.137027e+01 -1.224888e+02 -2.500000e+00
      vertex   1.140434e+01 -1.227476e+02 -7.500000e+00
    endloop
  endfacet
  facet normal 9.914449e-01 1.305262e-01 -0.000000e+00
    outer loop
      vertex   1.140434e+01 -1.227476e+02 -7.500000e+00
      vertex   1.137027e+01 -1.224888e+02 -2.500000e+00
      vertex   1.140434e+01 -1.227476e+02 -2.500000e+00
    endloop
  endfacet
  facet normal 9.238795e-01 3.826834e-01 -0.000000e+00
    outer loop
      vertex   1.140434e+01 -1.227476e+02 -7.500000e+00
      vertex   1.140434e+01 -1.227476e+02 -2.500000e+00
      vertex   1.150424e+01 -1.229888e+02 -7.500000e+00
    endloop
  endfacet
  facet normal 9.238795e-01 3.826834e-01 -6.564559e-16
    outer loop
      vertex   1.150424e+01 -1.229888e+02 -7.500000e+00
      vertex   1.140434e+01 -1.227476e+02 -2.500000e+00
      vertex   1.150424e+01 -1.229888e+02 -2.500000e+00
    endloop
  endfacet
  facet normal 7.933533e-01 6.087614e-01 -5.637115e-16
    outer loop
      vertex   1.150424e+01 -1.229888e+02 -7.500000e+00
      vertex   1.150424e+01 -1.229888e+02 -2.500000e+00
      vertex   1.166316e+01 -1.231959e+02 -7.500000e+00
    endloop
  endfacet
  facet normal 7.933533e-01 6.087614e-01 -0.000000e+00
    outer loop
      vertex   1.166316e+01 -1.231959e+02 -7.500000e+00
      vertex   1.150424e+01 -1.229888e+02 -2.500000e+00
      vertex   1.166316e+01 -1.231959e+02 -2.500000e+00
    endloop
  endfacet
  facet normal 6.087614e-01 7.933533e-01 -0.000000e+00
    outer loop
      vertex   1.166316e+01 -1.231959e+02 -7.500000e+00
      vertex   1.166316e+01 -1.231959e+02 -2.500000e+00
      vertex   1.187027e+01 -1.233548e+02 -7.500000e+00
    endloop
  endfacet
  facet normal 6.087614e-01 7.933533e-01 4.325510e-16
    outer loop
      vertex   1.187027e+01 -1.233548e+02 -7.500000e+00
      vertex   1.166316e+01 -1.231959e+02 -2.500000e+00
      vertex   1.187027e+01 -1.233548e+02 -2.500000e+00
    endloop
  endfacet
  facet normal 3.826834e-01 9.238795e-01 2.719129e-16
    outer loop
      vertex   1.187027e+01 -1.233548e+02 -7.500000e+00
      vertex   1.187027e+01 -1.233548e+02 -2.500000e+00
      vertex   1.211145e+01 -1.234547e+02 -7.500000e+00
    endloop
  endfacet
  facet normal 3.826834e-01 9.238795e-01 -0.000000e+00
    outer loop
      vertex   1.211145e+01 -1.234547e+02 -7.500000e+00
      vertex   1.187027e+01 -1.233548e+02 -2.500000e+00
      vertex   1.211145e+01 -1.234547e+02 -2.500000e+00
    endloop
  endfacet
  facet normal 1.305262e-01 9.914449e-01 -0.000000e+00
    outer loop
      vertex   1.211145e+01 -1.234547e+02 -7.500000e+00
      vertex   1.211145e+01 -1.234547e+02 -2.500000e+00
      vertex   1.237027e+01 -1.234888e+02 -7.500000e+00
    endloop
  endfacet
  facet normal 1.305262e-01 9.914449e-01 -0.000000e+00
    outer loop
      vertex   1.237027e+01 -1.234888e+02 -7.500000e+00
      vertex   1.211145e+01 -1.234547e+02 -2.500000e+00
      vertex   1.237027e+01 -1.234888e+02 -2.500000e+00
    endloop
  endfacet
  facet normal -1.305262e-01 9.914449e-01 0.000000e+00
    outer loop
      vertex   1.237027e+01 -1.234888e+02 -7.500000e+00
      vertex   1.237027e+01 -1.234888e+02 -2.500000e+00
      vertex   1.262908e+01 -1.234547e+02 -7.500000e+00
    endloop
  endfacet
  facet normal -1.305262e-01 9.914449e-01 9.274444e-17
    outer loop
      vertex   1.262908e+01 -1.234547e+02 -7.500000e+00
      vertex   1.237027e+01 -1.234888e+02 -2.500000e+00
      vertex   1.262908e+01 -1.234547e+02 -2.500000e+00
    endloop
  endfacet
  facet normal -3.826834e-01 9.238795e-01 2.719129e-16
    outer loop
      vertex   1.262908e+01 -1.234547e+02 -7.500000e+00
      vertex   1.262908e+01 -1.234547e+02 -2.500000e+00
      vertex   1.287027e+01 -1.233548e+02 -7.500000e+00
    endloop
  endfacet
  facet normal -3.826834e-01 9.238795e-01 1.359565e-16
    outer loop
      vertex   1.287027e+01 -1.233548e+02 -7.500000e+00
      vertex   1.262908e+01 -1.234547e+02 -2.500000e+00
      vertex   1.287027e+01 -1.233548e+02 -2.500000e+00
    endloop
  endfacet
  facet normal -6.087614e-01 7.933533e-01 2.162755e-16
    outer loop
      vertex   1.287027e+01 -1.233548e+02 -7.500000e+00
      vertex   1.287027e+01 -1.233548e+02 -2.500000e+00
      vertex   1.307737e+01 -1.231959e+02 -7.500000e+00
    endloop
  endfacet
  facet normal -6.087614e-01 7.933533e-01 0.000000e+00
    outer loop
      vertex   1.307737e+01 -1.231959e+02 -7.500000e+00
      vertex   1.287027e+01 -1.233548e+02 -2.500000e+00
      vertex   1.307737e+01 -1.231959e+02 -2.500000e+00
    endloop
  endfacet
  facet normal -7.933533e-01 6.087614e-01 0.000000e+00
    outer loop
      vertex   1.307737e+01 -1.231959e+02 -7.500000e+00
      vertex   1.307737e+01 -1.231959e+02 -2.500000e+00
      vertex   1.323629e+01 -1.229888e+02 -7.500000e+00
    endloop
  endfacet
  facet normal -7.933533e-01 6.087614e-01 -5.637115e-16
    outer loop
      vertex   1.323629e+01 -1.229888e+02 -7.500000e+00
      vertex   1.307737e+01 -1.231959e+02 -2.500000e+00
      vertex   1.323629e+01 -1.229888e+02 -2.500000e+00
    endloop
  endfacet
  facet normal -9.238795e-01 3.826834e-01 -6.564559e-16
    outer loop
      vertex   1.323629e+01 -1.229888e+02 -7.500000e+00
      vertex   1.323629e+01 -1.229888e+02 -2.500000e+00
      vertex   1.333619e+01 -1.227476e+02 -7.500000e+00
    endloop
  endfacet
  facet normal -9.238795e-01 3.826834e-01 0.000000e+00
    outer loop
      vertex   1.333619e+01 -1.227476e+02 -7.500000e+00
      vertex   1.323629e+01 -1.229888e+02 -2.500000e+00
      vertex   1.333619e+01 -1.227476e+02 -2.500000e+00
    endloop
  endfacet
  facet normal -9.914449e-01 1.305262e-01 0.000000e+00
    outer loop
      vertex   1.333619e+01 -1.227476e+02 -7.500000e+00
      vertex   1.333619e+01 -1.227476e+02 -2.500000e+00
      vertex   1.337027e+01 -1.224888e+02 -7.500000e+00
    endloop
  endfacet
  facet normal -9.914449e-01 1.305262e-01 0.000000e+00
    outer loop
      vertex   1.337027e+01 -1.224888e+02 -7.500000e+00
      vertex   1.333619e+01 -1.227476e+02 -2.500000e+00
      vertex   1.337027e+01 -1.224888e+02 -2.500000e+00
    endloop
  endfacet
  facet normal -9.914449e-01 -1.305262e-01 0.000000e+00
    outer loop
      vertex   1.337027e+01 -1.224888e+02 -7.500000e+00
      vertex   1.337027e+01 -1.224888e+02 -2.500000e+00
      vertex   1.333619e+01 -1.222300e+02 -7.500000e+00
    endloop
  endfacet
  facet normal -9.914449e-01 -1.305262e-01 0.000000e+00
    outer loop
      vertex   1.333619e+01 -1.222300e+02 -7.500000e+00
      vertex   1.337027e+01 -1.224888e+02 -2.500000e+00
      vertex   1.333619e+01 -1.222300e+02 -2.500000e+00
    endloop
  endfacet
  facet normal -9.238795e-01 -3.826834e-01 0.000000e+00
    outer loop
      vertex   1.333619e+01 -1.222300e+02 -7.500000e+00
      vertex   1.333619e+01 -1.222300e+02 -2.500000e+00
      vertex   1.323629e+01 -1.219888e+02 -7.500000e+00
    endloop
  endfacet
  facet normal -9.238795e-01 -3.826834e-01 -6.564559e-16
    outer loop
      vertex   1.323629e+01 -1.219888e+02 -7.500000e+00
      vertex   1.333619e+01 -1.222300e+02 -2.500000e+00
      vertex   1.323629e+01 -1.219888e+02 -2.500000e+00
    endloop
  endfacet
  facet normal -7.933533e-01 -6.087614e-01 -5.637115e-16
    outer loop
      vertex   1.323629e+01 -1.219888e+02 -7.500000e+00
      vertex   1.323629e+01 -1.219888e+02 -2.500000e+00
      vertex   1.307737e+01 -1.217817e+02 -7.500000e+00
    endloop
  endfacet
  facet normal -7.933533e-01 -6.087614e-01 0.000000e+00
    outer loop
      vertex   1.307737e+01 -1.217817e+02 -7.500000e+00
      vertex   1.323629e+01 -1.219888e+02 -2.500000e+00
      vertex   1.307737e+01 -1.217817e+02 -2.500000e+00
    endloop
  endfacet
  facet normal -6.087614e-01 -7.933533e-01 0.000000e+00
    outer loop
      vertex   1.307737e+01 -1.217817e+02 -7.500000e+00
      vertex   1.307737e+01 -1.217817e+02 -2.500000e+00
      vertex   1.287027e+01 -1.216228e+02 -7.500000e+00
    endloop
  endfacet
  facet normal -6.087614e-01 -7.933533e-01 4.325510e-16
    outer loop
      vertex   1.287027e+01 -1.216228e+02 -7.500000e+00
      vertex   1.307737e+01 -1.217817e+02 -2.500000e+00
      vertex   1.287027e+01 -1.216228e+02 -2.500000e+00
    endloop
  endfacet
  facet normal -3.826834e-01 -9.238795e-01 2.719129e-16
    outer loop
      vertex   1.287027e+01 -1.216228e+02 -7.500000e+00
      vertex   1.287027e+01 -1.216228e+02 -2.500000e+00
      vertex   1.262908e+01 -1.215229e+02 -7.500000e+00
    endloop
  endfacet
  facet normal -3.826834e-01 -9.238795e-01 2.719129e-16
    outer loop
      vertex   1.262908e+01 -1.215229e+02 -7.500000e+00
      vertex   1.287027e+01 -1.216228e+02 -2.500000e+00
      vertex   1.262908e+01 -1.215229e+02 -2.500000e+00
    endloop
  endfacet
  facet normal -1.305262e-01 -9.914449e-01 9.274444e-17
    outer loop
      vertex   1.262908e+01 -1.215229e+02 -7.500000e+00
      vertex   1.262908e+01 -1.215229e+02 -2.500000e+00
      vertex   1.237027e+01 -1.214888e+02 -7.500000e+00
    endloop
  endfacet
  facet normal -1.305262e-01 -9.914449e-01 0.000000e+00
    outer loop
      vertex   1.237027e+01 -1.214888e+02 -7.500000e+00
      vertex   1.262908e+01 -1.215229e+02 -2.500000e+00
      vertex   1.237027e+01 -1.214888e+02 -2.500000e+00
    endloop
  endfacet
  facet normal 1.305262e-01 -9.914449e-01 0.000000e+00
    outer loop
      vertex   1.237027e+01 -1.214888e+02 -7.500000e+00
      vertex   1.237027e+01 -1.214888e+02 -2.500000e+00
      vertex   1.211145e+01 -1.215229e+02 -7.500000e+00
    endloop
  endfacet
  facet normal 1.305262e-01 -9.914449e-01 0.000000e+00
    outer loop
      vertex   1.211145e+01 -1.215229e+02 -7.500000e+00
      vertex   1.237027e+01 -1.214888e+02 -2.500000e+00
      vertex   1.211145e+01 -1.215229e+02 -2.500000e+00
    endloop
  endfacet
  facet normal 3.826834e-01 -9.238795e-01 0.000000e+00
    outer loop
      vertex   1.211145e+01 -1.215229e+02 -7.500000e+00
      vertex   1.211145e+01 -1.215229e+02 -2.500000e+00
      vertex   1.187027e+01 -1.216228e+02 -7.500000e+00
    endloop
  endfacet
  facet normal 3.826834e-01 -9.238795e-01 1.359565e-16
    outer loop
      vertex   1.187027e+01 -1.216228e+02 -7.500000e+00
      vertex   1.211145e+01 -1.215229e+02 -2.500000e+00
      vertex   1.187027e+01 -1.216228e+02 -2.500000e+00
    endloop
  endfacet
  facet normal 6.087614e-01 -7.933533e-01 2.162755e-16
    outer loop
      vertex   1.187027e+01 -1.216228e+02 -7.500000e+00
      vertex   1.187027e+01 -1.216228e+02 -2.500000e+00
      vertex   1.166316e+01 -1.217817e+02 -7.500000e+00
    endloop
  endfacet
  facet normal 6.087614e-01 -7.933533e-01 0.000000e+00
    outer loop
      vertex   1.166316e+01 -1.217817e+02 -7.500000e+00
      vertex   1.187027e+01 -1.216228e+02 -2.500000e+00
      vertex   1.166316e+01 -1.217817e+02 -2.500000e+00
    endloop
  endfacet
  facet normal 7.933533e-01 -6.087614e-01 0.000000e+00
    outer loop
      vertex   1.166316e+01 -1.217817e+02 -7.500000e+00
      vertex   1.166316e+01 -1.217817e+02 -2.500000e+00
      vertex   1.150424e+01 -1.219888e+02 -7.500000e+00
    endloop
  endfacet
  facet normal 7.933533e-01 -6.087614e-01 -5.637115e-16
    outer loop
      vertex   1.150424e+01 -1.219888e+02 -7.500000e+00
      vertex   1.166316e+01 -1.217817e+02 -2.500000e+00
      vertex   1.150424e+01 -1.219888e+02 -2.500000e+00
    endloop
  endfacet
  facet normal 9.238795e-01 -3.826834e-01 -6.564559e-16
    outer loop
      vertex   1.150424e+01 -1.219888e+02 -7.500000e+00
      vertex   1.150424e+01 -1.219888e+02 -2.500000e+00
      vertex   1.140434e+01 -1.222300e+02 -7.500000e+00
    endloop
  endfacet
  facet normal 9.238795e-01 -3.826834e-01 0.000000e+00
    outer loop
      vertex   1.140434e+01 -1.222300e+02 -7.500000e+00
      vertex   1.150424e+01 -1.219888e+02 -2.500000e+00
      vertex   1.140434e+01 -1.222300e+02 -2.500000e+00
    endloop
  endfacet
  facet normal 9.914449e-01 1.305262e-01 0.000000e+00
    outer loop
      vertex   1.140434e+01 -1.227476e+02 7.500000e+00
      vertex   1.140434e+01 -1.227476e+02 2.500000e+00
      vertex   1.137027e+01 -1.224888e+02 7.500000e+00
    endloop
  endfacet
  facet normal 9.914449e-01 1.305262e-01 0.000000e+00
    outer loop
      vertex   1.137027e+01 -1.224888e+02 7.500000e+00
      vertex   1.140434e+01 -1.227476e+02 2.500000e+00
      vertex   1.137027e+01 -1.224888e+02 2.500000e+00
    endloop
  endfacet
  facet normal 9.914449e-01 -1.305262e-01 0.000000e+00
    outer loop
      vertex   1.137027e+01 -1.224888e+02 7.500000e+00
      vertex   1.137027e+01 -1.224888e+02 2.500000e+00
      vertex   1.140434e+01 -1.222300e+02 7.500000e+00
    endloop
  endfacet
  facet normal 9.914449e-01 -1.305262e-01 0.000000e+00
    outer loop
      vertex   1.140434e+01 -1.222300e+02 7.500000e+00
      vertex   1.137027e+01 -1.224888e+02 2.500000e+00
      vertex   1.140434e+01 -1.222300e+02 2.500000e+00
    endloop
  endfacet
  facet normal 9.238795e-01 -3.826834e-01 0.000000e+00
    outer loop
      vertex   1.140434e+01 -1.222300e+02 7.500000e+00
      vertex   1.140434e+01 -1.222300e+02 2.500000e+00
      vertex   1.150424e+01 -1.219888e+02 7.500000e+00
    endloop
  endfacet
  facet normal 9.238795e-01 -3.826834e-01 6.564559e-16
    outer loop
      vertex   1.150424e+01 -1.219888e+02 7.500000e+00
      vertex   1.140434e+01 -1.222300e+02 2.500000e+00
      vertex   1.150424e+01 -1.219888e+02 2.500000e+00
    endloop
  endfacet
  facet normal 7.933533e-01 -6.087614e-01 5.637115e-16
    outer loop
      vertex   1.150424e+01 -1.219888e+02 7.500000e+00
      vertex   1.150424e+01 -1.219888e+02 2.500000e+00
      vertex   1.166316e+01 -1.217817e+02 7.500000e+00
    endloop
  endfacet
  facet normal 7.933533e-01 -6.087614e-01 0.000000e+00
    outer loop
      vertex   1.166316e+01 -1.217817e+02 7.500000e+00
      vertex   1.150424e+01 -1.219888e+02 2.500000e+00
      vertex   1.166316e+01 -1.217817e+02 2.500000e+00
    endloop
  endfacet
  facet normal 6.087614e-01 -7.933533e-01 0.000000e+00
    outer loop
      vertex   1.166316e+01 -1.217817e+02 7.500000e+00
      vertex   1.166316e+01 -1.217817e+02 2.500000e+00
      vertex   1.187027e+01 -1.216228e+02 7.500000e+00
    endloop
  endfacet
  facet normal 6.087614e-01 -7.933533e-01 -2.162755e-16
    outer loop
      vertex   1.187027e+01 -1.216228e+02 7.500000e+00
      vertex   1.166316e+01 -1.217817e+02 2.500000e+00
      vertex   1.187027e+01 -1.216228e+02 2.500000e+00
    endloop
  endfacet
  facet normal 3.826834e-01 -9.238795e-01 -1.359565e-16
    outer loop
      vertex   1.187027e+01 -1.216228e+02 7.500000e+00
      vertex   1.187027e+01 -1.216228e+02 2.500000e+00
      vertex   1.211145e+01 -1.215229e+02 7.500000e+00
    endloop
  endfacet
  facet normal 3.826834e-01 -9.238795e-01 0.000000e+00
    outer loop
      vertex   1.211145e+01 -1.215229e+02 7.500000e+00
      vertex   1.187027e+01 -1.216228e+02 2.500000e+00
      vertex   1.211145e+01 -1.215229e+02 2.500000e+00
    endloop
  endfacet
  facet normal 1.305262e-01 -9.914449e-01 0.000000e+00
    outer loop
      vertex   1.211145e+01 -1.215229e+02 7.500000e+00
      vertex   1.211145e+01 -1.215229e+02 2.500000e+00
      vertex   1.237027e+01 -1.214888e+02 7.500000e+00
    endloop
  endfacet
  facet normal 1.305262e-01 -9.914449e-01 0.000000e+00
    outer loop
      vertex   1.237027e+01 -1.214888e+02 7.500000e+00
      vertex   1.211145e+01 -1.215229e+02 2.500000e+00
      vertex   1.237027e+01 -1.214888e+02 2.500000e+00
    endloop
  endfacet
  facet normal -1.305262e-01 -9.914449e-01 -0.000000e+00
    outer loop
      vertex   1.237027e+01 -1.214888e+02 7.500000e+00
      vertex   1.237027e+01 -1.214888e+02 2.500000e+00
      vertex   1.262908e+01 -1.215229e+02 7.500000e+00
    endloop
  endfacet
  facet normal -1.305262e-01 -9.914449e-01 -9.274444e-17
    outer loop
      vertex   1.262908e+01 -1.215229e+02 7.500000e+00
      vertex   1.237027e+01 -1.214888e+02 2.500000e+00
      vertex   1.262908e+01 -1.215229e+02 2.500000e+00
    endloop
  endfacet
  facet normal -3.826834e-01 -9.238795e-01 -2.719129e-16
    outer loop
      vertex   1.262908e+01 -1.215229e+02 7.500000e+00
      vertex   1.262908e+01 -1.215229e+02 2.500000e+00
      vertex   1.287027e+01 -1.216228e+02 7.500000e+00
    endloop
  endfacet
  facet normal -3.826834e-01 -9.238795e-01 -2.719129e-16
    outer loop
      vertex   1.287027e+01 -1.216228e+02 7.500000e+00
      vertex   1.262908e+01 -1.215229e+02 2.500000e+00
      vertex   1.287027e+01 -1.216228e+02 2.500000e+00
    endloop
  endfacet
  facet normal -6.087614e-01 -7.933533e-01 -4.325510e-16
    outer loop
      vertex   1.287027e+01 -1.216228e+02 7.500000e+00
      vertex   1.287027e+01 -1.216228e+02 2.500000e+00
      vertex   1.307737e+01 -1.217817e+02 7.500000e+00
    endloop
  endfacet
  facet normal -6.087614e-01 -7.933533e-01 -0.000000e+00
    outer loop
      vertex   1.307737e+01 -1.217817e+02 7.500000e+00
      vertex   1.287027e+01 -1.216228e+02 2.500000e+00
      vertex   1.307737e+01 -1.217817e+02 2.500000e+00
    endloop
  endfacet
  facet normal -7.933533e-01 -6.087614e-01 -0.000000e+00
    outer loop
      vertex   1.307737e+01 -1.217817e+02 7.500000e+00
      vertex   1.307737e+01 -1.217817e+02 2.500000e+00
      vertex   1.323629e+01 -1.219888e+02 7.500000e+00
    endloop
  endfacet
  facet normal -7.933533e-01 -6.087614e-01 5.637115e-16
    outer loop
      vertex   1.323629e+01 -1.219888e+02 7.500000e+00
      vertex   1.307737e+01 -1.217817e+02 2.500000e+00
      vertex   1.323629e+01 -1.219888e+02 2.500000e+00
    endloop
  endfacet
  facet normal -9.238795e-01 -3.826834e-01 6.564559e-16
    outer loop
      vertex   1.323629e+01 -1.219888e+02 7.500000e+00
      vertex   1.323629e+01 -1.219888e+02 2.500000e+00
      vertex   1.333619e+01 -1.222300e+02 7.500000e+00
    endloop
  endfacet
  facet normal -9.238795e-01 -3.826834e-01 -0.000000e+00
    outer loop
      vertex   1.333619e+01 -1.222300e+02 7.500000e+00
      vertex   1.323629e+01 -1.219888e+02 2.500000e+00
      vertex   1.333619e+01 -1.222300e+02 2.500000e+00
    endloop
  endfacet
  facet normal -9.914449e-01 -1.305262e-01 -0.000000e+00
    outer loop
      vertex   1.333619e+01 -1.222300e+02 7.500000e+00
      vertex   1.333619e+01 -1.222300e+02 2.500000e+00
      vertex   1.337027e+01 -1.224888e+02 7.500000e+00
    endloop
  endfacet
  facet normal -9.914449e-01 -1.305262e-01 -0.000000e+00
    outer loop
      vertex   1.337027e+01 -1.224888e+02 7.500000e+00
      vertex   1.333619e+01 -1.222300e+02 2.500000e+00
      vertex   1.337027e+01 -1.224888e+02 2.500000e+00
    endloop
  endfacet
  facet normal -9.914449e-01 1.305262e-01 0.000000e+00
    outer loop
      vertex   1.337027e+01 -1.224888e+02 7.500000e+00
      vertex   1.337027e+01 -1.224888e+02 2.500000e+00
      vertex   1.333619e+01 -1.227476e+02 7.500000e+00
    endloop
  endfacet
  facet normal -9.914449e-01 1.305262e-01 0.000000e+00
    outer loop
      vertex   1.333619e+01 -1.227476e+02 7.500000e+00
      vertex   1.337027e+01 -1.224888e+02 2.500000e+00
      vertex   1.333619e+01 -1.227476e+02 2.500000e+00
    endloop
  endfacet
  facet normal -9.238795e-01 3.826834e-01 0.000000e+00
    outer loop
      vertex   1.333619e+01 -1.227476e+02 7.500000e+00
      vertex   1.333619e+01 -1.227476e+02 2.500000e+00
      vertex   1.323629e+01 -1.229888e+02 7.500000e+00
    endloop
  endfacet
  facet normal -9.238795e-01 3.826834e-01 6.564559e-16
    outer loop
      vertex   1.323629e+01 -1.229888e+02 7.500000e+00
      vertex   1.333619e+01 -1.227476e+02 2.500000e+00
      vertex   1.323629e+01 -1.229888e+02 2.500000e+00
    endloop
  endfacet
  facet normal -7.933533e-01 6.087614e-01 5.637115e-16
    outer loop
      vertex   1.323629e+01 -1.229888e+02 7.500000e+00
      vertex   1.323629e+01 -1.229888e+02 2.500000e+00
      vertex   1.307737e+01 -1.231959e+02 7.500000e+00
    endloop
  endfacet
  facet normal -7.933533e-01 6.087614e-01 0.000000e+00
    outer loop
      vertex   1.307737e+01 -1.231959e+02 7.500000e+00
      vertex   1.323629e+01 -1.229888e+02 2.500000e+00
      vertex   1.307737e+01 -1.231959e+02 2.500000e+00
    endloop
  endfacet
  facet normal -6.087614e-01 7.933533e-01 0.000000e+00
    outer loop
      vertex   1.307737e+01 -1.231959e+02 7.500000e+00
      vertex   1.307737e+01 -1.231959e+02 2.500000e+00
      vertex   1.287027e+01 -1.233548e+02 7.500000e+00
    endloop
  endfacet
  facet normal -6.087614e-01 7.933533e-01 -2.162755e-16
    outer loop
      vertex   1.287027e+01 -1.233548e+02 7.500000e+00
      vertex   1.307737e+01 -1.231959e+02 2.500000e+00
      vertex   1.287027e+01 -1.233548e+02 2.500000e+00
    endloop
  endfacet
  facet normal -3.826834e-01 9.238795e-01 -1.359565e-16
    outer loop
      vertex   1.287027e+01 -1.233548e+02 7.500000e+00
      vertex   1.287027e+01 -1.233548e+02 2.500000e+00
      vertex   1.262908e+01 -1.234547e+02 7.500000e+00
    endloop
  endfacet
  facet normal -3.826834e-01 9.238795e-01 -2.719129e-16
    outer loop
      vertex   1.262908e+01 -1.234547e+02 7.500000e+00
      vertex   1.287027e+01 -1.233548e+02 2.500000e+00
      vertex   1.262908e+01 -1.234547e+02 2.500000e+00
    endloop
  endfacet
  facet normal -1.305262e-01 9.914449e-01 -9.274444e-17
    outer loop
      vertex   1.262908e+01 -1.234547e+02 7.500000e+00
      vertex   1.262908e+01 -1.234547e+02 2.500000e+00
      vertex   1.237027e+01 -1.234888e+02 7.500000e+00
    endloop
  endfacet
  facet normal -1.305262e-01 9.914449e-01 0.000000e+00
    outer loop
      vertex   1.237027e+01 -1.234888e+02 7.500000e+00
      vertex   1.262908e+01 -1.234547e+02 2.500000e+00
      vertex   1.237027e+01 -1.234888e+02 2.500000e+00
    endloop
  endfacet
  facet normal 1.305262e-01 9.914449e-01 0.000000e+00
    outer loop
      vertex   1.237027e+01 -1.234888e+02 7.500000e+00
      vertex   1.237027e+01 -1.234888e+02 2.500000e+00
      vertex   1.211145e+01 -1.234547e+02 7.500000e+00
    endloop
  endfacet
  facet normal 1.305262e-01 9.914449e-01 0.000000e+00
    outer loop
      vertex   1.211145e+01 -1.234547e+02 7.500000e+00
      vertex   1.237027e+01 -1.234888e+02 2.500000e+00
      vertex   1.211145e+01 -1.234547e+02 2.500000e+00
    endloop
  endfacet
  facet normal 3.826834e-01 9.238795e-01 0.000000e+00
    outer loop
      vertex   1.211145e+01 -1.234547e+02 7.500000e+00
      vertex   1.211145e+01 -1.234547e+02 2.500000e+00
      vertex   1.187027e+01 -1.233548e+02 7.500000e+00
    endloop
  endfacet
  facet normal 3.826834e-01 9.238795e-01 -2.719129e-16
    outer loop
      vertex   1.187027e+01 -1.233548e+02 7.500000e+00
      vertex   1.211145e+01 -1.234547e+02 2.500000e+00
      vertex   1.187027e+01 -1.233548e+02 2.500000e+00
    endloop
  endfacet
  facet normal 6.087614e-01 7.933533e-01 -4.325510e-16
    outer loop
      vertex   1.187027e+01 -1.233548e+02 7.500000e+00
      vertex   1.187027e+01 -1.233548e+02 2.500000e+00
      vertex   1.166316e+01 -1.231959e+02 7.500000e+00
    endloop
  endfacet
  facet normal 6.087614e-01 7.933533e-01 0.000000e+00
    outer loop
      vertex   1.166316e+01 -1.231959e+02 7.500000e+00
      vertex   1.187027e+01 -1.233548e+02 2.500000e+00
      vertex   1.166316e+01 -1.231959e+02 2.500000e+00
    endloop
  endfacet
  facet normal 7.933533e-01 6.087614e-01 0.000000e+00
    outer loop
      vertex   1.166316e+01 -1.231959e+02 7.500000e+00
      vertex   1.166316e+01 -1.231959e+02 2.500000e+00
      vertex   1.150424e+01 -1.229888e+02 7.500000e+00
    endloop
  endfacet
  facet normal 7.933533e-01 6.087614e-01 5.637115e-16
    outer loop
      vertex   1.150424e+01 -1.229888e+02 7.500000e+00
      vertex   1.166316e+01 -1.231959e+02 2.500000e+00
      vertex   1.150424e+01 -1.229888e+02 2.500000e+00
    endloop
  endfacet
  facet normal 9.238795e-01 3.826834e-01 6.564559e-16
    outer loop
      vertex   1.150424e+01 -1.229888e+02 7.500000e+00
      vertex   1.150424e+01 -1.229888e+02 2.500000e+00
      vertex   1.140434e+01 -1.227476e+02 7.500000e+00
    endloop
  endfacet
  facet normal 9.238795e-01 3.826834e-01 0.000000e+00
    outer loop
      vertex   1.140434e+01 -1.227476e+02 7.500000e+00
      vertex   1.150424e+01 -1.229888e+02 2.500000e+00
      vertex   1.140434e+01 -1.227476e+02 2.500000e+00
    endloop
  endfacet
  facet normal 9.914449e-01 1.305262e-01 -0.000000e+00
    outer loop
      vertex   1.137027e+01 -1.224888e+02 -2.500000e+00
      vertex   1.137027e+01 -1.224888e+02 2.500000e+00
      vertex   1.140434e+01 -1.227476e+02 -2.500000e+00
    endloop
  endfacet
  facet normal 9.914449e-01 1.305262e-01 -0.000000e+00
    outer loop
      vertex   1.140434e+01 -1.227476e+02 -2.500000e+00
      vertex   1.137027e+01 -1.224888e+02 2.500000e+00
      vertex   1.140434e+01 -1.227476e+02 2.500000e+00
    endloop
  endfacet
  facet normal 9.238795e-01 3.826834e-01 -0.000000e+00
    outer loop
      vertex   1.140434e+01 -1.227476e+02 -2.500000e+00
      vertex   1.140434e+01 -1.227476e+02 2.500000e+00
      vertex   1.150424e+01 -1.229888e+02 -2.500000e+00
    endloop
  endfacet
  facet normal 9.238795e-01 3.826834e-01 -0.000000e+00
    outer loop
      vertex   1.150424e+01 -1.229888e+02 -2.500000e+00
      vertex   1.140434e+01 -1.227476e+02 2.500000e+00
      vertex   1.150424e+01 -1.229888e+02 2.500000e+00
    endloop
  endfacet
  facet normal 7.933533e-01 6.087614e-01 -0.000000e+00
    outer loop
      vertex   1.150424e+01 -1.229888e+02 -2.500000e+00
      vertex   1.150424e+01 -1.229888e+02 2.500000e+00
      vertex   1.166316e+01 -1.231959e+02 -2.500000e+00
    endloop
  endfacet
  facet normal 7.933533e-01 6.087614e-01 -0.000000e+00
    outer loop
      vertex   1.166316e+01 -1.231959e+02 -2.500000e+00
      vertex   1.150424e+01 -1.229888e+02 2.500000e+00
      vertex   1.166316e+01 -1.231959e+02 2.500000e+00
    endloop
  endfacet
  facet normal 6.087614e-01 7.933533e-01 -0.000000e+00
    outer loop
      vertex   1.166316e+01 -1.231959e+02 -2.500000e+00
      vertex   1.166316e+01 -1.231959e+02 2.500000e+00
      vertex   1.187027e+01 -1.233548e+02 -2.500000e+00
    endloop
  endfacet
  facet normal 6.087614e-01 7.933533e-01 -0.000000e+00
    outer loop
      vertex   1.187027e+01 -1.233548e+02 -2.500000e+00
      vertex   1.166316e+01 -1.231959e+02 2.500000e+00
      vertex   1.187027e+01 -1.233548e+02 2.500000e+00
    endloop
  endfacet
  facet normal 3.826834e-01 9.238795e-01 -0.000000e+00
    outer loop
      vertex   1.187027e+01 -1.233548e+02 -2.500000e+00
      vertex   1.187027e+01 -1.233548e+02 2.500000e+00
      vertex   1.211145e+01 -1.234547e+02 -2.500000e+00
    endloop
  endfacet
  facet normal 3.826834e-01 9.238795e-01 -0.000000e+00
    outer loop
      vertex   1.211145e+01 -1.234547e+02 -2.500000e+00
      vertex   1.187027e+01 -1.233548e+02 2.500000e+00
      vertex   1.211145e+01 -1.234547e+02 2.500000e+00
    endloop
  endfacet
  facet normal 1.305262e-01 9.914449e-01 -0.000000e+00
    outer loop
      vertex   1.211145e+01 -1.234547e+02 -2.500000e+00
      vertex   1.211145e+01 -1.234547e+02 2.500000e+00
      vertex   1.237027e+01 -1.234888e+02 -2.500000e+00
    endloop
  endfacet
  facet normal 1.305262e-01 9.914449e-01 -0.000000e+00
    outer loop
      vertex   1.237027e+01 -1.234888e+02 -2.500000e+00
      vertex   1.211145e+01 -1.234547e+02 2.500000e+00
      vertex   1.237027e+01 -1.234888e+02 2.500000e+00
    endloop
  endfacet
  facet normal -1.305262e-01 9.914449e-01 0.000000e+00
    outer loop
      vertex   1.237027e+01 -1.234888e+02 -2.500000e+00
      vertex   1.237027e+01 -1.234888e+02 2.500000e+00
      vertex   1.262908e+01 -1.234547e+02 -2.500000e+00
    endloop
  endfacet
  facet normal -1.305262e-01 9.914449e-01 0.000000e+00
    outer loop
      vertex   1.262908e+01 -1.234547e+02 -2.500000e+00
      vertex   1.237027e+01 -1.234888e+02 2.500000e+00
      vertex   1.262908e+01 -1.234547e+02 2.500000e+00
    endloop
  endfacet
  facet normal -3.826834e-01 9.238795e-01 0.000000e+00
    outer loop
      vertex   1.262908e+01 -1.234547e+02 -2.500000e+00
      vertex   1.262908e+01 -1.234547e+02 2.500000e+00
      vertex   1.287027e+01 -1.233548e+02 -2.500000e+00
    endloop
  endfacet
  facet normal -3.826834e-01 9.238795e-01 0.000000e+00
    outer loop
      vertex   1.287027e+01 -1.233548e+02 -2.500000e+00
      vertex   1.262908e+01 -1.234547e+02 2.500000e+00
      vertex   1.287027e+01 -1.233548e+02 2.500000e+00
    endloop
  endfacet
  facet normal -6.087614e-01 7.933533e-01 0.000000e+00
    outer loop
      vertex   1.287027e+01 -1.233548e+02 -2.500000e+00
      vertex   1.287027e+01 -1.233548e+02 2.500000e+00
      vertex   1.307737e+01 -1.231959e+02 -2.500000e+00
    endloop
  endfacet
  facet normal -6.087614e-01 7.933533e-01 0.000000e+00
    outer loop
      vertex   1.307737e+01 -1.231959e+02 -2.500000e+00
      vertex   1.287027e+01 -1.233548e+02 2.500000e+00
      vertex   1.307737e+01 -1.231959e+02 2.500000e+00
    endloop
  endfacet
  facet normal -7.933533e-01 6.087614e-01 0.000000e+00
    outer loop
      vertex   1.307737e+01 -1.231959e+02 -2.500000e+00
      vertex   1.307737e+01 -1.231959e+02 2.500000e+00
      vertex   1.323629e+01 -1.229888e+02 -2.500000e+00
    endloop
  endfacet
  facet normal -7.933533e-01 6.087614e-01 0.000000e+00
    outer loop
      vertex   1.323629e+01 -1.229888e+02 -2.500000e+00
      vertex   1.307737e+01 -1.231959e+02 2.500000e+00
      vertex   1.323629e+01 -1.229888e+02 2.500000e+00
    endloop
  endfacet
  facet normal -9.238795e-01 3.826834e-01 0.000000e+00
    outer loop
      vertex   1.323629e+01 -1.229888e+02 -2.500000e+00
      vertex   1.323629e+01 -1.229888e+02 2.500000e+00
      vertex   1.333619e+01 -1.227476e+02 -2.500000e+00
    endloop
  endfacet
  facet normal -9.238795e-01 3.826834e-01 0.000000e+00
    outer loop
      vertex   1.333619e+01 -1.227476e+02 -2.500000e+00
      vertex   1.323629e+01 -1.229888e+02 2.500000e+00
      vertex   1.333619e+01 -1.227476e+02 2.500000e+00
    endloop
  endfacet
  facet normal -9.914449e-01 1.305262e-01 0.000000e+00
    outer loop
      vertex   1.333619e+01 -1.227476e+02 -2.500000e+00
      vertex   1.333619e+01 -1.227476e+02 2.500000e+00
      vertex   1.337027e+01 -1.224888e+02 -2.500000e+00
    endloop
  endfacet
  facet normal -9.914449e-01 1.305262e-01 0.000000e+00
    outer loop
      vertex   1.337027e+01 -1.224888e+02 -2.500000e+00
      vertex   1.333619e+01 -1.227476e+02 2.500000e+00
      vertex   1.337027e+01 -1.224888e+02 2.500000e+00
    endloop
  endfacet
  facet normal -9.914449e-01 -1.305262e-01 0.000000e+00
    outer loop
      vertex   1.337027e+01 -1.224888e+02 -2.500000e+00
      vertex   1.337027e+01 -1.224888e+02 2.500000e+00
      vertex   1.333619e+01 -1.222300e+02 -2.500000e+00
    endloop
  endfacet
  facet normal -9.914449e-01 -1.305262e-01 0.000000e+00
    outer loop
      vertex   1.333619e+01 -1.222300e+02 -2.500000e+00
      vertex   1.337027e+01 -1.224888e+02 2.500000e+00
      vertex   1.333619e+01 -1.222300e+02 2.500000e+00
    endloop
  endfacet
  facet normal -9.238795e-01 -3.826834e-01 0.000000e+00
    outer loop
      vertex   1.333619e+01 -1.222300e+02 -2.500000e+00
      vertex   1.333619e+01 -1.222300e+02 2.500000e+00
      vertex   1.323629e+01 -1.219888e+02 -2.500000e+00
    endloop
  endfacet
  facet normal -9.238795e-01 -3.826834e-01 0.000000e+00
    outer loop
      vertex   1.323629e+01 -1.219888e+02 -2.500000e+00
      vertex   1.333619e+01 -1.222300e+02 2.500000e+00
      vertex   1.323629e+01 -1.219888e+02 2.500000e+00
    endloop
  endfacet
  facet normal -7.933533e-01 -6.087614e-01 0.000000e+00
    outer loop
      vertex   1.323629e+01 -1.219888e+02 -2.500000e+00
      vertex   1.323629e+01 -1.219888e+02 2.500000e+00
      vertex   1.307737e+01 -1.217817e+02 -2.500000e+00
    endloop
  endfacet
  facet normal -7.933533e-01 -6.087614e-01 0.000000e+00
    outer loop
      vertex   1.307737e+01 -1.217817e+02 -2.500000e+00
      vertex   1.323629e+01 -1.219888e+02 2.500000e+00
      vertex   1.307737e+01 -1.217817e+02 2.500000e+00
    endloop
  endfacet
  facet normal -6.087614e-01 -7.933533e-01 0.000000e+00
    outer loop
      vertex   1.307737e+01 -1.217817e+02 -2.500000e+00
      vertex   1.307737e+01 -1.217817e+02 2.500000e+00
      vertex   1.287027e+01 -1.216228e+02 -2.500000e+00
    endloop
  endfacet
  facet normal -6.087614e-01 -7.933533e-01 0.000000e+00
    outer loop
      vertex   1.287027e+01 -1.216228e+02 -2.500000e+00
      vertex   1.307737e+01 -1.217817e+02 2.500000e+00
      vertex   1.287027e+01 -1.216228e+02 2.500000e+00
    endloop
  endfacet
  facet normal -3.826834e-01 -9.238795e-01 0.000000e+00
    outer loop
      vertex   1.287027e+01 -1.216228e+02 -2.500000e+00
      vertex   1.287027e+01 -1.216228e+02 2.500000e+00
      vertex   1.262908e+01 -1.215229e+02 -2.500000e+00
    endloop
  endfacet
  facet normal -3.826834e-01 -9.238795e-01 0.000000e+00
    outer loop
      vertex   1.262908e+01 -1.215229e+02 -2.500000e+00
      vertex   1.287027e+01 -1.216228e+02 2.500000e+00
      vertex   1.262908e+01 -1.215229e+02 2.500000e+00
    endloop
  endfacet
  facet normal -1.305262e-01 -9.914449e-01 0.000000e+00
    outer loop
      vertex   1.262908e+01 -1.215229e+02 -2.500000e+00
      vertex   1.262908e+01 -1.215229e+02 2.500000e+00
      vertex   1.237027e+01 -1.214888e+02 -2.500000e+00
    endloop
  endfacet
  facet normal -1.305262e-01 -9.914449e-01 0.000000e+00
    outer loop
      vertex   1.237027e+01 -1.214888e+02 -2.500000e+00
      vertex   1.262908e+01 -1.215229e+02 2.500000e+00
      vertex   1.237027e+01 -1.214888e+02 2.500000e+00
    endloop
  endfacet
  facet normal 1.305262e-01 -9.914449e-01 0.000000e+00
    outer loop
      vertex   1.237027e+01 -1.214888e+02 -2.500000e+00
      vertex   1.237027e+01 -1.214888e+02 2.500000e+00
      vertex   1.211145e+01 -1.215229e+02 -2.500000e+00
    endloop
  endfacet
  facet normal 1.305262e-01 -9.914449e-01 0.000000e+00
    outer loop
      vertex   1.211145e+01 -1.215229e+02 -2.500000e+00
      vertex   1.237027e+01 -1.214888e+02 2.500000e+00
      vertex   1.211145e+01 -1.215229e+02 2.500000e+00
    endloop
  endfacet
  facet normal 3.826834e-01 -9.238795e-01 0.000000e+00
    outer loop
      vertex   1.211145e+01 -1.215229e+02 -2.500000e+00
      vertex   1.211145e+01 -1.215229e+02 2.500000e+00
      vertex   1.187027e+01 -1.216228e+02 -2.500000e+00
    endloop
  endfacet
  facet normal 3.826834e-01 -9.238795e-01 0.000000e+00
    outer loop
      vertex   1.187027e+01 -1.216228e+02 -2.500000e+00
      vertex   1.211145e+01 -1.215229e+02 2.500000e+00
      vertex   1.187027e+01 -1.216228e+02 2.500000e+00
    endloop
  endfacet
  facet normal 6.087614e-01 -7.933533e-01 0.000000e+00
    outer loop
      vertex   1.187027e+01 -1.216228e+02 -2.500000e+00
      vertex   1.187027e+01 -1.216228e+02 2.500000e+00
      vertex   1.166316e+01 -1.217817e+02 -2.500000e+00
    endloop
  endfacet
  facet normal 6.087614e-01 -7.933533e-01 0.000000e+00
    outer loop
      vertex   1.166316e+01 -1.217817e+02 -2.500000e+00
      vertex   1.187027e+01 -1.216228e+02 2.500000e+00
      vertex   1.166316e+01 -1.217817e+02 2.500000e+00
    endloop
  endfacet
  facet normal 7.933533e-01 -6.087614e-01 0.000000e+00
    outer loop
      vertex   1.166316e+01 -1.217817e+02 -2.500000e+00
      vertex   1.166316e+01 -1.217817e+02 2.500000e+00
      vertex   1.150424e+01 -1.219888e+02 -2.500000e+00
    endloop
  endfacet
  facet normal 7.933533e-01 -6.087614e-01 0.000000e+00
    outer loop
      vertex   1.150424e+01 -1.219888e+02 -2.500000e+00
      vertex   1.166316e+01 -1.217817e+02 2.500000e+00
      vertex   1.150424e+01 -1.219888e+02 2.500000e+00
    endloop
  endfacet
  facet normal 9.238795e-01 -3.826834e-01 0.000000e+00
    outer loop
      vertex   1.150424e+01 -1.219888e+02 -2.500000e+00
      vertex   1.150424e+01 -1.219888e+02 2.500000e+00
      vertex   1.140434e+01 -1.222300e+02 -2.500000e+00
    endloop
  endfacet
  facet normal 9.238795e-01 -3.826834e-01 0.000000e+00
    outer loop
      vertex   1.140434e+01 -1.222300e+02 -2.500000e+00
      vertex   1.150424e+01 -1.219888e+02 2.500000e+00
      vertex   1.140434e+01 -1.222300e+02 2.500000e+00
    endloop
  endfacet
  facet normal 9.914449e-01 -1.305262e-01 0.000000e+00
    outer loop
      vertex   1.140434e+01 -1.222300e+02 -2.500000e+00
      vertex   1.140434e+01 -1.222300e+02 2.500000e+00
      vertex   1.137027e+01 -1.224888e+02 -2.500000e+00
    endloop
  endfacet
  facet normal 9.914449e-01 -1.305262e-01 0.000000e+00
    outer loop
      vertex   1.137027e+01 -1.224888e+02 -2.500000e+00
      vertex   1.140434e+01 -1.222300e+02 2.500000e+00
      vertex   1.137027e+01 -1.224888e+02 2.500000e+00
    endloop
  endfacet
  facet normal 0.000000e+00 -0.000000e+00 -1.000000e+00
    outer loop
      vertex   1.140434e+01 -1.222300e+02 7.500000e+00
      vertex   1.333619e+01 -1.222300e+02 7.500000e+00
      vertex   1.137027e+01 -1.224888e+02 7.500000e+00
    endloop
  endfacet
  facet normal 0.000000e+00 0.000000e+00 -1.000000e+00
    outer loop
      vertex   1.137027e+01 -1.224888e+02 7.500000e+00
      vertex   1.333619e+01 -1.222300e+02 7.500000e+00
      vertex   1.337027e+01 -1.224888e+02 7.500000e+00
    endloop
  endfacet
  facet normal 0.000000e+00 0.000000e+00 -1.000000e+00
    outer loop
      vertex   1.137027e+01 -1.224888e+02 7.500000e+00
      vertex   1.337027e+01 -1.224888e+02 7.500000e+00
      vertex   1.140434e+01 -1.227476e+02 7.500000e+00
    endloop
  endfacet
  facet normal 0.000000e+00 0.000000e+00 -1.000000e+00
    outer loop
      vertex   1.140434e+01 -1.227476e+02 7.500000e+00
      vertex   1.337027e+01 -1.224888e+02 7.500000e+00
      vertex   1.333619e+01 -1.227476e+02 7.500000e+00
    endloop
  endfacet
  facet normal 0.000000e+00 0.000000e+00 -1.000000e+00
    outer loop
      vertex   1.140434e+01 -1.227476e+02 7.500000e+00
      vertex   1.333619e+01 -1.227476e+02 7.500000e+00
      vertex   1.150424e+01 -1.229888e+02 7.500000e+00
    endloop
  endfacet
  facet normal 0.000000e+00 0.000000e+00 -1.000000e+00
    outer loop
      vertex   1.150424e+01 -1.229888e+02 7.500000e+00
      vertex   1.333619e+01 -1.227476e+02 7.500000e+00
      vertex   1.323629e+01 -1.229888e+02 7.500000e+00
    endloop
  endfacet
  facet normal 0.000000e+00 0.000000e+00 -1.000000e+00
    outer loop
      vertex   1.150424e+01 -1.229888e+02 7.500000e+00
      vertex   1.323629e+01 -1.229888e+02 7.500000e+00
      vertex   1.166316e+01 -1.231959e+02 7.500000e+00
    endloop
  endfacet
  facet normal 0.000000e+00 0.000000e+00 -1.000000e+00
    outer loop
      vertex   1.166316e+01 -1.231959e+02 7.500000e+00
      vertex   1.323629e+01 -1.229888e+02 7.500000e+00
      vertex   1.307737e+01 -1.231959e+02 7.500000e+00
    endloop
  endfacet
  facet normal 0.000000e+00 0.000000e+00 -1.000000e+00
    outer loop
      vertex   1.166316e+01 -1.231959e+02 7.500000e+00
      vertex   1.307737e+01 -1.231959e+02 7.500000e+00
      vertex   1.187027e+01 -1.233548e+02 7.500000e+00
    endloop
  endfacet
  facet normal 0.000000e+00 0.000000e+00 -1.000000e+00
    outer loop
      vertex   1.187027e+01 -1.233548e+02 7.500000e+00
      vertex   1.307737e+01 -1.231959e+02 7.500000e+00
      vertex   1.287027e+01 -1.233548e+02 7.500000e+00
    endloop
  endfacet
  facet normal 0.000000e+00 0.000000e+00 -1.000000e+00
    outer loop
      vertex   1.187027e+01 -1.233548e+02 7.500000e+00
      vertex   1.287027e+01 -1.233548e+02 7.500000e+00
      vertex   1.211145e+01 -1.234547e+02 7.500000e+00
    endloop
  endfacet
  facet normal 0.000000e+00 0.000000e+00 -1.000000e+00
    outer loop
      vertex   1.211145e+01 -1.234547e+02 7.500000e+00
      vertex   1.287027e+01 -1.233548e+02 7.500000e+00
      vertex   1.262908e+01 -1.234547e+02 7.500000e+00
    endloop
  endfacet
  facet normal 0.000000e+00 0.000000e+00 -1.000000e+00
    outer loop
      vertex   1.211145e+01 -1.234547e+02 7.500000e+00
      vertex   1.262908e+01 -1.234547e+02 7.500000e+00
      vertex   1.237027e+01 -1.234888e+02 7.500000e+00
    endloop
  endfacet
  facet normal 0.000000e+00 0.000000e+00 -1.000000e+00
    outer loop
      vertex   1.333619e+01 -1.222300e+02 7.500000e+00
      vertex   1.140434e+01 -1.222300e+02 7.500000e+00
      vertex   1.323629e+01 -1.219888e+02 7.500000e+00
    endloop
  endfacet
  facet normal -0.000000e+00 0.000000e+00 -1.000000e+00
    outer loop
      vertex   1.323629e+01 -1.219888e+02 7.500000e+00
      vertex   1.140434e+01 -1.222300e+02 7.500000e+00
      vertex   1.150424e+01 -1.219888e+02 7.500000e+00
    endloop
  endfacet
  facet normal 0.000000e+00 0.000000e+00 -1.000000e+00
    outer loop
      vertex   1.323629e+01 -1.219888e+02 7.500000e+00
      vertex   1.150424e+01 -1.219888e+02 7.500000e+00
      vertex   1.307737e+01 -1.217817e+02 7.500000e+00
    endloop
  endfacet
  facet normal -0.000000e+00 0.000000e+00 -1.000000e+00
    outer loop
      vertex   1.307737e+01 -1.217817e+02 7.500000e+00
      vertex   1.150424e+01 -1.219888e+02 7.500000e+00
      vertex   1.166316e+01 -1.217817e+02 7.500000e+00
    endloop
  endfacet
  facet normal 0.000000e+00 0.000000e+00 -1.000000e+00
    outer loop
      vertex   1.307737e+01 -1.217817e+02 7.500000e+00
      vertex   1.166316e+01 -1.217817e+02 7.500000e+00
      vertex   1.287027e+01 -1.216228e+02 7.500000e+00
    endloop
  endfacet
  facet normal -0.000000e+00 0.000000e+00 -1.000000e+00
    outer loop
      vertex   1.287027e+01 -1.216228e+02 7.500000e+00
      vertex   1.166316e+01 -1.217817e+02 7.500000e+00
      vertex   1.187027e+01 -1.216228e+02 7.500000e+00
    endloop
  endfacet
  facet normal 0.000000e+00 0.000000e+00 -1.000000e+00
    outer loop
      vertex   1.287027e+01 -1.216228e+02 7.500000e+00
      vertex   1.187027e+01 -1.216228e+02 7.500000e+00
      vertex   1.262908e+01 -1.215229e+02 7.500000e+00
    endloop
  endfacet
  facet normal -0.000000e+00 0.000000e+00 -1.000000e+00
    outer loop
      vertex   1.262908e+01 -1.215229e+02 7.500000e+00
      vertex   1.187027e+01 -1.216228e+02 7.500000e+00
      vertex   1.211145e+01 -1.215229e+02 7.500000e+00
    endloop
  endfacet
  facet normal 0.000000e+00 0.000000e+00 -1.000000e+00
    outer loop
      vertex   1.262908e+01 -1.215229e+02 7.500000e+00
      vertex   1.211145e+01 -1.215229e+02 7.500000e+00
      vertex   1.237027e+01 -1.214888e+02 7.500000e+00
    endloop
  endfacet
  facet normal 9.914449e-01 -1.305262e-01 0.000000e+00
    outer loop
      vertex   9.354087e+00 -4.516604e+01 -7.500000e+00
      vertex   9.354087e+00 -4.516604e+01 -2.500000e+00
      vertex   9.320013e+00 -4.542486e+01 -7.500000e+00
    endloop
  endfacet
  facet normal 9.914449e-01 -1.305262e-01 0.000000e+00
    outer loop
      vertex   9.320013e+00 -4.542486e+01 -7.500000e+00
      vertex   9.354087e+00 -4.516604e+01 -2.500000e+00
      vertex   9.320013e+00 -4.542486e+01 -2.500000e+00
    endloop
  endfacet
  facet normal 9.914449e-01 1.305262e-01 -0.000000e+00
    outer loop
      vertex   9.320013e+00 -4.542486e+01 -7.500000e+00
      vertex   9.320013e+00 -4.542486e+01 -2.500000e+00
      vertex   9.354087e+00 -4.568368e+01 -7.500000e+00
    endloop
  endfacet
  facet normal 9.914449e-01 1.305262e-01 3.522320e-16
    outer loop
      vertex   9.354087e+00 -4.568368e+01 -7.500000e+00
      vertex   9.320013e+00 -4.542486e+01 -2.500000e+00
      vertex   9.354087e+00 -4.568368e+01 -2.500000e+00
    endloop
  endfacet
  facet normal 9.238795e-01 3.826834e-01 3.282279e-16
    outer loop
      vertex   9.354087e+00 -4.568368e+01 -7.500000e+00
      vertex   9.354087e+00 -4.568368e+01 -2.500000e+00
      vertex   9.453987e+00 -4.592486e+01 -7.500000e+00
    endloop
  endfacet
  facet normal 9.238795e-01 3.826834e-01 -0.000000e+00
    outer loop
      vertex   9.453987e+00 -4.592486e+01 -7.500000e+00
      vertex   9.354087e+00 -4.568368e+01 -2.500000e+00
      vertex   9.453987e+00 -4.592486e+01 -2.500000e+00
    endloop
  endfacet
  facet normal 7.933533e-01 6.087614e-01 -0.000000e+00
    outer loop
      vertex   9.453987e+00 -4.592486e+01 -7.500000e+00
      vertex   9.453987e+00 -4.592486e+01 -2.500000e+00
      vertex   9.612906e+00 -4.613197e+01 -7.500000e+00
    endloop
  endfacet
  facet normal 7.933533e-01 6.087614e-01 -0.000000e+00
    outer loop
      vertex   9.612906e+00 -4.613197e+01 -7.500000e+00
      vertex   9.453987e+00 -4.592486e+01 -2.500000e+00
      vertex   9.612906e+00 -4.613197e+01 -2.500000e+00
    endloop
  endfacet
  facet normal 6.087614e-01 7.933533e-01 -0.000000e+00
    outer loop
      vertex   9.612906e+00 -4.613197e+01 -7.500000e+00
      vertex   9.612906e+00 -4.613197e+01 -2.500000e+00
      vertex   9.820013e+00 -4.629089e+01 -7.500000e+00
    endloop
  endfacet
  facet normal 6.087614e-01 7.933533e-01 -0.000000e+00
    outer loop
      vertex   9.820013e+00 -4.629089e+01 -7.500000e+00
      vertex   9.612906e+00 -4.613197e+01 -2.500000e+00
      vertex   9.820013e+00 -4.629089e+01 -2.500000e+00
    endloop
  endfacet
  facet normal 3.826834e-01 9.238795e-01 -0.000000e+00
    outer loop
      vertex   9.820013e+00 -4.629089e+01 -7.500000e+00
      vertex   9.820013e+00 -4.629089e+01 -2.500000e+00
      vertex   1.006119e+01 -4.639079e+01 -7.500000e+00
    endloop
  endfacet
  facet normal 3.826834e-01 9.238795e-01 -0.000000e+00
    outer loop
      vertex   1.006119e+01 -4.639079e+01 -7.500000e+00
      vertex   9.820013e+00 -4.629089e+01 -2.500000e+00
      vertex   1.006119e+01 -4.639079e+01 -2.500000e+00
    endloop
  endfacet
  facet normal 1.305262e-01 9.914449e-01 -0.000000e+00
    outer loop
      vertex   1.006119e+01 -4.639079e+01 -7.500000e+00
      vertex   1.006119e+01 -4.639079e+01 -2.500000e+00
      vertex   1.032001e+01 -4.642486e+01 -7.500000e+00
    endloop
  endfacet
  facet normal 1.305262e-01 9.914449e-01 -0.000000e+00
    outer loop
      vertex   1.032001e+01 -4.642486e+01 -7.500000e+00
      vertex   1.006119e+01 -4.639079e+01 -2.500000e+00
      vertex   1.032001e+01 -4.642486e+01 -2.500000e+00
    endloop
  endfacet
  facet normal -1.305262e-01 9.914449e-01 0.000000e+00
    outer loop
      vertex   1.032001e+01 -4.642486e+01 -7.500000e+00
      vertex   1.032001e+01 -4.642486e+01 -2.500000e+00
      vertex   1.057883e+01 -4.639079e+01 -7.500000e+00
    endloop
  endfacet
  facet normal -1.305262e-01 9.914449e-01 -4.637222e-17
    outer loop
      vertex   1.057883e+01 -4.639079e+01 -7.500000e+00
      vertex   1.032001e+01 -4.642486e+01 -2.500000e+00
      vertex   1.057883e+01 -4.639079e+01 -2.500000e+00
    endloop
  endfacet
  facet normal -3.826834e-01 9.238795e-01 -1.359565e-16
    outer loop
      vertex   1.057883e+01 -4.639079e+01 -7.500000e+00
      vertex   1.057883e+01 -4.639079e+01 -2.500000e+00
      vertex   1.082001e+01 -4.629089e+01 -7.500000e+00
    endloop
  endfacet
  facet normal -3.826834e-01 9.238795e-01 1.359565e-16
    outer loop
      vertex   1.082001e+01 -4.629089e+01 -7.500000e+00
      vertex   1.057883e+01 -4.639079e+01 -2.500000e+00
      vertex   1.082001e+01 -4.629089e+01 -2.500000e+00
    endloop
  endfacet
  facet normal -6.087614e-01 7.933533e-01 2.162755e-16
    outer loop
      vertex   1.082001e+01 -4.629089e+01 -7.500000e+00
      vertex   1.082001e+01 -4.629089e+01 -2.500000e+00
      vertex   1.102712e+01 -4.613197e+01 -7.500000e+00
    endloop
  endfacet
  facet normal -6.087614e-01 7.933533e-01 0.000000e+00
    outer loop
      vertex   1.102712e+01 -4.613197e+01 -7.500000e+00
      vertex   1.082001e+01 -4.629089e+01 -2.500000e+00
      vertex   1.102712e+01 -4.613197e+01 -2.500000e+00
    endloop
  endfacet
  facet normal -7.933533e-01 6.087614e-01 0.000000e+00
    outer loop
      vertex   1.102712e+01 -4.613197e+01 -7.500000e+00
      vertex   1.102712e+01 -4.613197e+01 -2.500000e+00
      vertex   1.118604e+01 -4.592486e+01 -7.500000e+00
    endloop
  endfacet
  facet normal -7.933533e-01 6.087614e-01 0.000000e+00
    outer loop
      vertex   1.118604e+01 -4.592486e+01 -7.500000e+00
      vertex   1.102712e+01 -4.613197e+01 -2.500000e+00
      vertex   1.118604e+01 -4.592486e+01 -2.500000e+00
    endloop
  endfacet
  facet normal -9.238795e-01 3.826834e-01 0.000000e+00
    outer loop
      vertex   1.118604e+01 -4.592486e+01 -7.500000e+00
      vertex   1.118604e+01 -4.592486e+01 -2.500000e+00
      vertex   1.128594e+01 -4.568368e+01 -7.500000e+00
    endloop
  endfacet
  facet normal -9.238795e-01 3.826834e-01 0.000000e+00
    outer loop
      vertex   1.128594e+01 -4.568368e+01 -7.500000e+00
      vertex   1.118604e+01 -4.592486e+01 -2.500000e+00
      vertex   1.128594e+01 -4.568368e+01 -2.500000e+00
    endloop
  endfacet
  facet normal -9.914449e-01 1.305262e-01 0.000000e+00
    outer loop
      vertex   1.128594e+01 -4.568368e+01 -7.500000e+00
      vertex   1.128594e+01 -4.568368e+01 -2.500000e+00
      vertex   1.132001e+01 -4.542486e+01 -7.500000e+00
    endloop
  endfacet
  facet normal -9.914449e-01 1.305262e-01 0.000000e+00
    outer loop
      vertex   1.132001e+01 -4.542486e+01 -7.500000e+00
      vertex   1.128594e+01 -4.568368e+01 -2.500000e+00
      vertex   1.132001e+01 -4.542486e+01 -2.500000e+00
    endloop
  endfacet
  facet normal -9.914449e-01 -1.305262e-01 0.000000e+00
    outer loop
      vertex   1.132001e+01 -4.542486e+01 -7.500000e+00
      vertex   1.132001e+01 -4.542486e+01 -2.500000e+00
      vertex   1.128594e+01 -4.516604e+01 -7.500000e+00
    endloop
  endfacet
  facet normal -9.914449e-01 -1.305262e-01 0.000000e+00
    outer loop
      vertex   1.128594e+01 -4.516604e+01 -7.500000e+00
      vertex   1.132001e+01 -4.542486e+01 -2.500000e+00
      vertex   1.128594e+01 -4.516604e+01 -2.500000e+00
    endloop
  endfacet
  facet normal -9.238795e-01 -3.826834e-01 0.000000e+00
    outer loop
      vertex   1.128594e+01 -4.516604e+01 -7.500000e+00
      vertex   1.128594e+01 -4.516604e+01 -2.500000e+00
      vertex   1.118604e+01 -4.492486e+01 -7.500000e+00
    endloop
  endfacet
  facet normal -9.238795e-01 -3.826834e-01 0.000000e+00
    outer loop
      vertex   1.118604e+01 -4.492486e+01 -7.500000e+00
      vertex   1.128594e+01 -4.516604e+01 -2.500000e+00
      vertex   1.118604e+01 -4.492486e+01 -2.500000e+00
    endloop
  endfacet
  facet normal -7.933533e-01 -6.087614e-01 0.000000e+00
    outer loop
      vertex   1.118604e+01 -4.492486e+01 -7.500000e+00
      vertex   1.118604e+01 -4.492486e+01 -2.500000e+00
      vertex   1.102712e+01 -4.471775e+01 -7.500000e+00
    endloop
  endfacet
  facet normal -7.933533e-01 -6.087614e-01 0.000000e+00
    outer loop
      vertex   1.102712e+01 -4.471775e+01 -7.500000e+00
      vertex   1.118604e+01 -4.492486e+01 -2.500000e+00
      vertex   1.102712e+01 -4.471775e+01 -2.500000e+00
    endloop
  endfacet
  facet normal -6.087614e-01 -7.933533e-01 0.000000e+00
    outer loop
      vertex   1.102712e+01 -4.471775e+01 -7.500000e+00
      vertex   1.102712e+01 -4.471775e+01 -2.500000e+00
      vertex   1.082001e+01 -4.455883e+01 -7.500000e+00
    endloop
  endfacet
  facet normal -6.087614e-01 -7.933533e-01 4.325510e-16
    outer loop
      vertex   1.082001e+01 -4.455883e+01 -7.500000e+00
      vertex   1.102712e+01 -4.471775e+01 -2.500000e+00
      vertex   1.082001e+01 -4.455883e+01 -2.500000e+00
    endloop
  endfacet
  facet normal -3.826834e-01 -9.238795e-01 2.719129e-16
    outer loop
      vertex   1.082001e+01 -4.455883e+01 -7.500000e+00
      vertex   1.082001e+01 -4.455883e+01 -2.500000e+00
      vertex   1.057883e+01 -4.445893e+01 -7.500000e+00
    endloop
  endfacet
  facet normal -3.826834e-01 -9.238795e-01 -1.359565e-16
    outer loop
      vertex   1.057883e+01 -4.445893e+01 -7.500000e+00
      vertex   1.082001e+01 -4.455883e+01 -2.500000e+00
      vertex   1.057883e+01 -4.445893e+01 -2.500000e+00
    endloop
  endfacet
  facet normal -1.305262e-01 -9.914449e-01 -4.637222e-17
    outer loop
      vertex   1.057883e+01 -4.445893e+01 -7.500000e+00
      vertex   1.057883e+01 -4.445893e+01 -2.500000e+00
      vertex   1.032001e+01 -4.442486e+01 -7.500000e+00
    endloop
  endfacet
  facet normal -1.305262e-01 -9.914449e-01 0.000000e+00
    outer loop
      vertex   1.032001e+01 -4.442486e+01 -7.500000e+00
      vertex   1.057883e+01 -4.445893e+01 -2.500000e+00
      vertex   1.032001e+01 -4.442486e+01 -2.500000e+00
    endloop
  endfacet
  facet normal 1.305262e-01 -9.914449e-01 0.000000e+00
    outer loop
      vertex   1.032001e+01 -4.442486e+01 -7.500000e+00
      vertex   1.032001e+01 -4.442486e+01 -2.500000e+00
      vertex   1.006119e+01 -4.445893e+01 -7.500000e+00
    endloop
  endfacet
  facet normal 1.305262e-01 -9.914449e-01 0.000000e+00
    outer loop
      vertex   1.006119e+01 -4.445893e+01 -7.500000e+00
      vertex   1.032001e+01 -4.442486e+01 -2.500000e+00
      vertex   1.006119e+01 -4.445893e+01 -2.500000e+00
    endloop
  endfacet
  facet normal 3.826834e-01 -9.238795e-01 0.000000e+00
    outer loop
      vertex   1.006119e+01 -4.445893e+01 -7.500000e+00
      vertex   1.006119e+01 -4.445893e+01 -2.500000e+00
      vertex   9.820013e+00 -4.455883e+01 -7.500000e+00
    endloop
  endfacet
  facet normal 3.826834e-01 -9.238795e-01 1.359565e-16
    outer loop
      vertex   9.820013e+00 -4.455883e+01 -7.500000e+00
      vertex   1.006119e+01 -4.445893e+01 -2.500000e+00
      vertex   9.820013e+00 -4.455883e+01 -2.500000e+00
    endloop
  endfacet
  facet normal 6.087614e-01 -7.933533e-01 2.162755e-16
    outer loop
      vertex   9.820013e+00 -4.455883e+01 -7.500000e+00
      vertex   9.820013e+00 -4.455883e+01 -2.500000e+00
      vertex   9.612906e+00 -4.471775e+01 -7.500000e+00
    endloop
  endfacet
  facet normal 6.087614e-01 -7.933533e-01 0.000000e+00
    outer loop
      vertex   9.612906e+00 -4.471775e+01 -7.500000e+00
      vertex   9.820013e+00 -4.455883e+01 -2.500000e+00
      vertex   9.612906e+00 -4.471775e+01 -2.500000e+00
    endloop
  endfacet
  facet normal 7.933533e-01 -6.087614e-01 0.000000e+00
    outer loop
      vertex   9.612906e+00 -4.471775e+01 -7.500000e+00
      vertex   9.612906e+00 -4.471775e+01 -2.500000e+00
      vertex   9.453987e+00 -4.492486e+01 -7.500000e+00
    endloop
  endfacet
  facet normal 7.933533e-01 -6.087614e-01 0.000000e+00
    outer loop
      vertex   9.453987e+00 -4.492486e+01 -7.500000e+00
      vertex   9.612906e+00 -4.471775e+01 -2.500000e+00
      vertex   9.453987e+00 -4.492486e+01 -2.500000e+00
    endloop
  endfacet
  facet normal 9.238795e-01 -3.826834e-01 0.000000e+00
    outer loop
      vertex   9.453987e+00 -4.492486e+01 -7.500000e+00
      vertex   9.453987e+00 -4.492486e+01 -2.500000e+00
      vertex   9.354087e+00 -4.516604e+01 -7.500000e+00
    endloop
  endfacet
  facet normal 9.238795e-01 -3.826834e-01 0.000000e+00
    outer loop
      vertex   9.354087e+00 -4.516604e+01 -7.500000e+00
      vertex   9.453987e+00 -4.492486e+01 -2.500000e+00
      vertex   9.354087e+00 -4.516604e+01 -2.500000e+00
    endloop
  endfacet
  facet normal 9.914449e-01 1.305262e-01 -3.522320e-16
    outer loop
      vertex   9.354087e+00 -4.568368e+01 7.500000e+00
      vertex   9.354087e+00 -4.568368e+01 2.500000e+00
      vertex   9.320013e+00 -4.542486e+01 7.500000e+00
    endloop
  endfacet
  facet normal 9.914449e-01 1.305262e-01 0.000000e+00
    outer loop
      vertex   9.320013e+00 -4.542486e+01 7.500000e+00
      vertex   9.354087e+00 -4.568368e+01 2.500000e+00
      vertex   9.320013e+00 -4.542486e+01 2.500000e+00
    endloop
  endfacet
  facet normal 9.914449e-01 -1.305262e-01 0.000000e+00
    outer loop
      vertex   9.320013e+00 -4.542486e+01 7.500000e+00
      vertex   9.320013e+00 -4.542486e+01 2.500000e+00
      vertex   9.354087e+00 -4.516604e+01 7.500000e+00
    endloop
  endfacet
  facet normal 9.914449e-01 -1.305262e-01 0.000000e+00
    outer loop
      vertex   9.354087e+00 -4.516604e+01 7.500000e+00
      vertex   9.320013e+00 -4.542486e+01 2.500000e+00
      vertex   9.354087e+00 -4.516604e+01 2.500000e+00
    endloop
  endfacet
  facet normal 9.238795e-01 -3.826834e-01 0.000000e+00
    outer loop
      vertex   9.354087e+00 -4.516604e+01 7.500000e+00
      vertex   9.354087e+00 -4.516604e+01 2.500000e+00
      vertex   9.453987e+00 -4.492486e+01 7.500000e+00
    endloop
  endfacet
  facet normal 9.238795e-01 -3.826834e-01 0.000000e+00
    outer loop
      vertex   9.453987e+00 -4.492486e+01 7.500000e+00
      vertex   9.354087e+00 -4.516604e+01 2.500000e+00
      vertex   9.453987e+00 -4.492486e+01 2.500000e+00
    endloop
  endfacet
  facet normal 7.933533e-01 -6.087614e-01 0.000000e+00
    outer loop
      vertex   9.453987e+00 -4.492486e+01 7.500000e+00
      vertex   9.453987e+00 -4.492486e+01 2.500000e+00
      vertex   9.612906e+00 -4.471775e+01 7.500000e+00
    endloop
  endfacet
  facet normal 7.933533e-01 -6.087614e-01 0.000000e+00
    outer loop
      vertex   9.612906e+00 -4.471775e+01 7.500000e+00
      vertex   9.453987e+00 -4.492486e+01 2.500000e+00
      vertex   9.612906e+00 -4.471775e+01 2.500000e+00
    endloop
  endfacet
  facet normal 6.087614e-01 -7.933533e-01 0.000000e+00
    outer loop
      vertex   9.612906e+00 -4.471775e+01 7.500000e+00
      vertex   9.612906e+00 -4.471775e+01 2.500000e+00
      vertex   9.820013e+00 -4.455883e+01 7.500000e+00
    endloop
  endfacet
  facet normal 6.087614e-01 -7.933533e-01 -2.162755e-16
    outer loop
      vertex   9.820013e+00 -4.455883e+01 7.500000e+00
      vertex   9.612906e+00 -4.471775e+01 2.500000e+00
      vertex   9.820013e+00 -4.455883e+01 2.500000e+00
    endloop
  endfacet
  facet normal 3.826834e-01 -9.238795e-01 -1.359565e-16
    outer loop
      vertex   9.820013e+00 -4.455883e+01 7.500000e+00
      vertex   9.820013e+00 -4.455883e+01 2.500000e+00
      vertex   1.006119e+01 -4.445893e+01 7.500000e+00
    endloop
  endfacet
  facet normal 3.826834e-01 -9.238795e-01 0.000000e+00
    outer loop
      vertex   1.006119e+01 -4.445893e+01 7.500000e+00
      vertex   9.820013e+00 -4.455883e+01 2.500000e+00
      vertex   1.006119e+01 -4.445893e+01 2.500000e+00
    endloop
  endfacet
  facet normal 1.305262e-01 -9.914449e-01 0.000000e+00
    outer loop
      vertex   1.006119e+01 -4.445893e+01 7.500000e+00
      vertex   1.006119e+01 -4.445893e+01 2.500000e+00
      vertex   1.032001e+01 -4.442486e+01 7.500000e+00
    endloop
  endfacet
  facet normal 1.305262e-01 -9.914449e-01 0.000000e+00
    outer loop
      vertex   1.032001e+01 -4.442486e+01 7.500000e+00
      vertex   1.006119e+01 -4.445893e+01 2.500000e+00
      vertex   1.032001e+01 -4.442486e+01 2.500000e+00
    endloop
  endfacet
  facet normal -1.305262e-01 -9.914449e-01 -0.000000e+00
    outer loop
      vertex   1.032001e+01 -4.442486e+01 7.500000e+00
      vertex   1.032001e+01 -4.442486e+01 2.500000e+00
      vertex   1.057883e+01 -4.445893e+01 7.500000e+00
    endloop
  endfacet
  facet normal -1.305262e-01 -9.914449e-01 4.637222e-17
    outer loop
      vertex   1.057883e+01 -4.445893e+01 7.500000e+00
      vertex   1.032001e+01 -4.442486e+01 2.500000e+00
      vertex   1.057883e+01 -4.445893e+01 2.500000e+00
    endloop
  endfacet
  facet normal -3.826834e-01 -9.238795e-01 1.359565e-16
    outer loop
      vertex   1.057883e+01 -4.445893e+01 7.500000e+00
      vertex   1.057883e+01 -4.445893e+01 2.500000e+00
      vertex   1.082001e+01 -4.455883e+01 7.500000e+00
    endloop
  endfacet
  facet normal -3.826834e-01 -9.238795e-01 -2.719129e-16
    outer loop
      vertex   1.082001e+01 -4.455883e+01 7.500000e+00
      vertex   1.057883e+01 -4.445893e+01 2.500000e+00
      vertex   1.082001e+01 -4.455883e+01 2.500000e+00
    endloop
  endfacet
  facet normal -6.087614e-01 -7.933533e-01 -4.325510e-16
    outer loop
      vertex   1.082001e+01 -4.455883e+01 7.500000e+00
      vertex   1.082001e+01 -4.455883e+01 2.500000e+00
      vertex   1.102712e+01 -4.471775e+01 7.500000e+00
    endloop
  endfacet
  facet normal -6.087614e-01 -7.933533e-01 -0.000000e+00
    outer loop
      vertex   1.102712e+01 -4.471775e+01 7.500000e+00
      vertex   1.082001e+01 -4.455883e+01 2.500000e+00
      vertex   1.102712e+01 -4.471775e+01 2.500000e+00
    endloop
  endfacet
  facet normal -7.933533e-01 -6.087614e-01 -0.000000e+00
    outer loop
      vertex   1.102712e+01 -4.471775e+01 7.500000e+00
      vertex   1.102712e+01 -4.471775e+01 2.500000e+00
      vertex   1.118604e+01 -4.492486e+01 7.500000e+00
    endloop
  endfacet
  facet normal -7.933533e-01 -6.087614e-01 -0.000000e+00
    outer loop
      vertex   1.118604e+01 -4.492486e+01 7.500000e+00
      vertex   1.102712e+01 -4.471775e+01 2.500000e+00
      vertex   1.118604e+01 -4.492486e+01 2.500000e+00
    endloop
  endfacet
  facet normal -9.238795e-01 -3.826834e-01 -0.000000e+00
    outer loop
      vertex   1.118604e+01 -4.492486e+01 7.500000e+00
      vertex   1.118604e+01 -4.492486e+01 2.500000e+00
      vertex   1.128594e+01 -4.516604e+01 7.500000e+00
    endloop
  endfacet
  facet normal -9.238795e-01 -3.826834e-01 -0.000000e+00
    outer loop
      vertex   1.128594e+01 -4.516604e+01 7.500000e+00
      vertex   1.118604e+01 -4.492486e+01 2.500000e+00
      vertex   1.128594e+01 -4.516604e+01 2.500000e+00
    endloop
  endfacet
  facet normal -9.914449e-01 -1.305262e-01 -0.000000e+00
    outer loop
      vertex   1.128594e+01 -4.516604e+01 7.500000e+00
      vertex   1.128594e+01 -4.516604e+01 2.500000e+00
      vertex   1.132001e+01 -4.542486e+01 7.500000e+00
    endloop
  endfacet
  facet normal -9.914449e-01 -1.305262e-01 -0.000000e+00
    outer loop
      vertex   1.132001e+01 -4.542486e+01 7.500000e+00
      vertex   1.128594e+01 -4.516604e+01 2.500000e+00
      vertex   1.132001e+01 -4.542486e+01 2.500000e+00
    endloop
  endfacet
  facet normal -9.914449e-01 1.305262e-01 0.000000e+00
    outer loop
      vertex   1.132001e+01 -4.542486e+01 7.500000e+00
      vertex   1.132001e+01 -4.542486e+01 2.500000e+00
      vertex   1.128594e+01 -4.568368e+01 7.500000e+00
    endloop
  endfacet
  facet normal -9.914449e-01 1.305262e-01 0.000000e+00
    outer loop
      vertex   1.128594e+01 -4.568368e+01 7.500000e+00
      vertex   1.132001e+01 -4.542486e+01 2.500000e+00
      vertex   1.128594e+01 -4.568368e+01 2.500000e+00
    endloop
  endfacet
  facet normal -9.238795e-01 3.826834e-01 0.000000e+00
    outer loop
      vertex   1.128594e+01 -4.568368e+01 7.500000e+00
      vertex   1.128594e+01 -4.568368e+01 2.500000e+00
      vertex   1.118604e+01 -4.592486e+01 7.500000e+00
    endloop
  endfacet
  facet normal -9.238795e-01 3.826834e-01 0.000000e+00
    outer loop
      vertex   1.118604e+01 -4.592486e+01 7.500000e+00
      vertex   1.128594e+01 -4.568368e+01 2.500000e+00
      vertex   1.118604e+01 -4.592486e+01 2.500000e+00
    endloop
  endfacet
  facet normal -7.933533e-01 6.087614e-01 0.000000e+00
    outer loop
      vertex   1.118604e+01 -4.592486e+01 7.500000e+00
      vertex   1.118604e+01 -4.592486e+01 2.500000e+00
      vertex   1.102712e+01 -4.613197e+01 7.500000e+00
    endloop
  endfacet
  facet normal -7.933533e-01 6.087614e-01 0.000000e+00
    outer loop
      vertex   1.102712e+01 -4.613197e+01 7.500000e+00
      vertex   1.118604e+01 -4.592486e+01 2.500000e+00
      vertex   1.102712e+01 -4.613197e+01 2.500000e+00
    endloop
  endfacet
  facet normal -6.087614e-01 7.933533e-01 0.000000e+00
    outer loop
      vertex   1.102712e+01 -4.613197e+01 7.500000e+00
      vertex   1.102712e+01 -4.613197e+01 2.500000e+00
      vertex   1.082001e+01 -4.629089e+01 7.500000e+00
    endloop
  endfacet
  facet normal -6.087614e-01 7.933533e-01 -2.162755e-16
    outer loop
      vertex   1.082001e+01 -4.629089e+01 7.500000e+00
      vertex   1.102712e+01 -4.613197e+01 2.500000e+00
      vertex   1.082001e+01 -4.629089e+01 2.500000e+00
    endloop
  endfacet
  facet normal -3.826834e-01 9.238795e-01 -1.359565e-16
    outer loop
      vertex   1.082001e+01 -4.629089e+01 7.500000e+00
      vertex   1.082001e+01 -4.629089e+01 2.500000e+00
      vertex   1.057883e+01 -4.639079e+01 7.500000e+00
    endloop
  endfacet
  facet normal -3.826834e-01 9.238795e-01 1.359565e-16
    outer loop
      vertex   1.057883e+01 -4.639079e+01 7.500000e+00
      vertex   1.082001e+01 -4.629089e+01 2.500000e+00
      vertex   1.057883e+01 -4.639079e+01 2.500000e+00
    endloop
  endfacet
  facet normal -1.305262e-01 9.914449e-01 4.637222e-17
    outer loop
      vertex   1.057883e+01 -4.639079e+01 7.500000e+00
      vertex   1.057883e+01 -4.639079e+01 2.500000e+00
      vertex   1.032001e+01 -4.642486e+01 7.500000e+00
    endloop
  endfacet
  facet normal -1.305262e-01 9.914449e-01 0.000000e+00
    outer loop
      vertex   1.032001e+01 -4.642486e+01 7.500000e+00
      vertex   1.057883e+01 -4.639079e+01 2.500000e+00
      vertex   1.032001e+01 -4.642486e+01 2.500000e+00
    endloop
  endfacet
  facet normal 1.305262e-01 9.914449e-01 0.000000e+00
    outer loop
      vertex   1.032001e+01 -4.642486e+01 7.500000e+00
      vertex   1.032001e+01 -4.642486e+01 2.500000e+00
      vertex   1.006119e+01 -4.639079e+01 7.500000e+00
    endloop
  endfacet
  facet normal 1.305262e-01 9.914449e-01 0.000000e+00
    outer loop
      vertex   1.006119e+01 -4.639079e+01 7.500000e+00
      vertex   1.032001e+01 -4.642486e+01 2.500000e+00
      vertex   1.006119e+01 -4.639079e+01 2.500000e+00
    endloop
  endfacet
  facet normal 3.826834e-01 9.238795e-01 0.000000e+00
    outer loop
      vertex   1.006119e+01 -4.639079e+01 7.500000e+00
      vertex   1.006119e+01 -4.639079e+01 2.500000e+00
      vertex   9.820013e+00 -4.629089e+01 7.500000e+00
    endloop
  endfacet
  facet normal 3.826834e-01 9.238795e-01 0.000000e+00
    outer loop
      vertex   9.820013e+00 -4.629089e+01 7.500000e+00
      vertex   1.006119e+01 -4.639079e+01 2.500000e+00
      vertex   9.820013e+00 -4.629089e+01 2.500000e+00
    endloop
  endfacet
  facet normal 6.087614e-01 7.933533e-01 0.000000e+00
    outer loop
      vertex   9.820013e+00 -4.629089e+01 7.500000e+00
      vertex   9.820013e+00 -4.629089e+01 2.500000e+00
      vertex   9.612906e+00 -4.613197e+01 7.500000e+00
    endloop
  endfacet
  facet normal 6.087614e-01 7.933533e-01 0.000000e+00
    outer loop
      vertex   9.612906e+00 -4.613197e+01 7.500000e+00
      vertex   9.820013e+00 -4.629089e+01 2.500000e+00
      vertex   9.612906e+00 -4.613197e+01 2.500000e+00
    endloop
  endfacet
  facet normal 7.933533e-01 6.087614e-01 0.000000e+00
    outer loop
      vertex   9.612906e+00 -4.613197e+01 7.500000e+00
      vertex   9.612906e+00 -4.613197e+01 2.500000e+00
      vertex   9.453987e+00 -4.592486e+01 7.500000e+00
    endloop
  endfacet
  facet normal 7.933533e-01 6.087614e-01 0.000000e+00
    outer loop
      vertex   9.453987e+00 -4.592486e+01 7.500000e+00
      vertex   9.612906e+00 -4.613197e+01 2.500000e+00
      vertex   9.453987e+00 -4.592486e+01 2.500000e+00
    endloop
  endfacet
  facet normal 9.238795e-01 3.826834e-01 0.000000e+00
    outer loop
      vertex   9.453987e+00 -4.592486e+01 7.500000e+00
      vertex   9.453987e+00 -4.592486e+01 2.500000e+00
      vertex   9.354087e+00 -4.568368e+01 7.500000e+00
    endloop
  endfacet
  facet normal 9.238795e-01 3.826834e-01 -3.282279e-16
    outer loop
      vertex   9.354087e+00 -4.568368e+01 7.500000e+00
      vertex   9.453987e+00 -4.592486e+01 2.500000e+00
      vertex   9.354087e+00 -4.568368e+01 2.500000e+00
    endloop
  endfacet
  facet normal 9.914449e-01 1.305262e-01 -0.000000e+00
    outer loop
      vertex   9.320013e+00 -4.542486e+01 -2.500000e+00
      vertex   9.320013e+00 -4.542486e+01 2.500000e+00
      vertex   9.354087e+00 -4.568368e+01 -2.500000e+00
    endloop
  endfacet
  facet normal 9.914449e-01 1.305262e-01 -0.000000e+00
    outer loop
      vertex   9.354087e+00 -4.568368e+01 -2.500000e+00
      vertex   9.320013e+00 -4.542486e+01 2.500000e+00
      vertex   9.354087e+00 -4.568368e+01 2.500000e+00
    endloop
  endfacet
  facet normal 9.238795e-01 3.826834e-01 -0.000000e+00
    outer loop
      vertex   9.354087e+00 -4.568368e+01 -2.500000e+00
      vertex   9.354087e+00 -4.568368e+01 2.500000e+00
      vertex   9.453987e+00 -4.592486e+01 -2.500000e+00
    endloop
  endfacet
  facet normal 9.238795e-01 3.826834e-01 -0.000000e+00
    outer loop
      vertex   9.453987e+00 -4.592486e+01 -2.500000e+00
      vertex   9.354087e+00 -4.568368e+01 2.500000e+00
      vertex   9.453987e+00 -4.592486e+01 2.500000e+00
    endloop
  endfacet
  facet normal 7.933533e-01 6.087614e-01 -0.000000e+00
    outer loop
      vertex   9.453987e+00 -4.592486e+01 -2.500000e+00
      vertex   9.453987e+00 -4.592486e+01 2.500000e+00
      vertex   9.612906e+00 -4.613197e+01 -2.500000e+00
    endloop
  endfacet
  facet normal 7.933533e-01 6.087614e-01 -0.000000e+00
    outer loop
      vertex   9.612906e+00 -4.613197e+01 -2.500000e+00
      vertex   9.453987e+00 -4.592486e+01 2.500000e+00
      vertex   9.612906e+00 -4.613197e+01 2.500000e+00
    endloop
  endfacet
  facet normal 6.087614e-01 7.933533e-01 -0.000000e+00
    outer loop
      vertex   9.612906e+00 -4.613197e+01 -2.500000e+00
      vertex   9.612906e+00 -4.613197e+01 2.500000e+00
      vertex   9.820013e+00 -4.629089e+01 -2.500000e+00
    endloop
  endfacet
  facet normal 6.087614e-01 7.933533e-01 -0.000000e+00
    outer loop
      vertex   9.820013e+00 -4.629089e+01 -2.500000e+00
      vertex   9.612906e+00 -4.613197e+01 2.500000e+00
      vertex   9.820013e+00 -4.629089e+01 2.500000e+00
    endloop
  endfacet
  facet normal 3.826834e-01 9.238795e-01 -0.000000e+00
    outer loop
      vertex   9.820013e+00 -4.629089e+01 -2.500000e+00
      vertex   9.820013e+00 -4.629089e+01 2.500000e+00
      vertex   1.006119e+01 -4.639079e+01 -2.500000e+00
    endloop
  endfacet
  facet normal 3.826834e-01 9.238795e-01 -0.000000e+00
    outer loop
      vertex   1.006119e+01 -4.639079e+01 -2.500000e+00
      vertex   9.820013e+00 -4.629089e+01 2.500000e+00
      vertex   1.006119e+01 -4.639079e+01 2.500000e+00
    endloop
  endfacet
  facet normal 1.305262e-01 9.914449e-01 -0.000000e+00
    outer loop
      vertex   1.006119e+01 -4.639079e+01 -2.500000e+00
      vertex   1.006119e+01 -4.639079e+01 2.500000e+00
      vertex   1.032001e+01 -4.642486e+01 -2.500000e+00
    endloop
  endfacet
  facet normal 1.305262e-01 9.914449e-01 -0.000000e+00
    outer loop
      vertex   1.032001e+01 -4.642486e+01 -2.500000e+00
      vertex   1.006119e+01 -4.639079e+01 2.500000e+00
      vertex   1.032001e+01 -4.642486e+01 2.500000e+00
    endloop
  endfacet
  facet normal -1.305262e-01 9.914449e-01 0.000000e+00
    outer loop
      vertex   1.032001e+01 -4.642486e+01 -2.500000e+00
      vertex   1.032001e+01 -4.642486e+01 2.500000e+00
      vertex   1.057883e+01 -4.639079e+01 -2.500000e+00
    endloop
  endfacet
  facet normal -1.305262e-01 9.914449e-01 0.000000e+00
    outer loop
      vertex   1.057883e+01 -4.639079e+01 -2.500000e+00
      vertex   1.032001e+01 -4.642486e+01 2.500000e+00
      vertex   1.057883e+01 -4.639079e+01 2.500000e+00
    endloop
  endfacet
  facet normal -3.826834e-01 9.238795e-01 0.000000e+00
    outer loop
      vertex   1.057883e+01 -4.639079e+01 -2.500000e+00
      vertex   1.057883e+01 -4.639079e+01 2.500000e+00
      vertex   1.082001e+01 -4.629089e+01 -2.500000e+00
    endloop
  endfacet
  facet normal -3.826834e-01 9.238795e-01 0.000000e+00
    outer loop
      vertex   1.082001e+01 -4.629089e+01 -2.500000e+00
      vertex   1.057883e+01 -4.639079e+01 2.500000e+00
      vertex   1.082001e+01 -4.629089e+01 2.500000e+00
    endloop
  endfacet
  facet normal -6.087614e-01 7.933533e-01 0.000000e+00
    outer loop
      vertex   1.082001e+01 -4.629089e+01 -2.500000e+00
      vertex   1.082001e+01 -4.629089e+01 2.500000e+00
      vertex   1.102712e+01 -4.613197e+01 -2.500000e+00
    endloop
  endfacet
  facet normal -6.087614e-01 7.933533e-01 0.000000e+00
    outer loop
      vertex   1.102712e+01 -4.613197e+01 -2.500000e+00
      vertex   1.082001e+01 -4.629089e+01 2.500000e+00
      vertex   1.102712e+01 -4.613197e+01 2.500000e+00
    endloop
  endfacet
  facet normal -7.933533e-01 6.087614e-01 0.000000e+00
    outer loop
      vertex   1.102712e+01 -4.613197e+01 -2.500000e+00
      vertex   1.102712e+01 -4.613197e+01 2.500000e+00
      vertex   1.118604e+01 -4.592486e+01 -2.500000e+00
    endloop
  endfacet
  facet normal -7.933533e-01 6.087614e-01 0.000000e+00
    outer loop
      vertex   1.118604e+01 -4.592486e+01 -2.500000e+00
      vertex   1.102712e+01 -4.613197e+01 2.500000e+00
      vertex   1.118604e+01 -4.592486e+01 2.500000e+00
    endloop
  endfacet
  facet normal -9.238795e-01 3.826834e-01 0.000000e+00
    outer loop
      vertex   1.118604e+01 -4.592486e+01 -2.500000e+00
      vertex   1.118604e+01 -4.592486e+01 2.500000e+00
      vertex   1.128594e+01 -4.568368e+01 -2.500000e+00
    endloop
  endfacet
  facet normal -9.238795e-01 3.826834e-01 0.000000e+00
    outer loop
      vertex   1.128594e+01 -4.568368e+01 -2.500000e+00
      vertex   1.118604e+01 -4.592486e+01 2.500000e+00
      vertex   1.128594e+01 -4.568368e+01 2.500000e+00
    endloop
  endfacet
  facet normal -9.914449e-01 1.305262e-01 0.000000e+00
    outer loop
      vertex   1.128594e+01 -4.568368e+01 -2.500000e+00
      vertex   1.128594e+01 -4.568368e+01 2.500000e+00
      vertex   1.132001e+01 -4.542486e+01 -2.500000e+00
    endloop
  endfacet
  facet normal -9.914449e-01 1.305262e-01 0.000000e+00
    outer loop
      vertex   1.132001e+01 -4.542486e+01 -2.500000e+00
      vertex   1.128594e+01 -4.568368e+01 2.500000e+00
      vertex   1.132001e+01 -4.542486e+01 2.500000e+00
    endloop
  endfacet
  facet normal -9.914449e-01 -1.305262e-01 0.000000e+00
    outer loop
      vertex   1.132001e+01 -4.542486e+01 -2.500000e+00
      vertex   1.132001e+01 -4.542486e+01 2.500000e+00
      vertex   1.128594e+01 -4.516604e+01 -2.500000e+00
    endloop
  endfacet
  facet normal -9.914449e-01 -1.305262e-01 0.000000e+00
    outer loop
      vertex   1.128594e+01 -4.516604e+01 -2.500000e+00
      vertex   1.132001e+01 -4.542486e+01 2.500000e+00
      vertex   1.128594e+01 -4.516604e+01 2.500000e+00
    endloop
  endfacet
  facet normal -9.238795e-01 -3.826834e-01 0.000000e+00
    outer loop
      vertex   1.128594e+01 -4.516604e+01 -2.500000e+00
      vertex   1.128594e+01 -4.516604e+01 2.500000e+00
      vertex   1.118604e+01 -4.492486e+01 -2.500000e+00
    endloop
  endfacet
  facet normal -9.238795e-01 -3.826834e-01 0.000000e+00
    outer loop
      vertex   1.118604e+01 -4.492486e+01 -2.500000e+00
      vertex   1.128594e+01 -4.516604e+01 2.500000e+00
      vertex   1.118604e+01 -4.492486e+01 2.500000e+00
    endloop
  endfacet
  facet normal -7.933533e-01 -6.087614e-01 0.000000e+00
    outer loop
      vertex   1.118604e+01 -4.492486e+01 -2.500000e+00
      vertex   1.118604e+01 -4.492486e+01 2.500000e+00
      vertex   1.102712e+01 -4.471775e+01 -2.500000e+00
    endloop
  endfacet
  facet normal -7.933533e-01 -6.087614e-01 0.000000e+00
    outer loop
      vertex   1.102712e+01 -4.471775e+01 -2.500000e+00
      vertex   1.118604e+01 -4.492486e+01 2.500000e+00
      vertex   1.102712e+01 -4.471775e+01 2.500000e+00
    endloop
  endfacet
  facet normal -6.087614e-01 -7.933533e-01 0.000000e+00
    outer loop
      vertex   1.102712e+01 -4.471775e+01 -2.500000e+00
      vertex   1.102712e+01 -4.471775e+01 2.500000e+00
      vertex   1.082001e+01 -4.455883e+01 -2.500000e+00
    endloop
  endfacet
  facet normal -6.087614e-01 -7.933533e-01 0.000000e+00
    outer loop
      vertex   1.082001e+01 -4.455883e+01 -2.500000e+00
      vertex   1.102712e+01 -4.471775e+01 2.500000e+00
      vertex   1.082001e+01 -4.455883e+01 2.500000e+00
    endloop
  endfacet
  facet normal -3.826834e-01 -9.238795e-01 0.000000e+00
    outer loop
      vertex   1.082001e+01 -4.455883e+01 -2.500000e+00
      vertex   1.082001e+01 -4.455883e+01 2.500000e+00
      vertex   1.057883e+01 -4.445893e+01 -2.500000e+00
    endloop
  endfacet
  facet normal -3.826834e-01 -9.238795e-01 0.000000e+00
    outer loop
      vertex   1.057883e+01 -4.445893e+01 -2.500000e+00
      vertex   1.082001e+01 -4.455883e+01 2.500000e+00
      vertex   1.057883e+01 -4.445893e+01 2.500000e+00
    endloop
  endfacet
  facet normal -1.305262e-01 -9.914449e-01 0.000000e+00
    outer loop
      vertex   1.057883e+01 -4.445893e+01 -2.500000e+00
      vertex   1.057883e+01 -4.445893e+01 2.500000e+00
      vertex   1.032001e+01 -4.442486e+01 -2.500000e+00
    endloop
  endfacet
  facet normal -1.305262e-01 -9.914449e-01 0.000000e+00
    outer loop
      vertex   1.032001e+01 -4.442486e+01 -2.500000e+00
      vertex   1.057883e+01 -4.445893e+01 2.500000e+00
      vertex   1.032001e+01 -4.442486e+01 2.500000e+00
    endloop
  endfacet
  facet normal 1.305262e-01 -9.914449e-01 0.000000e+00
    outer loop
      vertex   1.032001e+01 -4.442486e+01 -2.500000e+00
      vertex   1.032001e+01 -4.442486e+01 2.500000e+00
      vertex   1.006119e+01 -4.445893e+01 -2.500000e+00
    endloop
  endfacet
  facet normal 1.305262e-01 -9.914449e-01 0.000000e+00
    outer loop
      vertex   1.006119e+01 -4.445893e+01 -2.500000e+00
      vertex   1.032001e+01 -4.442486e+01 2.500000e+00
      vertex   1.006119e+01 -4.445893e+01 2.500000e+00
    endloop
  endfacet
  facet normal 3.826834e-01 -9.238795e-01 0.000000e+00
    outer loop
      vertex   1.006119e+01 -4.445893e+01 -2.500000e+00
      vertex   1.006119e+01 -4.445893e+01 2.500000e+00
      vertex   9.820013e+00 -4.455883e+01 -2.500000e+00
    endloop
  endfacet
  facet normal 3.826834e-01 -9.238795e-01 0.000000e+00
    outer loop
      vertex   9.820013e+00 -4.455883e+01 -2.500000e+00
      vertex   1.006119e+01 -4.445893e+01 2.500000e+00
      vertex   9.820013e+00 -4.455883e+01 2.500000e+00
    endloop
  endfacet
  facet normal 6.087614e-01 -7.933533e-01 0.000000e+00
    outer loop
      vertex   9.820013e+00 -4.455883e+01 -2.500000e+00
      vertex   9.820013e+00 -4.455883e+01 2.500000e+00
      vertex   9.612906e+00 -4.471775e+01 -2.500000e+00
    endloop
  endfacet
  facet normal 6.087614e-01 -7.933533e-01 0.000000e+00
    outer loop
      vertex   9.612906e+00 -4.471775e+01 -2.500000e+00
      vertex   9.820013e+00 -4.455883e+01 2.500000e+00
      vertex   9.612906e+00 -4.471775e+01 2.500000e+00
    endloop
  endfacet
  facet normal 7.933533e-01 -6.087614e-01 0.000000e+00
    outer loop
      vertex   9.612906e+00 -4.471775e+01 -2.500000e+00
      vertex   9.612906e+00 -4.471775e+01 2.500000e+00
      vertex   9.453987e+00 -4.492486e+01 -2.500000e+00
    endloop
  endfacet
  facet normal 7.933533e-01 -6.087614e-01 0.000000e+00
    outer loop
      vertex   9.453987e+00 -4.492486e+01 -2.500000e+00
      vertex   9.612906e+00 -4.471775e+01 2.500000e+00
      vertex   9.453987e+00 -4.492486e+01 2.500000e+00
    endloop
  endfacet
  facet normal 9.238795e-01 -3.826834e-01 0.000000e+00
    outer loop
      vertex   9.453987e+00 -4.492486e+01 -2.500000e+00
      vertex   9.453987e+00 -4.492486e+01 2.500000e+00
      vertex   9.354087e+00 -4.516604e+01 -2.500000e+00
    endloop
  endfacet
  facet normal 9.238795e-01 -3.826834e-01 0.000000e+00
    outer loop
      vertex   9.354087e+00 -4.516604e+01 -2.500000e+00
      vertex   9.453987e+00 -4.492486e+01 2.500000e+00
      vertex   9.354087e+00 -4.516604e+01 2.500000e+00
    endloop
  endfacet
  facet normal 9.914449e-01 -1.305262e-01 0.000000e+00
    outer loop
      vertex   9.354087e+00 -4.516604e+01 -2.500000e+00
      vertex   9.354087e+00 -4.516604e+01 2.500000e+00
      vertex   9.320013e+00 -4.542486e+01 -2.500000e+00
    endloop
  endfacet
  facet normal 9.914449e-01 -1.305262e-01 0.000000e+00
    outer loop
      vertex   9.320013e+00 -4.542486e+01 -2.500000e+00
      vertex   9.354087e+00 -4.516604e+01 2.500000e+00
      vertex   9.320013e+00 -4.542486e+01 2.500000e+00
    endloop
  endfacet
  facet normal 0.000000e+00 -0.000000e+00 -1.000000e+00
    outer loop
      vertex   9.354087e+00 -4.516604e+01 7.500000e+00
      vertex   1.128594e+01 -4.516604e+01 7.500000e+00
      vertex   9.320013e+00 -4.542486e+01 7.500000e+00
    endloop
  endfacet
  facet normal 0.000000e+00 0.000000e+00 -1.000000e+00
    outer loop
      vertex   9.320013e+00 -4.542486e+01 7.500000e+00
      vertex   1.128594e+01 -4.516604e+01 7.500000e+00
      vertex   1.132001e+01 -4.542486e+01 7.500000e+00
    endloop
  endfacet
  facet normal 0.000000e+00 0.000000e+00 -1.000000e+00
    outer loop
      vertex   9.320013e+00 -4.542486e+01 7.500000e+00
      vertex   1.132001e+01 -4.542486e+01 7.500000e+00
      vertex   9.354087e+00 -4.568368e+01 7.500000e+00
    endloop
  endfacet
  facet normal 0.000000e+00 0.000000e+00 -1.000000e+00
    outer loop
      vertex   9.354087e+00 -4.568368e+01 7.500000e+00
      vertex   1.132001e+01 -4.542486e+01 7.500000e+00
      vertex   1.128594e+01 -4.568368e+01 7.500000e+00
    endloop
  endfacet
  facet normal 0.000000e+00 0.000000e+00 -1.000000e+00
    outer loop
      vertex   9.354087e+00 -4.568368e+01 7.500000e+00
      vertex   1.128594e+01 -4.568368e+01 7.500000e+00
      vertex   9.453987e+00 -4.592486e+01 7.500000e+00
    endloop
  endfacet
  facet normal 0.000000e+00 0.000000e+00 -1.000000e+00
    outer loop
      vertex   9.453987e+00 -4.592486e+01 7.500000e+00
      vertex   1.128594e+01 -4.568368e+01 7.500000e+00
      vertex   1.118604e+01 -4.592486e+01 7.500000e+00
    endloop
  endfacet
  facet normal 0.000000e+00 0.000000e+00 -1.000000e+00
    outer loop
      vertex   9.453987e+00 -4.592486e+01 7.500000e+00
      vertex   1.118604e+01 -4.592486e+01 7.500000e+00
      vertex   9.612906e+00 -4.613197e+01 7.500000e+00
    endloop
  endfacet
  facet normal 0.000000e+00 0.000000e+00 -1.000000e+00
    outer loop
      vertex   9.612906e+00 -4.613197e+01 7.500000e+00
      vertex   1.118604e+01 -4.592486e+01 7.500000e+00
      vertex   1.102712e+01 -4.613197e+01 7.500000e+00
    endloop
  endfacet
  facet normal 0.000000e+00 0.000000e+00 -1.000000e+00
    outer loop
      vertex   9.612906e+00 -4.613197e+01 7.500000e+00
      vertex   1.102712e+01 -4.613197e+01 7.500000e+00
      vertex   9.820013e+00 -4.629089e+01 7.500000e+00
    endloop
  endfacet
  facet normal 0.000000e+00 0.000000e+00 -1.000000e+00
    outer loop
      vertex   9.820013e+00 -4.629089e+01 7.500000e+00
      vertex   1.102712e+01 -4.613197e+01 7.500000e+00
      vertex   1.082001e+01 -4.629089e+01 7.500000e+00
    endloop
  endfacet
  facet normal 0.000000e+00 0.000000e+00 -1.000000e+00
    outer loop
      vertex   9.820013e+00 -4.629089e+01 7.500000e+00
      vertex   1.082001e+01 -4.629089e+01 7.500000e+00
      vertex   1.006119e+01 -4.639079e+01 7.500000e+00
    endloop
  endfacet
  facet normal 0.000000e+00 0.000000e+00 -1.000000e+00
    outer loop
      vertex   1.006119e+01 -4.639079e+01 7.500000e+00
      vertex   1.082001e+01 -4.629089e+01 7.500000e+00
      vertex   1.057883e+01 -4.639079e+01 7.500000e+00
    endloop
  endfacet
  facet normal 0.000000e+00 0.000000e+00 -1.000000e+00
    outer loop
      vertex   1.006119e+01 -4.639079e+01 7.500000e+00
      vertex   1.057883e+01 -4.639079e+01 7.500000e+00
      vertex   1.032001e+01 -4.642486e+01 7.500000e+00
    endloop
  endfacet
  facet normal 0.000000e+00 0.000000e+00 -1.000000e+00
    outer loop
      vertex   1.128594e+01 -4.516604e+01 7.500000e+00
      vertex   9.354087e+00 -4.516604e+01 7.500000e+00
      vertex   1.118604e+01 -4.492486e+01 7.500000e+00
    endloop
  endfacet
  facet normal -0.000000e+00 0.000000e+00 -1.000000e+00
    outer loop
      vertex   1.118604e+01 -4.492486e+01 7.500000e+00
      vertex   9.354087e+00 -4.516604e+01 7.500000e+00
      vertex   9.453987e+00 -4.492486e+01 7.500000e+00
    endloop
  endfacet
  facet normal 0.000000e+00 0.000000e+00 -1.000000e+00
    outer loop
      vertex   1.118604e+01 -4.492486e+01 7.500000e+00
      vertex   9.453987e+00 -4.492486e+01 7.500000e+00
      vertex   1.102712e+01 -4.471775e+01 7.500000e+00
    endloop
  endfacet
  facet normal -0.000000e+00 0.000000e+00 -1.000000e+00
    outer loop
      vertex   1.102712e+01 -4.471775e+01 7.500000e+00
      vertex   9.453987e+00 -4.492486e+01 7.500000e+00
      vertex   9.612906e+00 -4.471775e+01 7.500000e+00
    endloop
  endfacet
  facet normal 0.000000e+00 0.000000e+00 -1.000000e+00
    outer loop
      vertex   1.102712e+01 -4.471775e+01 7.500000e+00
      vertex   9.612906e+00 -4.471775e+01 7.500000e+00
      vertex   1.082001e+01 -4.455883e+01 7.500000e+00
    endloop
  endfacet
  facet normal -0.000000e+00 0.000000e+00 -1.000000e+00
    outer loop
      vertex   1.082001e+01 -4.455883e+01 7.500000e+00
      vertex   9.612906e+00 -4.471775e+01 7.500000e+00
      vertex   9.820013e+00 -4.455883e+01 7.500000e+00
    endloop
  endfacet
  facet normal 0.000000e+00 0.000000e+00 -1.000000e+00
    outer loop
      vertex   1.082001e+01 -4.455883e+01 7.500000e+00
      vertex   9.820013e+00 -4.455883e+01 7.500000e+00
      vertex   1.057883e+01 -4.445893e+01 7.500000e+00
    endloop
  endfacet
  facet normal -0.000000e+00 0.000000e+00 -1.000000e+00
    outer loop
      vertex   1.057883e+01 -4.445893e+01 7.500000e+00
      vertex   9.820013e+00 -4.455883e+01 7.500000e+00
      vertex   1.006119e+01 -4.445893e+01 7.500000e+00
    endloop
  endfacet
  facet normal 0.000000e+00 0.000000e+00 -1.000000e+00
    outer loop
      vertex   1.057883e+01 -4.445893e+01 7.500000e+00
      vertex   1.006119e+01 -4.445893e+01 7.500000e+00
      vertex   1.032001e+01 -4.442486e+01 7.500000e+00
    endloop
  endfacet
  facet normal 9.914449e-01 -1.305262e-01 0.000000e+00
    outer loop
      vertex   1.459392e+02 -8.472314e+01 -7.500000e+00
      vertex   1.459392e+02 -8.472314e+01 -2.500000e+00
      vertex   1.459051e+02 -8.498196e+01 -7.500000e+00
    endloop
  endfacet
  facet normal 9.914449e-01 -1.305262e-01 0.000000e+00
    outer loop
      vertex   1.459051e+02 -8.498196e+01 -7.500000e+00
      vertex   1.459392e+02 -8.472314e+01 -2.500000e+00
      vertex   1.459051e+02 -8.498196e+01 -2.500000e+00
    endloop
  endfacet
  facet normal 9.914449e-01 1.305262e-01 -0.000000e+00
    outer loop
      vertex   1.459051e+02 -8.498196e+01 -7.500000e+00
      vertex   1.459051e+02 -8.498196e+01 -2.500000e+00
      vertex   1.459392e+02 -8.524078e+01 -7.500000e+00
    endloop
  endfacet
  facet normal 9.914449e-01 1.305262e-01 -0.000000e+00
    outer loop
      vertex   1.459392e+02 -8.524078e+01 -7.500000e+00
      vertex   1.459051e+02 -8.498196e+01 -2.500000e+00
      vertex   1.459392e+02 -8.524078e+01 -2.500000e+00
    endloop
  endfacet
  facet normal 9.238795e-01 3.826834e-01 -0.000000e+00
    outer loop
      vertex   1.459392e+02 -8.524078e+01 -7.500000e+00
      vertex   1.459392e+02 -8.524078e+01 -2.500000e+00
      vertex   1.460391e+02 -8.548196e+01 -7.500000e+00
    endloop
  endfacet
  facet normal 9.238795e-01 3.826834e-01 -0.000000e+00
    outer loop
      vertex   1.460391e+02 -8.548196e+01 -7.500000e+00
      vertex   1.459392e+02 -8.524078e+01 -2.500000e+00
      vertex   1.460391e+02 -8.548196e+01 -2.500000e+00
    endloop
  endfacet
  facet normal 7.933533e-01 6.087614e-01 -0.000000e+00
    outer loop
      vertex   1.460391e+02 -8.548196e+01 -7.500000e+00
      vertex   1.460391e+02 -8.548196e+01 -2.500000e+00
      vertex   1.461980e+02 -8.568907e+01 -7.500000e+00
    endloop
  endfacet
  facet normal 7.933533e-01 6.087614e-01 -0.000000e+00
    outer loop
      vertex   1.461980e+02 -8.568907e+01 -7.500000e+00
      vertex   1.460391e+02 -8.548196e+01 -2.500000e+00
      vertex   1.461980e+02 -8.568907e+01 -2.500000e+00
    endloop
  endfacet
  facet normal 6.087614e-01 7.933533e-01 -0.000000e+00
    outer loop
      vertex   1.461980e+02 -8.568907e+01 -7.500000e+00
      vertex   1.461980e+02 -8.568907e+01 -2.500000e+00
      vertex   1.464051e+02 -8.584798e+01 -7.500000e+00
    endloop
  endfacet
  facet normal 6.087614e-01 7.933533e-01 -0.000000e+00
    outer loop
      vertex   1.464051e+02 -8.584798e+01 -7.500000e+00
      vertex   1.461980e+02 -8.568907e+01 -2.500000e+00
      vertex   1.464051e+02 -8.584798e+01 -2.500000e+00
    endloop
  endfacet
  facet normal 3.826834e-01 9.238795e-01 -0.000000e+00
    outer loop
      vertex   1.464051e+02 -8.584798e+01 -7.500000e+00
      vertex   1.464051e+02 -8.584798e+01 -2.500000e+00
      vertex   1.466463e+02 -8.594788e+01 -7.500000e+00
    endloop
  endfacet
  facet normal 3.826834e-01 9.238795e-01 -0.000000e+00
    outer loop
      vertex   1.466463e+02 -8.594788e+01 -7.500000e+00
      vertex   1.464051e+02 -8.584798e+01 -2.500000e+00
      vertex   1.466463e+02 -8.594788e+01 -2.500000e+00
    endloop
  endfacet
  facet normal 1.305262e-01 9.914449e-01 -0.000000e+00
    outer loop
      vertex   1.466463e+02 -8.594788e+01 -7.500000e+00
      vertex   1.466463e+02 -8.594788e+01 -2.500000e+00
      vertex   1.469051e+02 -8.598196e+01 -7.500000e+00
    endloop
  endfacet
  facet normal 1.305262e-01 9.914449e-01 -0.000000e+00
    outer loop
      vertex   1.469051e+02 -8.598196e+01 -7.500000e+00
      vertex   1.466463e+02 -8.594788e+01 -2.500000e+00
      vertex   1.469051e+02 -8.598196e+01 -2.500000e+00
    endloop
  endfacet
  facet normal -1.305262e-01 9.914449e-01 0.000000e+00
    outer loop
      vertex   1.469051e+02 -8.598196e+01 -7.500000e+00
      vertex   1.469051e+02 -8.598196e+01 -2.500000e+00
      vertex   1.471640e+02 -8.594788e+01 -7.500000e+00
    endloop
  endfacet
  facet normal -1.305262e-01 9.914449e-01 0.000000e+00
    outer loop
      vertex   1.471640e+02 -8.594788e+01 -7.500000e+00
      vertex   1.469051e+02 -8.598196e+01 -2.500000e+00
      vertex   1.471640e+02 -8.594788e+01 -2.500000e+00
    endloop
  endfacet
  facet normal -3.826834e-01 9.238795e-01 0.000000e+00
    outer loop
      vertex   1.471640e+02 -8.594788e+01 -7.500000e+00
      vertex   1.471640e+02 -8.594788e+01 -2.500000e+00
      vertex   1.474051e+02 -8.584798e+01 -7.500000e+00
    endloop
  endfacet
  facet normal -3.826834e-01 9.238795e-01 0.000000e+00
    outer loop
      vertex   1.474051e+02 -8.584798e+01 -7.500000e+00
      vertex   1.471640e+02 -8.594788e+01 -2.500000e+00
      vertex   1.474051e+02 -8.584798e+01 -2.500000e+00
    endloop
  endfacet
  facet normal -6.087614e-01 7.933533e-01 0.000000e+00
    outer loop
      vertex   1.474051e+02 -8.584798e+01 -7.500000e+00
      vertex   1.474051e+02 -8.584798e+01 -2.500000e+00
      vertex   1.476122e+02 -8.568907e+01 -7.500000e+00
    endloop
  endfacet
  facet normal -6.087614e-01 7.933533e-01 0.000000e+00
    outer loop
      vertex   1.476122e+02 -8.568907e+01 -7.500000e+00
      vertex   1.474051e+02 -8.584798e+01 -2.500000e+00
      vertex   1.476122e+02 -8.568907e+01 -2.500000e+00
    endloop
  endfacet
  facet normal -7.933533e-01 6.087614e-01 0.000000e+00
    outer loop
      vertex   1.476122e+02 -8.568907e+01 -7.500000e+00
      vertex   1.476122e+02 -8.568907e+01 -2.500000e+00
      vertex   1.477712e+02 -8.548196e+01 -7.500000e+00
    endloop
  endfacet
  facet normal -7.933533e-01 6.087614e-01 0.000000e+00
    outer loop
      vertex   1.477712e+02 -8.548196e+01 -7.500000e+00
      vertex   1.476122e+02 -8.568907e+01 -2.500000e+00
      vertex   1.477712e+02 -8.548196e+01 -2.500000e+00
    endloop
  endfacet
  facet normal -9.238795e-01 3.826834e-01 0.000000e+00
    outer loop
      vertex   1.477712e+02 -8.548196e+01 -7.500000e+00
      vertex   1.477712e+02 -8.548196e+01 -2.500000e+00
      vertex   1.478711e+02 -8.524078e+01 -7.500000e+00
    endloop
  endfacet
  facet normal -9.238795e-01 3.826834e-01 0.000000e+00
    outer loop
      vertex   1.478711e+02 -8.524078e+01 -7.500000e+00
      vertex   1.477712e+02 -8.548196e+01 -2.500000e+00
      vertex   1.478711e+02 -8.524078e+01 -2.500000e+00
    endloop
  endfacet
  facet normal -9.914449e-01 1.305262e-01 0.000000e+00
    outer loop
      vertex   1.478711e+02 -8.524078e+01 -7.500000e+00
      vertex   1.478711e+02 -8.524078e+01 -2.500000e+00
      vertex   1.479051e+02 -8.498196e+01 -7.500000e+00
    endloop
  endfacet
  facet normal -9.914449e-01 1.305262e-01 0.000000e+00
    outer loop
      vertex   1.479051e+02 -8.498196e+01 -7.500000e+00
      vertex   1.478711e+02 -8.524078e+01 -2.500000e+00
      vertex   1.479051e+02 -8.498196e+01 -2.500000e+00
    endloop
  endfacet
  facet normal -9.914449e-01 -1.305262e-01 0.000000e+00
    outer loop
      vertex   1.479051e+02 -8.498196e+01 -7.500000e+00
      vertex   1.479051e+02 -8.498196e+01 -2.500000e+00
      vertex   1.478711e+02 -8.472314e+01 -7.500000e+00
    endloop
  endfacet
  facet normal -9.914449e-01 -1.305262e-01 0.000000e+00
    outer loop
      vertex   1.478711e+02 -8.472314e+01 -7.500000e+00
      vertex   1.479051e+02 -8.498196e+01 -2.500000e+00
      vertex   1.478711e+02 -8.472314e+01 -2.500000e+00
    endloop
  endfacet
  facet normal -9.238795e-01 -3.826834e-01 0.000000e+00
    outer loop
      vertex   1.478711e+02 -8.472314e+01 -7.500000e+00
      vertex   1.478711e+02 -8.472314e+01 -2.500000e+00
      vertex   1.477712e+02 -8.448196e+01 -7.500000e+00
    endloop
  endfacet
  facet normal -9.238795e-01 -3.826834e-01 0.000000e+00
    outer loop
      vertex   1.477712e+02 -8.448196e+01 -7.500000e+00
      vertex   1.478711e+02 -8.472314e+01 -2.500000e+00
      vertex   1.477712e+02 -8.448196e+01 -2.500000e+00
    endloop
  endfacet
  facet normal -7.933533e-01 -6.087614e-01 0.000000e+00
    outer loop
      vertex   1.477712e+02 -8.448196e+01 -7.500000e+00
      vertex   1.477712e+02 -8.448196e+01 -2.500000e+00
      vertex   1.476122e+02 -8.427485e+01 -7.500000e+00
    endloop
  endfacet
  facet normal -7.933533e-01 -6.087614e-01 0.000000e+00
    outer loop
      vertex   1.476122e+02 -8.427485e+01 -7.500000e+00
      vertex   1.477712e+02 -8.448196e+01 -2.500000e+00
      vertex   1.476122e+02 -8.427485e+01 -2.500000e+00
    endloop
  endfacet
  facet normal -6.087614e-01 -7.933533e-01 0.000000e+00
    outer loop
      vertex   1.476122e+02 -8.427485e+01 -7.500000e+00
      vertex   1.476122e+02 -8.427485e+01 -2.500000e+00
      vertex   1.474051e+02 -8.411593e+01 -7.500000e+00
    endloop
  endfacet
  facet normal -6.087614e-01 -7.933533e-01 0.000000e+00
    outer loop
      vertex   1.474051e+02 -8.411593e+01 -7.500000e+00
      vertex   1.476122e+02 -8.427485e+01 -2.500000e+00
      vertex   1.474051e+02 -8.411593e+01 -2.500000e+00
    endloop
  endfacet
  facet normal -3.826834e-01 -9.238795e-01 0.000000e+00
    outer loop
      vertex   1.474051e+02 -8.411593e+01 -7.500000e+00
      vertex   1.474051e+02 -8.411593e+01 -2.500000e+00
      vertex   1.471640e+02 -8.401603e+01 -7.500000e+00
    endloop
  endfacet
  facet normal -3.826834e-01 -9.238795e-01 0.000000e+00
    outer loop
      vertex   1.471640e+02 -8.401603e+01 -7.500000e+00
      vertex   1.474051e+02 -8.411593e+01 -2.500000e+00
      vertex   1.471640e+02 -8.401603e+01 -2.500000e+00
    endloop
  endfacet
  facet normal -1.305262e-01 -9.914449e-01 0.000000e+00
    outer loop
      vertex   1.471640e+02 -8.401603e+01 -7.500000e+00
      vertex   1.471640e+02 -8.401603e+01 -2.500000e+00
      vertex   1.469051e+02 -8.398196e+01 -7.500000e+00
    endloop
  endfacet
  facet normal -1.305262e-01 -9.914449e-01 0.000000e+00
    outer loop
      vertex   1.469051e+02 -8.398196e+01 -7.500000e+00
      vertex   1.471640e+02 -8.401603e+01 -2.500000e+00
      vertex   1.469051e+02 -8.398196e+01 -2.500000e+00
    endloop
  endfacet
  facet normal 1.305262e-01 -9.914449e-01 0.000000e+00
    outer loop
      vertex   1.469051e+02 -8.398196e+01 -7.500000e+00
      vertex   1.469051e+02 -8.398196e+01 -2.500000e+00
      vertex   1.466463e+02 -8.401603e+01 -7.500000e+00
    endloop
  endfacet
  facet normal 1.305262e-01 -9.914449e-01 0.000000e+00
    outer loop
      vertex   1.466463e+02 -8.401603e+01 -7.500000e+00
      vertex   1.469051e+02 -8.398196e+01 -2.500000e+00
      vertex   1.466463e+02 -8.401603e+01 -2.500000e+00
    endloop
  endfacet
  facet normal 3.826834e-01 -9.238795e-01 0.000000e+00
    outer loop
      vertex   1.466463e+02 -8.401603e+01 -7.500000e+00
      vertex   1.466463e+02 -8.401603e+01 -2.500000e+00
      vertex   1.464051e+02 -8.411593e+01 -7.500000e+00
    endloop
  endfacet
  facet normal 3.826834e-01 -9.238795e-01 0.000000e+00
    outer loop
      vertex   1.464051e+02 -8.411593e+01 -7.500000e+00
      vertex   1.466463e+02 -8.401603e+01 -2.500000e+00
      vertex   1.464051e+02 -8.411593e+01 -2.500000e+00
    endloop
  endfacet
  facet normal 6.087614e-01 -7.933533e-01 0.000000e+00
    outer loop
      vertex   1.464051e+02 -8.411593e+01 -7.500000e+00
      vertex   1.464051e+02 -8.411593e+01 -2.500000e+00
      vertex   1.461980e+02 -8.427485e+01 -7.500000e+00
    endloop
  endfacet
  facet normal 6.087614e-01 -7.933533e-01 0.000000e+00
    outer loop
      vertex   1.461980e+02 -8.427485e+01 -7.500000e+00
      vertex   1.464051e+02 -8.411593e+01 -2.500000e+00
      vertex   1.461980e+02 -8.427485e+01 -2.500000e+00
    endloop
  endfacet
  facet normal 7.933533e-01 -6.087614e-01 0.000000e+00
    outer loop
      vertex   1.461980e+02 -8.427485e+01 -7.500000e+00
      vertex   1.461980e+02 -8.427485e+01 -2.500000e+00
      vertex   1.460391e+02 -8.448196e+01 -7.500000e+00
    endloop
  endfacet
  facet normal 7.933533e-01 -6.087614e-01 0.000000e+00
    outer loop
      vertex   1.460391e+02 -8.448196e+01 -7.500000e+00
      vertex   1.461980e+02 -8.427485e+01 -2.500000e+00
      vertex   1.460391e+02 -8.448196e+01 -2.500000e+00
    endloop
  endfacet
  facet normal 9.238795e-01 -3.826834e-01 0.000000e+00
    outer loop
      vertex   1.460391e+02 -8.448196e+01 -7.500000e+00
      vertex   1.460391e+02 -8.448196e+01 -2.500000e+00
      vertex   1.459392e+02 -8.472314e+01 -7.500000e+00
    endloop
  endfacet
  facet normal 9.238795e-01 -3.826834e-01 0.000000e+00
    outer loop
      vertex   1.459392e+02 -8.472314e+01 -7.500000e+00
      vertex   1.460391e+02 -8.448196e+01 -2.500000e+00
      vertex   1.459392e+02 -8.472314e+01 -2.500000e+00
    endloop
  endfacet
  facet normal 9.914449e-01 1.305262e-01 0.000000e+00
    outer loop
      vertex   1.459392e+02 -8.524078e+01 7.500000e+00
      vertex   1.459392e+02 -8.524078e+01 2.500000e+00
      vertex   1.459051e+02 -8.498196e+01 7.500000e+00
    endloop
  endfacet
  facet normal 9.914449e-01 1.305262e-01 0.000000e+00
    outer loop
      vertex   1.459051e+02 -8.498196e+01 7.500000e+00
      vertex   1.459392e+02 -8.524078e+01 2.500000e+00
      vertex   1.459051e+02 -8.498196e+01 2.500000e+00
    endloop
  endfacet
  facet normal 9.914449e-01 -1.305262e-01 0.000000e+00
    outer loop
      vertex   1.459051e+02 -8.498196e+01 7.500000e+00
      vertex   1.459051e+02 -8.498196e+01 2.500000e+00
      vertex   1.459392e+02 -8.472314e+01 7.500000e+00
    endloop
  endfacet
  facet normal 9.914449e-01 -1.305262e-01 0.000000e+00
    outer loop
      vertex   1.459392e+02 -8.472314e+01 7.500000e+00
      vertex   1.459051e+02 -8.498196e+01 2.500000e+00
      vertex   1.459392e+02 -8.472314e+01 2.500000e+00
    endloop
  endfacet
  facet normal 9.238795e-01 -3.826834e-01 0.000000e+00
    outer loop
      vertex   1.459392e+02 -8.472314e+01 7.500000e+00
      vertex   1.459392e+02 -8.472314e+01 2.500000e+00
      vertex   1.460391e+02 -8.448196e+01 7.500000e+00
    endloop
  endfacet
  facet normal 9.238795e-01 -3.826834e-01 0.000000e+00
    outer loop
      vertex   1.460391e+02 -8.448196e+01 7.500000e+00
      vertex   1.459392e+02 -8.472314e+01 2.500000e+00
      vertex   1.460391e+02 -8.448196e+01 2.500000e+00
    endloop
  endfacet
  facet normal 7.933533e-01 -6.087614e-01 0.000000e+00
    outer loop
      vertex   1.460391e+02 -8.448196e+01 7.500000e+00
      vertex   1.460391e+02 -8.448196e+01 2.500000e+00
      vertex   1.461980e+02 -8.427485e+01 7.500000e+00
    endloop
  endfacet
  facet normal 7.933533e-01 -6.087614e-01 0.000000e+00
    outer loop
      vertex   1.461980e+02 -8.427485e+01 7.500000e+00
      vertex   1.460391e+02 -8.448196e+01 2.500000e+00
      vertex   1.461980e+02 -8.427485e+01 2.500000e+00
    endloop
  endfacet
  facet normal 6.087614e-01 -7.933533e-01 0.000000e+00
    outer loop
      vertex   1.461980e+02 -8.427485e+01 7.500000e+00
      vertex   1.461980e+02 -8.427485e+01 2.500000e+00
      vertex   1.464051e+02 -8.411593e+01 7.500000e+00
    endloop
  endfacet
  facet normal 6.087614e-01 -7.933533e-01 0.000000e+00
    outer loop
      vertex   1.464051e+02 -8.411593e+01 7.500000e+00
      vertex   1.461980e+02 -8.427485e+01 2.500000e+00
      vertex   1.464051e+02 -8.411593e+01 2.500000e+00
    endloop
  endfacet
  facet normal 3.826834e-01 -9.238795e-01 0.000000e+00
    outer loop
      vertex   1.464051e+02 -8.411593e+01 7.500000e+00
      vertex   1.464051e+02 -8.411593e+01 2.500000e+00
      vertex   1.466463e+02 -8.401603e+01 7.500000e+00
    endloop
  endfacet
  facet normal 3.826834e-01 -9.238795e-01 0.000000e+00
    outer loop
      vertex   1.466463e+02 -8.401603e+01 7.500000e+00
      vertex   1.464051e+02 -8.411593e+01 2.500000e+00
      vertex   1.466463e+02 -8.401603e+01 2.500000e+00
    endloop
  endfacet
  facet normal 1.305262e-01 -9.914449e-01 0.000000e+00
    outer loop
      vertex   1.466463e+02 -8.401603e+01 7.500000e+00
      vertex   1.466463e+02 -8.401603e+01 2.500000e+00
      vertex   1.469051e+02 -8.398196e+01 7.500000e+00
    endloop
  endfacet
  facet normal 1.305262e-01 -9.914449e-01 0.000000e+00
    outer loop
      vertex   1.469051e+02 -8.398196e+01 7.500000e+00
      vertex   1.466463e+02 -8.401603e+01 2.500000e+00
      vertex   1.469051e+02 -8.398196e+01 2.500000e+00
    endloop
  endfacet
  facet normal -1.305262e-01 -9.914449e-01 -0.000000e+00
    outer loop
      vertex   1.469051e+02 -8.398196e+01 7.500000e+00
      vertex   1.469051e+02 -8.398196e+01 2.500000e+00
      vertex   1.471640e+02 -8.401603e+01 7.500000e+00
    endloop
  endfacet
  facet normal -1.305262e-01 -9.914449e-01 -0.000000e+00
    outer loop
      vertex   1.471640e+02 -8.401603e+01 7.500000e+00
      vertex   1.469051e+02 -8.398196e+01 2.500000e+00
      vertex   1.471640e+02 -8.401603e+01 2.500000e+00
    endloop
  endfacet
  facet normal -3.826834e-01 -9.238795e-01 -0.000000e+00
    outer loop
      vertex   1.471640e+02 -8.401603e+01 7.500000e+00
      vertex   1.471640e+02 -8.401603e+01 2.500000e+00
      vertex   1.474051e+02 -8.411593e+01 7.500000e+00
    endloop
  endfacet
  facet normal -3.826834e-01 -9.238795e-01 -0.000000e+00
    outer loop
      vertex   1.474051e+02 -8.411593e+01 7.500000e+00
      vertex   1.471640e+02 -8.401603e+01 2.500000e+00
      vertex   1.474051e+02 -8.411593e+01 2.500000e+00
    endloop
  endfacet
  facet normal -6.087614e-01 -7.933533e-01 -0.000000e+00
    outer loop
      vertex   1.474051e+02 -8.411593e+01 7.500000e+00
      vertex   1.474051e+02 -8.411593e+01 2.500000e+00
      vertex   1.476122e+02 -8.427485e+01 7.500000e+00
    endloop
  endfacet
  facet normal -6.087614e-01 -7.933533e-01 -0.000000e+00
    outer loop
      vertex   1.476122e+02 -8.427485e+01 7.500000e+00
      vertex   1.474051e+02 -8.411593e+01 2.500000e+00
      vertex   1.476122e+02 -8.427485e+01 2.500000e+00
    endloop
  endfacet
  facet normal -7.933533e-01 -6.087614e-01 -0.000000e+00
    outer loop
      vertex   1.476122e+02 -8.427485e+01 7.500000e+00
      vertex   1.476122e+02 -8.427485e+01 2.500000e+00
      vertex   1.477712e+02 -8.448196e+01 7.500000e+00
    endloop
  endfacet
  facet normal -7.933533e-01 -6.087614e-01 -0.000000e+00
    outer loop
      vertex   1.477712e+02 -8.448196e+01 7.500000e+00
      vertex   1.476122e+02 -8.427485e+01 2.500000e+00
      vertex   1.477712e+02 -8.448196e+01 2.500000e+00
    endloop
  endfacet
  facet normal -9.238795e-01 -3.826834e-01 -0.000000e+00
    outer loop
      vertex   1.477712e+02 -8.448196e+01 7.500000e+00
      vertex   1.477712e+02 -8.448196e+01 2.500000e+00
      vertex   1.478711e+02 -8.472314e+01 7.500000e+00
    endloop
  endfacet
  facet normal -9.238795e-01 -3.826834e-01 -0.000000e+00
    outer loop
      vertex   1.478711e+02 -8.472314e+01 7.500000e+00
      vertex   1.477712e+02 -8.448196e+01 2.500000e+00
      vertex   1.478711e+02 -8.472314e+01 2.500000e+00
    endloop
  endfacet
  facet normal -9.914449e-01 -1.305262e-01 -0.000000e+00
    outer loop
      vertex   1.478711e+02 -8.472314e+01 7.500000e+00
      vertex   1.478711e+02 -8.472314e+01 2.500000e+00
      vertex   1.479051e+02 -8.498196e+01 7.500000e+00
    endloop
  endfacet
  facet normal -9.914449e-01 -1.305262e-01 -0.000000e+00
    outer loop
      vertex   1.479051e+02 -8.498196e+01 7.500000e+00
      vertex   1.478711e+02 -8.472314e+01 2.500000e+00
      vertex   1.479051e+02 -8.498196e+01 2.500000e+00
    endloop
  endfacet
  facet normal -9.914449e-01 1.305262e-01 0.000000e+00
    outer loop
      vertex   1.479051e+02 -8.498196e+01 7.500000e+00
      vertex   1.479051e+02 -8.498196e+01 2.500000e+00
      vertex   1.478711e+02 -8.524078e+01 7.500000e+00
    endloop
  endfacet
  facet normal -9.914449e-01 1.305262e-01 0.000000e+00
    outer loop
      vertex   1.478711e+02 -8.524078e+01 7.500000e+00
      vertex   1.479051e+02 -8.498196e+01 2.500000e+00
      vertex   1.478711e+02 -8.524078e+01 2.500000e+00
    endloop
  endfacet
  facet normal -9.238795e-01 3.826834e-01 0.000000e+00
    outer loop
      vertex   1.478711e+02 -8.524078e+01 7.500000e+00
      vertex   1.478711e+02 -8.524078e+01 2.500000e+00
      vertex   1.477712e+02 -8.548196e+01 7.500000e+00
    endloop
  endfacet
  facet normal -9.238795e-01 3.826834e-01 0.000000e+00
    outer loop
      vertex   1.477712e+02 -8.548196e+01 7.500000e+00
      vertex   1.478711e+02 -8.524078e+01 2.500000e+00
      vertex   1.477712e+02 -8.548196e+01 2.500000e+00
    endloop
  endfacet
  facet normal -7.933533e-01 6.087614e-01 0.000000e+00
    outer loop
      vertex   1.477712e+02 -8.548196e+01 7.500000e+00
      vertex   1.477712e+02 -8.548196e+01 2.500000e+00
      vertex   1.476122e+02 -8.568907e+01 7.500000e+00
    endloop
  endfacet
  facet normal -7.933533e-01 6.087614e-01 0.000000e+00
    outer loop
      vertex   1.476122e+02 -8.568907e+01 7.500000e+00
      vertex   1.477712e+02 -8.548196e+01 2.500000e+00
      vertex   1.476122e+02 -8.568907e+01 2.500000e+00
    endloop
  endfacet
  facet normal -6.087614e-01 7.933533e-01 0.000000e+00
    outer loop
      vertex   1.476122e+02 -8.568907e+01 7.500000e+00
      vertex   1.476122e+02 -8.568907e+01 2.500000e+00
      vertex   1.474051e+02 -8.584798e+01 7.500000e+00
    endloop
  endfacet
  facet normal -6.087614e-01 7.933533e-01 0.000000e+00
    outer loop
      vertex   1.474051e+02 -8.584798e+01 7.500000e+00
      vertex   1.476122e+02 -8.568907e+01 2.500000e+00
      vertex   1.474051e+02 -8.584798e+01 2.500000e+00
    endloop
  endfacet
  facet normal -3.826834e-01 9.238795e-01 0.000000e+00
    outer loop
      vertex   1.474051e+02 -8.584798e+01 7.500000e+00
      vertex   1.474051e+02 -8.584798e+01 2.500000e+00
      vertex   1.471640e+02 -8.594788e+01 7.500000e+00
    endloop
  endfacet
  facet normal -3.826834e-01 9.238795e-01 0.000000e+00
    outer loop
      vertex   1.471640e+02 -8.594788e+01 7.500000e+00
      vertex   1.474051e+02 -8.584798e+01 2.500000e+00
      vertex   1.471640e+02 -8.594788e+01 2.500000e+00
    endloop
  endfacet
  facet normal -1.305262e-01 9.914449e-01 0.000000e+00
    outer loop
      vertex   1.471640e+02 -8.594788e+01 7.500000e+00
      vertex   1.471640e+02 -8.594788e+01 2.500000e+00
      vertex   1.469051e+02 -8.598196e+01 7.500000e+00
    endloop
  endfacet
  facet normal -1.305262e-01 9.914449e-01 0.000000e+00
    outer loop
      vertex   1.469051e+02 -8.598196e+01 7.500000e+00
      vertex   1.471640e+02 -8.594788e+01 2.500000e+00
      vertex   1.469051e+02 -8.598196e+01 2.500000e+00
    endloop
  endfacet
  facet normal 1.305262e-01 9.914449e-01 0.000000e+00
    outer loop
      vertex   1.469051e+02 -8.598196e+01 7.500000e+00
      vertex   1.469051e+02 -8.598196e+01 2.500000e+00
      vertex   1.466463e+02 -8.594788e+01 7.500000e+00
    endloop
  endfacet
  facet normal 1.305262e-01 9.914449e-01 0.000000e+00
    outer loop
      vertex   1.466463e+02 -8.594788e+01 7.500000e+00
      vertex   1.469051e+02 -8.598196e+01 2.500000e+00
      vertex   1.466463e+02 -8.594788e+01 2.500000e+00
    endloop
  endfacet
  facet normal 3.826834e-01 9.238795e-01 0.000000e+00
    outer loop
      vertex   1.466463e+02 -8.594788e+01 7.500000e+00
      vertex   1.466463e+02 -8.594788e+01 2.500000e+00
      vertex   1.464051e+02 -8.584798e+01 7.500000e+00
    endloop
  endfacet
  facet normal 3.826834e-01 9.238795e-01 0.000000e+00
    outer loop
      vertex   1.464051e+02 -8.584798e+01 7.500000e+00
      vertex   1.466463e+02 -8.594788e+01 2.500000e+00
      vertex   1.464051e+02 -8.584798e+01 2.500000e+00
    endloop
  endfacet
  facet normal 6.087614e-01 7.933533e-01 0.000000e+00
    outer loop
      vertex   1.464051e+02 -8.584798e+01 7.500000e+00
      vertex   1.464051e+02 -8.584798e+01 2.500000e+00
      vertex   1.461980e+02 -8.568907e+01 7.500000e+00
    endloop
  endfacet
  facet normal 6.087614e-01 7.933533e-01 0.000000e+00
    outer loop
      vertex   1.461980e+02 -8.568907e+01 7.500000e+00
      vertex   1.464051e+02 -8.584798e+01 2.500000e+00
      vertex   1.461980e+02 -8.568907e+01 2.500000e+00
    endloop
  endfacet
  facet normal 7.933533e-01 6.087614e-01 0.000000e+00
    outer loop
      vertex   1.461980e+02 -8.568907e+01 7.500000e+00
      vertex   1.461980e+02 -8.568907e+01 2.500000e+00
      vertex   1.460391e+02 -8.548196e+01 7.500000e+00
    endloop
  endfacet
  facet normal 7.933533e-01 6.087614e-01 0.000000e+00
    outer loop
      vertex   1.460391e+02 -8.548196e+01 7.500000e+00
      vertex   1.461980e+02 -8.568907e+01 2.500000e+00
      vertex   1.460391e+02 -8.548196e+01 2.500000e+00
    endloop
  endfacet
  facet normal 9.238795e-01 3.826834e-01 0.000000e+00
    outer loop
      vertex   1.460391e+02 -8.548196e+01 7.500000e+00
      vertex   1.460391e+02 -8.548196e+01 2.500000e+00
      vertex   1.459392e+02 -8.524078e+01 7.500000e+00
    endloop
  endfacet
  facet normal 9.238795e-01 3.826834e-01 0.000000e+00
    outer loop
      vertex   1.459392e+02 -8.524078e+01 7.500000e+00
      vertex   1.460391e+02 -8.548196e+01 2.500000e+00
      vertex   1.459392e+02 -8.524078e+01 2.500000e+00
    endloop
  endfacet
  facet normal 9.914449e-01 1.305262e-01 -0.000000e+00
    outer loop
      vertex   1.459051e+02 -8.498196e+01 -2.500000e+00
      vertex   1.459051e+02 -8.498196e+01 2.500000e+00
      vertex   1.459392e+02 -8.524078e+01 -2.500000e+00
    endloop
  endfacet
  facet normal 9.914449e-01 1.305262e-01 -0.000000e+00
    outer loop
      vertex   1.459392e+02 -8.524078e+01 -2.500000e+00
      vertex   1.459051e+02 -8.498196e+01 2.500000e+00
      vertex   1.459392e+02 -8.524078e+01 2.500000e+00
    endloop
  endfacet
  facet normal 9.238795e-01 3.826834e-01 -0.000000e+00
    outer loop
      vertex   1.459392e+02 -8.524078e+01 -2.500000e+00
      vertex   1.459392e+02 -8.524078e+01 2.500000e+00
      vertex   1.460391e+02 -8.548196e+01 -2.500000e+00
    endloop
  endfacet
  facet normal 9.238795e-01 3.826834e-01 -0.000000e+00
    outer loop
      vertex   1.460391e+02 -8.548196e+01 -2.500000e+00
      vertex   1.459392e+02 -8.524078e+01 2.500000e+00
      vertex   1.460391e+02 -8.548196e+01 2.500000e+00
    endloop
  endfacet
  facet normal 7.933533e-01 6.087614e-01 -0.000000e+00
    outer loop
      vertex   1.460391e+02 -8.548196e+01 -2.500000e+00
      vertex   1.460391e+02 -8.548196e+01 2.500000e+00
      vertex   1.461980e+02 -8.568907e+01 -2.500000e+00
    endloop
  endfacet
  facet normal 7.933533e-01 6.087614e-01 -0.000000e+00
    outer loop
      vertex   1.461980e+02 -8.568907e+01 -2.500000e+00
      vertex   1.460391e+02 -8.548196e+01 2.500000e+00
      vertex   1.461980e+02 -8.568907e+01 2.500000e+00
    endloop
  endfacet
  facet normal 6.087614e-01 7.933533e-01 -0.000000e+00
    outer loop
      vertex   1.461980e+02 -8.568907e+01 -2.500000e+00
      vertex   1.461980e+02 -8.568907e+01 2.500000e+00
      vertex   1.464051e+02 -8.584798e+01 -2.500000e+00
    endloop
  endfacet
  facet normal 6.087614e-01 7.933533e-01 -0.000000e+00
    outer loop
      vertex   1.464051e+02 -8.584798e+01 -2.500000e+00
      vertex   1.461980e+02 -8.568907e+01 2.500000e+00
      vertex   1.464051e+02 -8.584798e+01 2.500000e+00
    endloop
  endfacet
  facet normal 3.826834e-01 9.238795e-01 -0.000000e+00
    outer loop
      vertex   1.464051e+02 -8.584798e+01 -2.500000e+00
      vertex   1.464051e+02 -8.584798e+01 2.500000e+00
      vertex   1.466463e+02 -8.594788e+01 -2.500000e+00
    endloop
  endfacet
  facet normal 3.826834e-01 9.238795e-01 -0.000000e+00
    outer loop
      vertex   1.466463e+02 -8.594788e+01 -2.500000e+00
      vertex   1.464051e+02 -8.584798e+01 2.500000e+00
      vertex   1.466463e+02 -8.594788e+01 2.500000e+00
    endloop
  endfacet
  facet normal 1.305262e-01 9.914449e-01 -0.000000e+00
    outer loop
      vertex   1.466463e+02 -8.594788e+01 -2.500000e+00
      vertex   1.466463e+02 -8.594788e+01 2.500000e+00
      vertex   1.469051e+02 -8.598196e+01 -2.500000e+00
    endloop
  endfacet
  facet normal 1.305262e-01 9.914449e-01 -0.000000e+00
    outer loop
      vertex   1.469051e+02 -8.598196e+01 -2.500000e+00
      vertex   1.466463e+02 -8.594788e+01 2.500000e+00
      vertex   1.469051e+02 -8.598196e+01 2.500000e+00
    endloop
  endfacet
  facet normal -1.305262e-01 9.914449e-01 0.000000e+00
    outer loop
      vertex   1.469051e+02 -8.598196e+01 -2.500000e+00
      vertex   1.469051e+02 -8.598196e+01 2.500000e+00
      vertex   1.471640e+02 -8.594788e+01 -2.500000e+00
    endloop
  endfacet
  facet normal -1.305262e-01 9.914449e-01 0.000000e+00
    outer loop
      vertex   1.471640e+02 -8.594788e+01 -2.500000e+00
      vertex   1.469051e+02 -8.598196e+01 2.500000e+00
      vertex   1.471640e+02 -8.594788e+01 2.500000e+00
    endloop
  endfacet
  facet normal -3.826834e-01 9.238795e-01 0.000000e+00
    outer loop
      vertex   1.471640e+02 -8.594788e+01 -2.500000e+00
      vertex   1.471640e+02 -8.594788e+01 2.500000e+00
      vertex   1.474051e+02 -8.584798e+01 -2.500000e+00
    endloop
  endfacet
  facet normal -3.826834e-01 9.238795e-01 0.000000e+00
    outer loop
      vertex   1.474051e+02 -8.584798e+01 -2.500000e+00
      vertex   1.471640e+02 -8.594788e+01 2.500000e+00
      vertex   1.474051e+02 -8.584798e+01 2.500000e+00
    endloop
  endfacet
  facet normal -6.087614e-01 7.933533e-01 0.000000e+00
    outer loop
      vertex   1.474051e+02 -8.584798e+01 -2.500000e+00
      vertex   1.474051e+02 -8.584798e+01 2.500000e+00
      vertex   1.476122e+02 -8.568907e+01 -2.500000e+00
    endloop
  endfacet
  facet normal -6.087614e-01 7.933533e-01 0.000000e+00
    outer loop
      vertex   1.476122e+02 -8.568907e+01 -2.500000e+00
      vertex   1.474051e+02 -8.584798e+01 2.500000e+00
      vertex   1.476122e+02 -8.568907e+01 2.500000e+00
    endloop
  endfacet
  facet normal -7.933533e-01 6.087614e-01 0.000000e+00
    outer loop
      vertex   1.476122e+02 -8.568907e+01 -2.500000e+00
      vertex   1.476122e+02 -8.568907e+01 2.500000e+00
      vertex   1.477712e+02 -8.548196e+01 -2.500000e+00
    endloop
  endfacet
  facet normal -7.933533e-01 6.087614e-01 0.000000e+00
    outer loop
      vertex   1.477712e+02 -8.548196e+01 -2.500000e+00
      vertex   1.476122e+02 -8.568907e+01 2.500000e+00
      vertex   1.477712e+02 -8.548196e+01 2.500000e+00
    endloop
  endfacet
  facet normal -9.238795e-01 3.826834e-01 0.000000e+00
    outer loop
      vertex   1.477712e+02 -8.548196e+01 -2.500000e+00
      vertex   1.477712e+02 -8.548196e+01 2.500000e+00
      vertex   1.478711e+02 -8.524078e+01 -2.500000e+00
    endloop
  endfacet
  facet normal -9.238795e-01 3.826834e-01 0.000000e+00
    outer loop
      vertex   1.478711e+02 -8.524078e+01 -2.500000e+00
      vertex   1.477712e+02 -8.548196e+01 2.500000e+00
      vertex   1.478711e+02 -8.524078e+01 2.500000e+00
    endloop
  endfacet
  facet normal -9.914449e-01 1.305262e-01 0.000000e+00
    outer loop
      vertex   1.478711e+02 -8.524078e+01 -2.500000e+00
      vertex   1.478711e+02 -8.524078e+01 2.500000e+00
      vertex   1.479051e+02 -8.498196e+01 -2.500000e+00
    endloop
  endfacet
  facet normal -9.914449e-01 1.305262e-01 0.000000e+00
    outer loop
      vertex   1.479051e+02 -8.498196e+01 -2.500000e+00
      vertex   1.478711e+02 -8.524078e+01 2.500000e+00
      vertex   1.479051e+02 -8.498196e+01 2.500000e+00
    endloop
  endfacet
  facet normal -9.914449e-01 -1.305262e-01 0.000000e+00
    outer loop
      vertex   1.479051e+02 -8.498196e+01 -2.500000e+00
      vertex   1.479051e+02 -8.498196e+01 2.500000e+00
      vertex   1.478711e+02 -8.472314e+01 -2.500000e+00
    endloop
  endfacet
  facet normal -9.914449e-01 -1.305262e-01 0.000000e+00
    outer loop
      vertex   1.478711e+02 -8.472314e+01 -2.500000e+00
      vertex   1.479051e+02 -8.498196e+01 2.500000e+00
      vertex   1.478711e+02 -8.472314e+01 2.500000e+00
    endloop
  endfacet
  facet normal -9.238795e-01 -3.826834e-01 0.000000e+00
    outer loop
      vertex   1.478711e+02 -8.472314e+01 -2.500000e+00
      vertex   1.478711e+02 -8.472314e+01 2.500000e+00
      vertex   1.477712e+02 -8.448196e+01 -2.500000e+00
    endloop
  endfacet
  facet normal -9.238795e-01 -3.826834e-01 0.000000e+00
    outer loop
      vertex   1.477712e+02 -8.448196e+01 -2.500000e+00
      vertex   1.478711e+02 -8.472314e+01 2.500000e+00
      vertex   1.477712e+02 -8.448196e+01 2.500000e+00
    endloop
  endfacet
  facet normal -7.933533e-01 -6.087614e-01 0.000000e+00
    outer loop
      vertex   1.477712e+02 -8.448196e+01 -2.500000e+00
      vertex   1.477712e+02 -8.448196e+01 2.500000e+00
      vertex   1.476122e+02 -8.427485e+01 -2.500000e+00
    endloop
  endfacet
  facet normal -7.933533e-01 -6.087614e-01 0.000000e+00
    outer loop
      vertex   1.476122e+02 -8.427485e+01 -2.500000e+00
      vertex   1.477712e+02 -8.448196e+01 2.500000e+00
      vertex   1.476122e+02 -8.427485e+01 2.500000e+00
    endloop
  endfacet
  facet normal -6.087614e-01 -7.933533e-01 0.000000e+00
    outer loop
      vertex   1.476122e+02 -8.427485e+01 -2.500000e+00
      vertex   1.476122e+02 -8.427485e+01 2.500000e+00
      vertex   1.474051e+02 -8.411593e+01 -2.500000e+00
    endloop
  endfacet
  facet normal -6.087614e-01 -7.933533e-01 0.000000e+00
    outer loop
      vertex   1.474051e+02 -8.411593e+01 -2.500000e+00
      vertex   1.476122e+02 -8.427485e+01 2.500000e+00
      vertex   1.474051e+02 -8.411593e+01 2.500000e+00
    endloop
  endfacet
  facet normal -3.826834e-01 -9.238795e-01 0.000000e+00
    outer loop
      vertex   1.474051e+02 -8.411593e+01 -2.500000e+00
      vertex   1.474051e+02 -8.411593e+01 2.500000e+00
      vertex   1.471640e+02 -8.401603e+01 -2.500000e+00
    endloop
  endfacet
  facet normal -3.826834e-01 -9.238795e-01 0.000000e+00
    outer loop
      vertex   1.471640e+02 -8.401603e+01 -2.500000e+00
      vertex   1.474051e+02 -8.411593e+01 2.500000e+00
      vertex   1.471640e+02 -8.401603e+01 2.500000e+00
    endloop
  endfacet
  facet normal -1.305262e-01 -9.914449e-01 0.000000e+00
    outer loop
      vertex   1.471640e+02 -8.401603e+01 -2.500000e+00
      vertex   1.471640e+02 -8.401603e+01 2.500000e+00
      vertex   1.469051e+02 -8.398196e+01 -2.500000e+00
    endloop
  endfacet
  facet normal -1.305262e-01 -9.914449e-01 0.000000e+00
    outer loop
      vertex   1.469051e+02 -8.398196e+01 -2.500000e+00
      vertex   1.471640e+02 -8.401603e+01 2.500000e+00
      vertex   1.469051e+02 -8.398196e+01 2.500000e+00
    endloop
  endfacet
  facet normal 1.305262e-01 -9.914449e-01 0.000000e+00
    outer loop
      vertex   1.469051e+02 -8.398196e+01 -2.500000e+00
      vertex   1.469051e+02 -8.398196e+01 2.500000e+00
      vertex   1.466463e+02 -8.401603e+01 -2.500000e+00
    endloop
  endfacet
  facet normal 1.305262e-01 -9.914449e-01 0.000000e+00
    outer loop
      vertex   1.466463e+02 -8.401603e+01 -2.500000e+00
      vertex   1.469051e+02 -8.398196e+01 2.500000e+00
      vertex   1.466463e+02 -8.401603e+01 2.500000e+00
    endloop
  endfacet
  facet normal 3.826834e-01 -9.238795e-01 0.000000e+00
    outer loop
      vertex   1.466463e+02 -8.401603e+01 -2.500000e+00
      vertex   1.466463e+02 -8.401603e+01 2.500000e+00
      vertex   1.464051e+02 -8.411593e+01 -2.500000e+00
    endloop
  endfacet
  facet normal 3.826834e-01 -9.238795e-01 0.000000e+00
    outer loop
      vertex   1.464051e+02 -8.411593e+01 -2.500000e+00
      vertex   1.466463e+02 -8.401603e+01 2.500000e+00
      vertex   1.464051e+02 -8.411593e+01 2.500000e+00
    endloop
  endfacet
  facet normal 6.087614e-01 -7.933533e-01 0.000000e+00
    outer loop
      vertex   1.464051e+02 -8.411593e+01 -2.500000e+00
      vertex   1.464051e+02 -8.411593e+01 2.500000e+00
      vertex   1.461980e+02 -8.427485e+01 -2.500000e+00
    endloop
  endfacet
  facet normal 6.087614e-01 -7.933533e-01 0.000000e+00
    outer loop
      vertex   1.461980e+02 -8.427485e+01 -2.500000e+00
      vertex   1.464051e+02 -8.411593e+01 2.500000e+00
      vertex   1.461980e+02 -8.427485e+01 2.500000e+00
    endloop
  endfacet
  facet normal 7.933533e-01 -6.087614e-01 0.000000e+00
    outer loop
      vertex   1.461980e+02 -8.427485e+01 -2.500000e+00
      vertex   1.461980e+02 -8.427485e+01 2.500000e+00
      vertex   1.460391e+02 -8.448196e+01 -2.500000e+00
    endloop
  endfacet
  facet normal 7.933533e-01 -6.087614e-01 0.000000e+00
    outer loop
      vertex   1.460391e+02 -8.448196e+01 -2.500000e+00
      vertex   1.461980e+02 -8.427485e+01 2.500000e+00
      vertex   1.460391e+02 -8.448196e+01 2.500000e+00
    endloop
  endfacet
  facet normal 9.238795e-01 -3.826834e-01 0.000000e+00
    outer loop
      vertex   1.460391e+02 -8.448196e+01 -2.500000e+00
      vertex   1.460391e+02 -8.448196e+01 2.500000e+00
      vertex   1.459392e+02 -8.472314e+01 -2.500000e+00
    endloop
  endfacet
  facet normal 9.238795e-01 -3.826834e-01 0.000000e+00
    outer loop
      vertex   1.459392e+02 -8.472314e+01 -2.500000e+00
      vertex   1.460391e+02 -8.448196e+01 2.500000e+00
      vertex   1.459392e+02 -8.472314e+01 2.500000e+00
    endloop
  endfacet
  facet normal 9.914449e-01 -1.305262e-01 0.000000e+00
    outer loop
      vertex   1.459392e+02 -8.472314e+01 -2.500000e+00
      vertex   1.459392e+02 -8.472314e+01 2.500000e+00
      vertex   1.459051e+02 -8.498196e+01 -2.500000e+00
    endloop
  endfacet
  facet normal 9.914449e-01 -1.305262e-01 0.000000e+00
    outer loop
      vertex   1.459051e+02 -8.498196e+01 -2.500000e+00
      vertex   1.459392e+02 -8.472314e+01 2.500000e+00
      vertex   1.459051e+02 -8.498196e+01 2.500000e+00
    endloop
  endfacet
  facet normal 0.000000e+00 -0.000000e+00 -1.000000e+00
    outer loop
      vertex   1.459392e+02 -8.472314e+01 7.500000e+00
      vertex   1.478711e+02 -8.472314e+01 7.500000e+00
      vertex   1.459051e+02 -8.498196e+01 7.500000e+00
    endloop
  endfacet
  facet normal 0.000000e+00 0.000000e+00 -1.000000e+00
    outer loop
      vertex   1.459051e+02 -8.498196e+01 7.500000e+00
      vertex   1.478711e+02 -8.472314e+01 7.500000e+00
      vertex   1.479051e+02 -8.498196e+01 7.500000e+00
    endloop
  endfacet
  facet normal 0.000000e+00 0.000000e+00 -1.000000e+00
    outer loop
      vertex   1.459051e+02 -8.498196e+01 7.500000e+00
      vertex   1.479051e+02 -8.498196e+01 7.500000e+00
      vertex   1.459392e+02 -8.524078e+01 7.500000e+00
    endloop
  endfacet
  facet normal 0.000000e+00 0.000000e+00 -1.000000e+00
    outer loop
      vertex   1.459392e+02 -8.524078e+01 7.500000e+00
      vertex   1.479051e+02 -8.498196e+01 7.500000e+00
      vertex   1.478711e+02 -8.524078e+01 7.500000e+00
    endloop
  endfacet
  facet normal 0.000000e+00 0.000000e+00 -1.000000e+00
    outer loop
      vertex   1.459392e+02 -8.524078e+01 7.500000e+00
      vertex   1.478711e+02 -8.524078e+01 7.500000e+00
      vertex   1.460391e+02 -8.548196e+01 7.500000e+00
    endloop
  endfacet
  facet normal 0.000000e+00 0.000000e+00 -1.000000e+00
    outer loop
      vertex   1.460391e+02 -8.548196e+01 7.500000e+00
      vertex   1.478711e+02 -8.524078e+01 7.500000e+00
      vertex   1.477712e+02 -8.548196e+01 7.500000e+00
    endloop
  endfacet
  facet normal 0.000000e+00 0.000000e+00 -1.000000e+00
    outer loop
      vertex   1.460391e+02 -8.548196e+01 7.500000e+00
      vertex   1.477712e+02 -8.548196e+01 7.500000e+00
      vertex   1.461980e+02 -8.568907e+01 7.500000e+00
    endloop
  endfacet
  facet normal 0.000000e+00 0.000000e+00 -1.000000e+00
    outer loop
      vertex   1.461980e+02 -8.568907e+01 7.500000e+00
      vertex   1.477712e+02 -8.548196e+01 7.500000e+00
      vertex   1.476122e+02 -8.568907e+01 7.500000e+00
    endloop
  endfacet
  facet normal 0.000000e+00 0.000000e+00 -1.000000e+00
    outer loop
      vertex   1.461980e+02 -8.568907e+01 7.500000e+00
      vertex   1.476122e+02 -8.568907e+01 7.500000e+00
      vertex   1.464051e+02 -8.584798e+01 7.500000e+00
    endloop
  endfacet
  facet normal 0.000000e+00 0.000000e+00 -1.000000e+00
    outer loop
      vertex   1.464051e+02 -8.584798e+01 7.500000e+00
      vertex   1.476122e+02 -8.568907e+01 7.500000e+00
      vertex   1.474051e+02 -8.584798e+01 7.500000e+00
    endloop
  endfacet
  facet normal 0.000000e+00 0.000000e+00 -1.000000e+00
    outer loop
      vertex   1.464051e+02 -8.584798e+01 7.500000e+00
      vertex   1.474051e+02 -8.584798e+01 7.500000e+00
      vertex   1.466463e+02 -8.594788e+01 7.500000e+00
    endloop
  endfacet
  facet normal 0.000000e+00 0.000000e+00 -1.000000e+00
    outer loop
      vertex   1.466463e+02 -8.594788e+01 7.500000e+00
      vertex   1.474051e+02 -8.584798e+01 7.500000e+00
      vertex   1.471640e+02 -8.594788e+01 7.500000e+00
    endloop
  endfacet
  facet normal 0.000000e+00 0.000000e+00 -1.000000e+00
    outer loop
      vertex   1.466463e+02 -8.594788e+01 7.500000e+00
      vertex   1.471640e+02 -8.594788e+01 7.500000e+00
      vertex   1.469051e+02 -8.598196e+01 7.500000e+00
    endloop
  endfacet
  facet normal 0.000000e+00 0.000000e+00 -1.000000e+00
    outer loop
      vertex   1.478711e+02 -8.472314e+01 7.500000e+00
      vertex   1.459392e+02 -8.472314e+01 7.500000e+00
      vertex   1.477712e+02 -8.448196e+01 7.500000e+00
    endloop
  endfacet
  facet normal -0.000000e+00 0.000000e+00 -1.000000e+00
    outer loop
      vertex   1.477712e+02 -8.448196e+01 7.500000e+00
      vertex   1.459392e+02 -8.472314e+01 7.500000e+00
      vertex   1.460391e+02 -8.448196e+01 7.500000e+00
    endloop
  endfacet
  facet normal 0.000000e+00 0.000000e+00 -1.000000e+00
    outer loop
      vertex   1.477712e+02 -8.448196e+01 7.500000e+00
      vertex   1.460391e+02 -8.448196e+01 7.500000e+00
      vertex   1.476122e+02 -8.427485e+01 7.500000e+00
    endloop
  endfacet
  facet normal -0.000000e+00 0.000000e+00 -1.000000e+00
    outer loop
      vertex   1.476122e+02 -8.427485e+01 7.500000e+00
      vertex   1.460391e+02 -8.448196e+01 7.500000e+00
      vertex   1.461980e+02 -8.427485e+01 7.500000e+00
    endloop
  endfacet
  facet normal 0.000000e+00 0.000000e+00 -1.000000e+00
    outer loop
      vertex   1.476122e+02 -8.427485e+01 7.500000e+00
      vertex   1.461980e+02 -8.427485e+01 7.500000e+00
      vertex   1.474051e+02 -8.411593e+01 7.500000e+00
    endloop
  endfacet
  facet normal -0.000000e+00 0.000000e+00 -1.000000e+00
    outer loop
      vertex   1.474051e+02 -8.411593e+01 7.500000e+00
      vertex   1.461980e+02 -8.427485e+01 7.500000e+00
      vertex   1.464051e+02 -8.411593e+01 7.500000e+00
    endloop
  endfacet
  facet normal 0.000000e+00 0.000000e+00 -1.000000e+00
    outer loop
      vertex   1.474051e+02 -8.411593e+01 7.500000e+00
      vertex   1.464051e+02 -8.411593e+01 7.500000e+00
      vertex   1.471640e+02 -8.401603e+01 7.500000e+00
    endloop
  endfacet
  facet normal -0.000000e+00 0.000000e+00 -1.000000e+00
    outer loop
      vertex   1.471640e+02 -8.401603e+01 7.500000e+00
      vertex   1.464051e+02 -8.411593e+01 7.500000e+00
      vertex   1.466463e+02 -8.401603e+01 7.500000e+00
    endloop
  endfacet
  facet normal 0.000000e+00 0.000000e+00 -1.000000e+00
    outer loop
      vertex   1.471640e+02 -8.401603e+01 7.500000e+00
      vertex   1.466463e+02 -8.401603e+01 7.500000e+00
      vertex   1.469051e+02 -8.398196e+01 7.500000e+00
    endloop
  endfacet
  facet normal 9.914449e-01 -1.305262e-01 0.000000e+00
    outer loop
      vertex   7.764665e+01 -1.242802e+02 -7.500000e+00
      vertex   7.764665e+01 -1.242802e+02 -2.500000e+00
      vertex   7.761258e+01 -1.245391e+02 -7.500000e+00
    endloop
  endfacet
  facet normal 9.914449e-01 -1.305262e-01 0.000000e+00
    outer loop
      vertex   7.761258e+01 -1.245391e+02 -7.500000e+00
      vertex   7.764665e+01 -1.242802e+02 -2.500000e+00
      vertex   7.761258e+01 -1.245391e+02 -2.500000e+00
    endloop
  endfacet
  facet normal 9.914449e-01 1.305262e-01 -0.000000e+00
    outer loop
      vertex   7.761258e+01 -1.245391e+02 -7.500000e+00
      vertex   7.761258e+01 -1.245391e+02 -2.500000e+00
      vertex   7.764665e+01 -1.247979e+02 -7.500000e+00
    endloop
  endfacet
  facet normal 9.914449e-01 1.305262e-01 -0.000000e+00
    outer loop
      vertex   7.764665e+01 -1.247979e+02 -7.500000e+00
      vertex   7.761258e+01 -1.245391e+02 -2.500000e+00
      vertex   7.764665e+01 -1.247979e+02 -2.500000e+00
    endloop
  endfacet
  facet normal 9.238795e-01 3.826834e-01 -0.000000e+00
    outer loop
      vertex   7.764665e+01 -1.247979e+02 -7.500000e+00
      vertex   7.764665e+01 -1.247979e+02 -2.500000e+00
      vertex   7.774655e+01 -1.250391e+02 -7.500000e+00
    endloop
  endfacet
  facet normal 9.238795e-01 3.826834e-01 2.625824e-15
    outer loop
      vertex   7.774655e+01 -1.250391e+02 -7.500000e+00
      vertex   7.764665e+01 -1.247979e+02 -2.500000e+00
      vertex   7.774655e+01 -1.250391e+02 -2.500000e+00
    endloop
  endfacet
  facet normal 7.933533e-01 6.087614e-01 2.254846e-15
    outer loop
      vertex   7.774655e+01 -1.250391e+02 -7.500000e+00
      vertex   7.774655e+01 -1.250391e+02 -2.500000e+00
      vertex   7.790547e+01 -1.252462e+02 -7.500000e+00
    endloop
  endfacet
  facet normal 7.933533e-01 6.087614e-01 -0.000000e+00
    outer loop
      vertex   7.790547e+01 -1.252462e+02 -7.500000e+00
      vertex   7.774655e+01 -1.250391e+02 -2.500000e+00
      vertex   7.790547e+01 -1.252462e+02 -2.500000e+00
    endloop
  endfacet
  facet normal 6.087614e-01 7.933533e-01 -0.000000e+00
    outer loop
      vertex   7.790547e+01 -1.252462e+02 -7.500000e+00
      vertex   7.790547e+01 -1.252462e+02 -2.500000e+00
      vertex   7.811258e+01 -1.254051e+02 -7.500000e+00
    endloop
  endfacet
  facet normal 6.087614e-01 7.933533e-01 -0.000000e+00
    outer loop
      vertex   7.811258e+01 -1.254051e+02 -7.500000e+00
      vertex   7.790547e+01 -1.252462e+02 -2.500000e+00
      vertex   7.811258e+01 -1.254051e+02 -2.500000e+00
    endloop
  endfacet
  facet normal 3.826834e-01 9.238795e-01 -0.000000e+00
    outer loop
      vertex   7.811258e+01 -1.254051e+02 -7.500000e+00
      vertex   7.811258e+01 -1.254051e+02 -2.500000e+00
      vertex   7.835376e+01 -1.255050e+02 -7.500000e+00
    endloop
  endfacet
  facet normal 3.826834e-01 9.238795e-01 -0.000000e+00
    outer loop
      vertex   7.835376e+01 -1.255050e+02 -7.500000e+00
      vertex   7.811258e+01 -1.254051e+02 -2.500000e+00
      vertex   7.835376e+01 -1.255050e+02 -2.500000e+00
    endloop
  endfacet
  facet normal 1.305262e-01 9.914449e-01 -0.000000e+00
    outer loop
      vertex   7.835376e+01 -1.255050e+02 -7.500000e+00
      vertex   7.835376e+01 -1.255050e+02 -2.500000e+00
      vertex   7.861258e+01 -1.255391e+02 -7.500000e+00
    endloop
  endfacet
  facet normal 1.305262e-01 9.914449e-01 -0.000000e+00
    outer loop
      vertex   7.861258e+01 -1.255391e+02 -7.500000e+00
      vertex   7.835376e+01 -1.255050e+02 -2.500000e+00
      vertex   7.861258e+01 -1.255391e+02 -2.500000e+00
    endloop
  endfacet
  facet normal -1.305262e-01 9.914449e-01 0.000000e+00
    outer loop
      vertex   7.861258e+01 -1.255391e+02 -7.500000e+00
      vertex   7.861258e+01 -1.255391e+02 -2.500000e+00
      vertex   7.887139e+01 -1.255050e+02 -7.500000e+00
    endloop
  endfacet
  facet normal -1.305262e-01 9.914449e-01 0.000000e+00
    outer loop
      vertex   7.887139e+01 -1.255050e+02 -7.500000e+00
      vertex   7.861258e+01 -1.255391e+02 -2.500000e+00
      vertex   7.887139e+01 -1.255050e+02 -2.500000e+00
    endloop
  endfacet
  facet normal -3.826834e-01 9.238795e-01 0.000000e+00
    outer loop
      vertex   7.887139e+01 -1.255050e+02 -7.500000e+00
      vertex   7.887139e+01 -1.255050e+02 -2.500000e+00
      vertex   7.911258e+01 -1.254051e+02 -7.500000e+00
    endloop
  endfacet
  facet normal -3.826834e-01 9.238795e-01 0.000000e+00
    outer loop
      vertex   7.911258e+01 -1.254051e+02 -7.500000e+00
      vertex   7.887139e+01 -1.255050e+02 -2.500000e+00
      vertex   7.911258e+01 -1.254051e+02 -2.500000e+00
    endloop
  endfacet
  facet normal -6.087614e-01 7.933533e-01 0.000000e+00
    outer loop
      vertex   7.911258e+01 -1.254051e+02 -7.500000e+00
      vertex   7.911258e+01 -1.254051e+02 -2.500000e+00
      vertex   7.931968e+01 -1.252462e+02 -7.500000e+00
    endloop
  endfacet
  facet normal -6.087614e-01 7.933533e-01 0.000000e+00
    outer loop
      vertex   7.931968e+01 -1.252462e+02 -7.500000e+00
      vertex   7.911258e+01 -1.254051e+02 -2.500000e+00
      vertex   7.931968e+01 -1.252462e+02 -2.500000e+00
    endloop
  endfacet
  facet normal -7.933533e-01 6.087614e-01 0.000000e+00
    outer loop
      vertex   7.931968e+01 -1.252462e+02 -7.500000e+00
      vertex   7.931968e+01 -1.252462e+02 -2.500000e+00
      vertex   7.947860e+01 -1.250391e+02 -7.500000e+00
    endloop
  endfacet
  facet normal -7.933533e-01 6.087614e-01 0.000000e+00
    outer loop
      vertex   7.947860e+01 -1.250391e+02 -7.500000e+00
      vertex   7.931968e+01 -1.252462e+02 -2.500000e+00
      vertex   7.947860e+01 -1.250391e+02 -2.500000e+00
    endloop
  endfacet
  facet normal -9.238795e-01 3.826834e-01 0.000000e+00
    outer loop
      vertex   7.947860e+01 -1.250391e+02 -7.500000e+00
      vertex   7.947860e+01 -1.250391e+02 -2.500000e+00
      vertex   7.957850e+01 -1.247979e+02 -7.500000e+00
    endloop
  endfacet
  facet normal -9.238795e-01 3.826834e-01 0.000000e+00
    outer loop
      vertex   7.957850e+01 -1.247979e+02 -7.500000e+00
      vertex   7.947860e+01 -1.250391e+02 -2.500000e+00
      vertex   7.957850e+01 -1.247979e+02 -2.500000e+00
    endloop
  endfacet
  facet normal -9.914449e-01 1.305262e-01 0.000000e+00
    outer loop
      vertex   7.957850e+01 -1.247979e+02 -7.500000e+00
      vertex   7.957850e+01 -1.247979e+02 -2.500000e+00
      vertex   7.961258e+01 -1.245391e+02 -7.500000e+00
    endloop
  endfacet
  facet normal -9.914449e-01 1.305262e-01 0.000000e+00
    outer loop
      vertex   7.961258e+01 -1.245391e+02 -7.500000e+00
      vertex   7.957850e+01 -1.247979e+02 -2.500000e+00
      vertex   7.961258e+01 -1.245391e+02 -2.500000e+00
    endloop
  endfacet
  facet normal -9.914449e-01 -1.305262e-01 0.000000e+00
    outer loop
      vertex   7.961258e+01 -1.245391e+02 -7.500000e+00
      vertex   7.961258e+01 -1.245391e+02 -2.500000e+00
      vertex   7.957850e+01 -1.242802e+02 -7.500000e+00
    endloop
  endfacet
  facet normal -9.914449e-01 -1.305262e-01 0.000000e+00
    outer loop
      vertex   7.957850e+01 -1.242802e+02 -7.500000e+00
      vertex   7.961258e+01 -1.245391e+02 -2.500000e+00
      vertex   7.957850e+01 -1.242802e+02 -2.500000e+00
    endloop
  endfacet
  facet normal -9.238795e-01 -3.826834e-01 0.000000e+00
    outer loop
      vertex   7.957850e+01 -1.242802e+02 -7.500000e+00
      vertex   7.957850e+01 -1.242802e+02 -2.500000e+00
      vertex   7.947860e+01 -1.240391e+02 -7.500000e+00
    endloop
  endfacet
  facet normal -9.238795e-01 -3.826834e-01 2.625824e-15
    outer loop
      vertex   7.947860e+01 -1.240391e+02 -7.500000e+00
      vertex   7.957850e+01 -1.242802e+02 -2.500000e+00
      vertex   7.947860e+01 -1.240391e+02 -2.500000e+00
    endloop
  endfacet
  facet normal -7.933533e-01 -6.087614e-01 2.254846e-15
    outer loop
      vertex   7.947860e+01 -1.240391e+02 -7.500000e+00
      vertex   7.947860e+01 -1.240391e+02 -2.500000e+00
      vertex   7.931968e+01 -1.238320e+02 -7.500000e+00
    endloop
  endfacet
  facet normal -7.933533e-01 -6.087614e-01 0.000000e+00
    outer loop
      vertex   7.931968e+01 -1.238320e+02 -7.500000e+00
      vertex   7.947860e+01 -1.240391e+02 -2.500000e+00
      vertex   7.931968e+01 -1.238320e+02 -2.500000e+00
    endloop
  endfacet
  facet normal -6.087614e-01 -7.933533e-01 0.000000e+00
    outer loop
      vertex   7.931968e+01 -1.238320e+02 -7.500000e+00
      vertex   7.931968e+01 -1.238320e+02 -2.500000e+00
      vertex   7.911258e+01 -1.236730e+02 -7.500000e+00
    endloop
  endfacet
  facet normal -6.087614e-01 -7.933533e-01 0.000000e+00
    outer loop
      vertex   7.911258e+01 -1.236730e+02 -7.500000e+00
      vertex   7.931968e+01 -1.238320e+02 -2.500000e+00
      vertex   7.911258e+01 -1.236730e+02 -2.500000e+00
    endloop
  endfacet
  facet normal -3.826834e-01 -9.238795e-01 0.000000e+00
    outer loop
      vertex   7.911258e+01 -1.236730e+02 -7.500000e+00
      vertex   7.911258e+01 -1.236730e+02 -2.500000e+00
      vertex   7.887139e+01 -1.235731e+02 -7.500000e+00
    endloop
  endfacet
  facet normal -3.826834e-01 -9.238795e-01 0.000000e+00
    outer loop
      vertex   7.887139e+01 -1.235731e+02 -7.500000e+00
      vertex   7.911258e+01 -1.236730e+02 -2.500000e+00
      vertex   7.887139e+01 -1.235731e+02 -2.500000e+00
    endloop
  endfacet
  facet normal -1.305262e-01 -9.914449e-01 0.000000e+00
    outer loop
      vertex   7.887139e+01 -1.235731e+02 -7.500000e+00
      vertex   7.887139e+01 -1.235731e+02 -2.500000e+00
      vertex   7.861258e+01 -1.235391e+02 -7.500000e+00
    endloop
  endfacet
  facet normal -1.305262e-01 -9.914449e-01 0.000000e+00
    outer loop
      vertex   7.861258e+01 -1.235391e+02 -7.500000e+00
      vertex   7.887139e+01 -1.235731e+02 -2.500000e+00
      vertex   7.861258e+01 -1.235391e+02 -2.500000e+00
    endloop
  endfacet
  facet normal 1.305262e-01 -9.914449e-01 0.000000e+00
    outer loop
      vertex   7.861258e+01 -1.235391e+02 -7.500000e+00
      vertex   7.861258e+01 -1.235391e+02 -2.500000e+00
      vertex   7.835376e+01 -1.235731e+02 -7.500000e+00
    endloop
  endfacet
  facet normal 1.305262e-01 -9.914449e-01 0.000000e+00
    outer loop
      vertex   7.835376e+01 -1.235731e+02 -7.500000e+00
      vertex   7.861258e+01 -1.235391e+02 -2.500000e+00
      vertex   7.835376e+01 -1.235731e+02 -2.500000e+00
    endloop
  endfacet
  facet normal 3.826834e-01 -9.238795e-01 0.000000e+00
    outer loop
      vertex   7.835376e+01 -1.235731e+02 -7.500000e+00
      vertex   7.835376e+01 -1.235731e+02 -2.500000e+00
      vertex   7.811258e+01 -1.236730e+02 -7.500000e+00
    endloop
  endfacet
  facet normal 3.826834e-01 -9.238795e-01 0.000000e+00
    outer loop
      vertex   7.811258e+01 -1.236730e+02 -7.500000e+00
      vertex   7.835376e+01 -1.235731e+02 -2.500000e+00
      vertex   7.811258e+01 -1.236730e+02 -2.500000e+00
    endloop
  endfacet
  facet normal 6.087614e-01 -7.933533e-01 0.000000e+00
    outer loop
      vertex   7.811258e+01 -1.236730e+02 -7.500000e+00
      vertex   7.811258e+01 -1.236730e+02 -2.500000e+00
      vertex   7.790547e+01 -1.238320e+02 -7.500000e+00
    endloop
  endfacet
  facet normal 6.087614e-01 -7.933533e-01 0.000000e+00
    outer loop
      vertex   7.790547e+01 -1.238320e+02 -7.500000e+00
      vertex   7.811258e+01 -1.236730e+02 -2.500000e+00
      vertex   7.790547e+01 -1.238320e+02 -2.500000e+00
    endloop
  endfacet
  facet normal 7.933533e-01 -6.087614e-01 0.000000e+00
    outer loop
      vertex   7.790547e+01 -1.238320e+02 -7.500000e+00
      vertex   7.790547e+01 -1.238320e+02 -2.500000e+00
      vertex   7.774655e+01 -1.240391e+02 -7.500000e+00
    endloop
  endfacet
  facet normal 7.933533e-01 -6.087614e-01 0.000000e+00
    outer loop
      vertex   7.774655e+01 -1.240391e+02 -7.500000e+00
      vertex   7.790547e+01 -1.238320e+02 -2.500000e+00
      vertex   7.774655e+01 -1.240391e+02 -2.500000e+00
    endloop
  endfacet
  facet normal 9.238795e-01 -3.826834e-01 0.000000e+00
    outer loop
      vertex   7.774655e+01 -1.240391e+02 -7.500000e+00
      vertex   7.774655e+01 -1.240391e+02 -2.500000e+00
      vertex   7.764665e+01 -1.242802e+02 -7.500000e+00
    endloop
  endfacet
  facet normal 9.238795e-01 -3.826834e-01 0.000000e+00
    outer loop
      vertex   7.764665e+01 -1.242802e+02 -7.500000e+00
      vertex   7.774655e+01 -1.240391e+02 -2.500000e+00
      vertex   7.764665e+01 -1.242802e+02 -2.500000e+00
    endloop
  endfacet
  facet normal 9.914449e-01 1.305262e-01 0.000000e+00
    outer loop
      vertex   7.764665e+01 -1.247979e+02 7.500000e+00
      vertex   7.764665e+01 -1.247979e+02 2.500000e+00
      vertex   7.761258e+01 -1.245391e+02 7.500000e+00
    endloop
  endfacet
  facet normal 9.914449e-01 1.305262e-01 0.000000e+00
    outer loop
      vertex   7.761258e+01 -1.245391e+02 7.500000e+00
      vertex   7.764665e+01 -1.247979e+02 2.500000e+00
      vertex   7.761258e+01 -1.245391e+02 2.500000e+00
    endloop
  endfacet
  facet normal 9.914449e-01 -1.305262e-01 0.000000e+00
    outer loop
      vertex   7.761258e+01 -1.245391e+02 7.500000e+00
      vertex   7.761258e+01 -1.245391e+02 2.500000e+00
      vertex   7.764665e+01 -1.242802e+02 7.500000e+00
    endloop
  endfacet
  facet normal 9.914449e-01 -1.305262e-01 0.000000e+00
    outer loop
      vertex   7.764665e+01 -1.242802e+02 7.500000e+00
      vertex   7.761258e+01 -1.245391e+02 2.500000e+00
      vertex   7.764665e+01 -1.242802e+02 2.500000e+00
    endloop
  endfacet
  facet normal 9.238795e-01 -3.826834e-01 0.000000e+00
    outer loop
      vertex   7.764665e+01 -1.242802e+02 7.500000e+00
      vertex   7.764665e+01 -1.242802e+02 2.500000e+00
      vertex   7.774655e+01 -1.240391e+02 7.500000e+00
    endloop
  endfacet
  facet normal 9.238795e-01 -3.826834e-01 0.000000e+00
    outer loop
      vertex   7.774655e+01 -1.240391e+02 7.500000e+00
      vertex   7.764665e+01 -1.242802e+02 2.500000e+00
      vertex   7.774655e+01 -1.240391e+02 2.500000e+00
    endloop
  endfacet
  facet normal 7.933533e-01 -6.087614e-01 0.000000e+00
    outer loop
      vertex   7.774655e+01 -1.240391e+02 7.500000e+00
      vertex   7.774655e+01 -1.240391e+02 2.500000e+00
      vertex   7.790547e+01 -1.238320e+02 7.500000e+00
    endloop
  endfacet
  facet normal 7.933533e-01 -6.087614e-01 0.000000e+00
    outer loop
      vertex   7.790547e+01 -1.238320e+02 7.500000e+00
      vertex   7.774655e+01 -1.240391e+02 2.500000e+00
      vertex   7.790547e+01 -1.238320e+02 2.500000e+00
    endloop
  endfacet
  facet normal 6.087614e-01 -7.933533e-01 0.000000e+00
    outer loop
      vertex   7.790547e+01 -1.238320e+02 7.500000e+00
      vertex   7.790547e+01 -1.238320e+02 2.500000e+00
      vertex   7.811258e+01 -1.236730e+02 7.500000e+00
    endloop
  endfacet
  facet normal 6.087614e-01 -7.933533e-01 0.000000e+00
    outer loop
      vertex   7.811258e+01 -1.236730e+02 7.500000e+00
      vertex   7.790547e+01 -1.238320e+02 2.500000e+00
      vertex   7.811258e+01 -1.236730e+02 2.500000e+00
    endloop
  endfacet
  facet normal 3.826834e-01 -9.238795e-01 0.000000e+00
    outer loop
      vertex   7.811258e+01 -1.236730e+02 7.500000e+00
      vertex   7.811258e+01 -1.236730e+02 2.500000e+00
      vertex   7.835376e+01 -1.235731e+02 7.500000e+00
    endloop
  endfacet
  facet normal 3.826834e-01 -9.238795e-01 0.000000e+00
    outer loop
      vertex   7.835376e+01 -1.235731e+02 7.500000e+00
      vertex   7.811258e+01 -1.236730e+02 2.500000e+00
      vertex   7.835376e+01 -1.235731e+02 2.500000e+00
    endloop
  endfacet
  facet normal 1.305262e-01 -9.914449e-01 0.000000e+00
    outer loop
      vertex   7.835376e+01 -1.235731e+02 7.500000e+00
      vertex   7.835376e+01 -1.235731e+02 2.500000e+00
      vertex   7.861258e+01 -1.235391e+02 7.500000e+00
    endloop
  endfacet
  facet normal 1.305262e-01 -9.914449e-01 0.000000e+00
    outer loop
      vertex   7.861258e+01 -1.235391e+02 7.500000e+00
      vertex   7.835376e+01 -1.235731e+02 2.500000e+00
      vertex   7.861258e+01 -1.235391e+02 2.500000e+00
    endloop
  endfacet
  facet normal -1.305262e-01 -9.914449e-01 -0.000000e+00
    outer loop
      vertex   7.861258e+01 -1.235391e+02 7.500000e+00
      vertex   7.861258e+01 -1.235391e+02 2.500000e+00
      vertex   7.887139e+01 -1.235731e+02 7.500000e+00
    endloop
  endfacet
  facet normal -1.305262e-01 -9.914449e-01 -0.000000e+00
    outer loop
      vertex   7.887139e+01 -1.235731e+02 7.500000e+00
      vertex   7.861258e+01 -1.235391e+02 2.500000e+00
      vertex   7.887139e+01 -1.235731e+02 2.500000e+00
    endloop
  endfacet
  facet normal -3.826834e-01 -9.238795e-01 -0.000000e+00
    outer loop
      vertex   7.887139e+01 -1.235731e+02 7.500000e+00
      vertex   7.887139e+01 -1.235731e+02 2.500000e+00
      vertex   7.911258e+01 -1.236730e+02 7.500000e+00
    endloop
  endfacet
  facet normal -3.826834e-01 -9.238795e-01 -0.000000e+00
    outer loop
      vertex   7.911258e+01 -1.236730e+02 7.500000e+00
      vertex   7.887139e+01 -1.235731e+02 2.500000e+00
      vertex   7.911258e+01 -1.236730e+02 2.500000e+00
    endloop
  endfacet
  facet normal -6.087614e-01 -7.933533e-01 -0.000000e+00
    outer loop
      vertex   7.911258e+01 -1.236730e+02 7.500000e+00
      vertex   7.911258e+01 -1.236730e+02 2.500000e+00
      vertex   7.931968e+01 -1.238320e+02 7.500000e+00
    endloop
  endfacet
  facet normal -6.087614e-01 -7.933533e-01 -0.000000e+00
    outer loop
      vertex   7.931968e+01 -1.238320e+02 7.500000e+00
      vertex   7.911258e+01 -1.236730e+02 2.500000e+00
      vertex   7.931968e+01 -1.238320e+02 2.500000e+00
    endloop
  endfacet
  facet normal -7.933533e-01 -6.087614e-01 -0.000000e+00
    outer loop
      vertex   7.931968e+01 -1.238320e+02 7.500000e+00
      vertex   7.931968e+01 -1.238320e+02 2.500000e+00
      vertex   7.947860e+01 -1.240391e+02 7.500000e+00
    endloop
  endfacet
  facet normal -7.933533e-01 -6.087614e-01 -2.254846e-15
    outer loop
      vertex   7.947860e+01 -1.240391e+02 7.500000e+00
      vertex   7.931968e+01 -1.238320e+02 2.500000e+00
      vertex   7.947860e+01 -1.240391e+02 2.500000e+00
    endloop
  endfacet
  facet normal -9.238795e-01 -3.826834e-01 -2.625824e-15
    outer loop
      vertex   7.947860e+01 -1.240391e+02 7.500000e+00
      vertex   7.947860e+01 -1.240391e+02 2.500000e+00
      vertex   7.957850e+01 -1.242802e+02 7.500000e+00
    endloop
  endfacet
  facet normal -9.238795e-01 -3.826834e-01 -0.000000e+00
    outer loop
      vertex   7.957850e+01 -1.242802e+02 7.500000e+00
      vertex   7.947860e+01 -1.240391e+02 2.500000e+00
      vertex   7.957850e+01 -1.242802e+02 2.500000e+00
    endloop
  endfacet
  facet normal -9.914449e-01 -1.305262e-01 -0.000000e+00
    outer loop
      vertex   7.957850e+01 -1.242802e+02 7.500000e+00
      vertex   7.957850e+01 -1.242802e+02 2.500000e+00
      vertex   7.961258e+01 -1.245391e+02 7.500000e+00
    endloop
  endfacet
  facet normal -9.914449e-01 -1.305262e-01 -0.000000e+00
    outer loop
      vertex   7.961258e+01 -1.245391e+02 7.500000e+00
      vertex   7.957850e+01 -1.242802e+02 2.500000e+00
      vertex   7.961258e+01 -1.245391e+02 2.500000e+00
    endloop
  endfacet
  facet normal -9.914449e-01 1.305262e-01 0.000000e+00
    outer loop
      vertex   7.961258e+01 -1.245391e+02 7.500000e+00
      vertex   7.961258e+01 -1.245391e+02 2.500000e+00
      vertex   7.957850e+01 -1.247979e+02 7.500000e+00
    endloop
  endfacet
  facet normal -9.914449e-01 1.305262e-01 0.000000e+00
    outer loop
      vertex   7.957850e+01 -1.247979e+02 7.500000e+00
      vertex   7.961258e+01 -1.245391e+02 2.500000e+00
      vertex   7.957850e+01 -1.247979e+02 2.500000e+00
    endloop
  endfacet
  facet normal -9.238795e-01 3.826834e-01 0.000000e+00
    outer loop
      vertex   7.957850e+01 -1.247979e+02 7.500000e+00
      vertex   7.957850e+01 -1.247979e+02 2.500000e+00
      vertex   7.947860e+01 -1.250391e+02 7.500000e+00
    endloop
  endfacet
  facet normal -9.238795e-01 3.826834e-01 0.000000e+00
    outer loop
      vertex   7.947860e+01 -1.250391e+02 7.500000e+00
      vertex   7.957850e+01 -1.247979e+02 2.500000e+00
      vertex   7.947860e+01 -1.250391e+02 2.500000e+00
    endloop
  endfacet
  facet normal -7.933533e-01 6.087614e-01 0.000000e+00
    outer loop
      vertex   7.947860e+01 -1.250391e+02 7.500000e+00
      vertex   7.947860e+01 -1.250391e+02 2.500000e+00
      vertex   7.931968e+01 -1.252462e+02 7.500000e+00
    endloop
  endfacet
  facet normal -7.933533e-01 6.087614e-01 0.000000e+00
    outer loop
      vertex   7.931968e+01 -1.252462e+02 7.500000e+00
      vertex   7.947860e+01 -1.250391e+02 2.500000e+00
      vertex   7.931968e+01 -1.252462e+02 2.500000e+00
    endloop
  endfacet
  facet normal -6.087614e-01 7.933533e-01 0.000000e+00
    outer loop
      vertex   7.931968e+01 -1.252462e+02 7.500000e+00
      vertex   7.931968e+01 -1.252462e+02 2.500000e+00
      vertex   7.911258e+01 -1.254051e+02 7.500000e+00
    endloop
  endfacet
  facet normal -6.087614e-01 7.933533e-01 0.000000e+00
    outer loop
      vertex   7.911258e+01 -1.254051e+02 7.500000e+00
      vertex   7.931968e+01 -1.252462e+02 2.500000e+00
      vertex   7.911258e+01 -1.254051e+02 2.500000e+00
    endloop
  endfacet
  facet normal -3.826834e-01 9.238795e-01 0.000000e+00
    outer loop
      vertex   7.911258e+01 -1.254051e+02 7.500000e+00
      vertex   7.911258e+01 -1.254051e+02 2.500000e+00
      vertex   7.887139e+01 -1.255050e+02 7.500000e+00
    endloop
  endfacet
  facet normal -3.826834e-01 9.238795e-01 0.000000e+00
    outer loop
      vertex   7.887139e+01 -1.255050e+02 7.500000e+00
      vertex   7.911258e+01 -1.254051e+02 2.500000e+00
      vertex   7.887139e+01 -1.255050e+02 2.500000e+00
    endloop
  endfacet
  facet normal -1.305262e-01 9.914449e-01 0.000000e+00
    outer loop
      vertex   7.887139e+01 -1.255050e+02 7.500000e+00
      vertex   7.887139e+01 -1.255050e+02 2.500000e+00
      vertex   7.861258e+01 -1.255391e+02 7.500000e+00
    endloop
  endfacet
  facet normal -1.305262e-01 9.914449e-01 0.000000e+00
    outer loop
      vertex   7.861258e+01 -1.255391e+02 7.500000e+00
      vertex   7.887139e+01 -1.255050e+02 2.500000e+00
      vertex   7.861258e+01 -1.255391e+02 2.500000e+00
    endloop
  endfacet
  facet normal 1.305262e-01 9.914449e-01 0.000000e+00
    outer loop
      vertex   7.861258e+01 -1.255391e+02 7.500000e+00
      vertex   7.861258e+01 -1.255391e+02 2.500000e+00
      vertex   7.835376e+01 -1.255050e+02 7.500000e+00
    endloop
  endfacet
  facet normal 1.305262e-01 9.914449e-01 0.000000e+00
    outer loop
      vertex   7.835376e+01 -1.255050e+02 7.500000e+00
      vertex   7.861258e+01 -1.255391e+02 2.500000e+00
      vertex   7.835376e+01 -1.255050e+02 2.500000e+00
    endloop
  endfacet
  facet normal 3.826834e-01 9.238795e-01 0.000000e+00
    outer loop
      vertex   7.835376e+01 -1.255050e+02 7.500000e+00
      vertex   7.835376e+01 -1.255050e+02 2.500000e+00
      vertex   7.811258e+01 -1.254051e+02 7.500000e+00
    endloop
  endfacet
  facet normal 3.826834e-01 9.238795e-01 0.000000e+00
    outer loop
      vertex   7.811258e+01 -1.254051e+02 7.500000e+00
      vertex   7.835376e+01 -1.255050e+02 2.500000e+00
      vertex   7.811258e+01 -1.254051e+02 2.500000e+00
    endloop
  endfacet
  facet normal 6.087614e-01 7.933533e-01 0.000000e+00
    outer loop
      vertex   7.811258e+01 -1.254051e+02 7.500000e+00
      vertex   7.811258e+01 -1.254051e+02 2.500000e+00
      vertex   7.790547e+01 -1.252462e+02 7.500000e+00
    endloop
  endfacet
  facet normal 6.087614e-01 7.933533e-01 0.000000e+00
    outer loop
      vertex   7.790547e+01 -1.252462e+02 7.500000e+00
      vertex   7.811258e+01 -1.254051e+02 2.500000e+00
      vertex   7.790547e+01 -1.252462e+02 2.500000e+00
    endloop
  endfacet
  facet normal 7.933533e-01 6.087614e-01 0.000000e+00
    outer loop
      vertex   7.790547e+01 -1.252462e+02 7.500000e+00
      vertex   7.790547e+01 -1.252462e+02 2.500000e+00
      vertex   7.774655e+01 -1.250391e+02 7.500000e+00
    endloop
  endfacet
  facet normal 7.933533e-01 6.087614e-01 -2.254846e-15
    outer loop
      vertex   7.774655e+01 -1.250391e+02 7.500000e+00
      vertex   7.790547e+01 -1.252462e+02 2.500000e+00
      vertex   7.774655e+01 -1.250391e+02 2.500000e+00
    endloop
  endfacet
  facet normal 9.238795e-01 3.826834e-01 -2.625824e-15
    outer loop
      vertex   7.774655e+01 -1.250391e+02 7.500000e+00
      vertex   7.774655e+01 -1.250391e+02 2.500000e+00
      vertex   7.764665e+01 -1.247979e+02 7.500000e+00
    endloop
  endfacet
  facet normal 9.238795e-01 3.826834e-01 0.000000e+00
    outer loop
      vertex   7.764665e+01 -1.247979e+02 7.500000e+00
      vertex   7.774655e+01 -1.250391e+02 2.500000e+00
      vertex   7.764665e+01 -1.247979e+02 2.500000e+00
    endloop
  endfacet
  facet normal 9.914449e-01 1.305262e-01 -0.000000e+00
    outer loop
      vertex   7.761258e+01 -1.245391e+02 -2.500000e+00
      vertex   7.761258e+01 -1.245391e+02 2.500000e+00
      vertex   7.764665e+01 -1.247979e+02 -2.500000e+00
    endloop
  endfacet
  facet normal 9.914449e-01 1.305262e-01 -0.000000e+00
    outer loop
      vertex   7.764665e+01 -1.247979e+02 -2.500000e+00
      vertex   7.761258e+01 -1.245391e+02 2.500000e+00
      vertex   7.764665e+01 -1.247979e+02 2.500000e+00
    endloop
  endfacet
  facet normal 9.238795e-01 3.826834e-01 -0.000000e+00
    outer loop
      vertex   7.764665e+01 -1.247979e+02 -2.500000e+00
      vertex   7.764665e+01 -1.247979e+02 2.500000e+00
      vertex   7.774655e+01 -1.250391e+02 -2.500000e+00
    endloop
  endfacet
  facet normal 9.238795e-01 3.826834e-01 -0.000000e+00
    outer loop
      vertex   7.774655e+01 -1.250391e+02 -2.500000e+00
      vertex   7.764665e+01 -1.247979e+02 2.500000e+00
      vertex   7.774655e+01 -1.250391e+02 2.500000e+00
    endloop
  endfacet
  facet normal 7.933533e-01 6.087614e-01 -0.000000e+00
    outer loop
      vertex   7.774655e+01 -1.250391e+02 -2.500000e+00
      vertex   7.774655e+01 -1.250391e+02 2.500000e+00
      vertex   7.790547e+01 -1.252462e+02 -2.500000e+00
    endloop
  endfacet
  facet normal 7.933533e-01 6.087614e-01 -0.000000e+00
    outer loop
      vertex   7.790547e+01 -1.252462e+02 -2.500000e+00
      vertex   7.774655e+01 -1.250391e+02 2.500000e+00
      vertex   7.790547e+01 -1.252462e+02 2.500000e+00
    endloop
  endfacet
  facet normal 6.087614e-01 7.933533e-01 -0.000000e+00
    outer loop
      vertex   7.790547e+01 -1.252462e+02 -2.500000e+00
      vertex   7.790547e+01 -1.252462e+02 2.500000e+00
      vertex   7.811258e+01 -1.254051e+02 -2.500000e+00
    endloop
  endfacet
  facet normal 6.087614e-01 7.933533e-01 -0.000000e+00
    outer loop
      vertex   7.811258e+01 -1.254051e+02 -2.500000e+00
      vertex   7.790547e+01 -1.252462e+02 2.500000e+00
      vertex   7.811258e+01 -1.254051e+02 2.500000e+00
    endloop
  endfacet
  facet normal 3.826834e-01 9.238795e-01 -0.000000e+00
    outer loop
      vertex   7.811258e+01 -1.254051e+02 -2.500000e+00
      vertex   7.811258e+01 -1.254051e+02 2.500000e+00
      vertex   7.835376e+01 -1.255050e+02 -2.500000e+00
    endloop
  endfacet
  facet normal 3.826834e-01 9.238795e-01 -0.000000e+00
    outer loop
      vertex   7.835376e+01 -1.255050e+02 -2.500000e+00
      vertex   7.811258e+01 -1.254051e+02 2.500000e+00
      vertex   7.835376e+01 -1.255050e+02 2.500000e+00
    endloop
  endfacet
  facet normal 1.305262e-01 9.914449e-01 -0.000000e+00
    outer loop
      vertex   7.835376e+01 -1.255050e+02 -2.500000e+00
      vertex   7.835376e+01 -1.255050e+02 2.500000e+00
      vertex   7.861258e+01 -1.255391e+02 -2.500000e+00
    endloop
  endfacet
  facet normal 1.305262e-01 9.914449e-01 -0.000000e+00
    outer loop
      vertex   7.861258e+01 -1.255391e+02 -2.500000e+00
      vertex   7.835376e+01 -1.255050e+02 2.500000e+00
      vertex   7.861258e+01 -1.255391e+02 2.500000e+00
    endloop
  endfacet
  facet normal -1.305262e-01 9.914449e-01 0.000000e+00
    outer loop
      vertex   7.861258e+01 -1.255391e+02 -2.500000e+00
      vertex   7.861258e+01 -1.255391e+02 2.500000e+00
      vertex   7.887139e+01 -1.255050e+02 -2.500000e+00
    endloop
  endfacet
  facet normal -1.305262e-01 9.914449e-01 0.000000e+00
    outer loop
      vertex   7.887139e+01 -1.255050e+02 -2.500000e+00
      vertex   7.861258e+01 -1.255391e+02 2.500000e+00
      vertex   7.887139e+01 -1.255050e+02 2.500000e+00
    endloop
  endfacet
  facet normal -3.826834e-01 9.238795e-01 0.000000e+00
    outer loop
      vertex   7.887139e+01 -1.255050e+02 -2.500000e+00
      vertex   7.887139e+01 -1.255050e+02 2.500000e+00
      vertex   7.911258e+01 -1.254051e+02 -2.500000e+00
    endloop
  endfacet
  facet normal -3.826834e-01 9.238795e-01 0.000000e+00
    outer loop
      vertex   7.911258e+01 -1.254051e+02 -2.500000e+00
      vertex   7.887139e+01 -1.255050e+02 2.500000e+00
      vertex   7.911258e+01 -1.254051e+02 2.500000e+00
    endloop
  endfacet
  facet normal -6.087614e-01 7.933533e-01 0.000000e+00
    outer loop
      vertex   7.911258e+01 -1.254051e+02 -2.500000e+00
      vertex   7.911258e+01 -1.254051e+02 2.500000e+00
      vertex   7.931968e+01 -1.252462e+02 -2.500000e+00
    endloop
  endfacet
  facet normal -6.087614e-01 7.933533e-01 0.000000e+00
    outer loop
      vertex   7.931968e+01 -1.252462e+02 -2.500000e+00
      vertex   7.911258e+01 -1.254051e+02 2.500000e+00
      vertex   7.931968e+01 -1.252462e+02 2.500000e+00
    endloop
  endfacet
  facet normal -7.933533e-01 6.087614e-01 0.000000e+00
    outer loop
      vertex   7.931968e+01 -1.252462e+02 -2.500000e+00
      vertex   7.931968e+01 -1.252462e+02 2.500000e+00
      vertex   7.947860e+01 -1.250391e+02 -2.500000e+00
    endloop
  endfacet
  facet normal -7.933533e-01 6.087614e-01 0.000000e+00
    outer loop
      vertex   7.947860e+01 -1.250391e+02 -2.500000e+00
      vertex   7.931968e+01 -1.252462e+02 2.500000e+00
      vertex   7.947860e+01 -1.250391e+02 2.500000e+00
    endloop
  endfacet
  facet normal -9.238795e-01 3.826834e-01 0.000000e+00
    outer loop
      vertex   7.947860e+01 -1.250391e+02 -2.500000e+00
      vertex   7.947860e+01 -1.250391e+02 2.500000e+00
      vertex   7.957850e+01 -1.247979e+02 -2.500000e+00
    endloop
  endfacet
  facet normal -9.238795e-01 3.826834e-01 0.000000e+00
    outer loop
      vertex   7.957850e+01 -1.247979e+02 -2.500000e+00
      vertex   7.947860e+01 -1.250391e+02 2.500000e+00
      vertex   7.957850e+01 -1.247979e+02 2.500000e+00
    endloop
  endfacet
  facet normal -9.914449e-01 1.305262e-01 0.000000e+00
    outer loop
      vertex   7.957850e+01 -1.247979e+02 -2.500000e+00
      vertex   7.957850e+01 -1.247979e+02 2.500000e+00
      vertex   7.961258e+01 -1.245391e+02 -2.500000e+00
    endloop
  endfacet
  facet normal -9.914449e-01 1.305262e-01 0.000000e+00
    outer loop
      vertex   7.961258e+01 -1.245391e+02 -2.500000e+00
      vertex   7.957850e+01 -1.247979e+02 2.500000e+00
      vertex   7.961258e+01 -1.245391e+02 2.500000e+00
    endloop
  endfacet
  facet normal -9.914449e-01 -1.305262e-01 0.000000e+00
    outer loop
      vertex   7.961258e+01 -1.245391e+02 -2.500000e+00
      vertex   7.961258e+01 -1.245391e+02 2.500000e+00
      vertex   7.957850e+01 -1.242802e+02 -2.500000e+00
    endloop
  endfacet
  facet normal -9.914449e-01 -1.305262e-01 0.000000e+00
    outer loop
      vertex   7.957850e+01 -1.242802e+02 -2.500000e+00
      vertex   7.961258e+01 -1.245391e+02 2.500000e+00
      vertex   7.957850e+01 -1.242802e+02 2.500000e+00
    endloop
  endfacet
  facet normal -9.238795e-01 -3.826834e-01 0.000000e+00
    outer loop
      vertex   7.957850e+01 -1.242802e+02 -2.500000e+00
      vertex   7.957850e+01 -1.242802e+02 2.500000e+00
      vertex   7.947860e+01 -1.240391e+02 -2.500000e+00
    endloop
  endfacet
  facet normal -9.238795e-01 -3.826834e-01 0.000000e+00
    outer loop
      vertex   7.947860e+01 -1.240391e+02 -2.500000e+00
      vertex   7.957850e+01 -1.242802e+02 2.500000e+00
      vertex   7.947860e+01 -1.240391e+02 2.500000e+00
    endloop
  endfacet
  facet normal -7.933533e-01 -6.087614e-01 0.000000e+00
    outer loop
      vertex   7.947860e+01 -1.240391e+02 -2.500000e+00
      vertex   7.947860e+01 -1.240391e+02 2.500000e+00
      vertex   7.931968e+01 -1.238320e+02 -2.500000e+00
    endloop
  endfacet
  facet normal -7.933533e-01 -6.087614e-01 0.000000e+00
    outer loop
      vertex   7.931968e+01 -1.238320e+02 -2.500000e+00
      vertex   7.947860e+01 -1.240391e+02 2.500000e+00
      vertex   7.931968e+01 -1.238320e+02 2.500000e+00
    endloop
  endfacet
  facet normal -6.087614e-01 -7.933533e-01 0.000000e+00
    outer loop
      vertex   7.931968e+01 -1.238320e+02 -2.500000e+00
      vertex   7.931968e+01 -1.238320e+02 2.500000e+00
      vertex   7.911258e+01 -1.236730e+02 -2.500000e+00
    endloop
  endfacet
  facet normal -6.087614e-01 -7.933533e-01 0.000000e+00
    outer loop
      vertex   7.911258e+01 -1.236730e+02 -2.500000e+00
      vertex   7.931968e+01 -1.238320e+02 2.500000e+00
      vertex   7.911258e+01 -1.236730e+02 2.500000e+00
    endloop
  endfacet
  facet normal -3.826834e-01 -9.238795e-01 0.000000e+00
    outer loop
      vertex   7.911258e+01 -1.236730e+02 -2.500000e+00
      vertex   7.911258e+01 -1.236730e+02 2.500000e+00
      vertex   7.887139e+01 -1.235731e+02 -2.500000e+00
    endloop
  endfacet
  facet normal -3.826834e-01 -9.238795e-01 0.000000e+00
    outer loop
      vertex   7.887139e+01 -1.235731e+02 -2.500000e+00
      vertex   7.911258e+01 -1.236730e+02 2.500000e+00
      vertex   7.887139e+01 -1.235731e+02 2.500000e+00
    endloop
  endfacet
  facet normal -1.305262e-01 -9.914449e-01 0.000000e+00
    outer loop
      vertex   7.887139e+01 -1.235731e+02 -2.500000e+00
      vertex   7.887139e+01 -1.235731e+02 2.500000e+00
      vertex   7.861258e+01 -1.235391e+02 -2.500000e+00
    endloop
  endfacet
  facet normal -1.305262e-01 -9.914449e-01 0.000000e+00
    outer loop
      vertex   7.861258e+01 -1.235391e+02 -2.500000e+00
      vertex   7.887139e+01 -1.235731e+02 2.500000e+00
      vertex   7.861258e+01 -1.235391e+02 2.500000e+00
    endloop
  endfacet
  facet normal 1.305262e-01 -9.914449e-01 0.000000e+00
    outer loop
      vertex   7.861258e+01 -1.235391e+02 -2.500000e+00
      vertex   7.861258e+01 -1.235391e+02 2.500000e+00
      vertex   7.835376e+01 -1.235731e+02 -2.500000e+00
    endloop
  endfacet
  facet normal 1.305262e-01 -9.914449e-01 0.000000e+00
    outer loop
      vertex   7.835376e+01 -1.235731e+02 -2.500000e+00
      vertex   7.861258e+01 -1.235391e+02 2.500000e+00
      vertex   7.835376e+01 -1.235731e+02 2.500000e+00
    endloop
  endfacet
  facet normal 3.826834e-01 -9.238795e-01 0.000000e+00
    outer loop
      vertex   7.835376e+01 -1.235731e+02 -2.500000e+00
      vertex   7.835376e+01 -1.235731e+02 2.500000e+00
      vertex   7.811258e+01 -1.236730e+02 -2.500000e+00
    endloop
  endfacet
  facet normal 3.826834e-01 -9.238795e-01 0.000000e+00
    outer loop
      vertex   7.811258e+01 -1.236730e+02 -2.500000e+00
      vertex   7.835376e+01 -1.235731e+02 2.500000e+00
      vertex   7.811258e+01 -1.236730e+02 2.500000e+00
    endloop
  endfacet
  facet normal 6.087614e-01 -7.933533e-01 0.000000e+00
    outer loop
      vertex   7.811258e+01 -1.236730e+02 -2.500000e+00
      vertex   7.811258e+01 -1.236730e+02 2.500000e+00
      vertex   7.790547e+01 -1.238320e+02 -2.500000e+00
    endloop
  endfacet
  facet normal 6.087614e-01 -7.933533e-01 0.000000e+00
    outer loop
      vertex   7.790547e+01 -1.238320e+02 -2.500000e+00
      vertex   7.811258e+01 -1.236730e+02 2.500000e+00
      vertex   7.790547e+01 -1.238320e+02 2.500000e+00
    endloop
  endfacet
  facet normal 7.933533e-01 -6.087614e-01 0.000000e+00
    outer loop
      vertex   7.790547e+01 -1.238320e+02 -2.500000e+00
      vertex   7.790547e+01 -1.238320e+02 2.500000e+00
      vertex   7.774655e+01 -1.240391e+02 -2.500000e+00
    endloop
  endfacet
  facet normal 7.933533e-01 -6.087614e-01 0.000000e+00
    outer loop
      vertex   7.774655e+01 -1.240391e+02 -2.500000e+00
      vertex   7.790547e+01 -1.238320e+02 2.500000e+00
      vertex   7.774655e+01 -1.240391e+02 2.500000e+00
    endloop
  endfacet
  facet normal 9.238795e-01 -3.826834e-01 0.000000e+00
    outer loop
      vertex   7.774655e+01 -1.240391e+02 -2.500000e+00
      vertex   7.774655e+01 -1.240391e+02 2.500000e+00
      vertex   7.764665e+01 -1.242802e+02 -2.500000e+00
    endloop
  endfacet
  facet normal 9.238795e-01 -3.826834e-01 0.000000e+00
    outer loop
      vertex   7.764665e+01 -1.242802e+02 -2.500000e+00
      vertex   7.774655e+01 -1.240391e+02 2.500000e+00
      vertex   7.764665e+01 -1.242802e+02 2.500000e+00
    endloop
  endfacet
  facet normal 9.914449e-01 -1.305262e-01 0.000000e+00
    outer loop
      vertex   7.764665e+01 -1.242802e+02 -2.500000e+00
      vertex   7.764665e+01 -1.242802e+02 2.500000e+00
      vertex   7.761258e+01 -1.245391e+02 -2.500000e+00
    endloop
  endfacet
  facet normal 9.914449e-01 -1.305262e-01 0.000000e+00
    outer loop
      vertex   7.761258e+01 -1.245391e+02 -2.500000e+00
      vertex   7.764665e+01 -1.242802e+02 2.500000e+00
      vertex   7.761258e+01 -1.245391e+02 2.500000e+00
    endloop
  endfacet
  facet normal 0.000000e+00 -0.000000e+00 -1.000000e+00
    outer loop
      vertex   7.764665e+01 -1.242802e+02 7.500000e+00
      vertex   7.957850e+01 -1.242802e+02 7.500000e+00
      vertex   7.761258e+01 -1.245391e+02 7.500000e+00
    endloop
  endfacet
  facet normal 0.000000e+00 0.000000e+00 -1.000000e+00
    outer loop
      vertex   7.761258e+01 -1.245391e+02 7.500000e+00
      vertex   7.957850e+01 -1.242802e+02 7.500000e+00
      vertex   7.961258e+01 -1.245391e+02 7.500000e+00
    endloop
  endfacet
  facet normal 0.000000e+00 0.000000e+00 -1.000000e+00
    outer loop
      vertex   7.761258e+01 -1.245391e+02 7.500000e+00
      vertex   7.961258e+01 -1.245391e+02 7.500000e+00
      vertex   7.764665e+01 -1.247979e+02 7.500000e+00
    endloop
  endfacet
  facet normal 0.000000e+00 0.000000e+00 -1.000000e+00
    outer loop
      vertex   7.764665e+01 -1.247979e+02 7.500000e+00
      vertex   7.961258e+01 -1.245391e+02 7.500000e+00
      vertex   7.957850e+01 -1.247979e+02 7.500000e+00
    endloop
  endfacet
  facet normal 0.000000e+00 0.000000e+00 -1.000000e+00
    outer loop
      vertex   7.764665e+01 -1.247979e+02 7.500000e+00
      vertex   7.957850e+01 -1.247979e+02 7.500000e+00
      vertex   7.774655e+01 -1.250391e+02 7.500000e+00
    endloop
  endfacet
  facet normal 0.000000e+00 0.000000e+00 -1.000000e+00
    outer loop
      vertex   7.774655e+01 -1.250391e+02 7.500000e+00
      vertex   7.957850e+01 -1.247979e+02 7.500000e+00
      vertex   7.947860e+01 -1.250391e+02 7.500000e+00
    endloop
  endfacet
  facet normal 0.000000e+00 0.000000e+00 -1.000000e+00
    outer loop
      vertex   7.774655e+01 -1.250391e+02 7.500000e+00
      vertex   7.947860e+01 -1.250391e+02 7.500000e+00
      vertex   7.790547e+01 -1.252462e+02 7.500000e+00
    endloop
  endfacet
  facet normal 0.000000e+00 0.000000e+00 -1.000000e+00
    outer loop
      vertex   7.790547e+01 -1.252462e+02 7.500000e+00
      vertex   7.947860e+01 -1.250391e+02 7.500000e+00
      vertex   7.931968e+01 -1.252462e+02 7.500000e+00
    endloop
  endfacet
  facet normal 0.000000e+00 0.000000e+00 -1.000000e+00
    outer loop
      vertex   7.790547e+01 -1.252462e+02 7.500000e+00
      vertex   7.931968e+01 -1.252462e+02 7.500000e+00
      vertex   7.811258e+01 -1.254051e+02 7.500000e+00
    endloop
  endfacet
  facet normal 0.000000e+00 0.000000e+00 -1.000000e+00
    outer loop
      vertex   7.811258e+01 -1.254051e+02 7.500000e+00
      vertex   7.931968e+01 -1.252462e+02 7.500000e+00
      vertex   7.911258e+01 -1.254051e+02 7.500000e+00
    endloop
  endfacet
  facet normal 0.000000e+00 0.000000e+00 -1.000000e+00
    outer loop
      vertex   7.811258e+01 -1.254051e+02 7.500000e+00
      vertex   7.911258e+01 -1.254051e+02 7.500000e+00
      vertex   7.835376e+01 -1.255050e+02 7.500000e+00
    endloop
  endfacet
  facet normal 0.000000e+00 0.000000e+00 -1.000000e+00
    outer loop
      vertex   7.835376e+01 -1.255050e+02 7.500000e+00
      vertex   7.911258e+01 -1.254051e+02 7.500000e+00
      vertex   7.887139e+01 -1.255050e+02 7.500000e+00
    endloop
  endfacet
  facet normal 0.000000e+00 0.000000e+00 -1.000000e+00
    outer loop
      vertex   7.835376e+01 -1.255050e+02 7.500000e+00
      vertex   7.887139e+01 -1.255050e+02 7.500000e+00
      vertex   7.861258e+01 -1.255391e+02 7.500000e+00
    endloop
  endfacet
  facet normal 0.000000e+00 0.000000e+00 -1.000000e+00
    outer loop
      vertex   7.957850e+01 -1.242802e+02 7.500000e+00
      vertex   7.764665e+01 -1.242802e+02 7.500000e+00
      vertex   7.947860e+01 -1.240391e+02 7.500000e+00
    endloop
  endfacet
  facet normal -0.000000e+00 0.000000e+00 -1.000000e+00
    outer loop
      vertex   7.947860e+01 -1.240391e+02 7.500000e+00
      vertex   7.764665e+01 -1.242802e+02 7.500000e+00
      vertex   7.774655e+01 -1.240391e+02 7.500000e+00
    endloop
  endfacet
  facet normal 0.000000e+00 0.000000e+00 -1.000000e+00
    outer loop
      vertex   7.947860e+01 -1.240391e+02 7.500000e+00
      vertex   7.774655e+01 -1.240391e+02 7.500000e+00
      vertex   7.931968e+01 -1.238320e+02 7.500000e+00
    endloop
  endfacet
  facet normal -0.000000e+00 0.000000e+00 -1.000000e+00
    outer loop
      vertex   7.931968e+01 -1.238320e+02 7.500000e+00
      vertex   7.774655e+01 -1.240391e+02 7.500000e+00
      vertex   7.790547e+01 -1.238320e+02 7.500000e+00
    endloop
  endfacet
  facet normal 0.000000e+00 0.000000e+00 -1.000000e+00
    outer loop
      vertex   7.931968e+01 -1.238320e+02 7.500000e+00
      vertex   7.790547e+01 -1.238320e+02 7.500000e+00
      vertex   7.911258e+01 -1.236730e+02 7.500000e+00
    endloop
  endfacet
  facet normal -0.000000e+00 0.000000e+00 -1.000000e+00
    outer loop
      vertex   7.911258e+01 -1.236730e+02 7.500000e+00
      vertex   7.790547e+01 -1.238320e+02 7.500000e+00
      vertex   7.811258e+01 -1.236730e+02 7.500000e+00
    endloop
  endfacet
  facet normal 0.000000e+00 0.000000e+00 -1.000000e+00
    outer loop
      vertex   7.911258e+01 -1.236730e+02 7.500000e+00
      vertex   7.811258e+01 -1.236730e+02 7.500000e+00
      vertex   7.887139e+01 -1.235731e+02 7.500000e+00
    endloop
  endfacet
  facet normal -0.000000e+00 0.000000e+00 -1.000000e+00
    outer loop
      vertex   7.887139e+01 -1.235731e+02 7.500000e+00
      vertex   7.811258e+01 -1.236730e+02 7.500000e+00
      vertex   7.835376e+01 -1.235731e+02 7.500000e+00
    endloop
  endfacet
  facet normal 0.000000e+00 0.000000e+00 -1.000000e+00
    outer loop
      vertex   7.887139e+01 -1.235731e+02 7.500000e+00
      vertex   7.835376e+01 -1.235731e+02 7.500000e+00
      vertex   7.861258e+01 -1.235391e+02 7.500000e+00
    endloop
  endfacet
  facet normal 9.914449e-01 -1.305262e-01 0.000000e+00
    outer loop
      vertex   1.459392e+02 -4.516604e+01 -7.500000e+00
      vertex   1.459392e+02 -4.516604e+01 -2.500000e+00
      vertex   1.459051e+02 -4.542486e+01 -7.500000e+00
    endloop
  endfacet
  facet normal 9.914449e-01 -1.305262e-01 0.000000e+00
    outer loop
      vertex   1.459051e+02 -4.542486e+01 -7.500000e+00
      vertex   1.459392e+02 -4.516604e+01 -2.500000e+00
      vertex   1.459051e+02 -4.542486e+01 -2.500000e+00
    endloop
  endfacet
  facet normal 9.914449e-01 1.305262e-01 -0.000000e+00
    outer loop
      vertex   1.459051e+02 -4.542486e+01 -7.500000e+00
      vertex   1.459051e+02 -4.542486e+01 -2.500000e+00
      vertex   1.459392e+02 -4.568368e+01 -7.500000e+00
    endloop
  endfacet
  facet normal 9.914449e-01 1.305262e-01 -0.000000e+00
    outer loop
      vertex   1.459392e+02 -4.568368e+01 -7.500000e+00
      vertex   1.459051e+02 -4.542486e+01 -2.500000e+00
      vertex   1.459392e+02 -4.568368e+01 -2.500000e+00
    endloop
  endfacet
  facet normal 9.238795e-01 3.826834e-01 -0.000000e+00
    outer loop
      vertex   1.459392e+02 -4.568368e+01 -7.500000e+00
      vertex   1.459392e+02 -4.568368e+01 -2.500000e+00
      vertex   1.460391e+02 -4.592486e+01 -7.500000e+00
    endloop
  endfacet
  facet normal 9.238795e-01 3.826834e-01 -0.000000e+00
    outer loop
      vertex   1.460391e+02 -4.592486e+01 -7.500000e+00
      vertex   1.459392e+02 -4.568368e+01 -2.500000e+00
      vertex   1.460391e+02 -4.592486e+01 -2.500000e+00
    endloop
  endfacet
  facet normal 7.933533e-01 6.087614e-01 -0.000000e+00
    outer loop
      vertex   1.460391e+02 -4.592486e+01 -7.500000e+00
      vertex   1.460391e+02 -4.592486e+01 -2.500000e+00
      vertex   1.461980e+02 -4.613197e+01 -7.500000e+00
    endloop
  endfacet
  facet normal 7.933533e-01 6.087614e-01 -0.000000e+00
    outer loop
      vertex   1.461980e+02 -4.613197e+01 -7.500000e+00
      vertex   1.460391e+02 -4.592486e+01 -2.500000e+00
      vertex   1.461980e+02 -4.613197e+01 -2.500000e+00
    endloop
  endfacet
  facet normal 6.087614e-01 7.933533e-01 -0.000000e+00
    outer loop
      vertex   1.461980e+02 -4.613197e+01 -7.500000e+00
      vertex   1.461980e+02 -4.613197e+01 -2.500000e+00
      vertex   1.464051e+02 -4.629089e+01 -7.500000e+00
    endloop
  endfacet
  facet normal 6.087614e-01 7.933533e-01 -0.000000e+00
    outer loop
      vertex   1.464051e+02 -4.629089e+01 -7.500000e+00
      vertex   1.461980e+02 -4.613197e+01 -2.500000e+00
      vertex   1.464051e+02 -4.629089e+01 -2.500000e+00
    endloop
  endfacet
  facet normal 3.826834e-01 9.238795e-01 -0.000000e+00
    outer loop
      vertex   1.464051e+02 -4.629089e+01 -7.500000e+00
      vertex   1.464051e+02 -4.629089e+01 -2.500000e+00
      vertex   1.466463e+02 -4.639079e+01 -7.500000e+00
    endloop
  endfacet
  facet normal 3.826834e-01 9.238795e-01 -0.000000e+00
    outer loop
      vertex   1.466463e+02 -4.639079e+01 -7.500000e+00
      vertex   1.464051e+02 -4.629089e+01 -2.500000e+00
      vertex   1.466463e+02 -4.639079e+01 -2.500000e+00
    endloop
  endfacet
  facet normal 1.305262e-01 9.914449e-01 -0.000000e+00
    outer loop
      vertex   1.466463e+02 -4.639079e+01 -7.500000e+00
      vertex   1.466463e+02 -4.639079e+01 -2.500000e+00
      vertex   1.469051e+02 -4.642486e+01 -7.500000e+00
    endloop
  endfacet
  facet normal 1.305262e-01 9.914449e-01 -0.000000e+00
    outer loop
      vertex   1.469051e+02 -4.642486e+01 -7.500000e+00
      vertex   1.466463e+02 -4.639079e+01 -2.500000e+00
      vertex   1.469051e+02 -4.642486e+01 -2.500000e+00
    endloop
  endfacet
  facet normal -1.305262e-01 9.914449e-01 0.000000e+00
    outer loop
      vertex   1.469051e+02 -4.642486e+01 -7.500000e+00
      vertex   1.469051e+02 -4.642486e+01 -2.500000e+00
      vertex   1.471640e+02 -4.639079e+01 -7.500000e+00
    endloop
  endfacet
  facet normal -1.305262e-01 9.914449e-01 0.000000e+00
    outer loop
      vertex   1.471640e+02 -4.639079e+01 -7.500000e+00
      vertex   1.469051e+02 -4.642486e+01 -2.500000e+00
      vertex   1.471640e+02 -4.639079e+01 -2.500000e+00
    endloop
  endfacet
  facet normal -3.826834e-01 9.238795e-01 0.000000e+00
    outer loop
      vertex   1.471640e+02 -4.639079e+01 -7.500000e+00
      vertex   1.471640e+02 -4.639079e+01 -2.500000e+00
      vertex   1.474051e+02 -4.629089e+01 -7.500000e+00
    endloop
  endfacet
  facet normal -3.826834e-01 9.238795e-01 1.312912e-15
    outer loop
      vertex   1.474051e+02 -4.629089e+01 -7.500000e+00
      vertex   1.471640e+02 -4.639079e+01 -2.500000e+00
      vertex   1.474051e+02 -4.629089e+01 -2.500000e+00
    endloop
  endfacet
  facet normal -6.087614e-01 7.933533e-01 1.127423e-15
    outer loop
      vertex   1.474051e+02 -4.629089e+01 -7.500000e+00
      vertex   1.474051e+02 -4.629089e+01 -2.500000e+00
      vertex   1.476122e+02 -4.613197e+01 -7.500000e+00
    endloop
  endfacet
  facet normal -6.087614e-01 7.933533e-01 0.000000e+00
    outer loop
      vertex   1.476122e+02 -4.613197e+01 -7.500000e+00
      vertex   1.474051e+02 -4.629089e+01 -2.500000e+00
      vertex   1.476122e+02 -4.613197e+01 -2.500000e+00
    endloop
  endfacet
  facet normal -7.933533e-01 6.087614e-01 0.000000e+00
    outer loop
      vertex   1.476122e+02 -4.613197e+01 -7.500000e+00
      vertex   1.476122e+02 -4.613197e+01 -2.500000e+00
      vertex   1.477712e+02 -4.592486e+01 -7.500000e+00
    endloop
  endfacet
  facet normal -7.933533e-01 6.087614e-01 0.000000e+00
    outer loop
      vertex   1.477712e+02 -4.592486e+01 -7.500000e+00
      vertex   1.476122e+02 -4.613197e+01 -2.500000e+00
      vertex   1.477712e+02 -4.592486e+01 -2.500000e+00
    endloop
  endfacet
  facet normal -9.238795e-01 3.826834e-01 0.000000e+00
    outer loop
      vertex   1.477712e+02 -4.592486e+01 -7.500000e+00
      vertex   1.477712e+02 -4.592486e+01 -2.500000e+00
      vertex   1.478711e+02 -4.568368e+01 -7.500000e+00
    endloop
  endfacet
  facet normal -9.238795e-01 3.826834e-01 0.000000e+00
    outer loop
      vertex   1.478711e+02 -4.568368e+01 -7.500000e+00
      vertex   1.477712e+02 -4.592486e+01 -2.500000e+00
      vertex   1.478711e+02 -4.568368e+01 -2.500000e+00
    endloop
  endfacet
  facet normal -9.914449e-01 1.305262e-01 0.000000e+00
    outer loop
      vertex   1.478711e+02 -4.568368e+01 -7.500000e+00
      vertex   1.478711e+02 -4.568368e+01 -2.500000e+00
      vertex   1.479051e+02 -4.542486e+01 -7.500000e+00
    endloop
  endfacet
  facet normal -9.914449e-01 1.305262e-01 0.000000e+00
    outer loop
      vertex   1.479051e+02 -4.542486e+01 -7.500000e+00
      vertex   1.478711e+02 -4.568368e+01 -2.500000e+00
      vertex   1.479051e+02 -4.542486e+01 -2.500000e+00
    endloop
  endfacet
  facet normal -9.914449e-01 -1.305262e-01 0.000000e+00
    outer loop
      vertex   1.479051e+02 -4.542486e+01 -7.500000e+00
      vertex   1.479051e+02 -4.542486e+01 -2.500000e+00
      vertex   1.478711e+02 -4.516604e+01 -7.500000e+00
    endloop
  endfacet
  facet normal -9.914449e-01 -1.305262e-01 0.000000e+00
    outer loop
      vertex   1.478711e+02 -4.516604e+01 -7.500000e+00
      vertex   1.479051e+02 -4.542486e+01 -2.500000e+00
      vertex   1.478711e+02 -4.516604e+01 -2.500000e+00
    endloop
  endfacet
  facet normal -9.238795e-01 -3.826834e-01 0.000000e+00
    outer loop
      vertex   1.478711e+02 -4.516604e+01 -7.500000e+00
      vertex   1.478711e+02 -4.516604e+01 -2.500000e+00
      vertex   1.477712e+02 -4.492486e+01 -7.500000e+00
    endloop
  endfacet
  facet normal -9.238795e-01 -3.826834e-01 0.000000e+00
    outer loop
      vertex   1.477712e+02 -4.492486e+01 -7.500000e+00
      vertex   1.478711e+02 -4.516604e+01 -2.500000e+00
      vertex   1.477712e+02 -4.492486e+01 -2.500000e+00
    endloop
  endfacet
  facet normal -7.933533e-01 -6.087614e-01 0.000000e+00
    outer loop
      vertex   1.477712e+02 -4.492486e+01 -7.500000e+00
      vertex   1.477712e+02 -4.492486e+01 -2.500000e+00
      vertex   1.476122e+02 -4.471775e+01 -7.500000e+00
    endloop
  endfacet
  facet normal -7.933533e-01 -6.087614e-01 0.000000e+00
    outer loop
      vertex   1.476122e+02 -4.471775e+01 -7.500000e+00
      vertex   1.477712e+02 -4.492486e+01 -2.500000e+00
      vertex   1.476122e+02 -4.471775e+01 -2.500000e+00
    endloop
  endfacet
  facet normal -6.087614e-01 -7.933533e-01 0.000000e+00
    outer loop
      vertex   1.476122e+02 -4.471775e+01 -7.500000e+00
      vertex   1.476122e+02 -4.471775e+01 -2.500000e+00
      vertex   1.474051e+02 -4.455883e+01 -7.500000e+00
    endloop
  endfacet
  facet normal -6.087614e-01 -7.933533e-01 0.000000e+00
    outer loop
      vertex   1.474051e+02 -4.455883e+01 -7.500000e+00
      vertex   1.476122e+02 -4.471775e+01 -2.500000e+00
      vertex   1.474051e+02 -4.455883e+01 -2.500000e+00
    endloop
  endfacet
  facet normal -3.826834e-01 -9.238795e-01 0.000000e+00
    outer loop
      vertex   1.474051e+02 -4.455883e+01 -7.500000e+00
      vertex   1.474051e+02 -4.455883e+01 -2.500000e+00
      vertex   1.471640e+02 -4.445893e+01 -7.500000e+00
    endloop
  endfacet
  facet normal -3.826834e-01 -9.238795e-01 0.000000e+00
    outer loop
      vertex   1.471640e+02 -4.445893e+01 -7.500000e+00
      vertex   1.474051e+02 -4.455883e+01 -2.500000e+00
      vertex   1.471640e+02 -4.445893e+01 -2.500000e+00
    endloop
  endfacet
  facet normal -1.305262e-01 -9.914449e-01 0.000000e+00
    outer loop
      vertex   1.471640e+02 -4.445893e+01 -7.500000e+00
      vertex   1.471640e+02 -4.445893e+01 -2.500000e+00
      vertex   1.469051e+02 -4.442486e+01 -7.500000e+00
    endloop
  endfacet
  facet normal -1.305262e-01 -9.914449e-01 0.000000e+00
    outer loop
      vertex   1.469051e+02 -4.442486e+01 -7.500000e+00
      vertex   1.471640e+02 -4.445893e+01 -2.500000e+00
      vertex   1.469051e+02 -4.442486e+01 -2.500000e+00
    endloop
  endfacet
  facet normal 1.305262e-01 -9.914449e-01 0.000000e+00
    outer loop
      vertex   1.469051e+02 -4.442486e+01 -7.500000e+00
      vertex   1.469051e+02 -4.442486e+01 -2.500000e+00
      vertex   1.466463e+02 -4.445893e+01 -7.500000e+00
    endloop
  endfacet
  facet normal 1.305262e-01 -9.914449e-01 0.000000e+00
    outer loop
      vertex   1.466463e+02 -4.445893e+01 -7.500000e+00
      vertex   1.469051e+02 -4.442486e+01 -2.500000e+00
      vertex   1.466463e+02 -4.445893e+01 -2.500000e+00
    endloop
  endfacet
  facet normal 3.826834e-01 -9.238795e-01 0.000000e+00
    outer loop
      vertex   1.466463e+02 -4.445893e+01 -7.500000e+00
      vertex   1.466463e+02 -4.445893e+01 -2.500000e+00
      vertex   1.464051e+02 -4.455883e+01 -7.500000e+00
    endloop
  endfacet
  facet normal 3.826834e-01 -9.238795e-01 1.312912e-15
    outer loop
      vertex   1.464051e+02 -4.455883e+01 -7.500000e+00
      vertex   1.466463e+02 -4.445893e+01 -2.500000e+00
      vertex   1.464051e+02 -4.455883e+01 -2.500000e+00
    endloop
  endfacet
  facet normal 6.087614e-01 -7.933533e-01 1.127423e-15
    outer loop
      vertex   1.464051e+02 -4.455883e+01 -7.500000e+00
      vertex   1.464051e+02 -4.455883e+01 -2.500000e+00
      vertex   1.461980e+02 -4.471775e+01 -7.500000e+00
    endloop
  endfacet
  facet normal 6.087614e-01 -7.933533e-01 0.000000e+00
    outer loop
      vertex   1.461980e+02 -4.471775e+01 -7.500000e+00
      vertex   1.464051e+02 -4.455883e+01 -2.500000e+00
      vertex   1.461980e+02 -4.471775e+01 -2.500000e+00
    endloop
  endfacet
  facet normal 7.933533e-01 -6.087614e-01 0.000000e+00
    outer loop
      vertex   1.461980e+02 -4.471775e+01 -7.500000e+00
      vertex   1.461980e+02 -4.471775e+01 -2.500000e+00
      vertex   1.460391e+02 -4.492486e+01 -7.500000e+00
    endloop
  endfacet
  facet normal 7.933533e-01 -6.087614e-01 0.000000e+00
    outer loop
      vertex   1.460391e+02 -4.492486e+01 -7.500000e+00
      vertex   1.461980e+02 -4.471775e+01 -2.500000e+00
      vertex   1.460391e+02 -4.492486e+01 -2.500000e+00
    endloop
  endfacet
  facet normal 9.238795e-01 -3.826834e-01 0.000000e+00
    outer loop
      vertex   1.460391e+02 -4.492486e+01 -7.500000e+00
      vertex   1.460391e+02 -4.492486e+01 -2.500000e+00
      vertex   1.459392e+02 -4.516604e+01 -7.500000e+00
    endloop
  endfacet
  facet normal 9.238795e-01 -3.826834e-01 0.000000e+00
    outer loop
      vertex   1.459392e+02 -4.516604e+01 -7.500000e+00
      vertex   1.460391e+02 -4.492486e+01 -2.500000e+00
      vertex   1.459392e+02 -4.516604e+01 -2.500000e+00
    endloop
  endfacet
  facet normal 9.914449e-01 1.305262e-01 0.000000e+00
    outer loop
      vertex   1.459392e+02 -4.568368e+01 7.500000e+00
      vertex   1.459392e+02 -4.568368e+01 2.500000e+00
      vertex   1.459051e+02 -4.542486e+01 7.500000e+00
    endloop
  endfacet
  facet normal 9.914449e-01 1.305262e-01 0.000000e+00
    outer loop
      vertex   1.459051e+02 -4.542486e+01 7.500000e+00
      vertex   1.459392e+02 -4.568368e+01 2.500000e+00
      vertex   1.459051e+02 -4.542486e+01 2.500000e+00
    endloop
  endfacet
  facet normal 9.914449e-01 -1.305262e-01 0.000000e+00
    outer loop
      vertex   1.459051e+02 -4.542486e+01 7.500000e+00
      vertex   1.459051e+02 -4.542486e+01 2.500000e+00
      vertex   1.459392e+02 -4.516604e+01 7.500000e+00
    endloop
  endfacet
  facet normal 9.914449e-01 -1.305262e-01 0.000000e+00
    outer loop
      vertex   1.459392e+02 -4.516604e+01 7.500000e+00
      vertex   1.459051e+02 -4.542486e+01 2.500000e+00
      vertex   1.459392e+02 -4.516604e+01 2.500000e+00
    endloop
  endfacet
  facet normal 9.238795e-01 -3.826834e-01 0.000000e+00
    outer loop
      vertex   1.459392e+02 -4.516604e+01 7.500000e+00
      vertex   1.459392e+02 -4.516604e+01 2.500000e+00
      vertex   1.460391e+02 -4.492486e+01 7.500000e+00
    endloop
  endfacet
  facet normal 9.238795e-01 -3.826834e-01 0.000000e+00
    outer loop
      vertex   1.460391e+02 -4.492486e+01 7.500000e+00
      vertex   1.459392e+02 -4.516604e+01 2.500000e+00
      vertex   1.460391e+02 -4.492486e+01 2.500000e+00
    endloop
  endfacet
  facet normal 7.933533e-01 -6.087614e-01 0.000000e+00
    outer loop
      vertex   1.460391e+02 -4.492486e+01 7.500000e+00
      vertex   1.460391e+02 -4.492486e+01 2.500000e+00
      vertex   1.461980e+02 -4.471775e+01 7.500000e+00
    endloop
  endfacet
  facet normal 7.933533e-01 -6.087614e-01 0.000000e+00
    outer loop
      vertex   1.461980e+02 -4.471775e+01 7.500000e+00
      vertex   1.460391e+02 -4.492486e+01 2.500000e+00
      vertex   1.461980e+02 -4.471775e+01 2.500000e+00
    endloop
  endfacet
  facet normal 6.087614e-01 -7.933533e-01 0.000000e+00
    outer loop
      vertex   1.461980e+02 -4.471775e+01 7.500000e+00
      vertex   1.461980e+02 -4.471775e+01 2.500000e+00
      vertex   1.464051e+02 -4.455883e+01 7.500000e+00
    endloop
  endfacet
  facet normal 6.087614e-01 -7.933533e-01 -1.127423e-15
    outer loop
      vertex   1.464051e+02 -4.455883e+01 7.500000e+00
      vertex   1.461980e+02 -4.471775e+01 2.500000e+00
      vertex   1.464051e+02 -4.455883e+01 2.500000e+00
    endloop
  endfacet
  facet normal 3.826834e-01 -9.238795e-01 -1.312912e-15
    outer loop
      vertex   1.464051e+02 -4.455883e+01 7.500000e+00
      vertex   1.464051e+02 -4.455883e+01 2.500000e+00
      vertex   1.466463e+02 -4.445893e+01 7.500000e+00
    endloop
  endfacet
  facet normal 3.826834e-01 -9.238795e-01 0.000000e+00
    outer loop
      vertex   1.466463e+02 -4.445893e+01 7.500000e+00
      vertex   1.464051e+02 -4.455883e+01 2.500000e+00
      vertex   1.466463e+02 -4.445893e+01 2.500000e+00
    endloop
  endfacet
  facet normal 1.305262e-01 -9.914449e-01 0.000000e+00
    outer loop
      vertex   1.466463e+02 -4.445893e+01 7.500000e+00
      vertex   1.466463e+02 -4.445893e+01 2.500000e+00
      vertex   1.469051e+02 -4.442486e+01 7.500000e+00
    endloop
  endfacet
  facet normal 1.305262e-01 -9.914449e-01 0.000000e+00
    outer loop
      vertex   1.469051e+02 -4.442486e+01 7.500000e+00
      vertex   1.466463e+02 -4.445893e+01 2.500000e+00
      vertex   1.469051e+02 -4.442486e+01 2.500000e+00
    endloop
  endfacet
  facet normal -1.305262e-01 -9.914449e-01 -0.000000e+00
    outer loop
      vertex   1.469051e+02 -4.442486e+01 7.500000e+00
      vertex   1.469051e+02 -4.442486e+01 2.500000e+00
      vertex   1.471640e+02 -4.445893e+01 7.500000e+00
    endloop
  endfacet
  facet normal -1.305262e-01 -9.914449e-01 -0.000000e+00
    outer loop
      vertex   1.471640e+02 -4.445893e+01 7.500000e+00
      vertex   1.469051e+02 -4.442486e+01 2.500000e+00
      vertex   1.471640e+02 -4.445893e+01 2.500000e+00
    endloop
  endfacet
  facet normal -3.826834e-01 -9.238795e-01 -0.000000e+00
    outer loop
      vertex   1.471640e+02 -4.445893e+01 7.500000e+00
      vertex   1.471640e+02 -4.445893e+01 2.500000e+00
      vertex   1.474051e+02 -4.455883e+01 7.500000e+00
    endloop
  endfacet
  facet normal -3.826834e-01 -9.238795e-01 -0.000000e+00
    outer loop
      vertex   1.474051e+02 -4.455883e+01 7.500000e+00
      vertex   1.471640e+02 -4.445893e+01 2.500000e+00
      vertex   1.474051e+02 -4.455883e+01 2.500000e+00
    endloop
  endfacet
  facet normal -6.087614e-01 -7.933533e-01 -0.000000e+00
    outer loop
      vertex   1.474051e+02 -4.455883e+01 7.500000e+00
      vertex   1.474051e+02 -4.455883e+01 2.500000e+00
      vertex   1.476122e+02 -4.471775e+01 7.500000e+00
    endloop
  endfacet
  facet normal -6.087614e-01 -7.933533e-01 -0.000000e+00
    outer loop
      vertex   1.476122e+02 -4.471775e+01 7.500000e+00
      vertex   1.474051e+02 -4.455883e+01 2.500000e+00
      vertex   1.476122e+02 -4.471775e+01 2.500000e+00
    endloop
  endfacet
  facet normal -7.933533e-01 -6.087614e-01 -0.000000e+00
    outer loop
      vertex   1.476122e+02 -4.471775e+01 7.500000e+00
      vertex   1.476122e+02 -4.471775e+01 2.500000e+00
      vertex   1.477712e+02 -4.492486e+01 7.500000e+00
    endloop
  endfacet
  facet normal -7.933533e-01 -6.087614e-01 -0.000000e+00
    outer loop
      vertex   1.477712e+02 -4.492486e+01 7.500000e+00
      vertex   1.476122e+02 -4.471775e+01 2.500000e+00
      vertex   1.477712e+02 -4.492486e+01 2.500000e+00
    endloop
  endfacet
  facet normal -9.238795e-01 -3.826834e-01 -0.000000e+00
    outer loop
      vertex   1.477712e+02 -4.492486e+01 7.500000e+00
      vertex   1.477712e+02 -4.492486e+01 2.500000e+00
      vertex   1.478711e+02 -4.516604e+01 7.500000e+00
    endloop
  endfacet
  facet normal -9.238795e-01 -3.826834e-01 -0.000000e+00
    outer loop
      vertex   1.478711e+02 -4.516604e+01 7.500000e+00
      vertex   1.477712e+02 -4.492486e+01 2.500000e+00
      vertex   1.478711e+02 -4.516604e+01 2.500000e+00
    endloop
  endfacet
  facet normal -9.914449e-01 -1.305262e-01 -0.000000e+00
    outer loop
      vertex   1.478711e+02 -4.516604e+01 7.500000e+00
      vertex   1.478711e+02 -4.516604e+01 2.500000e+00
      vertex   1.479051e+02 -4.542486e+01 7.500000e+00
    endloop
  endfacet
  facet normal -9.914449e-01 -1.305262e-01 -0.000000e+00
    outer loop
      vertex   1.479051e+02 -4.542486e+01 7.500000e+00
      vertex   1.478711e+02 -4.516604e+01 2.500000e+00
      vertex   1.479051e+02 -4.542486e+01 2.500000e+00
    endloop
  endfacet
  facet normal -9.914449e-01 1.305262e-01 0.000000e+00
    outer loop
      vertex   1.479051e+02 -4.542486e+01 7.500000e+00
      vertex   1.479051e+02 -4.542486e+01 2.500000e+00
      vertex   1.478711e+02 -4.568368e+01 7.500000e+00
    endloop
  endfacet
  facet normal -9.914449e-01 1.305262e-01 0.000000e+00
    outer loop
      vertex   1.478711e+02 -4.568368e+01 7.500000e+00
      vertex   1.479051e+02 -4.542486e+01 2.500000e+00
      vertex   1.478711e+02 -4.568368e+01 2.500000e+00
    endloop
  endfacet
  facet normal -9.238795e-01 3.826834e-01 0.000000e+00
    outer loop
      vertex   1.478711e+02 -4.568368e+01 7.500000e+00
      vertex   1.478711e+02 -4.568368e+01 2.500000e+00
      vertex   1.477712e+02 -4.592486e+01 7.500000e+00
    endloop
  endfacet
  facet normal -9.238795e-01 3.826834e-01 0.000000e+00
    outer loop
      vertex   1.477712e+02 -4.592486e+01 7.500000e+00
      vertex   1.478711e+02 -4.568368e+01 2.500000e+00
      vertex   1.477712e+02 -4.592486e+01 2.500000e+00
    endloop
  endfacet
  facet normal -7.933533e-01 6.087614e-01 0.000000e+00
    outer loop
      vertex   1.477712e+02 -4.592486e+01 7.500000e+00
      vertex   1.477712e+02 -4.592486e+01 2.500000e+00
      vertex   1.476122e+02 -4.613197e+01 7.500000e+00
    endloop
  endfacet
  facet normal -7.933533e-01 6.087614e-01 0.000000e+00
    outer loop
      vertex   1.476122e+02 -4.613197e+01 7.500000e+00
      vertex   1.477712e+02 -4.592486e+01 2.500000e+00
      vertex   1.476122e+02 -4.613197e+01 2.500000e+00
    endloop
  endfacet
  facet normal -6.087614e-01 7.933533e-01 0.000000e+00
    outer loop
      vertex   1.476122e+02 -4.613197e+01 7.500000e+00
      vertex   1.476122e+02 -4.613197e+01 2.500000e+00
      vertex   1.474051e+02 -4.629089e+01 7.500000e+00
    endloop
  endfacet
  facet normal -6.087614e-01 7.933533e-01 -1.127423e-15
    outer loop
      vertex   1.474051e+02 -4.629089e+01 7.500000e+00
      vertex   1.476122e+02 -4.613197e+01 2.500000e+00
      vertex   1.474051e+02 -4.629089e+01 2.500000e+00
    endloop
  endfacet
  facet normal -3.826834e-01 9.238795e-01 -1.312912e-15
    outer loop
      vertex   1.474051e+02 -4.629089e+01 7.500000e+00
      vertex   1.474051e+02 -4.629089e+01 2.500000e+00
      vertex   1.471640e+02 -4.639079e+01 7.500000e+00
    endloop
  endfacet
  facet normal -3.826834e-01 9.238795e-01 0.000000e+00
    outer loop
      vertex   1.471640e+02 -4.639079e+01 7.500000e+00
      vertex   1.474051e+02 -4.629089e+01 2.500000e+00
      vertex   1.471640e+02 -4.639079e+01 2.500000e+00
    endloop
  endfacet
  facet normal -1.305262e-01 9.914449e-01 0.000000e+00
    outer loop
      vertex   1.471640e+02 -4.639079e+01 7.500000e+00
      vertex   1.471640e+02 -4.639079e+01 2.500000e+00
      vertex   1.469051e+02 -4.642486e+01 7.500000e+00
    endloop
  endfacet
  facet normal -1.305262e-01 9.914449e-01 0.000000e+00
    outer loop
      vertex   1.469051e+02 -4.642486e+01 7.500000e+00
      vertex   1.471640e+02 -4.639079e+01 2.500000e+00
      vertex   1.469051e+02 -4.642486e+01 2.500000e+00
    endloop
  endfacet
  facet normal 1.305262e-01 9.914449e-01 0.000000e+00
    outer loop
      vertex   1.469051e+02 -4.642486e+01 7.500000e+00
      vertex   1.469051e+02 -4.642486e+01 2.500000e+00
      vertex   1.466463e+02 -4.639079e+01 7.500000e+00
    endloop
  endfacet
  facet normal 1.305262e-01 9.914449e-01 0.000000e+00
    outer loop
      vertex   1.466463e+02 -4.639079e+01 7.500000e+00
      vertex   1.469051e+02 -4.642486e+01 2.500000e+00
      vertex   1.466463e+02 -4.639079e+01 2.500000e+00
    endloop
  endfacet
  facet normal 3.826834e-01 9.238795e-01 0.000000e+00
    outer loop
      vertex   1.466463e+02 -4.639079e+01 7.500000e+00
      vertex   1.466463e+02 -4.639079e+01 2.500000e+00
      vertex   1.464051e+02 -4.629089e+01 7.500000e+00
    endloop
  endfacet
  facet normal 3.826834e-01 9.238795e-01 0.000000e+00
    outer loop
      vertex   1.464051e+02 -4.629089e+01 7.500000e+00
      vertex   1.466463e+02 -4.639079e+01 2.500000e+00
      vertex   1.464051e+02 -4.629089e+01 2.500000e+00
    endloop
  endfacet
  facet normal 6.087614e-01 7.933533e-01 0.000000e+00
    outer loop
      vertex   1.464051e+02 -4.629089e+01 7.500000e+00
      vertex   1.464051e+02 -4.629089e+01 2.500000e+00
      vertex   1.461980e+02 -4.613197e+01 7.500000e+00
    endloop
  endfacet
  facet normal 6.087614e-01 7.933533e-01 0.000000e+00
    outer loop
      vertex   1.461980e+02 -4.613197e+01 7.500000e+00
      vertex   1.464051e+02 -4.629089e+01 2.500000e+00
      vertex   1.461980e+02 -4.613197e+01 2.500000e+00
    endloop
  endfacet
  facet normal 7.933533e-01 6.087614e-01 0.000000e+00
    outer loop
      vertex   1.461980e+02 -4.613197e+01 7.500000e+00
      vertex   1.461980e+02 -4.613197e+01 2.500000e+00
      vertex   1.460391e+02 -4.592486e+01 7.500000e+00
    endloop
  endfacet
  facet normal 7.933533e-01 6.087614e-01 0.000000e+00
    outer loop
      vertex   1.460391e+02 -4.592486e+01 7.500000e+00
      vertex   1.461980e+02 -4.613197e+01 2.500000e+00
      vertex   1.460391e+02 -4.592486e+01 2.500000e+00
    endloop
  endfacet
  facet normal 9.238795e-01 3.826834e-01 0.000000e+00
    outer loop
      vertex   1.460391e+02 -4.592486e+01 7.500000e+00
      vertex   1.460391e+02 -4.592486e+01 2.500000e+00
      vertex   1.459392e+02 -4.568368e+01 7.500000e+00
    endloop
  endfacet
  facet normal 9.238795e-01 3.826834e-01 0.000000e+00
    outer loop
      vertex   1.459392e+02 -4.568368e+01 7.500000e+00
      vertex   1.460391e+02 -4.592486e+01 2.500000e+00
      vertex   1.459392e+02 -4.568368e+01 2.500000e+00
    endloop
  endfacet
  facet normal 9.914449e-01 1.305262e-01 -0.000000e+00
    outer loop
      vertex   1.459051e+02 -4.542486e+01 -2.500000e+00
      vertex   1.459051e+02 -4.542486e+01 2.500000e+00
      vertex   1.459392e+02 -4.568368e+01 -2.500000e+00
    endloop
  endfacet
  facet normal 9.914449e-01 1.305262e-01 -0.000000e+00
    outer loop
      vertex   1.459392e+02 -4.568368e+01 -2.500000e+00
      vertex   1.459051e+02 -4.542486e+01 2.500000e+00
      vertex   1.459392e+02 -4.568368e+01 2.500000e+00
    endloop
  endfacet
  facet normal 9.238795e-01 3.826834e-01 -0.000000e+00
    outer loop
      vertex   1.459392e+02 -4.568368e+01 -2.500000e+00
      vertex   1.459392e+02 -4.568368e+01 2.500000e+00
      vertex   1.460391e+02 -4.592486e+01 -2.500000e+00
    endloop
  endfacet
  facet normal 9.238795e-01 3.826834e-01 -0.000000e+00
    outer loop
      vertex   1.460391e+02 -4.592486e+01 -2.500000e+00
      vertex   1.459392e+02 -4.568368e+01 2.500000e+00
      vertex   1.460391e+02 -4.592486e+01 2.500000e+00
    endloop
  endfacet
  facet normal 7.933533e-01 6.087614e-01 -0.000000e+00
    outer loop
      vertex   1.460391e+02 -4.592486e+01 -2.500000e+00
      vertex   1.460391e+02 -4.592486e+01 2.500000e+00
      vertex   1.461980e+02 -4.613197e+01 -2.500000e+00
    endloop
  endfacet
  facet normal 7.933533e-01 6.087614e-01 -0.000000e+00
    outer loop
      vertex   1.461980e+02 -4.613197e+01 -2.500000e+00
      vertex   1.460391e+02 -4.592486e+01 2.500000e+00
      vertex   1.461980e+02 -4.613197e+01 2.500000e+00
    endloop
  endfacet
  facet normal 6.087614e-01 7.933533e-01 -0.000000e+00
    outer loop
      vertex   1.461980e+02 -4.613197e+01 -2.500000e+00
      vertex   1.461980e+02 -4.613197e+01 2.500000e+00
      vertex   1.464051e+02 -4.629089e+01 -2.500000e+00
    endloop
  endfacet
  facet normal 6.087614e-01 7.933533e-01 -0.000000e+00
    outer loop
      vertex   1.464051e+02 -4.629089e+01 -2.500000e+00
      vertex   1.461980e+02 -4.613197e+01 2.500000e+00
      vertex   1.464051e+02 -4.629089e+01 2.500000e+00
    endloop
  endfacet
  facet normal 3.826834e-01 9.238795e-01 -0.000000e+00
    outer loop
      vertex   1.464051e+02 -4.629089e+01 -2.500000e+00
      vertex   1.464051e+02 -4.629089e+01 2.500000e+00
      vertex   1.466463e+02 -4.639079e+01 -2.500000e+00
    endloop
  endfacet
  facet normal 3.826834e-01 9.238795e-01 -0.000000e+00
    outer loop
      vertex   1.466463e+02 -4.639079e+01 -2.500000e+00
      vertex   1.464051e+02 -4.629089e+01 2.500000e+00
      vertex   1.466463e+02 -4.639079e+01 2.500000e+00
    endloop
  endfacet
  facet normal 1.305262e-01 9.914449e-01 -0.000000e+00
    outer loop
      vertex   1.466463e+02 -4.639079e+01 -2.500000e+00
      vertex   1.466463e+02 -4.639079e+01 2.500000e+00
      vertex   1.469051e+02 -4.642486e+01 -2.500000e+00
    endloop
  endfacet
  facet normal 1.305262e-01 9.914449e-01 -0.000000e+00
    outer loop
      vertex   1.469051e+02 -4.642486e+01 -2.500000e+00
      vertex   1.466463e+02 -4.639079e+01 2.500000e+00
      vertex   1.469051e+02 -4.642486e+01 2.500000e+00
    endloop
  endfacet
  facet normal -1.305262e-01 9.914449e-01 0.000000e+00
    outer loop
      vertex   1.469051e+02 -4.642486e+01 -2.500000e+00
      vertex   1.469051e+02 -4.642486e+01 2.500000e+00
      vertex   1.471640e+02 -4.639079e+01 -2.500000e+00
    endloop
  endfacet
  facet normal -1.305262e-01 9.914449e-01 0.000000e+00
    outer loop
      vertex   1.471640e+02 -4.639079e+01 -2.500000e+00
      vertex   1.469051e+02 -4.642486e+01 2.500000e+00
      vertex   1.471640e+02 -4.639079e+01 2.500000e+00
    endloop
  endfacet
  facet normal -3.826834e-01 9.238795e-01 0.000000e+00
    outer loop
      vertex   1.471640e+02 -4.639079e+01 -2.500000e+00
      vertex   1.471640e+02 -4.639079e+01 2.500000e+00
      vertex   1.474051e+02 -4.629089e+01 -2.500000e+00
    endloop
  endfacet
  facet normal -3.826834e-01 9.238795e-01 0.000000e+00
    outer loop
      vertex   1.474051e+02 -4.629089e+01 -2.500000e+00
      vertex   1.471640e+02 -4.639079e+01 2.500000e+00
      vertex   1.474051e+02 -4.629089e+01 2.500000e+00
    endloop
  endfacet
  facet normal -6.087614e-01 7.933533e-01 0.000000e+00
    outer loop
      vertex   1.474051e+02 -4.629089e+01 -2.500000e+00
      vertex   1.474051e+02 -4.629089e+01 2.500000e+00
      vertex   1.476122e+02 -4.613197e+01 -2.500000e+00
    endloop
  endfacet
  facet normal -6.087614e-01 7.933533e-01 0.000000e+00
    outer loop
      vertex   1.476122e+02 -4.613197e+01 -2.500000e+00
      vertex   1.474051e+02 -4.629089e+01 2.500000e+00
      vertex   1.476122e+02 -4.613197e+01 2.500000e+00
    endloop
  endfacet
  facet normal -7.933533e-01 6.087614e-01 0.000000e+00
    outer loop
      vertex   1.476122e+02 -4.613197e+01 -2.500000e+00
      vertex   1.476122e+02 -4.613197e+01 2.500000e+00
      vertex   1.477712e+02 -4.592486e+01 -2.500000e+00
    endloop
  endfacet
  facet normal -7.933533e-01 6.087614e-01 0.000000e+00
    outer loop
      vertex   1.477712e+02 -4.592486e+01 -2.500000e+00
      vertex   1.476122e+02 -4.613197e+01 2.500000e+00
      vertex   1.477712e+02 -4.592486e+01 2.500000e+00
    endloop
  endfacet
  facet normal -9.238795e-01 3.826834e-01 0.000000e+00
    outer loop
      vertex   1.477712e+02 -4.592486e+01 -2.500000e+00
      vertex   1.477712e+02 -4.592486e+01 2.500000e+00
      vertex   1.478711e+02 -4.568368e+01 -2.500000e+00
    endloop
  endfacet
  facet normal -9.238795e-01 3.826834e-01 0.000000e+00
    outer loop
      vertex   1.478711e+02 -4.568368e+01 -2.500000e+00
      vertex   1.477712e+02 -4.592486e+01 2.500000e+00
      vertex   1.478711e+02 -4.568368e+01 2.500000e+00
    endloop
  endfacet
  facet normal -9.914449e-01 1.305262e-01 0.000000e+00
    outer loop
      vertex   1.478711e+02 -4.568368e+01 -2.500000e+00
      vertex   1.478711e+02 -4.568368e+01 2.500000e+00
      vertex   1.479051e+02 -4.542486e+01 -2.500000e+00
    endloop
  endfacet
  facet normal -9.914449e-01 1.305262e-01 0.000000e+00
    outer loop
      vertex   1.479051e+02 -4.542486e+01 -2.500000e+00
      vertex   1.478711e+02 -4.568368e+01 2.500000e+00
      vertex   1.479051e+02 -4.542486e+01 2.500000e+00
    endloop
  endfacet
  facet normal -9.914449e-01 -1.305262e-01 0.000000e+00
    outer loop
      vertex   1.479051e+02 -4.542486e+01 -2.500000e+00
      vertex   1.479051e+02 -4.542486e+01 2.500000e+00
      vertex   1.478711e+02 -4.516604e+01 -2.500000e+00
    endloop
  endfacet
  facet normal -9.914449e-01 -1.305262e-01 0.000000e+00
    outer loop
      vertex   1.478711e+02 -4.516604e+01 -2.500000e+00
      vertex   1.479051e+02 -4.542486e+01 2.500000e+00
      vertex   1.478711e+02 -4.516604e+01 2.500000e+00
    endloop
  endfacet
  facet normal -9.238795e-01 -3.826834e-01 0.000000e+00
    outer loop
      vertex   1.478711e+02 -4.516604e+01 -2.500000e+00
      vertex   1.478711e+02 -4.516604e+01 2.500000e+00
      vertex   1.477712e+02 -4.492486e+01 -2.500000e+00
    endloop
  endfacet
  facet normal -9.238795e-01 -3.826834e-01 0.000000e+00
    outer loop
      vertex   1.477712e+02 -4.492486e+01 -2.500000e+00
      vertex   1.478711e+02 -4.516604e+01 2.500000e+00
      vertex   1.477712e+02 -4.492486e+01 2.500000e+00
    endloop
  endfacet
  facet normal -7.933533e-01 -6.087614e-01 0.000000e+00
    outer loop
      vertex   1.477712e+02 -4.492486e+01 -2.500000e+00
      vertex   1.477712e+02 -4.492486e+01 2.500000e+00
      vertex   1.476122e+02 -4.471775e+01 -2.500000e+00
    endloop
  endfacet
  facet normal -7.933533e-01 -6.087614e-01 0.000000e+00
    outer loop
      vertex   1.476122e+02 -4.471775e+01 -2.500000e+00
      vertex   1.477712e+02 -4.492486e+01 2.500000e+00
      vertex   1.476122e+02 -4.471775e+01 2.500000e+00
    endloop
  endfacet
  facet normal -6.087614e-01 -7.933533e-01 0.000000e+00
    outer loop
      vertex   1.476122e+02 -4.471775e+01 -2.500000e+00
      vertex   1.476122e+02 -4.471775e+01 2.500000e+00
      vertex   1.474051e+02 -4.455883e+01 -2.500000e+00
    endloop
  endfacet
  facet normal -6.087614e-01 -7.933533e-01 0.000000e+00
    outer loop
      vertex   1.474051e+02 -4.455883e+01 -2.500000e+00
      vertex   1.476122e+02 -4.471775e+01 2.500000e+00
      vertex   1.474051e+02 -4.455883e+01 2.500000e+00
    endloop
  endfacet
  facet normal -3.826834e-01 -9.238795e-01 0.000000e+00
    outer loop
      vertex   1.474051e+02 -4.455883e+01 -2.500000e+00
      vertex   1.474051e+02 -4.455883e+01 2.500000e+00
      vertex   1.471640e+02 -4.445893e+01 -2.500000e+00
    endloop
  endfacet
  facet normal -3.826834e-01 -9.238795e-01 0.000000e+00
    outer loop
      vertex   1.471640e+02 -4.445893e+01 -2.500000e+00
      vertex   1.474051e+02 -4.455883e+01 2.500000e+00
      vertex   1.471640e+02 -4.445893e+01 2.500000e+00
    endloop
  endfacet
  facet normal -1.305262e-01 -9.914449e-01 0.000000e+00
    outer loop
      vertex   1.471640e+02 -4.445893e+01 -2.500000e+00
      vertex   1.471640e+02 -4.445893e+01 2.500000e+00
      vertex   1.469051e+02 -4.442486e+01 -2.500000e+00
    endloop
  endfacet
  facet normal -1.305262e-01 -9.914449e-01 0.000000e+00
    outer loop
      vertex   1.469051e+02 -4.442486e+01 -2.500000e+00
      vertex   1.471640e+02 -4.445893e+01 2.500000e+00
      vertex   1.469051e+02 -4.442486e+01 2.500000e+00
    endloop
  endfacet
  facet normal 1.305262e-01 -9.914449e-01 0.000000e+00
    outer loop
      vertex   1.469051e+02 -4.442486e+01 -2.500000e+00
      vertex   1.469051e+02 -4.442486e+01 2.500000e+00
      vertex   1.466463e+02 -4.445893e+01 -2.500000e+00
    endloop
  endfacet
  facet normal 1.305262e-01 -9.914449e-01 0.000000e+00
    outer loop
      vertex   1.466463e+02 -4.445893e+01 -2.500000e+00
      vertex   1.469051e+02 -4.442486e+01 2.500000e+00
      vertex   1.466463e+02 -4.445893e+01 2.500000e+00
    endloop
  endfacet
  facet normal 3.826834e-01 -9.238795e-01 0.000000e+00
    outer loop
      vertex   1.466463e+02 -4.445893e+01 -2.500000e+00
      vertex   1.466463e+02 -4.445893e+01 2.500000e+00
      vertex   1.464051e+02 -4.455883e+01 -2.500000e+00
    endloop
  endfacet
  facet normal 3.826834e-01 -9.238795e-01 0.000000e+00
    outer loop
      vertex   1.464051e+02 -4.455883e+01 -2.500000e+00
      vertex   1.466463e+02 -4.445893e+01 2.500000e+00
      vertex   1.464051e+02 -4.455883e+01 2.500000e+00
    endloop
  endfacet
  facet normal 6.087614e-01 -7.933533e-01 0.000000e+00
    outer loop
      vertex   1.464051e+02 -4.455883e+01 -2.500000e+00
      vertex   1.464051e+02 -4.455883e+01 2.500000e+00
      vertex   1.461980e+02 -4.471775e+01 -2.500000e+00
    endloop
  endfacet
  facet normal 6.087614e-01 -7.933533e-01 0.000000e+00
    outer loop
      vertex   1.461980e+02 -4.471775e+01 -2.500000e+00
      vertex   1.464051e+02 -4.455883e+01 2.500000e+00
      vertex   1.461980e+02 -4.471775e+01 2.500000e+00
    endloop
  endfacet
  facet normal 7.933533e-01 -6.087614e-01 0.000000e+00
    outer loop
      vertex   1.461980e+02 -4.471775e+01 -2.500000e+00
      vertex   1.461980e+02 -4.471775e+01 2.500000e+00
      vertex   1.460391e+02 -4.492486e+01 -2.500000e+00
    endloop
  endfacet
  facet normal 7.933533e-01 -6.087614e-01 0.000000e+00
    outer loop
      vertex   1.460391e+02 -4.492486e+01 -2.500000e+00
      vertex   1.461980e+02 -4.471775e+01 2.500000e+00
      vertex   1.460391e+02 -4.492486e+01 2.500000e+00
    endloop
  endfacet
  facet normal 9.238795e-01 -3.826834e-01 0.000000e+00
    outer loop
      vertex   1.460391e+02 -4.492486e+01 -2.500000e+00
      vertex   1.460391e+02 -4.492486e+01 2.500000e+00
      vertex   1.459392e+02 -4.516604e+01 -2.500000e+00
    endloop
  endfacet
  facet normal 9.238795e-01 -3.826834e-01 0.000000e+00
    outer loop
      vertex   1.459392e+02 -4.516604e+01 -2.500000e+00
      vertex   1.460391e+02 -4.492486e+01 2.500000e+00
      vertex   1.459392e+02 -4.516604e+01 2.500000e+00
    endloop
  endfacet
  facet normal 9.914449e-01 -1.305262e-01 0.000000e+00
    outer loop
      vertex   1.459392e+02 -4.516604e+01 -2.500000e+00
      vertex   1.459392e+02 -4.516604e+01 2.500000e+00
      vertex   1.459051e+02 -4.542486e+01 -2.500000e+00
    endloop
  endfacet
  facet normal 9.914449e-01 -1.305262e-01 0.000000e+00
    outer loop
      vertex   1.459051e+02 -4.542486e+01 -2.500000e+00
      vertex   1.459392e+02 -4.516604e+01 2.500000e+00
      vertex   1.459051e+02 -4.542486e+01 2.500000e+00
    endloop
  endfacet
  facet normal 0.000000e+00 -0.000000e+00 -1.000000e+00
    outer loop
      vertex   1.459392e+02 -4.516604e+01 7.500000e+00
      vertex   1.478711e+02 -4.516604e+01 7.500000e+00
      vertex   1.459051e+02 -4.542486e+01 7.500000e+00
    endloop
  endfacet
  facet normal 0.000000e+00 0.000000e+00 -1.000000e+00
    outer loop
      vertex   1.459051e+02 -4.542486e+01 7.500000e+00
      vertex   1.478711e+02 -4.516604e+01 7.500000e+00
      vertex   1.479051e+02 -4.542486e+01 7.500000e+00
    endloop
  endfacet
  facet normal 0.000000e+00 0.000000e+00 -1.000000e+00
    outer loop
      vertex   1.459051e+02 -4.542486e+01 7.500000e+00
      vertex   1.479051e+02 -4.542486e+01 7.500000e+00
      vertex   1.459392e+02 -4.568368e+01 7.500000e+00
    endloop
  endfacet
  facet normal 0.000000e+00 0.000000e+00 -1.000000e+00
    outer loop
      vertex   1.459392e+02 -4.568368e+01 7.500000e+00
      vertex   1.479051e+02 -4.542486e+01 7.500000e+00
      vertex   1.478711e+02 -4.568368e+01 7.500000e+00
    endloop
  endfacet
  facet normal 0.000000e+00 0.000000e+00 -1.000000e+00
    outer loop
      vertex   1.459392e+02 -4.568368e+01 7.500000e+00
      vertex   1.478711e+02 -4.568368e+01 7.500000e+00
      vertex   1.460391e+02 -4.592486e+01 7.500000e+00
    endloop
  endfacet
  facet normal 0.000000e+00 0.000000e+00 -1.000000e+00
    outer loop
      vertex   1.460391e+02 -4.592486e+01 7.500000e+00
      vertex   1.478711e+02 -4.568368e+01 7.500000e+00
      vertex   1.477712e+02 -4.592486e+01 7.500000e+00
    endloop
  endfacet
  facet normal 0.000000e+00 0.000000e+00 -1.000000e+00
    outer loop
      vertex   1.460391e+02 -4.592486e+01 7.500000e+00
      vertex   1.477712e+02 -4.592486e+01 7.500000e+00
      vertex   1.461980e+02 -4.613197e+01 7.500000e+00
    endloop
  endfacet
  facet normal 0.000000e+00 0.000000e+00 -1.000000e+00
    outer loop
      vertex   1.461980e+02 -4.613197e+01 7.500000e+00
      vertex   1.477712e+02 -4.592486e+01 7.500000e+00
      vertex   1.476122e+02 -4.613197e+01 7.500000e+00
    endloop
  endfacet
  facet normal 0.000000e+00 0.000000e+00 -1.000000e+00
    outer loop
      vertex   1.461980e+02 -4.613197e+01 7.500000e+00
      vertex   1.476122e+02 -4.613197e+01 7.500000e+00
      vertex   1.464051e+02 -4.629089e+01 7.500000e+00
    endloop
  endfacet
  facet normal 0.000000e+00 0.000000e+00 -1.000000e+00
    outer loop
      vertex   1.464051e+02 -4.629089e+01 7.500000e+00
      vertex   1.476122e+02 -4.613197e+01 7.500000e+00
      vertex   1.474051e+02 -4.629089e+01 7.500000e+00
    endloop
  endfacet
  facet normal 0.000000e+00 0.000000e+00 -1.000000e+00
    outer loop
      vertex   1.464051e+02 -4.629089e+01 7.500000e+00
      vertex   1.474051e+02 -4.629089e+01 7.500000e+00
      vertex   1.466463e+02 -4.639079e+01 7.500000e+00
    endloop
  endfacet
  facet normal 0.000000e+00 0.000000e+00 -1.000000e+00
    outer loop
      vertex   1.466463e+02 -4.639079e+01 7.500000e+00
      vertex   1.474051e+02 -4.629089e+01 7.500000e+00
      vertex   1.471640e+02 -4.639079e+01 7.500000e+00
    endloop
  endfacet
  facet normal 0.000000e+00 0.000000e+00 -1.000000e+00
    outer loop
      vertex   1.466463e+02 -4.639079e+01 7.500000e+00
      vertex   1.471640e+02 -4.639079e+01 7.500000e+00
      vertex   1.469051e+02 -4.642486e+01 7.500000e+00
    endloop
  endfacet
  facet normal 0.000000e+00 0.000000e+00 -1.000000e+00
    outer loop
      vertex   1.478711e+02 -4.516604e+01 7.500000e+00
      vertex   1.459392e+02 -4.516604e+01 7.500000e+00
      vertex   1.477712e+02 -4.492486e+01 7.500000e+00
    endloop
  endfacet
  facet normal -0.000000e+00 0.000000e+00 -1.000000e+00
    outer loop
      vertex   1.477712e+02 -4.492486e+01 7.500000e+00
      vertex   1.459392e+02 -4.516604e+01 7.500000e+00
      vertex   1.460391e+02 -4.492486e+01 7.500000e+00
    endloop
  endfacet
  facet normal 0.000000e+00 0.000000e+00 -1.000000e+00
    outer loop
      vertex   1.477712e+02 -4.492486e+01 7.500000e+00
      vertex   1.460391e+02 -4.492486e+01 7.500000e+00
      vertex   1.476122e+02 -4.471775e+01 7.500000e+00
    endloop
  endfacet
  facet normal -0.000000e+00 0.000000e+00 -1.000000e+00
    outer loop
      vertex   1.476122e+02 -4.471775e+01 7.500000e+00
      vertex   1.460391e+02 -4.492486e+01 7.500000e+00
      vertex   1.461980e+02 -4.471775e+01 7.500000e+00
    endloop
  endfacet
  facet normal 0.000000e+00 0.000000e+00 -1.000000e+00
    outer loop
      vertex   1.476122e+02 -4.471775e+01 7.500000e+00
      vertex   1.461980e+02 -4.471775e+01 7.500000e+00
      vertex   1.474051e+02 -4.455883e+01 7.500000e+00
    endloop
  endfacet
  facet normal -0.000000e+00 0.000000e+00 -1.000000e+00
    outer loop
      vertex   1.474051e+02 -4.455883e+01 7.500000e+00
      vertex   1.461980e+02 -4.471775e+01 7.500000e+00
      vertex   1.464051e+02 -4.455883e+01 7.500000e+00
    endloop
  endfacet
  facet normal 0.000000e+00 0.000000e+00 -1.000000e+00
    outer loop
      vertex   1.474051e+02 -4.455883e+01 7.500000e+00
      vertex   1.464051e+02 -4.455883e+01 7.500000e+00
      vertex   1.471640e+02 -4.445893e+01 7.500000e+00
    endloop
  endfacet
  facet normal -0.000000e+00 0.000000e+00 -1.000000e+00
    outer loop
      vertex   1.471640e+02 -4.445893e+01 7.500000e+00
      vertex   1.464051e+02 -4.455883e+01 7.500000e+00
      vertex   1.466463e+02 -4.445893e+01 7.500000e+00
    endloop
  endfacet
  facet normal 0.000000e+00 0.000000e+00 -1.000000e+00
    outer loop
      vertex   1.471640e+02 -4.445893e+01 7.500000e+00
      vertex   1.466463e+02 -4.445893e+01 7.500000e+00
      vertex   1.469051e+02 -4.442486e+01 7.500000e+00
    endloop
  endfacet
  facet normal -8.527273e-01 -5.223564e-01 0.000000e+00
    outer loop
      vertex   1.882001e+01 -5.979255e+01 -7.500000e+00
      vertex   1.882001e+01 -5.979255e+01 7.500000e+00
      vertex   1.814960e+01 -5.869813e+01 -7.500000e+00
    endloop
  endfacet
  facet normal -8.527273e-01 -5.223564e-01 0.000000e+00
    outer loop
      vertex   1.814960e+01 -5.869813e+01 -7.500000e+00
      vertex   1.882001e+01 -5.979255e+01 7.500000e+00
      vertex   1.814960e+01 -5.869813e+01 7.500000e+00
    endloop
  endfacet
  facet normal -7.519314e-01 -6.592413e-01 0.000000e+00
    outer loop
      vertex   1.814960e+01 -5.869813e+01 -7.500000e+00
      vertex   1.814960e+01 -5.869813e+01 7.500000e+00
      vertex   1.730350e+01 -5.773307e+01 -7.500000e+00
    endloop
  endfacet
  facet normal -7.519314e-01 -6.592413e-01 0.000000e+00
    outer loop
      vertex   1.730350e+01 -5.773307e+01 -7.500000e+00
      vertex   1.814960e+01 -5.869813e+01 7.500000e+00
      vertex   1.730350e+01 -5.773307e+01 7.500000e+00
    endloop
  endfacet
  facet normal -6.294068e-01 -7.770760e-01 0.000000e+00
    outer loop
      vertex   1.730350e+01 -5.773307e+01 -7.500000e+00
      vertex   1.730350e+01 -5.773307e+01 7.500000e+00
      vertex   1.630617e+01 -5.692526e+01 -7.500000e+00
    endloop
  endfacet
  facet normal -6.294068e-01 -7.770760e-01 0.000000e+00
    outer loop
      vertex   1.630617e+01 -5.692526e+01 -7.500000e+00
      vertex   1.730350e+01 -5.773307e+01 7.500000e+00
      vertex   1.630617e+01 -5.692526e+01 7.500000e+00
    endloop
  endfacet
  facet normal -4.886940e-01 -8.724553e-01 0.000000e+00
    outer loop
      vertex   1.630617e+01 -5.692526e+01 -7.500000e+00
      vertex   1.630617e+01 -5.692526e+01 7.500000e+00
      vertex   1.518643e+01 -5.629805e+01 -7.500000e+00
    endloop
  endfacet
  facet normal -4.886940e-01 -8.724553e-01 0.000000e+00
    outer loop
      vertex   1.518643e+01 -5.629805e+01 -7.500000e+00
      vertex   1.630617e+01 -5.692526e+01 7.500000e+00
      vertex   1.518643e+01 -5.629805e+01 7.500000e+00
    endloop
  endfacet
  facet normal -3.338593e-01 -9.426229e-01 0.000000e+00
    outer loop
      vertex   1.518643e+01 -5.629805e+01 -7.500000e+00
      vertex   1.518643e+01 -5.629805e+01 7.500000e+00
      vertex   1.397663e+01 -5.586957e+01 -7.500000e+00
    endloop
  endfacet
  facet normal -3.338593e-01 -9.426229e-01 0.000000e+00
    outer loop
      vertex   1.397663e+01 -5.586957e+01 -7.500000e+00
      vertex   1.518643e+01 -5.629805e+01 7.500000e+00
      vertex   1.397663e+01 -5.586957e+01 7.500000e+00
    endloop
  endfacet
  facet normal -1.693769e-01 -9.855514e-01 0.000000e+00
    outer loop
      vertex   1.397663e+01 -5.586957e+01 -7.500000e+00
      vertex   1.397663e+01 -5.586957e+01 7.500000e+00
      vertex   1.271173e+01 -5.565218e+01 -7.500000e+00
    endloop
  endfacet
  facet normal -1.693769e-01 -9.855514e-01 0.000000e+00
    outer loop
      vertex   1.271173e+01 -5.565218e+01 -7.500000e+00
      vertex   1.397663e+01 -5.586957e+01 7.500000e+00
      vertex   1.271173e+01 -5.565218e+01 7.500000e+00
    endloop
  endfacet
  facet normal 5.536237e-15 -1.000000e+00 0.000000e+00
    outer loop
      vertex   1.271173e+01 -5.565218e+01 -7.500000e+00
      vertex   1.271173e+01 -5.565218e+01 7.500000e+00
      vertex   1.142829e+01 -5.565218e+01 -7.500000e+00
    endloop
  endfacet
  facet normal 5.536237e-15 -1.000000e+00 0.000000e+00
    outer loop
      vertex   1.142829e+01 -5.565218e+01 -7.500000e+00
      vertex   1.271173e+01 -5.565218e+01 7.500000e+00
      vertex   1.142829e+01 -5.565218e+01 7.500000e+00
    endloop
  endfacet
  facet normal 1.693769e-01 -9.855514e-01 0.000000e+00
    outer loop
      vertex   1.142829e+01 -5.565218e+01 -7.500000e+00
      vertex   1.142829e+01 -5.565218e+01 7.500000e+00
      vertex   1.016340e+01 -5.586957e+01 -7.500000e+00
    endloop
  endfacet
  facet normal 1.693769e-01 -9.855514e-01 0.000000e+00
    outer loop
      vertex   1.016340e+01 -5.586957e+01 -7.500000e+00
      vertex   1.142829e+01 -5.565218e+01 7.500000e+00
      vertex   1.016340e+01 -5.586957e+01 7.500000e+00
    endloop
  endfacet
  facet normal 3.338593e-01 -9.426229e-01 0.000000e+00
    outer loop
      vertex   1.016340e+01 -5.586957e+01 -7.500000e+00
      vertex   1.016340e+01 -5.586957e+01 7.500000e+00
      vertex   8.953597e+00 -5.629805e+01 -7.500000e+00
    endloop
  endfacet
  facet normal 3.338593e-01 -9.426229e-01 0.000000e+00
    outer loop
      vertex   8.953597e+00 -5.629805e+01 -7.500000e+00
      vertex   1.016340e+01 -5.586957e+01 7.500000e+00
      vertex   8.953597e+00 -5.629805e+01 7.500000e+00
    endloop
  endfacet
  facet normal 4.886940e-01 -8.724553e-01 0.000000e+00
    outer loop
      vertex   8.953597e+00 -5.629805e+01 -7.500000e+00
      vertex   8.953597e+00 -5.629805e+01 7.500000e+00
      vertex   7.833853e+00 -5.692526e+01 -7.500000e+00
    endloop
  endfacet
  facet normal 4.886940e-01 -8.724553e-01 0.000000e+00
    outer loop
      vertex   7.833853e+00 -5.692526e+01 -7.500000e+00
      vertex   8.953597e+00 -5.629805e+01 7.500000e+00
      vertex   7.833853e+00 -5.692526e+01 7.500000e+00
    endloop
  endfacet
  facet normal 6.294068e-01 -7.770760e-01 0.000000e+00
    outer loop
      vertex   7.833853e+00 -5.692526e+01 -7.500000e+00
      vertex   7.833853e+00 -5.692526e+01 7.500000e+00
      vertex   6.836523e+00 -5.773307e+01 -7.500000e+00
    endloop
  endfacet
  facet normal 6.294068e-01 -7.770760e-01 0.000000e+00
    outer loop
      vertex   6.836523e+00 -5.773307e+01 -7.500000e+00
      vertex   7.833853e+00 -5.692526e+01 7.500000e+00
      vertex   6.836523e+00 -5.773307e+01 7.500000e+00
    endloop
  endfacet
  facet normal 7.519314e-01 -6.592413e-01 0.000000e+00
    outer loop
      vertex   6.836523e+00 -5.773307e+01 -7.500000e+00
      vertex   6.836523e+00 -5.773307e+01 7.500000e+00
      vertex   5.990426e+00 -5.869813e+01 -7.500000e+00
    endloop
  endfacet
  facet normal 7.519314e-01 -6.592413e-01 0.000000e+00
    outer loop
      vertex   5.990426e+00 -5.869813e+01 -7.500000e+00
      vertex   6.836523e+00 -5.773307e+01 7.500000e+00
      vertex   5.990426e+00 -5.869813e+01 7.500000e+00
    endloop
  endfacet
  facet normal 8.527273e-01 -5.223564e-01 0.000000e+00
    outer loop
      vertex   5.990426e+00 -5.869813e+01 -7.500000e+00
      vertex   5.990426e+00 -5.869813e+01 7.500000e+00
      vertex   5.320013e+00 -5.979255e+01 -7.500000e+00
    endloop
  endfacet
  facet normal 8.527273e-01 -5.223564e-01 0.000000e+00
    outer loop
      vertex   5.320013e+00 -5.979255e+01 -7.500000e+00
      vertex   5.990426e+00 -5.869813e+01 7.500000e+00
      vertex   5.320013e+00 -5.979255e+01 7.500000e+00
    endloop
  endfacet
  facet normal -8.940397e-01 -4.479877e-01 -0.000000e+00
    outer loop
      vertex   1.982001e+01 -6.178823e+01 7.500000e+00
      vertex   1.882001e+01 -5.979255e+01 7.500000e+00
      vertex   1.982001e+01 -6.178823e+01 -7.500000e+00
    endloop
  endfacet
  facet normal -8.940397e-01 -4.479877e-01 0.000000e+00
    outer loop
      vertex   1.982001e+01 -6.178823e+01 -7.500000e+00
      vertex   1.882001e+01 -5.979255e+01 7.500000e+00
      vertex   1.882001e+01 -5.979255e+01 -7.500000e+00
    endloop
  endfacet
  facet normal -7.071068e-01 -7.071068e-01 -0.000000e+00
    outer loop
      vertex   6.909643e+01 -1.071264e+02 7.500000e+00
      vertex   6.597511e+01 -1.040051e+02 7.500000e+00
      vertex   6.909643e+01 -1.071264e+02 -7.500000e+00
    endloop
  endfacet
  facet normal -7.071068e-01 -7.071068e-01 0.000000e+00
    outer loop
      vertex   6.909643e+01 -1.071264e+02 -7.500000e+00
      vertex   6.597511e+01 -1.040051e+02 7.500000e+00
      vertex   6.597511e+01 -1.040051e+02 -7.500000e+00
    endloop
  endfacet
  facet normal 2.661707e-01 -9.639259e-01 0.000000e+00
    outer loop
      vertex   6.697511e+01 -1.064193e+02 -7.500000e+00
      vertex   6.697511e+01 -1.064193e+02 7.500000e+00
      vertex   6.636217e+01 -1.065885e+02 -7.500000e+00
    endloop
  endfacet
  facet normal 2.661707e-01 -9.639259e-01 0.000000e+00
    outer loop
      vertex   6.636217e+01 -1.065885e+02 -7.500000e+00
      vertex   6.697511e+01 -1.064193e+02 7.500000e+00
      vertex   6.636217e+01 -1.065885e+02 7.500000e+00
    endloop
  endfacet
  facet normal 5.007462e-01 -8.655942e-01 0.000000e+00
    outer loop
      vertex   6.636217e+01 -1.065885e+02 -7.500000e+00
      vertex   6.636217e+01 -1.065885e+02 7.500000e+00
      vertex   6.581176e+01 -1.069069e+02 -7.500000e+00
    endloop
  endfacet
  facet normal 5.007462e-01 -8.655942e-01 0.000000e+00
    outer loop
      vertex   6.581176e+01 -1.069069e+02 -7.500000e+00
      vertex   6.636217e+01 -1.065885e+02 7.500000e+00
      vertex   6.581176e+01 -1.069069e+02 7.500000e+00
    endloop
  endfacet
  facet normal 7.029260e-01 -7.112630e-01 0.000000e+00
    outer loop
      vertex   6.581176e+01 -1.069069e+02 -7.500000e+00
      vertex   6.581176e+01 -1.069069e+02 7.500000e+00
      vertex   6.535948e+01 -1.073539e+02 -7.500000e+00
    endloop
  endfacet
  facet normal 7.029260e-01 -7.112630e-01 0.000000e+00
    outer loop
      vertex   6.535948e+01 -1.073539e+02 -7.500000e+00
      vertex   6.581176e+01 -1.069069e+02 7.500000e+00
      vertex   6.535948e+01 -1.073539e+02 7.500000e+00
    endloop
  endfacet
  facet normal 8.596302e-01 -5.109168e-01 0.000000e+00
    outer loop
      vertex   6.535948e+01 -1.073539e+02 -7.500000e+00
      vertex   6.535948e+01 -1.073539e+02 7.500000e+00
      vertex   6.503460e+01 -1.079005e+02 -7.500000e+00
    endloop
  endfacet
  facet normal 8.596302e-01 -5.109168e-01 0.000000e+00
    outer loop
      vertex   6.503460e+01 -1.079005e+02 -7.500000e+00
      vertex   6.535948e+01 -1.073539e+02 7.500000e+00
      vertex   6.503460e+01 -1.079005e+02 7.500000e+00
    endloop
  endfacet
  facet normal 9.607208e-01 -2.775169e-01 0.000000e+00
    outer loop
      vertex   6.503460e+01 -1.079005e+02 -7.500000e+00
      vertex   6.503460e+01 -1.079005e+02 7.500000e+00
      vertex   6.485813e+01 -1.085114e+02 -7.500000e+00
    endloop
  endfacet
  facet normal 9.607208e-01 -2.775169e-01 0.000000e+00
    outer loop
      vertex   6.485813e+01 -1.085114e+02 -7.500000e+00
      vertex   6.503460e+01 -1.079005e+02 7.500000e+00
      vertex   6.485813e+01 -1.085114e+02 7.500000e+00
    endloop
  endfacet
  facet normal 9.996577e-01 -2.616317e-02 0.000000e+00
    outer loop
      vertex   6.485813e+01 -1.085114e+02 -7.500000e+00
      vertex   6.485813e+01 -1.085114e+02 7.500000e+00
      vertex   6.484149e+01 -1.091471e+02 -7.500000e+00
    endloop
  endfacet
  facet normal 9.996577e-01 -2.616317e-02 0.000000e+00
    outer loop
      vertex   6.484149e+01 -1.091471e+02 -7.500000e+00
      vertex   6.485813e+01 -1.085114e+02 7.500000e+00
      vertex   6.484149e+01 -1.091471e+02 7.500000e+00
    endloop
  endfacet
  facet normal 9.739220e-01 2.268832e-01 -0.000000e+00
    outer loop
      vertex   6.484149e+01 -1.091471e+02 -7.500000e+00
      vertex   6.484149e+01 -1.091471e+02 7.500000e+00
      vertex   6.498576e+01 -1.097664e+02 -7.500000e+00
    endloop
  endfacet
  facet normal 9.739220e-01 2.268832e-01 -0.000000e+00
    outer loop
      vertex   6.498576e+01 -1.097664e+02 -7.500000e+00
      vertex   6.484149e+01 -1.091471e+02 7.500000e+00
      vertex   6.498576e+01 -1.097664e+02 7.500000e+00
    endloop
  endfacet
  facet normal 8.851786e-01 4.652514e-01 -0.000000e+00
    outer loop
      vertex   6.498576e+01 -1.097664e+02 -7.500000e+00
      vertex   6.498576e+01 -1.097664e+02 7.500000e+00
      vertex   6.528161e+01 -1.103293e+02 -7.500000e+00
    endloop
  endfacet
  facet normal 8.851786e-01 4.652514e-01 -0.000000e+00
    outer loop
      vertex   6.528161e+01 -1.103293e+02 -7.500000e+00
      vertex   6.498576e+01 -1.097664e+02 7.500000e+00
      vertex   6.528161e+01 -1.103293e+02 7.500000e+00
    endloop
  endfacet
  facet normal 7.391687e-01 6.735203e-01 -0.000000e+00
    outer loop
      vertex   6.528161e+01 -1.103293e+02 -7.500000e+00
      vertex   6.528161e+01 -1.103293e+02 7.500000e+00
      vertex   6.570988e+01 -1.107993e+02 -7.500000e+00
    endloop
  endfacet
  facet normal 7.391687e-01 6.735203e-01 -0.000000e+00
    outer loop
      vertex   6.570988e+01 -1.107993e+02 -7.500000e+00
      vertex   6.528161e+01 -1.103293e+02 7.500000e+00
      vertex   6.570988e+01 -1.107993e+02 7.500000e+00
    endloop
  endfacet
  facet normal 5.453385e-01 8.382159e-01 -0.000000e+00
    outer loop
      vertex   6.570988e+01 -1.107993e+02 -7.500000e+00
      vertex   6.570988e+01 -1.107993e+02 7.500000e+00
      vertex   6.624289e+01 -1.111461e+02 -7.500000e+00
    endloop
  endfacet
  facet normal 5.453385e-01 8.382159e-01 -0.000000e+00
    outer loop
      vertex   6.624289e+01 -1.111461e+02 -7.500000e+00
      vertex   6.570988e+01 -1.107993e+02 7.500000e+00
      vertex   6.624289e+01 -1.111461e+02 7.500000e+00
    endloop
  endfacet
  facet normal 3.162278e-01 9.486833e-01 -0.000000e+00
    outer loop
      vertex   6.624289e+01 -1.111461e+02 -7.500000e+00
      vertex   6.624289e+01 -1.111461e+02 7.500000e+00
      vertex   6.684614e+01 -1.113471e+02 -7.500000e+00
    endloop
  endfacet
  facet normal 3.162278e-01 9.486833e-01 -0.000000e+00
    outer loop
      vertex   6.684614e+01 -1.113471e+02 -7.500000e+00
      vertex   6.624289e+01 -1.111461e+02 7.500000e+00
      vertex   6.684614e+01 -1.113471e+02 7.500000e+00
    endloop
  endfacet
  facet normal 6.665871e-02 9.977758e-01 -0.000000e+00
    outer loop
      vertex   6.684614e+01 -1.113471e+02 -7.500000e+00
      vertex   6.684614e+01 -1.113471e+02 7.500000e+00
      vertex   6.748060e+01 -1.113895e+02 -7.500000e+00
    endloop
  endfacet
  facet normal 6.665871e-02 9.977758e-01 -0.000000e+00
    outer loop
      vertex   6.748060e+01 -1.113895e+02 -7.500000e+00
      vertex   6.684614e+01 -1.113471e+02 7.500000e+00
      vertex   6.748060e+01 -1.113895e+02 7.500000e+00
    endloop
  endfacet
  facet normal -1.872228e-01 9.823175e-01 0.000000e+00
    outer loop
      vertex   6.748060e+01 -1.113895e+02 -7.500000e+00
      vertex   6.748060e+01 -1.113895e+02 7.500000e+00
      vertex   6.810524e+01 -1.112705e+02 -7.500000e+00
    endloop
  endfacet
  facet normal -1.872228e-01 9.823175e-01 0.000000e+00
    outer loop
      vertex   6.810524e+01 -1.112705e+02 -7.500000e+00
      vertex   6.748060e+01 -1.113895e+02 7.500000e+00
      vertex   6.810524e+01 -1.112705e+02 7.500000e+00
    endloop
  endfacet
  facet normal -4.289920e-01 9.033083e-01 0.000000e+00
    outer loop
      vertex   6.810524e+01 -1.112705e+02 -7.500000e+00
      vertex   6.810524e+01 -1.112705e+02 7.500000e+00
      vertex   6.867963e+01 -1.109977e+02 -7.500000e+00
    endloop
  endfacet
  facet normal -4.289920e-01 9.033083e-01 0.000000e+00
    outer loop
      vertex   6.867963e+01 -1.109977e+02 -7.500000e+00
      vertex   6.810524e+01 -1.112705e+02 7.500000e+00
      vertex   6.867963e+01 -1.109977e+02 7.500000e+00
    endloop
  endfacet
  facet normal -6.430077e-01 7.658597e-01 0.000000e+00
    outer loop
      vertex   6.867963e+01 -1.109977e+02 -7.500000e+00
      vertex   6.867963e+01 -1.109977e+02 7.500000e+00
      vertex   6.916663e+01 -1.105888e+02 -7.500000e+00
    endloop
  endfacet
  facet normal -6.430077e-01 7.658597e-01 0.000000e+00
    outer loop
      vertex   6.916663e+01 -1.105888e+02 -7.500000e+00
      vertex   6.867963e+01 -1.109977e+02 7.500000e+00
      vertex   6.916663e+01 -1.105888e+02 7.500000e+00
    endloop
  endfacet
  facet normal -8.154240e-01 5.788641e-01 0.000000e+00
    outer loop
      vertex   6.916663e+01 -1.105888e+02 -7.500000e+00
      vertex   6.916663e+01 -1.105888e+02 7.500000e+00
      vertex   6.953471e+01 -1.100703e+02 -7.500000e+00
    endloop
  endfacet
  facet normal -8.154240e-01 5.788641e-01 0.000000e+00
    outer loop
      vertex   6.953471e+01 -1.100703e+02 -7.500000e+00
      vertex   6.916663e+01 -1.105888e+02 7.500000e+00
      vertex   6.953471e+01 -1.100703e+02 7.500000e+00
    endloop
  endfacet
  facet normal -9.350868e-01 3.544189e-01 0.000000e+00
    outer loop
      vertex   6.953471e+01 -1.100703e+02 -7.500000e+00
      vertex   6.953471e+01 -1.100703e+02 7.500000e+00
      vertex   6.976008e+01 -1.094757e+02 -7.500000e+00
    endloop
  endfacet
  facet normal -9.350868e-01 3.544189e-01 0.000000e+00
    outer loop
      vertex   6.976008e+01 -1.094757e+02 -7.500000e+00
      vertex   6.953471e+01 -1.100703e+02 7.500000e+00
      vertex   6.976008e+01 -1.094757e+02 7.500000e+00
    endloop
  endfacet
  facet normal -9.942542e-01 1.070447e-01 0.000000e+00
    outer loop
      vertex   6.976008e+01 -1.094757e+02 -7.500000e+00
      vertex   6.976008e+01 -1.094757e+02 7.500000e+00
      vertex   6.982815e+01 -1.088435e+02 -7.500000e+00
    endloop
  endfacet
  facet normal -9.942542e-01 1.070447e-01 0.000000e+00
    outer loop
      vertex   6.982815e+01 -1.088435e+02 -7.500000e+00
      vertex   6.976008e+01 -1.094757e+02 7.500000e+00
      vertex   6.982815e+01 -1.088435e+02 7.500000e+00
    endloop
  endfacet
  facet normal -9.890986e-01 -1.472548e-01 0.000000e+00
    outer loop
      vertex   6.982815e+01 -1.088435e+02 -7.500000e+00
      vertex   6.982815e+01 -1.088435e+02 7.500000e+00
      vertex   6.973451e+01 -1.082145e+02 -7.500000e+00
    endloop
  endfacet
  facet normal -9.890986e-01 -1.472548e-01 0.000000e+00
    outer loop
      vertex   6.973451e+01 -1.082145e+02 -7.500000e+00
      vertex   6.982815e+01 -1.088435e+02 7.500000e+00
      vertex   6.973451e+01 -1.082145e+02 7.500000e+00
    endloop
  endfacet
  facet normal -9.199535e-01 -3.920276e-01 0.000000e+00
    outer loop
      vertex   6.973451e+01 -1.082145e+02 -7.500000e+00
      vertex   6.973451e+01 -1.082145e+02 7.500000e+00
      vertex   6.948523e+01 -1.076296e+02 -7.500000e+00
    endloop
  endfacet
  facet normal -9.199535e-01 -3.920276e-01 0.000000e+00
    outer loop
      vertex   6.948523e+01 -1.076296e+02 -7.500000e+00
      vertex   6.973451e+01 -1.082145e+02 7.500000e+00
      vertex   6.948523e+01 -1.076296e+02 7.500000e+00
    endloop
  endfacet
  facet normal -7.912921e-01 -6.114383e-01 0.000000e+00
    outer loop
      vertex   6.948523e+01 -1.076296e+02 -7.500000e+00
      vertex   6.948523e+01 -1.076296e+02 7.500000e+00
      vertex   6.909643e+01 -1.071264e+02 -7.500000e+00
    endloop
  endfacet
  facet normal -7.912921e-01 -6.114383e-01 0.000000e+00
    outer loop
      vertex   6.909643e+01 -1.071264e+02 -7.500000e+00
      vertex   6.948523e+01 -1.076296e+02 7.500000e+00
      vertex   6.909643e+01 -1.071264e+02 7.500000e+00
    endloop
  endfacet
  facet normal 7.071068e-01 7.071068e-01 0.000000e+00
    outer loop
      vertex   6.556090e+01 -1.050051e+02 7.500000e+00
      vertex   6.697511e+01 -1.064193e+02 7.500000e+00
      vertex   6.556090e+01 -1.050051e+02 -7.500000e+00
    endloop
  endfacet
  facet normal 7.071068e-01 7.071068e-01 0.000000e+00
    outer loop
      vertex   6.556090e+01 -1.050051e+02 -7.500000e+00
      vertex   6.697511e+01 -1.064193e+02 7.500000e+00
      vertex   6.697511e+01 -1.064193e+02 -7.500000e+00
    endloop
  endfacet
  facet normal 9.866620e-16 1.000000e+00 0.000000e+00
    outer loop
      vertex   2.235201e+01 -1.050051e+02 7.500000e+00
      vertex   6.556090e+01 -1.050051e+02 7.500000e+00
      vertex   2.235201e+01 -1.050051e+02 -7.500000e+00
    endloop
  endfacet
  facet normal 9.866620e-16 1.000000e+00 0.000000e+00
    outer loop
      vertex   2.235201e+01 -1.050051e+02 -7.500000e+00
      vertex   6.556090e+01 -1.050051e+02 7.500000e+00
      vertex   6.556090e+01 -1.050051e+02 -7.500000e+00
    endloop
  endfacet
  facet normal 9.937121e-01 1.119651e-01 -0.000000e+00
    outer loop
      vertex   1.882001e+01 -1.014731e+02 -7.500000e+00
      vertex   1.882001e+01 -1.014731e+02 7.500000e+00
      vertex   1.890857e+01 -1.022590e+02 -7.500000e+00
    endloop
  endfacet
  facet normal 9.937121e-01 1.119651e-01 -0.000000e+00
    outer loop
      vertex   1.890857e+01 -1.022590e+02 -7.500000e+00
      vertex   1.882001e+01 -1.014731e+02 7.500000e+00
      vertex   1.890857e+01 -1.022590e+02 7.500000e+00
    endloop
  endfacet
  facet normal 9.438832e-01 3.302795e-01 -0.000000e+00
    outer loop
      vertex   1.890857e+01 -1.022590e+02 -7.500000e+00
      vertex   1.890857e+01 -1.022590e+02 7.500000e+00
      vertex   1.916979e+01 -1.030055e+02 -7.500000e+00
    endloop
  endfacet
  facet normal 9.438832e-01 3.302795e-01 -0.000000e+00
    outer loop
      vertex   1.916979e+01 -1.030055e+02 -7.500000e+00
      vertex   1.890857e+01 -1.022590e+02 7.500000e+00
      vertex   1.916979e+01 -1.030055e+02 7.500000e+00
    endloop
  endfacet
  facet normal 8.467240e-01 5.320324e-01 -0.000000e+00
    outer loop
      vertex   1.916979e+01 -1.030055e+02 -7.500000e+00
      vertex   1.916979e+01 -1.030055e+02 7.500000e+00
      vertex   1.959058e+01 -1.036752e+02 -7.500000e+00
    endloop
  endfacet
  facet normal 8.467240e-01 5.320324e-01 -0.000000e+00
    outer loop
      vertex   1.959058e+01 -1.036752e+02 -7.500000e+00
      vertex   1.916979e+01 -1.030055e+02 7.500000e+00
      vertex   1.959058e+01 -1.036752e+02 7.500000e+00
    endloop
  endfacet
  facet normal 7.071066e-01 7.071069e-01 -0.000000e+00
    outer loop
      vertex   1.959058e+01 -1.036752e+02 -7.500000e+00
      vertex   1.959058e+01 -1.036752e+02 7.500000e+00
      vertex   2.014985e+01 -1.042345e+02 -7.500000e+00
    endloop
  endfacet
  facet normal 7.071066e-01 7.071069e-01 -0.000000e+00
    outer loop
      vertex   2.014985e+01 -1.042345e+02 -7.500000e+00
      vertex   1.959058e+01 -1.036752e+02 7.500000e+00
      vertex   2.014985e+01 -1.042345e+02 7.500000e+00
    endloop
  endfacet
  facet normal 5.320320e-01 8.467242e-01 -0.000000e+00
    outer loop
      vertex   2.014985e+01 -1.042345e+02 -7.500000e+00
      vertex   2.014985e+01 -1.042345e+02 7.500000e+00
      vertex   2.081954e+01 -1.046553e+02 -7.500000e+00
    endloop
  endfacet
  facet normal 5.320320e-01 8.467242e-01 -0.000000e+00
    outer loop
      vertex   2.081954e+01 -1.046553e+02 -7.500000e+00
      vertex   2.014985e+01 -1.042345e+02 7.500000e+00
      vertex   2.081954e+01 -1.046553e+02 7.500000e+00
    endloop
  endfacet
  facet normal 3.302791e-01 9.438833e-01 -0.000000e+00
    outer loop
      vertex   2.081954e+01 -1.046553e+02 -7.500000e+00
      vertex   2.081954e+01 -1.046553e+02 7.500000e+00
      vertex   2.156607e+01 -1.049165e+02 -7.500000e+00
    endloop
  endfacet
  facet normal 3.302791e-01 9.438833e-01 -0.000000e+00
    outer loop
      vertex   2.156607e+01 -1.049165e+02 -7.500000e+00
      vertex   2.081954e+01 -1.046553e+02 7.500000e+00
      vertex   2.156607e+01 -1.049165e+02 7.500000e+00
    endloop
  endfacet
  facet normal 1.119646e-01 9.937122e-01 -0.000000e+00
    outer loop
      vertex   2.156607e+01 -1.049165e+02 -7.500000e+00
      vertex   2.156607e+01 -1.049165e+02 7.500000e+00
      vertex   2.235201e+01 -1.050051e+02 -7.500000e+00
    endloop
  endfacet
  facet normal 1.119646e-01 9.937122e-01 -0.000000e+00
    outer loop
      vertex   2.235201e+01 -1.050051e+02 -7.500000e+00
      vertex   2.156607e+01 -1.049165e+02 7.500000e+00
      vertex   2.235201e+01 -1.050051e+02 7.500000e+00
    endloop
  endfacet
  facet normal 1.000000e+00 -1.539891e-14 0.000000e+00
    outer loop
      vertex   1.882001e+01 -6.317486e+01 7.500000e+00
      vertex   1.882001e+01 -1.014731e+02 7.500000e+00
      vertex   1.882001e+01 -6.317486e+01 -7.500000e+00
    endloop
  endfacet
  facet normal 1.000000e+00 -1.539891e-14 0.000000e+00
    outer loop
      vertex   1.882001e+01 -6.317486e+01 -7.500000e+00
      vertex   1.882001e+01 -1.014731e+02 7.500000e+00
      vertex   1.882001e+01 -1.014731e+02 -7.500000e+00
    endloop
  endfacet
  facet normal -9.961947e-01 8.715574e-02 0.000000e+00
    outer loop
      vertex   5.320013e+00 -6.317486e+01 -7.500000e+00
      vertex   5.320013e+00 -6.317486e+01 7.500000e+00
      vertex   5.422560e+00 -6.200273e+01 -7.500000e+00
    endloop
  endfacet
  facet normal -9.961947e-01 8.715574e-02 0.000000e+00
    outer loop
      vertex   5.422560e+00 -6.200273e+01 -7.500000e+00
      vertex   5.320013e+00 -6.317486e+01 7.500000e+00
      vertex   5.422560e+00 -6.200273e+01 7.500000e+00
    endloop
  endfacet
  facet normal -9.659258e-01 2.588190e-01 0.000000e+00
    outer loop
      vertex   5.422560e+00 -6.200273e+01 -7.500000e+00
      vertex   5.422560e+00 -6.200273e+01 7.500000e+00
      vertex   5.727088e+00 -6.086622e+01 -7.500000e+00
    endloop
  endfacet
  facet normal -9.659258e-01 2.588190e-01 0.000000e+00
    outer loop
      vertex   5.727088e+00 -6.086622e+01 -7.500000e+00
      vertex   5.422560e+00 -6.200273e+01 7.500000e+00
      vertex   5.727088e+00 -6.086622e+01 7.500000e+00
    endloop
  endfacet
  facet normal -9.063078e-01 4.226183e-01 0.000000e+00
    outer loop
      vertex   5.727088e+00 -6.086622e+01 -7.500000e+00
      vertex   5.727088e+00 -6.086622e+01 7.500000e+00
      vertex   6.224341e+00 -5.979986e+01 -7.500000e+00
    endloop
  endfacet
  facet normal -9.063078e-01 4.226183e-01 0.000000e+00
    outer loop
      vertex   6.224341e+00 -5.979986e+01 -7.500000e+00
      vertex   5.727088e+00 -6.086622e+01 7.500000e+00
      vertex   6.224341e+00 -5.979986e+01 7.500000e+00
    endloop
  endfacet
  facet normal -8.191520e-01 5.735764e-01 0.000000e+00
    outer loop
      vertex   6.224341e+00 -5.979986e+01 -7.500000e+00
      vertex   6.224341e+00 -5.979986e+01 7.500000e+00
      vertex   6.899213e+00 -5.883604e+01 -7.500000e+00
    endloop
  endfacet
  facet normal -8.191520e-01 5.735764e-01 0.000000e+00
    outer loop
      vertex   6.899213e+00 -5.883604e+01 -7.500000e+00
      vertex   6.224341e+00 -5.979986e+01 7.500000e+00
      vertex   6.899213e+00 -5.883604e+01 7.500000e+00
    endloop
  endfacet
  facet normal -7.071068e-01 7.071068e-01 0.000000e+00
    outer loop
      vertex   6.899213e+00 -5.883604e+01 -7.500000e+00
      vertex   6.899213e+00 -5.883604e+01 7.500000e+00
      vertex   7.731196e+00 -5.800406e+01 -7.500000e+00
    endloop
  endfacet
  facet normal -7.071068e-01 7.071068e-01 0.000000e+00
    outer loop
      vertex   7.731196e+00 -5.800406e+01 -7.500000e+00
      vertex   6.899213e+00 -5.883604e+01 7.500000e+00
      vertex   7.731196e+00 -5.800406e+01 7.500000e+00
    endloop
  endfacet
  facet normal -5.735764e-01 8.191520e-01 0.000000e+00
    outer loop
      vertex   7.731196e+00 -5.800406e+01 -7.500000e+00
      vertex   7.731196e+00 -5.800406e+01 7.500000e+00
      vertex   8.695013e+00 -5.732919e+01 -7.500000e+00
    endloop
  endfacet
  facet normal -5.735764e-01 8.191520e-01 0.000000e+00
    outer loop
      vertex   8.695013e+00 -5.732919e+01 -7.500000e+00
      vertex   7.731196e+00 -5.800406e+01 7.500000e+00
      vertex   8.695013e+00 -5.732919e+01 7.500000e+00
    endloop
  endfacet
  facet normal -4.226183e-01 9.063078e-01 0.000000e+00
    outer loop
      vertex   8.695013e+00 -5.732919e+01 -7.500000e+00
      vertex   8.695013e+00 -5.732919e+01 7.500000e+00
      vertex   9.761377e+00 -5.683193e+01 -7.500000e+00
    endloop
  endfacet
  facet normal -4.226183e-01 9.063078e-01 0.000000e+00
    outer loop
      vertex   9.761377e+00 -5.683193e+01 -7.500000e+00
      vertex   8.695013e+00 -5.732919e+01 7.500000e+00
      vertex   9.761377e+00 -5.683193e+01 7.500000e+00
    endloop
  endfacet
  facet normal -2.588190e-01 9.659258e-01 0.000000e+00
    outer loop
      vertex   9.761377e+00 -5.683193e+01 -7.500000e+00
      vertex   9.761377e+00 -5.683193e+01 7.500000e+00
      vertex   1.089789e+01 -5.652741e+01 -7.500000e+00
    endloop
  endfacet
  facet normal -2.588190e-01 9.659258e-01 0.000000e+00
    outer loop
      vertex   1.089789e+01 -5.652741e+01 -7.500000e+00
      vertex   9.761377e+00 -5.683193e+01 7.500000e+00
      vertex   1.089789e+01 -5.652741e+01 7.500000e+00
    endloop
  endfacet
  facet normal -8.715574e-02 9.961947e-01 0.000000e+00
    outer loop
      vertex   1.089789e+01 -5.652741e+01 -7.500000e+00
      vertex   1.089789e+01 -5.652741e+01 7.500000e+00
      vertex   1.207001e+01 -5.642486e+01 -7.500000e+00
    endloop
  endfacet
  facet normal -8.715574e-02 9.961947e-01 0.000000e+00
    outer loop
      vertex   1.207001e+01 -5.642486e+01 -7.500000e+00
      vertex   1.089789e+01 -5.652741e+01 7.500000e+00
      vertex   1.207001e+01 -5.642486e+01 7.500000e+00
    endloop
  endfacet
  facet normal 8.715574e-02 9.961947e-01 -0.000000e+00
    outer loop
      vertex   1.207001e+01 -5.642486e+01 -7.500000e+00
      vertex   1.207001e+01 -5.642486e+01 7.500000e+00
      vertex   1.324214e+01 -5.652741e+01 -7.500000e+00
    endloop
  endfacet
  facet normal 8.715574e-02 9.961947e-01 -0.000000e+00
    outer loop
      vertex   1.324214e+01 -5.652741e+01 -7.500000e+00
      vertex   1.207001e+01 -5.642486e+01 7.500000e+00
      vertex   1.324214e+01 -5.652741e+01 7.500000e+00
    endloop
  endfacet
  facet normal 2.588190e-01 9.659258e-01 -0.000000e+00
    outer loop
      vertex   1.324214e+01 -5.652741e+01 -7.500000e+00
      vertex   1.324214e+01 -5.652741e+01 7.500000e+00
      vertex   1.437865e+01 -5.683193e+01 -7.500000e+00
    endloop
  endfacet
  facet normal 2.588190e-01 9.659258e-01 -0.000000e+00
    outer loop
      vertex   1.437865e+01 -5.683193e+01 -7.500000e+00
      vertex   1.324214e+01 -5.652741e+01 7.500000e+00
      vertex   1.437865e+01 -5.683193e+01 7.500000e+00
    endloop
  endfacet
  facet normal 4.226183e-01 9.063078e-01 -0.000000e+00
    outer loop
      vertex   1.437865e+01 -5.683193e+01 -7.500000e+00
      vertex   1.437865e+01 -5.683193e+01 7.500000e+00
      vertex   1.544501e+01 -5.732919e+01 -7.500000e+00
    endloop
  endfacet
  facet normal 4.226183e-01 9.063078e-01 -0.000000e+00
    outer loop
      vertex   1.544501e+01 -5.732919e+01 -7.500000e+00
      vertex   1.437865e+01 -5.683193e+01 7.500000e+00
      vertex   1.544501e+01 -5.732919e+01 7.500000e+00
    endloop
  endfacet
  facet normal 5.735764e-01 8.191520e-01 -0.000000e+00
    outer loop
      vertex   1.544501e+01 -5.732919e+01 -7.500000e+00
      vertex   1.544501e+01 -5.732919e+01 7.500000e+00
      vertex   1.640883e+01 -5.800406e+01 -7.500000e+00
    endloop
  endfacet
  facet normal 5.735764e-01 8.191520e-01 -0.000000e+00
    outer loop
      vertex   1.640883e+01 -5.800406e+01 -7.500000e+00
      vertex   1.544501e+01 -5.732919e+01 7.500000e+00
      vertex   1.640883e+01 -5.800406e+01 7.500000e+00
    endloop
  endfacet
  facet normal 7.071068e-01 7.071068e-01 -0.000000e+00
    outer loop
      vertex   1.640883e+01 -5.800406e+01 -7.500000e+00
      vertex   1.640883e+01 -5.800406e+01 7.500000e+00
      vertex   1.724081e+01 -5.883604e+01 -7.500000e+00
    endloop
  endfacet
  facet normal 7.071068e-01 7.071068e-01 -0.000000e+00
    outer loop
      vertex   1.724081e+01 -5.883604e+01 -7.500000e+00
      vertex   1.640883e+01 -5.800406e+01 7.500000e+00
      vertex   1.724081e+01 -5.883604e+01 7.500000e+00
    endloop
  endfacet
  facet normal 8.191520e-01 5.735764e-01 -0.000000e+00
    outer loop
      vertex   1.724081e+01 -5.883604e+01 -7.500000e+00
      vertex   1.724081e+01 -5.883604e+01 7.500000e+00
      vertex   1.791568e+01 -5.979986e+01 -7.500000e+00
    endloop
  endfacet
  facet normal 8.191520e-01 5.735764e-01 -0.000000e+00
    outer loop
      vertex   1.791568e+01 -5.979986e+01 -7.500000e+00
      vertex   1.724081e+01 -5.883604e+01 7.500000e+00
      vertex   1.791568e+01 -5.979986e+01 7.500000e+00
    endloop
  endfacet
  facet normal 9.063078e-01 4.226183e-01 -0.000000e+00
    outer loop
      vertex   1.791568e+01 -5.979986e+01 -7.500000e+00
      vertex   1.791568e+01 -5.979986e+01 7.500000e+00
      vertex   1.841294e+01 -6.086622e+01 -7.500000e+00
    endloop
  endfacet
  facet normal 9.063078e-01 4.226183e-01 -0.000000e+00
    outer loop
      vertex   1.841294e+01 -6.086622e+01 -7.500000e+00
      vertex   1.791568e+01 -5.979986e+01 7.500000e+00
      vertex   1.841294e+01 -6.086622e+01 7.500000e+00
    endloop
  endfacet
  facet normal 9.659258e-01 2.588190e-01 -0.000000e+00
    outer loop
      vertex   1.841294e+01 -6.086622e+01 -7.500000e+00
      vertex   1.841294e+01 -6.086622e+01 7.500000e+00
      vertex   1.871747e+01 -6.200273e+01 -7.500000e+00
    endloop
  endfacet
  facet normal 9.659258e-01 2.588190e-01 -0.000000e+00
    outer loop
      vertex   1.871747e+01 -6.200273e+01 -7.500000e+00
      vertex   1.841294e+01 -6.086622e+01 7.500000e+00
      vertex   1.871747e+01 -6.200273e+01 7.500000e+00
    endloop
  endfacet
  facet normal 9.961947e-01 8.715574e-02 -0.000000e+00
    outer loop
      vertex   1.871747e+01 -6.200273e+01 -7.500000e+00
      vertex   1.871747e+01 -6.200273e+01 7.500000e+00
      vertex   1.882001e+01 -6.317486e+01 -7.500000e+00
    endloop
  endfacet
  facet normal 9.961947e-01 8.715574e-02 -0.000000e+00
    outer loop
      vertex   1.882001e+01 -6.317486e+01 -7.500000e+00
      vertex   1.871747e+01 -6.200273e+01 7.500000e+00
      vertex   1.882001e+01 -6.317486e+01 7.500000e+00
    endloop
  endfacet
  facet normal 1.000000e+00 0.000000e+00 0.000000e+00
    outer loop
      vertex   1.982001e+01 -6.178823e+01 -7.500000e+00
      vertex   1.982001e+01 -5.142486e+01 -7.500000e+00
      vertex   1.982001e+01 -6.178823e+01 7.500000e+00
    endloop
  endfacet
  facet normal 1.000000e+00 -0.000000e+00 0.000000e+00
    outer loop
      vertex   1.982001e+01 -6.178823e+01 7.500000e+00
      vertex   1.982001e+01 -5.142486e+01 -7.500000e+00
      vertex   1.982001e+01 -5.142486e+01 7.500000e+00
    endloop
  endfacet
  facet normal -0.000000e+00 0.000000e+00 -1.000000e+00
    outer loop
      vertex   1.782001e+01 -3.142486e+01 -7.500000e+00
      vertex   1.128594e+01 -4.516604e+01 -7.500000e+00
      vertex   1.682001e+01 -3.042486e+01 -7.500000e+00
    endloop
  endfacet
  facet normal 0.000000e+00 0.000000e+00 -1.000000e+00
    outer loop
      vertex   1.682001e+01 -3.042486e+01 -7.500000e+00
      vertex   1.128594e+01 -4.516604e+01 -7.500000e+00
      vertex   1.118604e+01 -4.492486e+01 -7.500000e+00
    endloop
  endfacet
  facet normal 0.000000e+00 0.000000e+00 -1.000000e+00
    outer loop
      vertex   1.682001e+01 -3.042486e+01 -7.500000e+00
      vertex   1.118604e+01 -4.492486e+01 -7.500000e+00
      vertex   1.102712e+01 -4.471775e+01 -7.500000e+00
    endloop
  endfacet
  facet normal 0.000000e+00 -0.000000e+00 -1.000000e+00
    outer loop
      vertex   1.782001e+01 -3.142486e+01 -7.500000e+00
      vertex   1.782001e+01 -5.142486e+01 -7.500000e+00
      vertex   1.128594e+01 -4.516604e+01 -7.500000e+00
    endloop
  endfacet
  facet normal 0.000000e+00 0.000000e+00 -1.000000e+00
    outer loop
      vertex   1.128594e+01 -4.516604e+01 -7.500000e+00
      vertex   1.782001e+01 -5.142486e+01 -7.500000e+00
      vertex   1.132001e+01 -4.542486e+01 -7.500000e+00
    endloop
  endfacet
  facet normal 0.000000e+00 -0.000000e+00 -1.000000e+00
    outer loop
      vertex   1.132001e+01 -4.542486e+01 -7.500000e+00
      vertex   1.782001e+01 -5.142486e+01 -7.500000e+00
      vertex   1.128594e+01 -4.568368e+01 -7.500000e+00
    endloop
  endfacet
  facet normal 0.000000e+00 0.000000e+00 -1.000000e+00
    outer loop
      vertex   1.128594e+01 -4.568368e+01 -7.500000e+00
      vertex   1.782001e+01 -5.142486e+01 -7.500000e+00
      vertex   1.397663e+01 -5.586957e+01 -7.500000e+00
    endloop
  endfacet
  facet normal 0.000000e+00 0.000000e+00 -1.000000e+00
    outer loop
      vertex   1.128594e+01 -4.568368e+01 -7.500000e+00
      vertex   1.397663e+01 -5.586957e+01 -7.500000e+00
      vertex   1.271173e+01 -5.565218e+01 -7.500000e+00
    endloop
  endfacet
  facet normal -0.000000e+00 0.000000e+00 -1.000000e+00
    outer loop
      vertex   1.982001e+01 -5.142486e+01 -7.500000e+00
      vertex   1.814960e+01 -5.869813e+01 -7.500000e+00
      vertex   1.782001e+01 -5.142486e+01 -7.500000e+00
    endloop
  endfacet
  facet normal 0.000000e+00 -0.000000e+00 -1.000000e+00
    outer loop
      vertex   1.782001e+01 -5.142486e+01 -7.500000e+00
      vertex   1.814960e+01 -5.869813e+01 -7.500000e+00
      vertex   1.730350e+01 -5.773307e+01 -7.500000e+00
    endloop
  endfacet
  facet normal 0.000000e+00 0.000000e+00 -1.000000e+00
    outer loop
      vertex   1.782001e+01 -5.142486e+01 -7.500000e+00
      vertex   1.730350e+01 -5.773307e+01 -7.500000e+00
      vertex   1.630617e+01 -5.692526e+01 -7.500000e+00
    endloop
  endfacet
  facet normal 0.000000e+00 0.000000e+00 -1.000000e+00
    outer loop
      vertex   1.982001e+01 -6.178823e+01 -7.500000e+00
      vertex   1.882001e+01 -5.979255e+01 -7.500000e+00
      vertex   1.982001e+01 -5.142486e+01 -7.500000e+00
    endloop
  endfacet
  facet normal 0.000000e+00 0.000000e+00 -1.000000e+00
    outer loop
      vertex   1.982001e+01 -5.142486e+01 -7.500000e+00
      vertex   1.882001e+01 -5.979255e+01 -7.500000e+00
      vertex   1.814960e+01 -5.869813e+01 -7.500000e+00
    endloop
  endfacet
  facet normal 0.000000e+00 0.000000e+00 -1.000000e+00
    outer loop
      vertex   1.630617e+01 -5.692526e+01 -7.500000e+00
      vertex   1.518643e+01 -5.629805e+01 -7.500000e+00
      vertex   1.782001e+01 -5.142486e+01 -7.500000e+00
    endloop
  endfacet
  facet normal 0.000000e+00 0.000000e+00 -1.000000e+00
    outer loop
      vertex   1.782001e+01 -5.142486e+01 -7.500000e+00
      vertex   1.518643e+01 -5.629805e+01 -7.500000e+00
      vertex   1.397663e+01 -5.586957e+01 -7.500000e+00
    endloop
  endfacet
  facet normal 0.000000e+00 0.000000e+00 -1.000000e+00
    outer loop
      vertex   1.142829e+01 -5.565218e+01 -7.500000e+00
      vertex   1.102712e+01 -4.613197e+01 -7.500000e+00
      vertex   1.271173e+01 -5.565218e+01 -7.500000e+00
    endloop
  endfacet
  facet normal 0.000000e+00 0.000000e+00 -1.000000e+00
    outer loop
      vertex   1.271173e+01 -5.565218e+01 -7.500000e+00
      vertex   1.102712e+01 -4.613197e+01 -7.500000e+00
      vertex   1.118604e+01 -4.592486e+01 -7.500000e+00
    endloop
  endfacet
  facet normal 0.000000e+00 0.000000e+00 -1.000000e+00
    outer loop
      vertex   1.271173e+01 -5.565218e+01 -7.500000e+00
      vertex   1.118604e+01 -4.592486e+01 -7.500000e+00
      vertex   1.128594e+01 -4.568368e+01 -7.500000e+00
    endloop
  endfacet
  facet normal 0.000000e+00 0.000000e+00 -1.000000e+00
    outer loop
      vertex   1.016340e+01 -5.586957e+01 -7.500000e+00
      vertex   1.057883e+01 -4.639079e+01 -7.500000e+00
      vertex   1.142829e+01 -5.565218e+01 -7.500000e+00
    endloop
  endfacet
  facet normal 0.000000e+00 0.000000e+00 -1.000000e+00
    outer loop
      vertex   1.142829e+01 -5.565218e+01 -7.500000e+00
      vertex   1.057883e+01 -4.639079e+01 -7.500000e+00
      vertex   1.082001e+01 -4.629089e+01 -7.500000e+00
    endloop
  endfacet
  facet normal 0.000000e+00 0.000000e+00 -1.000000e+00
    outer loop
      vertex   1.142829e+01 -5.565218e+01 -7.500000e+00
      vertex   1.082001e+01 -4.629089e+01 -7.500000e+00
      vertex   1.102712e+01 -4.613197e+01 -7.500000e+00
    endloop
  endfacet
  facet normal 0.000000e+00 0.000000e+00 -1.000000e+00
    outer loop
      vertex   8.953597e+00 -5.629805e+01 -7.500000e+00
      vertex   9.820013e+00 -4.629089e+01 -7.500000e+00
      vertex   1.016340e+01 -5.586957e+01 -7.500000e+00
    endloop
  endfacet
  facet normal 0.000000e+00 0.000000e+00 -1.000000e+00
    outer loop
      vertex   1.016340e+01 -5.586957e+01 -7.500000e+00
      vertex   9.820013e+00 -4.629089e+01 -7.500000e+00
      vertex   1.006119e+01 -4.639079e+01 -7.500000e+00
    endloop
  endfacet
  facet normal 0.000000e+00 0.000000e+00 -1.000000e+00
    outer loop
      vertex   1.016340e+01 -5.586957e+01 -7.500000e+00
      vertex   1.006119e+01 -4.639079e+01 -7.500000e+00
      vertex   1.032001e+01 -4.642486e+01 -7.500000e+00
    endloop
  endfacet
  facet normal 0.000000e+00 0.000000e+00 -1.000000e+00
    outer loop
      vertex   7.833853e+00 -5.692526e+01 -7.500000e+00
      vertex   9.453987e+00 -4.592486e+01 -7.500000e+00
      vertex   8.953597e+00 -5.629805e+01 -7.500000e+00
    endloop
  endfacet
  facet normal 0.000000e+00 0.000000e+00 -1.000000e+00
    outer loop
      vertex   8.953597e+00 -5.629805e+01 -7.500000e+00
      vertex   9.453987e+00 -4.592486e+01 -7.500000e+00
      vertex   9.612906e+00 -4.613197e+01 -7.500000e+00
    endloop
  endfacet
  facet normal 0.000000e+00 0.000000e+00 -1.000000e+00
    outer loop
      vertex   8.953597e+00 -5.629805e+01 -7.500000e+00
      vertex   9.612906e+00 -4.613197e+01 -7.500000e+00
      vertex   9.820013e+00 -4.629089e+01 -7.500000e+00
    endloop
  endfacet
  facet normal -0.000000e+00 0.000000e+00 -1.000000e+00
    outer loop
      vertex   9.453987e+00 -4.592486e+01 -7.500000e+00
      vertex   7.833853e+00 -5.692526e+01 -7.500000e+00
      vertex   9.354087e+00 -4.568368e+01 -7.500000e+00
    endloop
  endfacet
  facet normal 0.000000e+00 0.000000e+00 -1.000000e+00
    outer loop
      vertex   9.354087e+00 -4.568368e+01 -7.500000e+00
      vertex   7.833853e+00 -5.692526e+01 -7.500000e+00
      vertex   6.836523e+00 -5.773307e+01 -7.500000e+00
    endloop
  endfacet
  facet normal -0.000000e+00 0.000000e+00 -1.000000e+00
    outer loop
      vertex   9.354087e+00 -4.568368e+01 -7.500000e+00
      vertex   6.836523e+00 -5.773307e+01 -7.500000e+00
      vertex   9.320013e+00 -4.542486e+01 -7.500000e+00
    endloop
  endfacet
  facet normal 0.000000e+00 0.000000e+00 -1.000000e+00
    outer loop
      vertex   9.320013e+00 -4.542486e+01 -7.500000e+00
      vertex   6.836523e+00 -5.773307e+01 -7.500000e+00
      vertex   5.990426e+00 -5.869813e+01 -7.500000e+00
    endloop
  endfacet
  facet normal -0.000000e+00 0.000000e+00 -1.000000e+00
    outer loop
      vertex   9.320013e+00 -4.542486e+01 -7.500000e+00
      vertex   5.990426e+00 -5.869813e+01 -7.500000e+00
      vertex   5.320013e+00 -3.042486e+01 -7.500000e+00
    endloop
  endfacet
  facet normal 0.000000e+00 -0.000000e+00 -1.000000e+00
    outer loop
      vertex   5.320013e+00 -3.042486e+01 -7.500000e+00
      vertex   5.990426e+00 -5.869813e+01 -7.500000e+00
      vertex   5.320013e+00 -5.979255e+01 -7.500000e+00
    endloop
  endfacet
  facet normal -0.000000e+00 0.000000e+00 -1.000000e+00
    outer loop
      vertex   1.682001e+01 -3.042486e+01 -7.500000e+00
      vertex   1.057883e+01 -4.445893e+01 -7.500000e+00
      vertex   5.320013e+00 -3.042486e+01 -7.500000e+00
    endloop
  endfacet
  facet normal 0.000000e+00 0.000000e+00 -1.000000e+00
    outer loop
      vertex   5.320013e+00 -3.042486e+01 -7.500000e+00
      vertex   1.057883e+01 -4.445893e+01 -7.500000e+00
      vertex   1.032001e+01 -4.442486e+01 -7.500000e+00
    endloop
  endfacet
  facet normal 0.000000e+00 0.000000e+00 -1.000000e+00
    outer loop
      vertex   5.320013e+00 -3.042486e+01 -7.500000e+00
      vertex   1.032001e+01 -4.442486e+01 -7.500000e+00
      vertex   1.006119e+01 -4.445893e+01 -7.500000e+00
    endloop
  endfacet
  facet normal 0.000000e+00 -0.000000e+00 -1.000000e+00
    outer loop
      vertex   1.032001e+01 -4.642486e+01 -7.500000e+00
      vertex   1.057883e+01 -4.639079e+01 -7.500000e+00
      vertex   1.016340e+01 -5.586957e+01 -7.500000e+00
    endloop
  endfacet
  facet normal 0.000000e+00 0.000000e+00 -1.000000e+00
    outer loop
      vertex   1.102712e+01 -4.471775e+01 -7.500000e+00
      vertex   1.082001e+01 -4.455883e+01 -7.500000e+00
      vertex   1.682001e+01 -3.042486e+01 -7.500000e+00
    endloop
  endfacet
  facet normal 0.000000e+00 0.000000e+00 -1.000000e+00
    outer loop
      vertex   1.682001e+01 -3.042486e+01 -7.500000e+00
      vertex   1.082001e+01 -4.455883e+01 -7.500000e+00
      vertex   1.057883e+01 -4.445893e+01 -7.500000e+00
    endloop
  endfacet
  facet normal -0.000000e+00 0.000000e+00 -1.000000e+00
    outer loop
      vertex   1.006119e+01 -4.445893e+01 -7.500000e+00
      vertex   9.820013e+00 -4.455883e+01 -7.500000e+00
      vertex   5.320013e+00 -3.042486e+01 -7.500000e+00
    endloop
  endfacet
  facet normal 0.000000e+00 0.000000e+00 -1.000000e+00
    outer loop
      vertex   5.320013e+00 -3.042486e+01 -7.500000e+00
      vertex   9.820013e+00 -4.455883e+01 -7.500000e+00
      vertex   9.612906e+00 -4.471775e+01 -7.500000e+00
    endloop
  endfacet
  facet normal 0.000000e+00 0.000000e+00 -1.000000e+00
    outer loop
      vertex   5.320013e+00 -3.042486e+01 -7.500000e+00
      vertex   9.612906e+00 -4.471775e+01 -7.500000e+00
      vertex   9.453987e+00 -4.492486e+01 -7.500000e+00
    endloop
  endfacet
  facet normal -0.000000e+00 0.000000e+00 -1.000000e+00
    outer loop
      vertex   9.453987e+00 -4.492486e+01 -7.500000e+00
      vertex   9.354087e+00 -4.516604e+01 -7.500000e+00
      vertex   5.320013e+00 -3.042486e+01 -7.500000e+00
    endloop
  endfacet
  facet normal 0.000000e+00 0.000000e+00 -1.000000e+00
    outer loop
      vertex   5.320013e+00 -3.042486e+01 -7.500000e+00
      vertex   9.354087e+00 -4.516604e+01 -7.500000e+00
      vertex   9.320013e+00 -4.542486e+01 -7.500000e+00
    endloop
  endfacet
  facet normal 0.000000e+00 0.000000e+00 -1.000000e+00
    outer loop
      vertex   1.442005e+02 -3.614955e+01 7.500000e+00
      vertex   1.417271e+02 -3.590261e+01 7.500000e+00
      vertex   1.441051e+02 -3.542486e+01 7.500000e+00
    endloop
  endfacet
  facet normal -0.000000e+00 0.000000e+00 -1.000000e+00
    outer loop
      vertex   1.441051e+02 -3.542486e+01 7.500000e+00
      vertex   1.417271e+02 -3.590261e+01 7.500000e+00
      vertex   1.417292e+02 -3.492496e+01 7.500000e+00
    endloop
  endfacet
  facet normal 0.000000e+00 0.000000e+00 -1.000000e+00
    outer loop
      vertex   1.441051e+02 -3.542486e+01 7.500000e+00
      vertex   1.417292e+02 -3.492496e+01 7.500000e+00
      vertex   1.442005e+02 -3.470017e+01 7.500000e+00
    endloop
  endfacet
  facet normal -0.000000e+00 0.000000e+00 -1.000000e+00
    outer loop
      vertex   1.442005e+02 -3.470017e+01 7.500000e+00
      vertex   1.417292e+02 -3.492496e+01 7.500000e+00
      vertex   1.419143e+02 -3.396498e+01 7.500000e+00
    endloop
  endfacet
  facet normal 0.000000e+00 0.000000e+00 -1.000000e+00
    outer loop
      vertex   1.442005e+02 -3.470017e+01 7.500000e+00
      vertex   1.419143e+02 -3.396498e+01 7.500000e+00
      vertex   1.444803e+02 -3.402486e+01 7.500000e+00
    endloop
  endfacet
  facet normal 0.000000e+00 0.000000e+00 -1.000000e+00
    outer loop
      vertex   1.444803e+02 -3.402486e+01 7.500000e+00
      vertex   1.419143e+02 -3.396498e+01 7.500000e+00
      vertex   1.419673e+02 -3.378393e+01 7.500000e+00
    endloop
  endfacet
  facet normal 0.000000e+00 0.000000e+00 -1.000000e+00
    outer loop
      vertex   1.444803e+02 -3.402486e+01 7.500000e+00
      vertex   1.419673e+02 -3.378393e+01 7.500000e+00
      vertex   1.449252e+02 -3.344496e+01 7.500000e+00
    endloop
  endfacet
  facet normal -0.000000e+00 0.000000e+00 -1.000000e+00
    outer loop
      vertex   1.449252e+02 -3.344496e+01 7.500000e+00
      vertex   1.419673e+02 -3.378393e+01 7.500000e+00
      vertex   1.418079e+02 -3.290393e+01 7.500000e+00
    endloop
  endfacet
  facet normal 0.000000e+00 0.000000e+00 -1.000000e+00
    outer loop
      vertex   1.449252e+02 -3.344496e+01 7.500000e+00
      vertex   1.418079e+02 -3.290393e+01 7.500000e+00
      vertex   1.455051e+02 -3.299999e+01 7.500000e+00
    endloop
  endfacet
  facet normal 0.000000e+00 0.000000e+00 -1.000000e+00
    outer loop
      vertex   1.455051e+02 -3.299999e+01 7.500000e+00
      vertex   1.418079e+02 -3.290393e+01 7.500000e+00
      vertex   1.469051e+02 -3.042486e+01 7.500000e+00
    endloop
  endfacet
  facet normal 0.000000e+00 0.000000e+00 -1.000000e+00
    outer loop
      vertex   1.455051e+02 -3.299999e+01 7.500000e+00
      vertex   1.469051e+02 -3.042486e+01 7.500000e+00
      vertex   1.461804e+02 -3.272027e+01 7.500000e+00
    endloop
  endfacet
  facet normal 0.000000e+00 0.000000e+00 -1.000000e+00
    outer loop
      vertex   1.461804e+02 -3.272027e+01 7.500000e+00
      vertex   1.469051e+02 -3.042486e+01 7.500000e+00
      vertex   1.469051e+02 -3.262486e+01 7.500000e+00
    endloop
  endfacet
  facet normal 0.000000e+00 0.000000e+00 -1.000000e+00
    outer loop
      vertex   1.469051e+02 -3.262486e+01 7.500000e+00
      vertex   1.469051e+02 -3.042486e+01 7.500000e+00
      vertex   1.478806e+02 -3.052093e+01 7.500000e+00
    endloop
  endfacet
  facet normal 0.000000e+00 0.000000e+00 -1.000000e+00
    outer loop
      vertex   1.469051e+02 -3.262486e+01 7.500000e+00
      vertex   1.478806e+02 -3.052093e+01 7.500000e+00
      vertex   1.476298e+02 -3.272027e+01 7.500000e+00
    endloop
  endfacet
  facet normal 0.000000e+00 0.000000e+00 -1.000000e+00
    outer loop
      vertex   1.476298e+02 -3.272027e+01 7.500000e+00
      vertex   1.478806e+02 -3.052093e+01 7.500000e+00
      vertex   1.488186e+02 -3.080546e+01 7.500000e+00
    endloop
  endfacet
  facet normal 0.000000e+00 0.000000e+00 -1.000000e+00
    outer loop
      vertex   1.476298e+02 -3.272027e+01 7.500000e+00
      vertex   1.488186e+02 -3.080546e+01 7.500000e+00
      vertex   1.496830e+02 -3.126751e+01 7.500000e+00
    endloop
  endfacet
  facet normal 0.000000e+00 0.000000e+00 -1.000000e+00
    outer loop
      vertex   1.417271e+02 -3.590261e+01 7.500000e+00
      vertex   1.442005e+02 -3.614955e+01 7.500000e+00
      vertex   1.419081e+02 -3.686337e+01 7.500000e+00
    endloop
  endfacet
  facet normal 0.000000e+00 0.000000e+00 -1.000000e+00
    outer loop
      vertex   1.419081e+02 -3.686337e+01 7.500000e+00
      vertex   1.442005e+02 -3.614955e+01 7.500000e+00
      vertex   1.444803e+02 -3.682486e+01 7.500000e+00
    endloop
  endfacet
  facet normal 0.000000e+00 0.000000e+00 -1.000000e+00
    outer loop
      vertex   1.419081e+02 -3.686337e+01 7.500000e+00
      vertex   1.444803e+02 -3.682486e+01 7.500000e+00
      vertex   1.422656e+02 -3.777328e+01 7.500000e+00
    endloop
  endfacet
  facet normal 0.000000e+00 0.000000e+00 -1.000000e+00
    outer loop
      vertex   1.422656e+02 -3.777328e+01 7.500000e+00
      vertex   1.444803e+02 -3.682486e+01 7.500000e+00
      vertex   1.449252e+02 -3.740476e+01 7.500000e+00
    endloop
  endfacet
  facet normal 0.000000e+00 0.000000e+00 -1.000000e+00
    outer loop
      vertex   1.422656e+02 -3.777328e+01 7.500000e+00
      vertex   1.449252e+02 -3.740476e+01 7.500000e+00
      vertex   1.427872e+02 -3.860018e+01 7.500000e+00
    endloop
  endfacet
  facet normal 0.000000e+00 0.000000e+00 -1.000000e+00
    outer loop
      vertex   1.427872e+02 -3.860018e+01 7.500000e+00
      vertex   1.449252e+02 -3.740476e+01 7.500000e+00
      vertex   1.455051e+02 -3.784973e+01 7.500000e+00
    endloop
  endfacet
  facet normal 0.000000e+00 0.000000e+00 -1.000000e+00
    outer loop
      vertex   1.427872e+02 -3.860018e+01 7.500000e+00
      vertex   1.455051e+02 -3.784973e+01 7.500000e+00
      vertex   1.434543e+02 -3.931484e+01 7.500000e+00
    endloop
  endfacet
  facet normal 0.000000e+00 0.000000e+00 -1.000000e+00
    outer loop
      vertex   1.434543e+02 -3.931484e+01 7.500000e+00
      vertex   1.455051e+02 -3.784973e+01 7.500000e+00
      vertex   1.461804e+02 -3.812945e+01 7.500000e+00
    endloop
  endfacet
  facet normal 0.000000e+00 0.000000e+00 -1.000000e+00
    outer loop
      vertex   1.434543e+02 -3.931484e+01 7.500000e+00
      vertex   1.461804e+02 -3.812945e+01 7.500000e+00
      vertex   1.442434e+02 -3.989200e+01 7.500000e+00
    endloop
  endfacet
  facet normal 0.000000e+00 0.000000e+00 -1.000000e+00
    outer loop
      vertex   1.442434e+02 -3.989200e+01 7.500000e+00
      vertex   1.461804e+02 -3.812945e+01 7.500000e+00
      vertex   1.451266e+02 -4.031126e+01 7.500000e+00
    endloop
  endfacet
  facet normal 0.000000e+00 0.000000e+00 -1.000000e+00
    outer loop
      vertex   1.451266e+02 -4.031126e+01 7.500000e+00
      vertex   1.461804e+02 -3.812945e+01 7.500000e+00
      vertex   1.469051e+02 -3.822486e+01 7.500000e+00
    endloop
  endfacet
  facet normal 0.000000e+00 0.000000e+00 -1.000000e+00
    outer loop
      vertex   1.451266e+02 -4.031126e+01 7.500000e+00
      vertex   1.469051e+02 -3.822486e+01 7.500000e+00
      vertex   1.476298e+02 -3.812945e+01 7.500000e+00
    endloop
  endfacet
  facet normal 0.000000e+00 0.000000e+00 -1.000000e+00
    outer loop
      vertex   1.451266e+02 -4.031126e+01 7.500000e+00
      vertex   1.476298e+02 -3.812945e+01 7.500000e+00
      vertex   1.514353e+02 -4.260743e+01 7.500000e+00
    endloop
  endfacet
  facet normal 0.000000e+00 0.000000e+00 -1.000000e+00
    outer loop
      vertex   1.514353e+02 -4.260743e+01 7.500000e+00
      vertex   1.476298e+02 -3.812945e+01 7.500000e+00
      vertex   1.483051e+02 -3.784973e+01 7.500000e+00
    endloop
  endfacet
  facet normal 0.000000e+00 0.000000e+00 -1.000000e+00
    outer loop
      vertex   1.514353e+02 -4.260743e+01 7.500000e+00
      vertex   1.483051e+02 -3.784973e+01 7.500000e+00
      vertex   1.488850e+02 -3.740476e+01 7.500000e+00
    endloop
  endfacet
  facet normal 0.000000e+00 0.000000e+00 -1.000000e+00
    outer loop
      vertex   1.514353e+02 -4.260743e+01 7.500000e+00
      vertex   1.488850e+02 -3.740476e+01 7.500000e+00
      vertex   1.519051e+02 -3.542486e+01 7.500000e+00
    endloop
  endfacet
  facet normal 0.000000e+00 0.000000e+00 -1.000000e+00
    outer loop
      vertex   1.519051e+02 -3.542486e+01 7.500000e+00
      vertex   1.488850e+02 -3.740476e+01 7.500000e+00
      vertex   1.493300e+02 -3.682486e+01 7.500000e+00
    endloop
  endfacet
  facet normal 0.000000e+00 0.000000e+00 -1.000000e+00
    outer loop
      vertex   1.519051e+02 -3.542486e+01 7.500000e+00
      vertex   1.493300e+02 -3.682486e+01 7.500000e+00
      vertex   1.496097e+02 -3.614955e+01 7.500000e+00
    endloop
  endfacet
  facet normal 0.000000e+00 0.000000e+00 -1.000000e+00
    outer loop
      vertex   1.496097e+02 -3.614955e+01 7.500000e+00
      vertex   1.497051e+02 -3.542486e+01 7.500000e+00
      vertex   1.519051e+02 -3.542486e+01 7.500000e+00
    endloop
  endfacet
  facet normal 0.000000e+00 0.000000e+00 -1.000000e+00
    outer loop
      vertex   1.519051e+02 -3.542486e+01 7.500000e+00
      vertex   1.497051e+02 -3.542486e+01 7.500000e+00
      vertex   1.496097e+02 -3.470017e+01 7.500000e+00
    endloop
  endfacet
  facet normal 0.000000e+00 0.000000e+00 -1.000000e+00
    outer loop
      vertex   1.519051e+02 -3.542486e+01 7.500000e+00
      vertex   1.496097e+02 -3.470017e+01 7.500000e+00
      vertex   1.518091e+02 -3.444941e+01 7.500000e+00
    endloop
  endfacet
  facet normal -0.000000e+00 0.000000e+00 -1.000000e+00
    outer loop
      vertex   1.518091e+02 -3.444941e+01 7.500000e+00
      vertex   1.496097e+02 -3.470017e+01 7.500000e+00
      vertex   1.493300e+02 -3.402486e+01 7.500000e+00
    endloop
  endfacet
  facet normal 0.000000e+00 0.000000e+00 -1.000000e+00
    outer loop
      vertex   1.518091e+02 -3.444941e+01 7.500000e+00
      vertex   1.493300e+02 -3.402486e+01 7.500000e+00
      vertex   1.515245e+02 -3.351144e+01 7.500000e+00
    endloop
  endfacet
  facet normal -0.000000e+00 0.000000e+00 -1.000000e+00
    outer loop
      vertex   1.515245e+02 -3.351144e+01 7.500000e+00
      vertex   1.493300e+02 -3.402486e+01 7.500000e+00
      vertex   1.488850e+02 -3.344496e+01 7.500000e+00
    endloop
  endfacet
  facet normal 0.000000e+00 0.000000e+00 -1.000000e+00
    outer loop
      vertex   1.515245e+02 -3.351144e+01 7.500000e+00
      vertex   1.488850e+02 -3.344496e+01 7.500000e+00
      vertex   1.510625e+02 -3.264701e+01 7.500000e+00
    endloop
  endfacet
  facet normal 0.000000e+00 0.000000e+00 -1.000000e+00
    outer loop
      vertex   1.510625e+02 -3.264701e+01 7.500000e+00
      vertex   1.488850e+02 -3.344496e+01 7.500000e+00
      vertex   1.483051e+02 -3.299999e+01 7.500000e+00
    endloop
  endfacet
  facet normal -0.000000e+00 0.000000e+00 -1.000000e+00
    outer loop
      vertex   1.510625e+02 -3.264701e+01 7.500000e+00
      vertex   1.483051e+02 -3.299999e+01 7.500000e+00
      vertex   1.504407e+02 -3.188933e+01 7.500000e+00
    endloop
  endfacet
  facet normal -0.000000e+00 0.000000e+00 -1.000000e+00
    outer loop
      vertex   1.504407e+02 -3.188933e+01 7.500000e+00
      vertex   1.483051e+02 -3.299999e+01 7.500000e+00
      vertex   1.496830e+02 -3.126751e+01 7.500000e+00
    endloop
  endfacet
  facet normal 0.000000e+00 0.000000e+00 -1.000000e+00
    outer loop
      vertex   1.496830e+02 -3.126751e+01 7.500000e+00
      vertex   1.483051e+02 -3.299999e+01 7.500000e+00
      vertex   1.476298e+02 -3.272027e+01 7.500000e+00
    endloop
  endfacet
  facet normal 0.000000e+00 0.000000e+00 -1.000000e+00
    outer loop
      vertex   1.782001e+01 -5.142486e+01 7.500000e+00
      vertex   1.782001e+01 -3.142486e+01 7.500000e+00
      vertex   1.982001e+01 -5.142486e+01 7.500000e+00
    endloop
  endfacet
  facet normal 0.000000e+00 0.000000e+00 -1.000000e+00
    outer loop
      vertex   1.982001e+01 -5.142486e+01 7.500000e+00
      vertex   1.782001e+01 -3.142486e+01 7.500000e+00
      vertex   1.345495e+02 -3.222046e+01 7.500000e+00
    endloop
  endfacet
  facet normal 0.000000e+00 0.000000e+00 -1.000000e+00
    outer loop
      vertex   1.982001e+01 -5.142486e+01 7.500000e+00
      vertex   1.345495e+02 -3.222046e+01 7.500000e+00
      vertex   1.982001e+01 -6.178823e+01 7.500000e+00
    endloop
  endfacet
  facet normal 0.000000e+00 0.000000e+00 -1.000000e+00
    outer loop
      vertex   1.982001e+01 -6.178823e+01 7.500000e+00
      vertex   1.345495e+02 -3.222046e+01 7.500000e+00
      vertex   6.736494e+01 -1.040990e+02 7.500000e+00
    endloop
  endfacet
  facet normal 0.000000e+00 0.000000e+00 -1.000000e+00
    outer loop
      vertex   1.982001e+01 -6.178823e+01 7.500000e+00
      vertex   6.736494e+01 -1.040990e+02 7.500000e+00
      vertex   6.597511e+01 -1.040051e+02 7.500000e+00
    endloop
  endfacet
  facet normal 3.008416e-17 3.008416e-17 -1.000000e+00
    outer loop
      vertex   1.682001e+01 -3.042486e+01 7.500000e+00
      vertex   1.354125e+02 -3.092486e+01 7.500000e+00
      vertex   1.782001e+01 -3.142486e+01 7.500000e+00
    endloop
  endfacet
  facet normal 1.510304e-17 3.553419e-15 -1.000000e+00
    outer loop
      vertex   1.782001e+01 -3.142486e+01 7.500000e+00
      vertex   1.354125e+02 -3.092486e+01 7.500000e+00
      vertex   1.345026e+02 -3.192079e+01 7.500000e+00
    endloop
  endfacet
  facet normal 0.000000e+00 0.000000e+00 -1.000000e+00
    outer loop
      vertex   1.782001e+01 -3.142486e+01 7.500000e+00
      vertex   1.345026e+02 -3.192079e+01 7.500000e+00
      vertex   1.345172e+02 -3.202084e+01 7.500000e+00
    endloop
  endfacet
  facet normal 0.000000e+00 -7.105427e-15 -1.000000e+00
    outer loop
      vertex   1.682001e+01 -3.042486e+01 7.500000e+00
      vertex   1.469051e+02 -3.042486e+01 7.500000e+00
      vertex   1.354125e+02 -3.092486e+01 7.500000e+00
    endloop
  endfacet
  facet normal -8.051366e-16 1.140086e-14 -1.000000e+00
    outer loop
      vertex   1.354125e+02 -3.092486e+01 7.500000e+00
      vertex   1.469051e+02 -3.042486e+01 7.500000e+00
      vertex   1.398251e+02 -3.092486e+01 7.500000e+00
    endloop
  endfacet
  facet normal 0.000000e+00 0.000000e+00 -1.000000e+00
    outer loop
      vertex   1.398251e+02 -3.092486e+01 7.500000e+00
      vertex   1.469051e+02 -3.042486e+01 7.500000e+00
      vertex   1.406249e+02 -3.132500e+01 7.500000e+00
    endloop
  endfacet
  facet normal 0.000000e+00 0.000000e+00 -1.000000e+00
    outer loop
      vertex   1.406249e+02 -3.132500e+01 7.500000e+00
      vertex   1.469051e+02 -3.042486e+01 7.500000e+00
      vertex   1.418079e+02 -3.290393e+01 7.500000e+00
    endloop
  endfacet
  facet normal 0.000000e+00 -0.000000e+00 -1.000000e+00
    outer loop
      vertex   1.519051e+02 -3.542486e+01 7.500000e+00
      vertex   1.519051e+02 -4.327844e+01 7.500000e+00
      vertex   1.514353e+02 -4.260743e+01 7.500000e+00
    endloop
  endfacet
  facet normal -0.000000e+00 -0.000000e+00 -1.000000e+00
    outer loop
      vertex   1.345172e+02 -3.202084e+01 7.500000e+00
      vertex   1.345329e+02 -3.212073e+01 7.500000e+00
      vertex   1.782001e+01 -3.142486e+01 7.500000e+00
    endloop
  endfacet
  facet normal 0.000000e+00 0.000000e+00 -1.000000e+00
    outer loop
      vertex   1.782001e+01 -3.142486e+01 7.500000e+00
      vertex   1.345329e+02 -3.212073e+01 7.500000e+00
      vertex   1.345495e+02 -3.222046e+01 7.500000e+00
    endloop
  endfacet
  facet normal 0.000000e+00 0.000000e+00 -1.000000e+00
    outer loop
      vertex   1.473979e+02 -1.068183e+02 7.500000e+00
      vertex   7.004384e+01 -1.048407e+02 7.500000e+00
      vertex   1.345495e+02 -3.222046e+01 7.500000e+00
    endloop
  endfacet
  facet normal 0.000000e+00 0.000000e+00 -1.000000e+00
    outer loop
      vertex   1.345495e+02 -3.222046e+01 7.500000e+00
      vertex   7.004384e+01 -1.048407e+02 7.500000e+00
      vertex   6.872946e+01 -1.043793e+02 7.500000e+00
    endloop
  endfacet
  facet normal 0.000000e+00 0.000000e+00 -1.000000e+00
    outer loop
      vertex   1.345495e+02 -3.222046e+01 7.500000e+00
      vertex   6.872946e+01 -1.043793e+02 7.500000e+00
      vertex   6.736494e+01 -1.040990e+02 7.500000e+00
    endloop
  endfacet
  facet normal -0.000000e+00 0.000000e+00 -1.000000e+00
    outer loop
      vertex   1.474334e+02 -1.073266e+02 7.500000e+00
      vertex   1.471996e+02 -1.083133e+02 7.500000e+00
      vertex   1.473979e+02 -1.068183e+02 7.500000e+00
    endloop
  endfacet
  facet normal 0.000000e+00 0.000000e+00 -1.000000e+00
    outer loop
      vertex   1.473979e+02 -1.068183e+02 7.500000e+00
      vertex   1.471996e+02 -1.083133e+02 7.500000e+00
      vertex   7.988422e+01 -1.147964e+02 7.500000e+00
    endloop
  endfacet
  facet normal 0.000000e+00 0.000000e+00 -1.000000e+00
    outer loop
      vertex   1.473979e+02 -1.068183e+02 7.500000e+00
      vertex   7.988422e+01 -1.147964e+02 7.500000e+00
      vertex   7.508154e+01 -1.094655e+02 7.500000e+00
    endloop
  endfacet
  facet normal 0.000000e+00 0.000000e+00 -1.000000e+00
    outer loop
      vertex   7.508154e+01 -1.094655e+02 7.500000e+00
      vertex   7.988422e+01 -1.147964e+02 7.500000e+00
      vertex   7.565337e+01 -1.107357e+02 7.500000e+00
    endloop
  endfacet
  facet normal 0.000000e+00 0.000000e+00 -1.000000e+00
    outer loop
      vertex   7.565337e+01 -1.107357e+02 7.500000e+00
      vertex   7.988422e+01 -1.147964e+02 7.500000e+00
      vertex   7.593266e+01 -1.117438e+02 7.500000e+00
    endloop
  endfacet
  facet normal 0.000000e+00 0.000000e+00 -1.000000e+00
    outer loop
      vertex   7.593266e+01 -1.117438e+02 7.500000e+00
      vertex   7.988422e+01 -1.147964e+02 7.500000e+00
      vertex   7.641991e+01 -1.126694e+02 7.500000e+00
    endloop
  endfacet
  facet normal 0.000000e+00 0.000000e+00 -1.000000e+00
    outer loop
      vertex   7.641991e+01 -1.126694e+02 7.500000e+00
      vertex   7.988422e+01 -1.147964e+02 7.500000e+00
      vertex   7.709283e+01 -1.134703e+02 7.500000e+00
    endloop
  endfacet
  facet normal 0.000000e+00 0.000000e+00 -1.000000e+00
    outer loop
      vertex   7.709283e+01 -1.134703e+02 7.500000e+00
      vertex   7.988422e+01 -1.147964e+02 7.500000e+00
      vertex   7.792066e+01 -1.141098e+02 7.500000e+00
    endloop
  endfacet
  facet normal 0.000000e+00 0.000000e+00 -1.000000e+00
    outer loop
      vertex   7.792066e+01 -1.141098e+02 7.500000e+00
      vertex   7.988422e+01 -1.147964e+02 7.500000e+00
      vertex   7.886552e+01 -1.145587e+02 7.500000e+00
    endloop
  endfacet
  facet normal 0.000000e+00 0.000000e+00 -1.000000e+00
    outer loop
      vertex   1.474334e+02 -1.073266e+02 7.500000e+00
      vertex   1.473664e+02 -1.078318e+02 7.500000e+00
      vertex   1.471996e+02 -1.083133e+02 7.500000e+00
    endloop
  endfacet
  facet normal 0.000000e+00 0.000000e+00 -1.000000e+00
    outer loop
      vertex   7.988422e+01 -1.147964e+02 7.500000e+00
      vertex   1.471996e+02 -1.083133e+02 7.500000e+00
      vertex   1.388736e+02 -1.220349e+02 7.500000e+00
    endloop
  endfacet
  facet normal 0.000000e+00 0.000000e+00 -1.000000e+00
    outer loop
      vertex   1.388736e+02 -1.220349e+02 7.500000e+00
      vertex   1.471996e+02 -1.083133e+02 7.500000e+00
      vertex   1.419415e+02 -1.202034e+02 7.500000e+00
    endloop
  endfacet
  facet normal 0.000000e+00 0.000000e+00 -1.000000e+00
    outer loop
      vertex   1.388736e+02 -1.220349e+02 7.500000e+00
      vertex   1.419415e+02 -1.202034e+02 7.500000e+00
      vertex   1.416505e+02 -1.207754e+02 7.500000e+00
    endloop
  endfacet
  facet normal 0.000000e+00 0.000000e+00 -1.000000e+00
    outer loop
      vertex   1.416505e+02 -1.207754e+02 7.500000e+00
      vertex   1.412392e+02 -1.212681e+02 7.500000e+00
      vertex   1.388736e+02 -1.220349e+02 7.500000e+00
    endloop
  endfacet
  facet normal 0.000000e+00 0.000000e+00 -1.000000e+00
    outer loop
      vertex   1.388736e+02 -1.220349e+02 7.500000e+00
      vertex   1.412392e+02 -1.212681e+02 7.500000e+00
      vertex   1.407285e+02 -1.216568e+02 7.500000e+00
    endloop
  endfacet
  facet normal 0.000000e+00 0.000000e+00 -1.000000e+00
    outer loop
      vertex   1.388736e+02 -1.220349e+02 7.500000e+00
      vertex   1.407285e+02 -1.216568e+02 7.500000e+00
      vertex   1.401440e+02 -1.219219e+02 7.500000e+00
    endloop
  endfacet
  facet normal 0.000000e+00 0.000000e+00 -1.000000e+00
    outer loop
      vertex   1.401440e+02 -1.219219e+02 7.500000e+00
      vertex   1.395152e+02 -1.220501e+02 7.500000e+00
      vertex   1.388736e+02 -1.220349e+02 7.500000e+00
    endloop
  endfacet
  facet normal 0.000000e+00 0.000000e+00 -1.000000e+00
    outer loop
      vertex   7.508154e+01 -1.094655e+02 7.500000e+00
      vertex   7.434392e+01 -1.082838e+02 7.500000e+00
      vertex   1.473979e+02 -1.068183e+02 7.500000e+00
    endloop
  endfacet
  facet normal 0.000000e+00 0.000000e+00 -1.000000e+00
    outer loop
      vertex   1.473979e+02 -1.068183e+02 7.500000e+00
      vertex   7.434392e+01 -1.082838e+02 7.500000e+00
      vertex   7.345393e+01 -1.072122e+02 7.500000e+00
    endloop
  endfacet
  facet normal -0.000000e+00 0.000000e+00 -1.000000e+00
    outer loop
      vertex   1.473979e+02 -1.068183e+02 7.500000e+00
      vertex   7.345393e+01 -1.072122e+02 7.500000e+00
      vertex   7.242777e+01 -1.062701e+02 7.500000e+00
    endloop
  endfacet
  facet normal 0.000000e+00 0.000000e+00 -1.000000e+00
    outer loop
      vertex   7.242777e+01 -1.062701e+02 7.500000e+00
      vertex   7.128414e+01 -1.054748e+02 7.500000e+00
      vertex   1.473979e+02 -1.068183e+02 7.500000e+00
    endloop
  endfacet
  facet normal 0.000000e+00 0.000000e+00 -1.000000e+00
    outer loop
      vertex   1.473979e+02 -1.068183e+02 7.500000e+00
      vertex   7.128414e+01 -1.054748e+02 7.500000e+00
      vertex   7.004384e+01 -1.048407e+02 7.500000e+00
    endloop
  endfacet
  facet normal 0.000000e+00 0.000000e+00 -1.000000e+00
    outer loop
      vertex   6.909643e+01 -1.071264e+02 7.500000e+00
      vertex   6.697511e+01 -1.064193e+02 7.500000e+00
      vertex   6.597511e+01 -1.040051e+02 7.500000e+00
    endloop
  endfacet
  facet normal 0.000000e+00 -0.000000e+00 -1.000000e+00
    outer loop
      vertex   6.597511e+01 -1.040051e+02 7.500000e+00
      vertex   6.697511e+01 -1.064193e+02 7.500000e+00
      vertex   6.556090e+01 -1.050051e+02 7.500000e+00
    endloop
  endfacet
  facet normal 0.000000e+00 0.000000e+00 -1.000000e+00
    outer loop
      vertex   6.597511e+01 -1.040051e+02 7.500000e+00
      vertex   6.556090e+01 -1.050051e+02 7.500000e+00
      vertex   2.235201e+01 -1.050051e+02 7.500000e+00
    endloop
  endfacet
  facet normal 0.000000e+00 0.000000e+00 -1.000000e+00
    outer loop
      vertex   6.948523e+01 -1.076296e+02 7.500000e+00
      vertex   6.535948e+01 -1.073539e+02 7.500000e+00
      vertex   6.909643e+01 -1.071264e+02 7.500000e+00
    endloop
  endfacet
  facet normal -0.000000e+00 0.000000e+00 -1.000000e+00
    outer loop
      vertex   6.909643e+01 -1.071264e+02 7.500000e+00
      vertex   6.535948e+01 -1.073539e+02 7.500000e+00
      vertex   6.581176e+01 -1.069069e+02 7.500000e+00
    endloop
  endfacet
  facet normal 0.000000e+00 0.000000e+00 -1.000000e+00
    outer loop
      vertex   6.909643e+01 -1.071264e+02 7.500000e+00
      vertex   6.581176e+01 -1.069069e+02 7.500000e+00
      vertex   6.636217e+01 -1.065885e+02 7.500000e+00
    endloop
  endfacet
  facet normal 0.000000e+00 -0.000000e+00 -1.000000e+00
    outer loop
      vertex   6.535948e+01 -1.073539e+02 7.500000e+00
      vertex   6.948523e+01 -1.076296e+02 7.500000e+00
      vertex   6.503460e+01 -1.079005e+02 7.500000e+00
    endloop
  endfacet
  facet normal 0.000000e+00 0.000000e+00 -1.000000e+00
    outer loop
      vertex   6.503460e+01 -1.079005e+02 7.500000e+00
      vertex   6.948523e+01 -1.076296e+02 7.500000e+00
      vertex   6.973451e+01 -1.082145e+02 7.500000e+00
    endloop
  endfacet
  facet normal 0.000000e+00 -0.000000e+00 -1.000000e+00
    outer loop
      vertex   6.503460e+01 -1.079005e+02 7.500000e+00
      vertex   6.973451e+01 -1.082145e+02 7.500000e+00
      vertex   6.485813e+01 -1.085114e+02 7.500000e+00
    endloop
  endfacet
  facet normal 0.000000e+00 0.000000e+00 -1.000000e+00
    outer loop
      vertex   6.485813e+01 -1.085114e+02 7.500000e+00
      vertex   6.973451e+01 -1.082145e+02 7.500000e+00
      vertex   6.982815e+01 -1.088435e+02 7.500000e+00
    endloop
  endfacet
  facet normal 0.000000e+00 -0.000000e+00 -1.000000e+00
    outer loop
      vertex   6.485813e+01 -1.085114e+02 7.500000e+00
      vertex   6.982815e+01 -1.088435e+02 7.500000e+00
      vertex   6.484149e+01 -1.091471e+02 7.500000e+00
    endloop
  endfacet
  facet normal 0.000000e+00 0.000000e+00 -1.000000e+00
    outer loop
      vertex   6.484149e+01 -1.091471e+02 7.500000e+00
      vertex   6.982815e+01 -1.088435e+02 7.500000e+00
      vertex   6.976008e+01 -1.094757e+02 7.500000e+00
    endloop
  endfacet
  facet normal 0.000000e+00 0.000000e+00 -1.000000e+00
    outer loop
      vertex   6.484149e+01 -1.091471e+02 7.500000e+00
      vertex   6.976008e+01 -1.094757e+02 7.500000e+00
      vertex   6.498576e+01 -1.097664e+02 7.500000e+00
    endloop
  endfacet
  facet normal 0.000000e+00 0.000000e+00 -1.000000e+00
    outer loop
      vertex   6.498576e+01 -1.097664e+02 7.500000e+00
      vertex   6.976008e+01 -1.094757e+02 7.500000e+00
      vertex   6.953471e+01 -1.100703e+02 7.500000e+00
    endloop
  endfacet
  facet normal 0.000000e+00 0.000000e+00 -1.000000e+00
    outer loop
      vertex   6.498576e+01 -1.097664e+02 7.500000e+00
      vertex   6.953471e+01 -1.100703e+02 7.500000e+00
      vertex   6.528161e+01 -1.103293e+02 7.500000e+00
    endloop
  endfacet
  facet normal 0.000000e+00 0.000000e+00 -1.000000e+00
    outer loop
      vertex   6.528161e+01 -1.103293e+02 7.500000e+00
      vertex   6.953471e+01 -1.100703e+02 7.500000e+00
      vertex   6.916663e+01 -1.105888e+02 7.500000e+00
    endloop
  endfacet
  facet normal 0.000000e+00 0.000000e+00 -1.000000e+00
    outer loop
      vertex   6.528161e+01 -1.103293e+02 7.500000e+00
      vertex   6.916663e+01 -1.105888e+02 7.500000e+00
      vertex   6.570988e+01 -1.107993e+02 7.500000e+00
    endloop
  endfacet
  facet normal 0.000000e+00 0.000000e+00 -1.000000e+00
    outer loop
      vertex   6.570988e+01 -1.107993e+02 7.500000e+00
      vertex   6.916663e+01 -1.105888e+02 7.500000e+00
      vertex   6.867963e+01 -1.109977e+02 7.500000e+00
    endloop
  endfacet
  facet normal 0.000000e+00 0.000000e+00 -1.000000e+00
    outer loop
      vertex   6.570988e+01 -1.107993e+02 7.500000e+00
      vertex   6.867963e+01 -1.109977e+02 7.500000e+00
      vertex   6.624289e+01 -1.111461e+02 7.500000e+00
    endloop
  endfacet
  facet normal 0.000000e+00 0.000000e+00 -1.000000e+00
    outer loop
      vertex   6.624289e+01 -1.111461e+02 7.500000e+00
      vertex   6.867963e+01 -1.109977e+02 7.500000e+00
      vertex   6.810524e+01 -1.112705e+02 7.500000e+00
    endloop
  endfacet
  facet normal 0.000000e+00 0.000000e+00 -1.000000e+00
    outer loop
      vertex   6.624289e+01 -1.111461e+02 7.500000e+00
      vertex   6.810524e+01 -1.112705e+02 7.500000e+00
      vertex   6.684614e+01 -1.113471e+02 7.500000e+00
    endloop
  endfacet
  facet normal 0.000000e+00 0.000000e+00 -1.000000e+00
    outer loop
      vertex   6.684614e+01 -1.113471e+02 7.500000e+00
      vertex   6.810524e+01 -1.112705e+02 7.500000e+00
      vertex   6.748060e+01 -1.113895e+02 7.500000e+00
    endloop
  endfacet
  facet normal 0.000000e+00 0.000000e+00 -1.000000e+00
    outer loop
      vertex   6.636217e+01 -1.065885e+02 7.500000e+00
      vertex   6.697511e+01 -1.064193e+02 7.500000e+00
      vertex   6.909643e+01 -1.071264e+02 7.500000e+00
    endloop
  endfacet
  facet normal 0.000000e+00 0.000000e+00 -1.000000e+00
    outer loop
      vertex   2.156607e+01 -1.049165e+02 7.500000e+00
      vertex   2.081954e+01 -1.046553e+02 7.500000e+00
      vertex   2.235201e+01 -1.050051e+02 7.500000e+00
    endloop
  endfacet
  facet normal 0.000000e+00 0.000000e+00 -1.000000e+00
    outer loop
      vertex   2.235201e+01 -1.050051e+02 7.500000e+00
      vertex   2.081954e+01 -1.046553e+02 7.500000e+00
      vertex   2.014985e+01 -1.042345e+02 7.500000e+00
    endloop
  endfacet
  facet normal 0.000000e+00 0.000000e+00 -1.000000e+00
    outer loop
      vertex   2.235201e+01 -1.050051e+02 7.500000e+00
      vertex   2.014985e+01 -1.042345e+02 7.500000e+00
      vertex   1.959058e+01 -1.036752e+02 7.500000e+00
    endloop
  endfacet
  facet normal 0.000000e+00 0.000000e+00 -1.000000e+00
    outer loop
      vertex   1.959058e+01 -1.036752e+02 7.500000e+00
      vertex   1.916979e+01 -1.030055e+02 7.500000e+00
      vertex   2.235201e+01 -1.050051e+02 7.500000e+00
    endloop
  endfacet
  facet normal 0.000000e+00 0.000000e+00 -1.000000e+00
    outer loop
      vertex   2.235201e+01 -1.050051e+02 7.500000e+00
      vertex   1.916979e+01 -1.030055e+02 7.500000e+00
      vertex   1.890857e+01 -1.022590e+02 7.500000e+00
    endloop
  endfacet
  facet normal 0.000000e+00 0.000000e+00 -1.000000e+00
    outer loop
      vertex   2.235201e+01 -1.050051e+02 7.500000e+00
      vertex   1.890857e+01 -1.022590e+02 7.500000e+00
      vertex   1.882001e+01 -1.014731e+02 7.500000e+00
    endloop
  endfacet
  facet normal 0.000000e+00 0.000000e+00 -1.000000e+00
    outer loop
      vertex   2.235201e+01 -1.050051e+02 7.500000e+00
      vertex   1.882001e+01 -1.014731e+02 7.500000e+00
      vertex   6.597511e+01 -1.040051e+02 7.500000e+00
    endloop
  endfacet
  facet normal 0.000000e+00 0.000000e+00 -1.000000e+00
    outer loop
      vertex   6.597511e+01 -1.040051e+02 7.500000e+00
      vertex   1.882001e+01 -1.014731e+02 7.500000e+00
      vertex   1.882001e+01 -6.317486e+01 7.500000e+00
    endloop
  endfacet
  facet normal 0.000000e+00 0.000000e+00 -1.000000e+00
    outer loop
      vertex   6.597511e+01 -1.040051e+02 7.500000e+00
      vertex   1.882001e+01 -6.317486e+01 7.500000e+00
      vertex   1.982001e+01 -6.178823e+01 7.500000e+00
    endloop
  endfacet
  facet normal 0.000000e+00 0.000000e+00 -1.000000e+00
    outer loop
      vertex   1.982001e+01 -6.178823e+01 7.500000e+00
      vertex   1.882001e+01 -6.317486e+01 7.500000e+00
      vertex   1.871747e+01 -6.200273e+01 7.500000e+00
    endloop
  endfacet
  facet normal -0.000000e+00 0.000000e+00 -1.000000e+00
    outer loop
      vertex   1.982001e+01 -6.178823e+01 7.500000e+00
      vertex   1.871747e+01 -6.200273e+01 7.500000e+00
      vertex   1.841294e+01 -6.086622e+01 7.500000e+00
    endloop
  endfacet
  facet normal 0.000000e+00 0.000000e+00 -1.000000e+00
    outer loop
      vertex   1.982001e+01 -6.178823e+01 7.500000e+00
      vertex   1.841294e+01 -6.086622e+01 7.500000e+00
      vertex   1.882001e+01 -5.979255e+01 7.500000e+00
    endloop
  endfacet
  facet normal 0.000000e+00 0.000000e+00 -1.000000e+00
    outer loop
      vertex   1.882001e+01 -5.979255e+01 7.500000e+00
      vertex   1.841294e+01 -6.086622e+01 7.500000e+00
      vertex   1.791568e+01 -5.979986e+01 7.500000e+00
    endloop
  endfacet
  facet normal -0.000000e+00 0.000000e+00 -1.000000e+00
    outer loop
      vertex   1.882001e+01 -5.979255e+01 7.500000e+00
      vertex   1.791568e+01 -5.979986e+01 7.500000e+00
      vertex   1.814960e+01 -5.869813e+01 7.500000e+00
    endloop
  endfacet
  facet normal 0.000000e+00 0.000000e+00 -1.000000e+00
    outer loop
      vertex   1.814960e+01 -5.869813e+01 7.500000e+00
      vertex   1.791568e+01 -5.979986e+01 7.500000e+00
      vertex   1.724081e+01 -5.883604e+01 7.500000e+00
    endloop
  endfacet
  facet normal -0.000000e+00 0.000000e+00 -1.000000e+00
    outer loop
      vertex   1.814960e+01 -5.869813e+01 7.500000e+00
      vertex   1.724081e+01 -5.883604e+01 7.500000e+00
      vertex   1.730350e+01 -5.773307e+01 7.500000e+00
    endloop
  endfacet
  facet normal 0.000000e+00 0.000000e+00 -1.000000e+00
    outer loop
      vertex   1.730350e+01 -5.773307e+01 7.500000e+00
      vertex   1.724081e+01 -5.883604e+01 7.500000e+00
      vertex   1.640883e+01 -5.800406e+01 7.500000e+00
    endloop
  endfacet
  facet normal -0.000000e+00 0.000000e+00 -1.000000e+00
    outer loop
      vertex   1.730350e+01 -5.773307e+01 7.500000e+00
      vertex   1.640883e+01 -5.800406e+01 7.500000e+00
      vertex   1.630617e+01 -5.692526e+01 7.500000e+00
    endloop
  endfacet
  facet normal 0.000000e+00 -0.000000e+00 -1.000000e+00
    outer loop
      vertex   1.630617e+01 -5.692526e+01 7.500000e+00
      vertex   1.640883e+01 -5.800406e+01 7.500000e+00
      vertex   1.544501e+01 -5.732919e+01 7.500000e+00
    endloop
  endfacet
  facet normal -0.000000e+00 0.000000e+00 -1.000000e+00
    outer loop
      vertex   1.630617e+01 -5.692526e+01 7.500000e+00
      vertex   1.544501e+01 -5.732919e+01 7.500000e+00
      vertex   1.518643e+01 -5.629805e+01 7.500000e+00
    endloop
  endfacet
  facet normal 0.000000e+00 -0.000000e+00 -1.000000e+00
    outer loop
      vertex   1.518643e+01 -5.629805e+01 7.500000e+00
      vertex   1.544501e+01 -5.732919e+01 7.500000e+00
      vertex   1.437865e+01 -5.683193e+01 7.500000e+00
    endloop
  endfacet
  facet normal -0.000000e+00 0.000000e+00 -1.000000e+00
    outer loop
      vertex   1.518643e+01 -5.629805e+01 7.500000e+00
      vertex   1.437865e+01 -5.683193e+01 7.500000e+00
      vertex   1.397663e+01 -5.586957e+01 7.500000e+00
    endloop
  endfacet
  facet normal 0.000000e+00 -0.000000e+00 -1.000000e+00
    outer loop
      vertex   1.397663e+01 -5.586957e+01 7.500000e+00
      vertex   1.437865e+01 -5.683193e+01 7.500000e+00
      vertex   1.324214e+01 -5.652741e+01 7.500000e+00
    endloop
  endfacet
  facet normal -0.000000e+00 0.000000e+00 -1.000000e+00
    outer loop
      vertex   1.397663e+01 -5.586957e+01 7.500000e+00
      vertex   1.324214e+01 -5.652741e+01 7.500000e+00
      vertex   1.271173e+01 -5.565218e+01 7.500000e+00
    endloop
  endfacet
  facet normal 0.000000e+00 -0.000000e+00 -1.000000e+00
    outer loop
      vertex   1.271173e+01 -5.565218e+01 7.500000e+00
      vertex   1.324214e+01 -5.652741e+01 7.500000e+00
      vertex   1.207001e+01 -5.642486e+01 7.500000e+00
    endloop
  endfacet
  facet normal 0.000000e+00 0.000000e+00 -1.000000e+00
    outer loop
      vertex   1.271173e+01 -5.565218e+01 7.500000e+00
      vertex   1.207001e+01 -5.642486e+01 7.500000e+00
      vertex   1.142829e+01 -5.565218e+01 7.500000e+00
    endloop
  endfacet
  facet normal 0.000000e+00 -0.000000e+00 -1.000000e+00
    outer loop
      vertex   1.142829e+01 -5.565218e+01 7.500000e+00
      vertex   1.207001e+01 -5.642486e+01 7.500000e+00
      vertex   1.089789e+01 -5.652741e+01 7.500000e+00
    endloop
  endfacet
  facet normal 0.000000e+00 0.000000e+00 -1.000000e+00
    outer loop
      vertex   1.142829e+01 -5.565218e+01 7.500000e+00
      vertex   1.089789e+01 -5.652741e+01 7.500000e+00
      vertex   1.016340e+01 -5.586957e+01 7.500000e+00
    endloop
  endfacet
  facet normal 0.000000e+00 -0.000000e+00 -1.000000e+00
    outer loop
      vertex   1.016340e+01 -5.586957e+01 7.500000e+00
      vertex   1.089789e+01 -5.652741e+01 7.500000e+00
      vertex   9.761377e+00 -5.683193e+01 7.500000e+00
    endloop
  endfacet
  facet normal 0.000000e+00 0.000000e+00 -1.000000e+00
    outer loop
      vertex   1.016340e+01 -5.586957e+01 7.500000e+00
      vertex   9.761377e+00 -5.683193e+01 7.500000e+00
      vertex   8.953597e+00 -5.629805e+01 7.500000e+00
    endloop
  endfacet
  facet normal 0.000000e+00 -0.000000e+00 -1.000000e+00
    outer loop
      vertex   8.953597e+00 -5.629805e+01 7.500000e+00
      vertex   9.761377e+00 -5.683193e+01 7.500000e+00
      vertex   8.695013e+00 -5.732919e+01 7.500000e+00
    endloop
  endfacet
  facet normal 0.000000e+00 0.000000e+00 -1.000000e+00
    outer loop
      vertex   8.953597e+00 -5.629805e+01 7.500000e+00
      vertex   8.695013e+00 -5.732919e+01 7.500000e+00
      vertex   7.833853e+00 -5.692526e+01 7.500000e+00
    endloop
  endfacet
  facet normal 0.000000e+00 -0.000000e+00 -1.000000e+00
    outer loop
      vertex   7.833853e+00 -5.692526e+01 7.500000e+00
      vertex   8.695013e+00 -5.732919e+01 7.500000e+00
      vertex   7.731196e+00 -5.800406e+01 7.500000e+00
    endloop
  endfacet
  facet normal 0.000000e+00 0.000000e+00 -1.000000e+00
    outer loop
      vertex   7.833853e+00 -5.692526e+01 7.500000e+00
      vertex   7.731196e+00 -5.800406e+01 7.500000e+00
      vertex   6.836523e+00 -5.773307e+01 7.500000e+00
    endloop
  endfacet
  facet normal 0.000000e+00 0.000000e+00 -1.000000e+00
    outer loop
      vertex   6.836523e+00 -5.773307e+01 7.500000e+00
      vertex   7.731196e+00 -5.800406e+01 7.500000e+00
      vertex   6.899213e+00 -5.883604e+01 7.500000e+00
    endloop
  endfacet
  facet normal 0.000000e+00 -0.000000e+00 -1.000000e+00
    outer loop
      vertex   6.836523e+00 -5.773307e+01 7.500000e+00
      vertex   6.899213e+00 -5.883604e+01 7.500000e+00
      vertex   5.990426e+00 -5.869813e+01 7.500000e+00
    endloop
  endfacet
  facet normal 0.000000e+00 0.000000e+00 -1.000000e+00
    outer loop
      vertex   5.990426e+00 -5.869813e+01 7.500000e+00
      vertex   6.899213e+00 -5.883604e+01 7.500000e+00
      vertex   6.224341e+00 -5.979986e+01 7.500000e+00
    endloop
  endfacet
  facet normal 0.000000e+00 -0.000000e+00 -1.000000e+00
    outer loop
      vertex   5.990426e+00 -5.869813e+01 7.500000e+00
      vertex   6.224341e+00 -5.979986e+01 7.500000e+00
      vertex   5.320013e+00 -5.979255e+01 7.500000e+00
    endloop
  endfacet
  facet normal 0.000000e+00 0.000000e+00 -1.000000e+00
    outer loop
      vertex   5.320013e+00 -5.979255e+01 7.500000e+00
      vertex   6.224341e+00 -5.979986e+01 7.500000e+00
      vertex   5.727088e+00 -6.086622e+01 7.500000e+00
    endloop
  endfacet
  facet normal 0.000000e+00 0.000000e+00 -1.000000e+00
    outer loop
      vertex   5.320013e+00 -5.979255e+01 7.500000e+00
      vertex   5.727088e+00 -6.086622e+01 7.500000e+00
      vertex   5.422560e+00 -6.200273e+01 7.500000e+00
    endloop
  endfacet
  facet normal -0.000000e+00 0.000000e+00 -1.000000e+00
    outer loop
      vertex   5.422560e+00 -6.200273e+01 7.500000e+00
      vertex   5.320013e+00 -6.317486e+01 7.500000e+00
      vertex   5.320013e+00 -5.979255e+01 7.500000e+00
    endloop
  endfacet
  facet normal 6.540313e-02 -9.978589e-01 0.000000e+00
    outer loop
      vertex   1.399051e+02 -1.295391e+02 9.500000e+00
      vertex   1.399051e+02 -1.295391e+02 -7.500000e+00
      vertex   1.414715e+02 -1.294364e+02 9.500000e+00
    endloop
  endfacet
  facet normal 6.540313e-02 -9.978589e-01 1.668286e-15
    outer loop
      vertex   1.414715e+02 -1.294364e+02 9.500000e+00
      vertex   1.399051e+02 -1.295391e+02 -7.500000e+00
      vertex   1.414715e+02 -1.294364e+02 -7.500000e+00
    endloop
  endfacet
  facet normal 1.950903e-01 -9.807853e-01 1.639741e-15
    outer loop
      vertex   1.414715e+02 -1.294364e+02 9.500000e+00
      vertex   1.414715e+02 -1.294364e+02 -7.500000e+00
      vertex   1.430110e+02 -1.291302e+02 9.500000e+00
    endloop
  endfacet
  facet normal 1.950903e-01 -9.807853e-01 0.000000e+00
    outer loop
      vertex   1.430110e+02 -1.291302e+02 9.500000e+00
      vertex   1.414715e+02 -1.294364e+02 -7.500000e+00
      vertex   1.430110e+02 -1.291302e+02 -7.500000e+00
    endloop
  endfacet
  facet normal 3.214395e-01 -9.469301e-01 0.000000e+00
    outer loop
      vertex   1.430110e+02 -1.291302e+02 9.500000e+00
      vertex   1.430110e+02 -1.291302e+02 -7.500000e+00
      vertex   1.444973e+02 -1.286256e+02 9.500000e+00
    endloop
  endfacet
  facet normal 3.214395e-01 -9.469301e-01 1.583140e-15
    outer loop
      vertex   1.444973e+02 -1.286256e+02 9.500000e+00
      vertex   1.430110e+02 -1.291302e+02 -7.500000e+00
      vertex   1.444973e+02 -1.286256e+02 -7.500000e+00
    endloop
  endfacet
  facet normal 4.422887e-01 -8.968727e-01 1.499450e-15
    outer loop
      vertex   1.444973e+02 -1.286256e+02 9.500000e+00
      vertex   1.444973e+02 -1.286256e+02 -7.500000e+00
      vertex   1.459051e+02 -1.279314e+02 9.500000e+00
    endloop
  endfacet
  facet normal 4.422887e-01 -8.968727e-01 7.394471e-16
    outer loop
      vertex   1.459051e+02 -1.279314e+02 9.500000e+00
      vertex   1.444973e+02 -1.286256e+02 -7.500000e+00
      vertex   1.459051e+02 -1.279314e+02 -7.500000e+00
    endloop
  endfacet
  facet normal 5.555702e-01 -8.314696e-01 9.288386e-16
    outer loop
      vertex   1.459051e+02 -1.279314e+02 9.500000e+00
      vertex   1.459051e+02 -1.279314e+02 -7.500000e+00
      vertex   1.472103e+02 -1.270593e+02 9.500000e+00
    endloop
  endfacet
  facet normal 5.555702e-01 -8.314696e-01 6.950526e-16
    outer loop
      vertex   1.472103e+02 -1.270593e+02 9.500000e+00
      vertex   1.459051e+02 -1.279314e+02 -7.500000e+00
      vertex   1.472103e+02 -1.270593e+02 -7.500000e+00
    endloop
  endfacet
  facet normal 6.593458e-01 -7.518398e-01 6.284874e-16
    outer loop
      vertex   1.472103e+02 -1.270593e+02 9.500000e+00
      vertex   1.472103e+02 -1.270593e+02 -7.500000e+00
      vertex   1.483904e+02 -1.260243e+02 9.500000e+00
    endloop
  endfacet
  facet normal 6.593458e-01 -7.518398e-01 1.102337e-15
    outer loop
      vertex   1.483904e+02 -1.260243e+02 9.500000e+00
      vertex   1.472103e+02 -1.270593e+02 -7.500000e+00
      vertex   1.483904e+02 -1.260243e+02 -7.500000e+00
    endloop
  endfacet
  facet normal 7.518398e-01 -6.593458e-01 1.256975e-15
    outer loop
      vertex   1.483904e+02 -1.260243e+02 9.500000e+00
      vertex   1.483904e+02 -1.260243e+02 -7.500000e+00
      vertex   1.494254e+02 -1.248442e+02 9.500000e+00
    endloop
  endfacet
  facet normal 7.518398e-01 -6.593458e-01 5.511687e-16
    outer loop
      vertex   1.494254e+02 -1.248442e+02 9.500000e+00
      vertex   1.483904e+02 -1.260243e+02 -7.500000e+00
      vertex   1.494254e+02 -1.248442e+02 -7.500000e+00
    endloop
  endfacet
  facet normal 8.314696e-01 -5.555702e-01 4.644193e-16
    outer loop
      vertex   1.494254e+02 -1.248442e+02 9.500000e+00
      vertex   1.494254e+02 -1.248442e+02 -7.500000e+00
      vertex   1.502974e+02 -1.235391e+02 9.500000e+00
    endloop
  endfacet
  facet normal 8.314696e-01 -5.555702e-01 1.854524e-15
    outer loop
      vertex   1.502974e+02 -1.235391e+02 9.500000e+00
      vertex   1.494254e+02 -1.248442e+02 -7.500000e+00
      vertex   1.502974e+02 -1.235391e+02 -7.500000e+00
    endloop
  endfacet
  facet normal 8.968727e-01 -4.422887e-01 1.869174e-15
    outer loop
      vertex   1.502974e+02 -1.235391e+02 9.500000e+00
      vertex   1.502974e+02 -1.235391e+02 -7.500000e+00
      vertex   1.509917e+02 -1.221313e+02 9.500000e+00
    endloop
  endfacet
  facet normal 8.968727e-01 -4.422887e-01 2.238897e-15
    outer loop
      vertex   1.509917e+02 -1.221313e+02 9.500000e+00
      vertex   1.502974e+02 -1.235391e+02 -7.500000e+00
      vertex   1.509917e+02 -1.221313e+02 -7.500000e+00
    endloop
  endfacet
  facet normal 9.469301e-01 -3.214395e-01 2.120543e-15
    outer loop
      vertex   1.509917e+02 -1.221313e+02 9.500000e+00
      vertex   1.509917e+02 -1.221313e+02 -7.500000e+00
      vertex   1.514962e+02 -1.206449e+02 9.500000e+00
    endloop
  endfacet
  facet normal 9.469301e-01 -3.214395e-01 0.000000e+00
    outer loop
      vertex   1.514962e+02 -1.206449e+02 9.500000e+00
      vertex   1.509917e+02 -1.221313e+02 -7.500000e+00
      vertex   1.514962e+02 -1.206449e+02 -7.500000e+00
    endloop
  endfacet
  facet normal 9.807853e-01 -1.950903e-01 0.000000e+00
    outer loop
      vertex   1.514962e+02 -1.206449e+02 9.500000e+00
      vertex   1.514962e+02 -1.206449e+02 -7.500000e+00
      vertex   1.518025e+02 -1.191054e+02 9.500000e+00
    endloop
  endfacet
  facet normal 9.807853e-01 -1.950903e-01 3.279482e-15
    outer loop
      vertex   1.518025e+02 -1.191054e+02 9.500000e+00
      vertex   1.514962e+02 -1.206449e+02 -7.500000e+00
      vertex   1.518025e+02 -1.191054e+02 -7.500000e+00
    endloop
  endfacet
  facet normal 9.978589e-01 -6.540313e-02 3.336571e-15
    outer loop
      vertex   1.518025e+02 -1.191054e+02 9.500000e+00
      vertex   1.518025e+02 -1.191054e+02 -7.500000e+00
      vertex   1.519051e+02 -1.175391e+02 9.500000e+00
    endloop
  endfacet
  facet normal 9.978589e-01 -6.540313e-02 0.000000e+00
    outer loop
      vertex   1.519051e+02 -1.175391e+02 9.500000e+00
      vertex   1.518025e+02 -1.191054e+02 -7.500000e+00
      vertex   1.519051e+02 -1.175391e+02 -7.500000e+00
    endloop
  endfacet
  facet normal -0.000000e+00 -1.000000e+00 -0.000000e+00
    outer loop
      vertex   1.399051e+02 -1.295391e+02 9.500000e+00
      vertex   1.732001e+01 -1.295391e+02 9.500000e+00
      vertex   1.399051e+02 -1.295391e+02 -7.500000e+00
    endloop
  endfacet
  facet normal 0.000000e+00 -1.000000e+00 0.000000e+00
    outer loop
      vertex   1.399051e+02 -1.295391e+02 -7.500000e+00
      vertex   1.732001e+01 -1.295391e+02 9.500000e+00
      vertex   1.732001e+01 -1.295391e+02 -7.500000e+00
    endloop
  endfacet
  facet normal -9.978589e-01 -6.540313e-02 2.606696e-16
    outer loop
      vertex   5.320013e+00 -1.175391e+02 9.500000e+00
      vertex   5.320013e+00 -1.175391e+02 -7.500000e+00
      vertex   5.422674e+00 -1.191054e+02 9.500000e+00
    endloop
  endfacet
  facet normal -9.978589e-01 -6.540313e-02 4.170714e-16
    outer loop
      vertex   5.422674e+00 -1.191054e+02 9.500000e+00
      vertex   5.320013e+00 -1.175391e+02 -7.500000e+00
      vertex   5.422674e+00 -1.191054e+02 -7.500000e+00
    endloop
  endfacet
  facet normal -9.807853e-01 -1.950903e-01 4.099352e-16
    outer loop
      vertex   5.422674e+00 -1.191054e+02 9.500000e+00
      vertex   5.422674e+00 -1.191054e+02 -7.500000e+00
      vertex   5.728903e+00 -1.206449e+02 9.500000e+00
    endloop
  endfacet
  facet normal -9.807853e-01 -1.950903e-01 5.730176e-16
    outer loop
      vertex   5.728903e+00 -1.206449e+02 9.500000e+00
      vertex   5.422674e+00 -1.191054e+02 -7.500000e+00
      vertex   5.728903e+00 -1.206449e+02 -7.500000e+00
    endloop
  endfacet
  facet normal -9.469301e-01 -3.214395e-01 6.644866e-16
    outer loop
      vertex   5.728903e+00 -1.206449e+02 9.500000e+00
      vertex   5.728903e+00 -1.206449e+02 -7.500000e+00
      vertex   6.233458e+00 -1.221313e+02 9.500000e+00
    endloop
  endfacet
  facet normal -9.469301e-01 -3.214395e-01 3.957849e-16
    outer loop
      vertex   6.233458e+00 -1.221313e+02 9.500000e+00
      vertex   5.728903e+00 -1.206449e+02 -7.500000e+00
      vertex   6.233458e+00 -1.221313e+02 -7.500000e+00
    endloop
  endfacet
  facet normal -8.968727e-01 -4.422887e-01 3.748626e-16
    outer loop
      vertex   6.233458e+00 -1.221313e+02 9.500000e+00
      vertex   6.233458e+00 -1.221313e+02 -7.500000e+00
      vertex   6.927708e+00 -1.235391e+02 9.500000e+00
    endloop
  endfacet
  facet normal -8.968727e-01 -4.422887e-01 3.280048e-16
    outer loop
      vertex   6.927708e+00 -1.235391e+02 9.500000e+00
      vertex   6.233458e+00 -1.221313e+02 -7.500000e+00
      vertex   6.927708e+00 -1.235391e+02 -7.500000e+00
    endloop
  endfacet
  facet normal -8.314696e-01 -5.555702e-01 3.040855e-16
    outer loop
      vertex   6.927708e+00 -1.235391e+02 9.500000e+00
      vertex   6.927708e+00 -1.235391e+02 -7.500000e+00
      vertex   7.799773e+00 -1.248442e+02 9.500000e+00
    endloop
  endfacet
  facet normal -8.314696e-01 -5.555702e-01 8.553864e-16
    outer loop
      vertex   7.799773e+00 -1.248442e+02 9.500000e+00
      vertex   6.927708e+00 -1.235391e+02 -7.500000e+00
      vertex   7.799773e+00 -1.248442e+02 -7.500000e+00
    endloop
  endfacet
  facet normal -7.518398e-01 -6.593458e-01 9.046929e-16
    outer loop
      vertex   7.799773e+00 -1.248442e+02 9.500000e+00
      vertex   7.799773e+00 -1.248442e+02 -7.500000e+00
      vertex   8.834731e+00 -1.260243e+02 9.500000e+00
    endloop
  endfacet
  facet normal -7.518398e-01 -6.593458e-01 8.654124e-16
    outer loop
      vertex   8.834731e+00 -1.260243e+02 9.500000e+00
      vertex   7.799773e+00 -1.248442e+02 -7.500000e+00
      vertex   8.834731e+00 -1.260243e+02 -7.500000e+00
    endloop
  endfacet
  facet normal -6.593458e-01 -7.518398e-01 9.040718e-16
    outer loop
      vertex   8.834731e+00 -1.260243e+02 9.500000e+00
      vertex   8.834731e+00 -1.260243e+02 -7.500000e+00
      vertex   1.001488e+01 -1.270593e+02 9.500000e+00
    endloop
  endfacet
  facet normal -6.593458e-01 -7.518398e-01 9.040718e-16
    outer loop
      vertex   1.001488e+01 -1.270593e+02 9.500000e+00
      vertex   8.834731e+00 -1.260243e+02 -7.500000e+00
      vertex   1.001488e+01 -1.270593e+02 -7.500000e+00
    endloop
  endfacet
  facet normal -5.555702e-01 -8.314696e-01 9.272622e-16
    outer loop
      vertex   1.001488e+01 -1.270593e+02 9.500000e+00
      vertex   1.001488e+01 -1.270593e+02 -7.500000e+00
      vertex   1.132001e+01 -1.279314e+02 9.500000e+00
    endloop
  endfacet
  facet normal -5.555702e-01 -8.314696e-01 1.741572e-16
    outer loop
      vertex   1.132001e+01 -1.279314e+02 9.500000e+00
      vertex   1.001488e+01 -1.270593e+02 -7.500000e+00
      vertex   1.132001e+01 -1.279314e+02 -7.500000e+00
    endloop
  endfacet
  facet normal -4.422887e-01 -8.968727e-01 1.386463e-16
    outer loop
      vertex   1.132001e+01 -1.279314e+02 9.500000e+00
      vertex   1.132001e+01 -1.279314e+02 -7.500000e+00
      vertex   1.272781e+01 -1.286256e+02 9.500000e+00
    endloop
  endfacet
  facet normal -4.422887e-01 -8.968727e-01 1.386463e-16
    outer loop
      vertex   1.272781e+01 -1.286256e+02 9.500000e+00
      vertex   1.132001e+01 -1.279314e+02 -7.500000e+00
      vertex   1.272781e+01 -1.286256e+02 -7.500000e+00
    endloop
  endfacet
  facet normal -3.214395e-01 -9.469301e-01 1.007632e-16
    outer loop
      vertex   1.272781e+01 -1.286256e+02 9.500000e+00
      vertex   1.272781e+01 -1.286256e+02 -7.500000e+00
      vertex   1.421418e+01 -1.291302e+02 9.500000e+00
    endloop
  endfacet
  facet normal -3.214395e-01 -9.469301e-01 1.683903e-15
    outer loop
      vertex   1.421418e+01 -1.291302e+02 9.500000e+00
      vertex   1.272781e+01 -1.286256e+02 -7.500000e+00
      vertex   1.421418e+01 -1.291302e+02 -7.500000e+00
    endloop
  endfacet
  facet normal -1.950903e-01 -9.807853e-01 1.700897e-15
    outer loop
      vertex   1.421418e+01 -1.291302e+02 9.500000e+00
      vertex   1.421418e+01 -1.291302e+02 -7.500000e+00
      vertex   1.575370e+01 -1.294364e+02 9.500000e+00
    endloop
  endfacet
  facet normal -1.950903e-01 -9.807853e-01 1.660126e-15
    outer loop
      vertex   1.575370e+01 -1.294364e+02 9.500000e+00
      vertex   1.421418e+01 -1.291302e+02 -7.500000e+00
      vertex   1.575370e+01 -1.294364e+02 -7.500000e+00
    endloop
  endfacet
  facet normal -6.540313e-02 -9.978589e-01 1.675120e-15
    outer loop
      vertex   1.575370e+01 -1.294364e+02 9.500000e+00
      vertex   1.575370e+01 -1.294364e+02 -7.500000e+00
      vertex   1.732001e+01 -1.295391e+02 9.500000e+00
    endloop
  endfacet
  facet normal -6.540313e-02 -9.978589e-01 -0.000000e+00
    outer loop
      vertex   1.732001e+01 -1.295391e+02 9.500000e+00
      vertex   1.575370e+01 -1.294364e+02 -7.500000e+00
      vertex   1.732001e+01 -1.295391e+02 -7.500000e+00
    endloop
  endfacet
  facet normal -0.000000e+00 1.000000e+00 0.000000e+00
    outer loop
      vertex   1.782001e+01 -5.142486e+01 7.500000e+00
      vertex   1.982001e+01 -5.142486e+01 7.500000e+00
      vertex   1.782001e+01 -5.142486e+01 -7.500000e+00
    endloop
  endfacet
  facet normal 0.000000e+00 1.000000e+00 0.000000e+00
    outer loop
      vertex   1.782001e+01 -5.142486e+01 -7.500000e+00
      vertex   1.982001e+01 -5.142486e+01 7.500000e+00
      vertex   1.982001e+01 -5.142486e+01 -7.500000e+00
    endloop
  endfacet
  facet normal 6.746593e-02 9.977216e-01 0.000000e+00
    outer loop
      vertex   6.597511e+01 -1.040051e+02 7.500000e+00
      vertex   6.736494e+01 -1.040990e+02 7.500000e+00
      vertex   6.597511e+01 -1.040051e+02 -7.500000e+00
    endloop
  endfacet
  facet normal 6.746593e-02 9.977216e-01 -4.477559e-10
    outer loop
      vertex   6.597511e+01 -1.040051e+02 -7.500000e+00
      vertex   6.736494e+01 -1.040990e+02 7.500000e+00
      vertex   6.736494e+01 -1.040990e+02 -7.500000e+00
    endloop
  endfacet
  facet normal 2.011699e-01 9.795564e-01 4.477572e-10
    outer loop
      vertex   6.736494e+01 -1.040990e+02 -7.500000e+00
      vertex   6.736494e+01 -1.040990e+02 7.500000e+00
      vertex   6.872946e+01 -1.043793e+02 7.500000e+00
    endloop
  endfacet
  facet normal 2.011699e-01 9.795564e-01 -3.917870e-10
    outer loop
      vertex   6.736494e+01 -1.040990e+02 -7.500000e+00
      vertex   6.872946e+01 -1.043793e+02 7.500000e+00
      vertex   6.872946e+01 -1.043793e+02 -7.500000e+00
    endloop
  endfacet
  facet normal 3.312113e-01 9.435566e-01 3.917869e-10
    outer loop
      vertex   6.872946e+01 -1.043793e+02 -7.500000e+00
      vertex   6.872946e+01 -1.043793e+02 7.500000e+00
      vertex   7.004384e+01 -1.048407e+02 7.500000e+00
    endloop
  endfacet
  facet normal 3.312113e-01 9.435566e-01 -3.358170e-10
    outer loop
      vertex   6.872946e+01 -1.043793e+02 -7.500000e+00
      vertex   7.004384e+01 -1.048407e+02 7.500000e+00
      vertex   7.004384e+01 -1.048407e+02 -7.500000e+00
    endloop
  endfacet
  facet normal 4.552223e-01 8.903778e-01 3.358178e-10
    outer loop
      vertex   7.004384e+01 -1.048407e+02 -7.500000e+00
      vertex   7.004384e+01 -1.048407e+02 7.500000e+00
      vertex   7.128414e+01 -1.054748e+02 7.500000e+00
    endloop
  endfacet
  facet normal 4.552223e-01 8.903778e-01 -2.798474e-10
    outer loop
      vertex   7.004384e+01 -1.048407e+02 -7.500000e+00
      vertex   7.128414e+01 -1.054748e+02 7.500000e+00
      vertex   7.128414e+01 -1.054748e+02 -7.500000e+00
    endloop
  endfacet
  facet normal 5.709453e-01 8.209881e-01 2.798482e-10
    outer loop
      vertex   7.128414e+01 -1.054748e+02 -7.500000e+00
      vertex   7.128414e+01 -1.054748e+02 7.500000e+00
      vertex   7.242777e+01 -1.062701e+02 7.500000e+00
    endloop
  endfacet
  facet normal 5.709453e-01 8.209881e-01 -2.238785e-10
    outer loop
      vertex   7.128414e+01 -1.054748e+02 -7.500000e+00
      vertex   7.242777e+01 -1.062701e+02 7.500000e+00
      vertex   7.242777e+01 -1.062701e+02 -7.500000e+00
    endloop
  endfacet
  facet normal 6.762732e-01 7.366509e-01 2.238782e-10
    outer loop
      vertex   7.242777e+01 -1.062701e+02 -7.500000e+00
      vertex   7.242777e+01 -1.062701e+02 7.500000e+00
      vertex   7.345393e+01 -1.072122e+02 7.500000e+00
    endloop
  endfacet
  facet normal 6.762732e-01 7.366509e-01 -1.679085e-10
    outer loop
      vertex   7.242777e+01 -1.062701e+02 -7.500000e+00
      vertex   7.345393e+01 -1.072122e+02 7.500000e+00
      vertex   7.345393e+01 -1.072122e+02 -7.500000e+00
    endloop
  endfacet
  facet normal 7.692884e-01 6.389017e-01 1.679090e-10
    outer loop
      vertex   7.345393e+01 -1.072122e+02 -7.500000e+00
      vertex   7.345393e+01 -1.072122e+02 7.500000e+00
      vertex   7.434392e+01 -1.082838e+02 7.500000e+00
    endloop
  endfacet
  facet normal 7.692884e-01 6.389017e-01 -1.119401e-10
    outer loop
      vertex   7.345393e+01 -1.072122e+02 -7.500000e+00
      vertex   7.434392e+01 -1.082838e+02 7.500000e+00
      vertex   7.434392e+01 -1.082838e+02 -7.500000e+00
    endloop
  endfacet
  facet normal 8.482973e-01 5.295202e-01 1.119385e-10
    outer loop
      vertex   7.434392e+01 -1.082838e+02 -7.500000e+00
      vertex   7.434392e+01 -1.082838e+02 7.500000e+00
      vertex   7.508154e+01 -1.094655e+02 7.500000e+00
    endloop
  endfacet
  facet normal 8.482973e-01 5.295202e-01 -5.597063e-11
    outer loop
      vertex   7.434392e+01 -1.082838e+02 -7.500000e+00
      vertex   7.508154e+01 -1.094655e+02 7.500000e+00
      vertex   7.508154e+01 -1.094655e+02 -7.500000e+00
    endloop
  endfacet
  facet normal 9.118616e-01 4.104978e-01 5.596889e-11
    outer loop
      vertex   7.508154e+01 -1.094655e+02 -7.500000e+00
      vertex   7.508154e+01 -1.094655e+02 7.500000e+00
      vertex   7.565337e+01 -1.107357e+02 7.500000e+00
    endloop
  endfacet
  facet normal 9.118616e-01 4.104978e-01 -3.878736e-16
    outer loop
      vertex   7.508154e+01 -1.094655e+02 -7.500000e+00
      vertex   7.565337e+01 -1.107357e+02 7.500000e+00
      vertex   7.565337e+01 -1.107357e+02 -7.500000e+00
    endloop
  endfacet
  facet normal 9.636984e-01 2.669934e-01 -2.529470e-16
    outer loop
      vertex   7.565337e+01 -1.107357e+02 -7.500000e+00
      vertex   7.565337e+01 -1.107357e+02 7.500000e+00
      vertex   7.593266e+01 -1.117438e+02 -7.500000e+00
    endloop
  endfacet
  facet normal 9.636984e-01 2.669934e-01 -0.000000e+00
    outer loop
      vertex   7.593266e+01 -1.117438e+02 -7.500000e+00
      vertex   7.565337e+01 -1.107357e+02 7.500000e+00
      vertex   7.593266e+01 -1.117438e+02 7.500000e+00
    endloop
  endfacet
  facet normal 8.848935e-01 4.657934e-01 -0.000000e+00
    outer loop
      vertex   7.593266e+01 -1.117438e+02 -7.500000e+00
      vertex   7.593266e+01 -1.117438e+02 7.500000e+00
      vertex   7.641991e+01 -1.126694e+02 -7.500000e+00
    endloop
  endfacet
  facet normal 8.848935e-01 4.657934e-01 8.383395e-16
    outer loop
      vertex   7.641991e+01 -1.126694e+02 -7.500000e+00
      vertex   7.593266e+01 -1.117438e+02 7.500000e+00
      vertex   7.641991e+01 -1.126694e+02 7.500000e+00
    endloop
  endfacet
  facet normal 7.656210e-01 6.432920e-01 7.253419e-16
    outer loop
      vertex   7.641991e+01 -1.126694e+02 -7.500000e+00
      vertex   7.641991e+01 -1.126694e+02 7.500000e+00
      vertex   7.709283e+01 -1.134703e+02 -7.500000e+00
    endloop
  endfacet
  facet normal 7.656210e-01 6.432920e-01 -0.000000e+00
    outer loop
      vertex   7.709283e+01 -1.134703e+02 -7.500000e+00
      vertex   7.641991e+01 -1.126694e+02 7.500000e+00
      vertex   7.709283e+01 -1.134703e+02 7.500000e+00
    endloop
  endfacet
  facet normal 6.113353e-01 7.913717e-01 -0.000000e+00
    outer loop
      vertex   7.709283e+01 -1.134703e+02 -7.500000e+00
      vertex   7.709283e+01 -1.134703e+02 7.500000e+00
      vertex   7.792066e+01 -1.141098e+02 -7.500000e+00
    endloop
  endfacet
  facet normal 6.113353e-01 7.913717e-01 -0.000000e+00
    outer loop
      vertex   7.792066e+01 -1.141098e+02 -7.500000e+00
      vertex   7.709283e+01 -1.134703e+02 7.500000e+00
      vertex   7.792066e+01 -1.141098e+02 7.500000e+00
    endloop
  endfacet
  facet normal 4.290923e-01 9.032606e-01 -0.000000e+00
    outer loop
      vertex   7.792066e+01 -1.141098e+02 -7.500000e+00
      vertex   7.792066e+01 -1.141098e+02 7.500000e+00
      vertex   7.886552e+01 -1.145587e+02 -7.500000e+00
    endloop
  endfacet
  facet normal 4.290923e-01 9.032606e-01 -0.000000e+00
    outer loop
      vertex   7.886552e+01 -1.145587e+02 -7.500000e+00
      vertex   7.792066e+01 -1.141098e+02 7.500000e+00
      vertex   7.886552e+01 -1.145587e+02 7.500000e+00
    endloop
  endfacet
  facet normal 2.272262e-01 9.738420e-01 -0.000000e+00
    outer loop
      vertex   7.886552e+01 -1.145587e+02 -7.500000e+00
      vertex   7.886552e+01 -1.145587e+02 7.500000e+00
      vertex   7.988422e+01 -1.147964e+02 -7.500000e+00
    endloop
  endfacet
  facet normal 2.272262e-01 9.738420e-01 -0.000000e+00
    outer loop
      vertex   7.988422e+01 -1.147964e+02 -7.500000e+00
      vertex   7.886552e+01 -1.145587e+02 7.500000e+00
      vertex   7.988422e+01 -1.147964e+02 7.500000e+00
    endloop
  endfacet
  facet normal 1.217956e-01 9.925552e-01 0.000000e+00
    outer loop
      vertex   7.988422e+01 -1.147964e+02 7.500000e+00
      vertex   1.388736e+02 -1.220349e+02 7.500000e+00
      vertex   7.988422e+01 -1.147964e+02 -7.500000e+00
    endloop
  endfacet
  facet normal 1.217956e-01 9.925552e-01 0.000000e+00
    outer loop
      vertex   7.988422e+01 -1.147964e+02 -7.500000e+00
      vertex   1.388736e+02 -1.220349e+02 7.500000e+00
      vertex   1.388736e+02 -1.220349e+02 -7.500000e+00
    endloop
  endfacet
  facet normal 2.371039e-02 9.997189e-01 -0.000000e+00
    outer loop
      vertex   1.388736e+02 -1.220349e+02 -7.500000e+00
      vertex   1.388736e+02 -1.220349e+02 7.500000e+00
      vertex   1.395152e+02 -1.220501e+02 -7.500000e+00
    endloop
  endfacet
  facet normal 2.371039e-02 9.997189e-01 -0.000000e+00
    outer loop
      vertex   1.395152e+02 -1.220501e+02 -7.500000e+00
      vertex   1.388736e+02 -1.220349e+02 7.500000e+00
      vertex   1.395152e+02 -1.220501e+02 7.500000e+00
    endloop
  endfacet
  facet normal -1.996983e-01 9.798574e-01 0.000000e+00
    outer loop
      vertex   1.395152e+02 -1.220501e+02 -7.500000e+00
      vertex   1.395152e+02 -1.220501e+02 7.500000e+00
      vertex   1.401440e+02 -1.219219e+02 -7.500000e+00
    endloop
  endfacet
  facet normal -1.996983e-01 9.798574e-01 0.000000e+00
    outer loop
      vertex   1.401440e+02 -1.219219e+02 -7.500000e+00
      vertex   1.395152e+02 -1.220501e+02 7.500000e+00
      vertex   1.401440e+02 -1.219219e+02 7.500000e+00
    endloop
  endfacet
  facet normal -4.130610e-01 9.107034e-01 0.000000e+00
    outer loop
      vertex   1.401440e+02 -1.219219e+02 -7.500000e+00
      vertex   1.401440e+02 -1.219219e+02 7.500000e+00
      vertex   1.407285e+02 -1.216568e+02 -7.500000e+00
    endloop
  endfacet
  facet normal -4.130610e-01 9.107034e-01 0.000000e+00
    outer loop
      vertex   1.407285e+02 -1.216568e+02 -7.500000e+00
      vertex   1.401440e+02 -1.219219e+02 7.500000e+00
      vertex   1.407285e+02 -1.216568e+02 7.500000e+00
    endloop
  endfacet
  facet normal -6.056442e-01 7.957355e-01 0.000000e+00
    outer loop
      vertex   1.407285e+02 -1.216568e+02 -7.500000e+00
      vertex   1.407285e+02 -1.216568e+02 7.500000e+00
      vertex   1.412392e+02 -1.212681e+02 -7.500000e+00
    endloop
  endfacet
  facet normal -6.056442e-01 7.957355e-01 0.000000e+00
    outer loop
      vertex   1.412392e+02 -1.212681e+02 -7.500000e+00
      vertex   1.407285e+02 -1.216568e+02 7.500000e+00
      vertex   1.412392e+02 -1.212681e+02 7.500000e+00
    endloop
  endfacet
  facet normal -7.677600e-01 6.407375e-01 0.000000e+00
    outer loop
      vertex   1.412392e+02 -1.212681e+02 -7.500000e+00
      vertex   1.412392e+02 -1.212681e+02 7.500000e+00
      vertex   1.416505e+02 -1.207754e+02 -7.500000e+00
    endloop
  endfacet
  facet normal -7.677600e-01 6.407375e-01 0.000000e+00
    outer loop
      vertex   1.416505e+02 -1.207754e+02 -7.500000e+00
      vertex   1.412392e+02 -1.212681e+02 7.500000e+00
      vertex   1.416505e+02 -1.207754e+02 7.500000e+00
    endloop
  endfacet
  facet normal -8.912529e-01 4.535066e-01 0.000000e+00
    outer loop
      vertex   1.416505e+02 -1.207754e+02 -7.500000e+00
      vertex   1.416505e+02 -1.207754e+02 7.500000e+00
      vertex   1.419415e+02 -1.202034e+02 -7.500000e+00
    endloop
  endfacet
  facet normal -8.912529e-01 4.535066e-01 0.000000e+00
    outer loop
      vertex   1.419415e+02 -1.202034e+02 -7.500000e+00
      vertex   1.416505e+02 -1.207754e+02 7.500000e+00
      vertex   1.419415e+02 -1.202034e+02 7.500000e+00
    endloop
  endfacet
  facet normal -9.145625e-01 4.044447e-01 0.000000e+00
    outer loop
      vertex   1.419415e+02 -1.202034e+02 7.500000e+00
      vertex   1.471996e+02 -1.083133e+02 7.500000e+00
      vertex   1.419415e+02 -1.202034e+02 -7.500000e+00
    endloop
  endfacet
  facet normal -9.145625e-01 4.044447e-01 1.639614e-15
    outer loop
      vertex   1.419415e+02 -1.202034e+02 -7.500000e+00
      vertex   1.471996e+02 -1.083133e+02 7.500000e+00
      vertex   1.471996e+02 -1.083133e+02 -7.500000e+00
    endloop
  endfacet
  facet normal -9.449219e-01 3.272959e-01 -5.241399e-15
    outer loop
      vertex   1.473664e+02 -1.078318e+02 -7.500000e+00
      vertex   1.471996e+02 -1.083133e+02 -7.500000e+00
      vertex   1.473664e+02 -1.078318e+02 0.000000e+00
    endloop
  endfacet
  facet normal -9.449219e-01 3.272959e-01 6.770106e-15
    outer loop
      vertex   1.473664e+02 -1.078318e+02 0.000000e+00
      vertex   1.471996e+02 -1.083133e+02 -7.500000e+00
      vertex   1.471996e+02 -1.083133e+02 7.500000e+00
    endloop
  endfacet
  facet normal -9.449219e-01 3.272959e-01 -5.861553e-15
    outer loop
      vertex   1.473664e+02 -1.078318e+02 0.000000e+00
      vertex   1.471996e+02 -1.083133e+02 7.500000e+00
      vertex   1.473664e+02 -1.078318e+02 7.500000e+00
    endloop
  endfacet
  facet normal -9.913217e-01 1.314580e-01 2.282582e-15
    outer loop
      vertex   1.473664e+02 -1.078318e+02 0.000000e+00
      vertex   1.473664e+02 -1.078318e+02 7.500000e+00
      vertex   1.474334e+02 -1.073266e+02 0.000000e+00
    endloop
  endfacet
  facet normal -9.913217e-01 1.314580e-01 -2.490842e-15
    outer loop
      vertex   1.474334e+02 -1.073266e+02 0.000000e+00
      vertex   1.473664e+02 -1.078318e+02 7.500000e+00
      vertex   1.474334e+02 -1.073266e+02 7.500000e+00
    endloop
  endfacet
  facet normal -9.975677e-01 -6.970456e-02 1.320749e-15
    outer loop
      vertex   1.474334e+02 -1.073266e+02 0.000000e+00
      vertex   1.474334e+02 -1.073266e+02 7.500000e+00
      vertex   1.473979e+02 -1.068183e+02 7.500000e+00
    endloop
  endfacet
  facet normal -9.975677e-01 -6.970456e-02 -0.000000e+00
    outer loop
      vertex   1.473979e+02 -1.068183e+02 7.500000e+00
      vertex   1.473979e+02 -1.068183e+02 -7.500000e+00
      vertex   1.474334e+02 -1.073266e+02 0.000000e+00
    endloop
  endfacet
  facet normal -9.975677e-01 -6.970456e-02 1.452823e-15
    outer loop
      vertex   1.474334e+02 -1.073266e+02 0.000000e+00
      vertex   1.473979e+02 -1.068183e+02 -7.500000e+00
      vertex   1.474334e+02 -1.073266e+02 -7.500000e+00
    endloop
  endfacet
  facet normal -9.913217e-01 1.314580e-01 -2.739926e-15
    outer loop
      vertex   1.474334e+02 -1.073266e+02 0.000000e+00
      vertex   1.474334e+02 -1.073266e+02 -7.500000e+00
      vertex   1.473664e+02 -1.078318e+02 0.000000e+00
    endloop
  endfacet
  facet normal -9.913217e-01 1.314580e-01 2.531666e-15
    outer loop
      vertex   1.473664e+02 -1.078318e+02 0.000000e+00
      vertex   1.474334e+02 -1.073266e+02 -7.500000e+00
      vertex   1.473664e+02 -1.078318e+02 -7.500000e+00
    endloop
  endfacet
  facet normal -9.854896e-01 -1.697357e-01 0.000000e+00
    outer loop
      vertex   1.345495e+02 -3.222046e+01 -7.500000e+00
      vertex   1.473979e+02 -1.068183e+02 -7.500000e+00
      vertex   1.345495e+02 -3.222046e+01 7.500000e+00
    endloop
  endfacet
  facet normal -9.854896e-01 -1.697357e-01 0.000000e+00
    outer loop
      vertex   1.345495e+02 -3.222046e+01 7.500000e+00
      vertex   1.473979e+02 -1.068183e+02 -7.500000e+00
      vertex   1.473979e+02 -1.068183e+02 7.500000e+00
    endloop
  endfacet
  facet normal -1.000000e+00 0.000000e+00 4.736952e-15
    outer loop
      vertex   5.320013e+00 -3.042486e+01 -6.000000e+00
      vertex   5.320013e+00 -3.042486e+01 -7.500000e+00
      vertex   5.320013e+00 -3.842486e+01 -6.000000e+00
    endloop
  endfacet
  facet normal -1.000000e+00 1.814603e-16 5.704740e-15
    outer loop
      vertex   5.320013e+00 -3.842486e+01 -6.000000e+00
      vertex   5.320013e+00 -3.042486e+01 -7.500000e+00
      vertex   5.320013e+00 -5.979255e+01 -7.500000e+00
    endloop
  endfacet
  facet normal -1.000000e+00 5.819298e-16 0.000000e+00
    outer loop
      vertex   5.320013e+00 -3.842486e+01 -6.000000e+00
      vertex   5.320013e+00 -5.979255e+01 -7.500000e+00
      vertex   5.320013e+00 -3.842486e+01 6.000000e+00
    endloop
  endfacet
  facet normal -1.000000e+00 5.819298e-16 0.000000e+00
    outer loop
      vertex   5.320013e+00 -3.842486e+01 6.000000e+00
      vertex   5.320013e+00 -5.979255e+01 -7.500000e+00
      vertex   5.320013e+00 -5.979255e+01 7.500000e+00
    endloop
  endfacet
  facet normal -1.000000e+00 1.944462e-16 -5.519754e-15
    outer loop
      vertex   5.320013e+00 -3.842486e+01 6.000000e+00
      vertex   5.320013e+00 -5.979255e+01 7.500000e+00
      vertex   5.320013e+00 -3.042486e+01 9.500000e+00
    endloop
  endfacet
  facet normal -1.000000e+00 1.312977e-15 -2.194409e-14
    outer loop
      vertex   5.320013e+00 -3.042486e+01 9.500000e+00
      vertex   5.320013e+00 -5.979255e+01 7.500000e+00
      vertex   5.320013e+00 -6.317486e+01 7.500000e+00
    endloop
  endfacet
  facet normal -1.000000e+00 -2.039113e-16 2.894958e-15
    outer loop
      vertex   5.320013e+00 -3.042486e+01 9.500000e+00
      vertex   5.320013e+00 -6.317486e+01 7.500000e+00
      vertex   5.320013e+00 -1.175391e+02 9.500000e+00
    endloop
  endfacet
  facet normal -1.000000e+00 -3.008033e-16 2.612289e-16
    outer loop
      vertex   5.320013e+00 -1.175391e+02 9.500000e+00
      vertex   5.320013e+00 -6.317486e+01 7.500000e+00
      vertex   5.320013e+00 -1.175391e+02 -7.500000e+00
    endloop
  endfacet
  facet normal -1.000000e+00 -2.287259e-16 0.000000e+00
    outer loop
      vertex   5.320013e+00 -1.175391e+02 -7.500000e+00
      vertex   5.320013e+00 -6.317486e+01 7.500000e+00
      vertex   5.320013e+00 -6.317486e+01 -7.500000e+00
    endloop
  endfacet
  facet normal -1.000000e+00 0.000000e+00 -5.075305e-15
    outer loop
      vertex   5.320013e+00 -3.042486e+01 9.500000e+00
      vertex   5.320013e+00 -3.042486e+01 6.000000e+00
      vertex   5.320013e+00 -3.842486e+01 6.000000e+00
    endloop
  endfacet
  facet normal -1.000000e+00 -0.000000e+00 -0.000000e+00
    outer loop
      vertex   1.712001e+01 -3.162486e+01 0.000000e+00
      vertex   1.712001e+01 -3.162486e+01 -4.100000e+00
      vertex   1.712001e+01 -3.482486e+01 0.000000e+00
    endloop
  endfacet
  facet normal -1.000000e+00 0.000000e+00 0.000000e+00
    outer loop
      vertex   1.712001e+01 -3.482486e+01 0.000000e+00
      vertex   1.712001e+01 -3.162486e+01 -4.100000e+00
      vertex   1.712001e+01 -3.482486e+01 -4.100000e+00
    endloop
  endfacet
  facet normal 1.083144e-16 0.000000e+00 1.000000e+00
    outer loop
      vertex   1.712001e+01 -3.162486e+01 -4.100000e+00
      vertex   8.920013e+00 -3.162486e+01 -4.100000e+00
      vertex   1.712001e+01 -3.482486e+01 -4.100000e+00
    endloop
  endfacet
  facet normal 1.083144e-16 0.000000e+00 1.000000e+00
    outer loop
      vertex   1.712001e+01 -3.482486e+01 -4.100000e+00
      vertex   8.920013e+00 -3.162486e+01 -4.100000e+00
      vertex   8.920013e+00 -3.482486e+01 -4.100000e+00
    endloop
  endfacet
  facet normal 1.000000e+00 0.000000e+00 -0.000000e+00
    outer loop
      vertex   8.920013e+00 -3.162486e+01 -4.100000e+00
      vertex   8.920013e+00 -3.162486e+01 -2.795250e-18
      vertex   8.920013e+00 -3.482486e+01 -4.100000e+00
    endloop
  endfacet
  facet normal 1.000000e+00 0.000000e+00 0.000000e+00
    outer loop
      vertex   8.920013e+00 -3.482486e+01 -4.100000e+00
      vertex   8.920013e+00 -3.162486e+01 -2.795250e-18
      vertex   8.920013e+00 -3.482486e+01 -2.795250e-18
    endloop
  endfacet
  facet normal 9.937122e-01 0.000000e+00 -1.119645e-01
    outer loop
      vertex   8.920013e+00 -3.482486e+01 -2.795250e-18
      vertex   8.920013e+00 -3.162486e+01 -2.795250e-18
      vertex   9.022808e+00 -3.482486e+01 9.123358e-01
    endloop
  endfacet
  facet normal 9.937122e-01 0.000000e+00 -1.119645e-01
    outer loop
      vertex   9.022808e+00 -3.482486e+01 9.123358e-01
      vertex   8.920013e+00 -3.162486e+01 -2.795250e-18
      vertex   9.022808e+00 -3.162486e+01 9.123358e-01
    endloop
  endfacet
  facet normal 9.438833e-01 0.000000e+00 -3.302791e-01
    outer loop
      vertex   9.022808e+00 -3.482486e+01 9.123358e-01
      vertex   9.022808e+00 -3.162486e+01 9.123358e-01
      vertex   9.326040e+00 -3.482486e+01 1.778923e+00
    endloop
  endfacet
  facet normal 9.438833e-01 0.000000e+00 -3.302791e-01
    outer loop
      vertex   9.326040e+00 -3.482486e+01 1.778923e+00
      vertex   9.022808e+00 -3.162486e+01 9.123358e-01
      vertex   9.326040e+00 -3.162486e+01 1.778923e+00
    endloop
  endfacet
  facet normal 8.467242e-01 0.000000e+00 -5.320321e-01
    outer loop
      vertex   9.326040e+00 -3.482486e+01 1.778923e+00
      vertex   9.326040e+00 -3.162486e+01 1.778923e+00
      vertex   9.814504e+00 -3.482486e+01 2.556308e+00
    endloop
  endfacet
  facet normal 8.467242e-01 0.000000e+00 -5.320321e-01
    outer loop
      vertex   9.814504e+00 -3.482486e+01 2.556308e+00
      vertex   9.326040e+00 -3.162486e+01 1.778923e+00
      vertex   9.814504e+00 -3.162486e+01 2.556308e+00
    endloop
  endfacet
  facet normal 7.071068e-01 0.000000e+00 -7.071068e-01
    outer loop
      vertex   9.814504e+00 -3.482486e+01 2.556308e+00
      vertex   9.814504e+00 -3.162486e+01 2.556308e+00
      vertex   1.046370e+01 -3.482486e+01 3.205509e+00
    endloop
  endfacet
  facet normal 7.071068e-01 0.000000e+00 -7.071068e-01
    outer loop
      vertex   1.046370e+01 -3.482486e+01 3.205509e+00
      vertex   9.814504e+00 -3.162486e+01 2.556308e+00
      vertex   1.046370e+01 -3.162486e+01 3.205509e+00
    endloop
  endfacet
  facet normal 5.320321e-01 0.000000e+00 -8.467242e-01
    outer loop
      vertex   1.046370e+01 -3.482486e+01 3.205509e+00
      vertex   1.046370e+01 -3.162486e+01 3.205509e+00
      vertex   1.124109e+01 -3.482486e+01 3.693972e+00
    endloop
  endfacet
  facet normal 5.320321e-01 0.000000e+00 -8.467242e-01
    outer loop
      vertex   1.124109e+01 -3.482486e+01 3.693972e+00
      vertex   1.046370e+01 -3.162486e+01 3.205509e+00
      vertex   1.124109e+01 -3.162486e+01 3.693972e+00
    endloop
  endfacet
  facet normal 3.302791e-01 0.000000e+00 -9.438833e-01
    outer loop
      vertex   1.124109e+01 -3.482486e+01 3.693972e+00
      vertex   1.124109e+01 -3.162486e+01 3.693972e+00
      vertex   1.210768e+01 -3.482486e+01 3.997204e+00
    endloop
  endfacet
  facet normal 3.302791e-01 0.000000e+00 -9.438833e-01
    outer loop
      vertex   1.210768e+01 -3.482486e+01 3.997204e+00
      vertex   1.124109e+01 -3.162486e+01 3.693972e+00
      vertex   1.210768e+01 -3.162486e+01 3.997204e+00
    endloop
  endfacet
  facet normal 1.119645e-01 0.000000e+00 -9.937122e-01
    outer loop
      vertex   1.210768e+01 -3.482486e+01 3.997204e+00
      vertex   1.210768e+01 -3.162486e+01 3.997204e+00
      vertex   1.302001e+01 -3.482486e+01 4.100000e+00
    endloop
  endfacet
  facet normal 1.119645e-01 0.000000e+00 -9.937122e-01
    outer loop
      vertex   1.302001e+01 -3.482486e+01 4.100000e+00
      vertex   1.210768e+01 -3.162486e+01 3.997204e+00
      vertex   1.302001e+01 -3.162486e+01 4.100000e+00
    endloop
  endfacet
  facet normal -1.119645e-01 0.000000e+00 -9.937122e-01
    outer loop
      vertex   1.302001e+01 -3.482486e+01 4.100000e+00
      vertex   1.302001e+01 -3.162486e+01 4.100000e+00
      vertex   1.393235e+01 -3.482486e+01 3.997204e+00
    endloop
  endfacet
  facet normal -1.119645e-01 0.000000e+00 -9.937122e-01
    outer loop
      vertex   1.393235e+01 -3.482486e+01 3.997204e+00
      vertex   1.302001e+01 -3.162486e+01 4.100000e+00
      vertex   1.393235e+01 -3.162486e+01 3.997204e+00
    endloop
  endfacet
  facet normal -3.302791e-01 0.000000e+00 -9.438833e-01
    outer loop
      vertex   1.393235e+01 -3.482486e+01 3.997204e+00
      vertex   1.393235e+01 -3.162486e+01 3.997204e+00
      vertex   1.479894e+01 -3.482486e+01 3.693972e+00
    endloop
  endfacet
  facet normal -3.302791e-01 0.000000e+00 -9.438833e-01
    outer loop
      vertex   1.479894e+01 -3.482486e+01 3.693972e+00
      vertex   1.393235e+01 -3.162486e+01 3.997204e+00
      vertex   1.479894e+01 -3.162486e+01 3.693972e+00
    endloop
  endfacet
  facet normal -5.320321e-01 0.000000e+00 -8.467242e-01
    outer loop
      vertex   1.479894e+01 -3.482486e+01 3.693972e+00
      vertex   1.479894e+01 -3.162486e+01 3.693972e+00
      vertex   1.557632e+01 -3.482486e+01 3.205509e+00
    endloop
  endfacet
  facet normal -5.320321e-01 0.000000e+00 -8.467242e-01
    outer loop
      vertex   1.557632e+01 -3.482486e+01 3.205509e+00
      vertex   1.479894e+01 -3.162486e+01 3.693972e+00
      vertex   1.557632e+01 -3.162486e+01 3.205509e+00
    endloop
  endfacet
  facet normal -7.071068e-01 0.000000e+00 -7.071068e-01
    outer loop
      vertex   1.557632e+01 -3.482486e+01 3.205509e+00
      vertex   1.557632e+01 -3.162486e+01 3.205509e+00
      vertex   1.622552e+01 -3.482486e+01 2.556308e+00
    endloop
  endfacet
  facet normal -7.071068e-01 0.000000e+00 -7.071068e-01
    outer loop
      vertex   1.622552e+01 -3.482486e+01 2.556308e+00
      vertex   1.557632e+01 -3.162486e+01 3.205509e+00
      vertex   1.622552e+01 -3.162486e+01 2.556308e+00
    endloop
  endfacet
  facet normal -8.467242e-01 0.000000e+00 -5.320321e-01
    outer loop
      vertex   1.622552e+01 -3.482486e+01 2.556308e+00
      vertex   1.622552e+01 -3.162486e+01 2.556308e+00
      vertex   1.671399e+01 -3.482486e+01 1.778923e+00
    endloop
  endfacet
  facet normal -8.467242e-01 0.000000e+00 -5.320321e-01
    outer loop
      vertex   1.671399e+01 -3.482486e+01 1.778923e+00
      vertex   1.622552e+01 -3.162486e+01 2.556308e+00
      vertex   1.671399e+01 -3.162486e+01 1.778923e+00
    endloop
  endfacet
  facet normal -9.438833e-01 0.000000e+00 -3.302791e-01
    outer loop
      vertex   1.671399e+01 -3.482486e+01 1.778923e+00
      vertex   1.671399e+01 -3.162486e+01 1.778923e+00
      vertex   1.701722e+01 -3.482486e+01 9.123358e-01
    endloop
  endfacet
  facet normal -9.438833e-01 0.000000e+00 -3.302791e-01
    outer loop
      vertex   1.701722e+01 -3.482486e+01 9.123358e-01
      vertex   1.671399e+01 -3.162486e+01 1.778923e+00
      vertex   1.701722e+01 -3.162486e+01 9.123358e-01
    endloop
  endfacet
  facet normal -9.937122e-01 0.000000e+00 -1.119645e-01
    outer loop
      vertex   1.701722e+01 -3.482486e+01 9.123358e-01
      vertex   1.701722e+01 -3.162486e+01 9.123358e-01
      vertex   1.712001e+01 -3.482486e+01 0.000000e+00
    endloop
  endfacet
  facet normal -9.937122e-01 0.000000e+00 -1.119645e-01
    outer loop
      vertex   1.712001e+01 -3.482486e+01 0.000000e+00
      vertex   1.701722e+01 -3.162486e+01 9.123358e-01
      vertex   1.712001e+01 -3.162486e+01 0.000000e+00
    endloop
  endfacet
  facet normal 0.000000e+00 -1.000000e+00 -0.000000e+00
    outer loop
      vertex   1.701722e+01 -3.162486e+01 9.123358e-01
      vertex   9.022808e+00 -3.162486e+01 9.123358e-01
      vertex   1.712001e+01 -3.162486e+01 0.000000e+00
    endloop
  endfacet
  facet normal -0.000000e+00 -1.000000e+00 0.000000e+00
    outer loop
      vertex   1.712001e+01 -3.162486e+01 0.000000e+00
      vertex   9.022808e+00 -3.162486e+01 9.123358e-01
      vertex   8.920013e+00 -3.162486e+01 -2.795250e-18
    endloop
  endfacet
  facet normal 0.000000e+00 -1.000000e+00 -0.000000e+00
    outer loop
      vertex   1.712001e+01 -3.162486e+01 0.000000e+00
      vertex   8.920013e+00 -3.162486e+01 -2.795250e-18
      vertex   1.712001e+01 -3.162486e+01 -4.100000e+00
    endloop
  endfacet
  facet normal 0.000000e+00 -1.000000e+00 0.000000e+00
    outer loop
      vertex   1.712001e+01 -3.162486e+01 -4.100000e+00
      vertex   8.920013e+00 -3.162486e+01 -2.795250e-18
      vertex   8.920013e+00 -3.162486e+01 -4.100000e+00
    endloop
  endfacet
  facet normal 0.000000e+00 -1.000000e+00 0.000000e+00
    outer loop
      vertex   9.022808e+00 -3.162486e+01 9.123358e-01
      vertex   1.701722e+01 -3.162486e+01 9.123358e-01
      vertex   9.326040e+00 -3.162486e+01 1.778923e+00
    endloop
  endfacet
  facet normal 0.000000e+00 -1.000000e+00 0.000000e+00
    outer loop
      vertex   9.326040e+00 -3.162486e+01 1.778923e+00
      vertex   1.701722e+01 -3.162486e+01 9.123358e-01
      vertex   1.671399e+01 -3.162486e+01 1.778923e+00
    endloop
  endfacet
  facet normal 0.000000e+00 -1.000000e+00 0.000000e+00
    outer loop
      vertex   9.326040e+00 -3.162486e+01 1.778923e+00
      vertex   1.671399e+01 -3.162486e+01 1.778923e+00
      vertex   9.814504e+00 -3.162486e+01 2.556308e+00
    endloop
  endfacet
  facet normal 0.000000e+00 -1.000000e+00 0.000000e+00
    outer loop
      vertex   9.814504e+00 -3.162486e+01 2.556308e+00
      vertex   1.671399e+01 -3.162486e+01 1.778923e+00
      vertex   1.622552e+01 -3.162486e+01 2.556308e+00
    endloop
  endfacet
  facet normal 0.000000e+00 -1.000000e+00 0.000000e+00
    outer loop
      vertex   9.814504e+00 -3.162486e+01 2.556308e+00
      vertex   1.622552e+01 -3.162486e+01 2.556308e+00
      vertex   1.046370e+01 -3.162486e+01 3.205509e+00
    endloop
  endfacet
  facet normal 0.000000e+00 -1.000000e+00 0.000000e+00
    outer loop
      vertex   1.046370e+01 -3.162486e+01 3.205509e+00
      vertex   1.622552e+01 -3.162486e+01 2.556308e+00
      vertex   1.557632e+01 -3.162486e+01 3.205509e+00
    endloop
  endfacet
  facet normal 0.000000e+00 -1.000000e+00 0.000000e+00
    outer loop
      vertex   1.046370e+01 -3.162486e+01 3.205509e+00
      vertex   1.557632e+01 -3.162486e+01 3.205509e+00
      vertex   1.124109e+01 -3.162486e+01 3.693972e+00
    endloop
  endfacet
  facet normal 0.000000e+00 -1.000000e+00 0.000000e+00
    outer loop
      vertex   1.124109e+01 -3.162486e+01 3.693972e+00
      vertex   1.557632e+01 -3.162486e+01 3.205509e+00
      vertex   1.479894e+01 -3.162486e+01 3.693972e+00
    endloop
  endfacet
  facet normal 0.000000e+00 -1.000000e+00 0.000000e+00
    outer loop
      vertex   1.124109e+01 -3.162486e+01 3.693972e+00
      vertex   1.479894e+01 -3.162486e+01 3.693972e+00
      vertex   1.210768e+01 -3.162486e+01 3.997204e+00
    endloop
  endfacet
  facet normal 0.000000e+00 -1.000000e+00 0.000000e+00
    outer loop
      vertex   1.210768e+01 -3.162486e+01 3.997204e+00
      vertex   1.479894e+01 -3.162486e+01 3.693972e+00
      vertex   1.393235e+01 -3.162486e+01 3.997204e+00
    endloop
  endfacet
  facet normal 0.000000e+00 -1.000000e+00 0.000000e+00
    outer loop
      vertex   1.210768e+01 -3.162486e+01 3.997204e+00
      vertex   1.393235e+01 -3.162486e+01 3.997204e+00
      vertex   1.302001e+01 -3.162486e+01 4.100000e+00
    endloop
  endfacet
  facet normal -0.000000e+00 1.000000e+00 0.000000e+00
    outer loop
      vertex   9.022808e+00 -3.482486e+01 9.123358e-01
      vertex   1.701722e+01 -3.482486e+01 9.123358e-01
      vertex   8.920013e+00 -3.482486e+01 -2.795250e-18
    endloop
  endfacet
  facet normal 0.000000e+00 1.000000e+00 0.000000e+00
    outer loop
      vertex   8.920013e+00 -3.482486e+01 -2.795250e-18
      vertex   1.701722e+01 -3.482486e+01 9.123358e-01
      vertex   1.712001e+01 -3.482486e+01 0.000000e+00
    endloop
  endfacet
  facet normal -0.000000e+00 1.000000e+00 0.000000e+00
    outer loop
      vertex   8.920013e+00 -3.482486e+01 -2.795250e-18
      vertex   1.712001e+01 -3.482486e+01 0.000000e+00
      vertex   8.920013e+00 -3.482486e+01 -4.100000e+00
    endloop
  endfacet
  facet normal -0.000000e+00 1.000000e+00 0.000000e+00
    outer loop
      vertex   8.920013e+00 -3.482486e+01 -4.100000e+00
      vertex   1.712001e+01 -3.482486e+01 0.000000e+00
      vertex   1.712001e+01 -3.482486e+01 -4.100000e+00
    endloop
  endfacet
  facet normal 0.000000e+00 1.000000e+00 0.000000e+00
    outer loop
      vertex   1.701722e+01 -3.482486e+01 9.123358e-01
      vertex   9.022808e+00 -3.482486e+01 9.123358e-01
      vertex   1.671399e+01 -3.482486e+01 1.778923e+00
    endloop
  endfacet
  facet normal 0.000000e+00 1.000000e+00 0.000000e+00
    outer loop
      vertex   1.671399e+01 -3.482486e+01 1.778923e+00
      vertex   9.022808e+00 -3.482486e+01 9.123358e-01
      vertex   9.326040e+00 -3.482486e+01 1.778923e+00
    endloop
  endfacet
  facet normal 0.000000e+00 1.000000e+00 0.000000e+00
    outer loop
      vertex   1.671399e+01 -3.482486e+01 1.778923e+00
      vertex   9.326040e+00 -3.482486e+01 1.778923e+00
      vertex   1.622552e+01 -3.482486e+01 2.556308e+00
    endloop
  endfacet
  facet normal 0.000000e+00 1.000000e+00 0.000000e+00
    outer loop
      vertex   1.622552e+01 -3.482486e+01 2.556308e+00
      vertex   9.326040e+00 -3.482486e+01 1.778923e+00
      vertex   9.814504e+00 -3.482486e+01 2.556308e+00
    endloop
  endfacet
  facet normal 0.000000e+00 1.000000e+00 0.000000e+00
    outer loop
      vertex   1.622552e+01 -3.482486e+01 2.556308e+00
      vertex   9.814504e+00 -3.482486e+01 2.556308e+00
      vertex   1.557632e+01 -3.482486e+01 3.205509e+00
    endloop
  endfacet
  facet normal 0.000000e+00 1.000000e+00 0.000000e+00
    outer loop
      vertex   1.557632e+01 -3.482486e+01 3.205509e+00
      vertex   9.814504e+00 -3.482486e+01 2.556308e+00
      vertex   1.046370e+01 -3.482486e+01 3.205509e+00
    endloop
  endfacet
  facet normal 0.000000e+00 1.000000e+00 0.000000e+00
    outer loop
      vertex   1.557632e+01 -3.482486e+01 3.205509e+00
      vertex   1.046370e+01 -3.482486e+01 3.205509e+00
      vertex   1.479894e+01 -3.482486e+01 3.693972e+00
    endloop
  endfacet
  facet normal 0.000000e+00 1.000000e+00 0.000000e+00
    outer loop
      vertex   1.479894e+01 -3.482486e+01 3.693972e+00
      vertex   1.046370e+01 -3.482486e+01 3.205509e+00
      vertex   1.124109e+01 -3.482486e+01 3.693972e+00
    endloop
  endfacet
  facet normal 0.000000e+00 1.000000e+00 0.000000e+00
    outer loop
      vertex   1.479894e+01 -3.482486e+01 3.693972e+00
      vertex   1.124109e+01 -3.482486e+01 3.693972e+00
      vertex   1.393235e+01 -3.482486e+01 3.997204e+00
    endloop
  endfacet
  facet normal 0.000000e+00 1.000000e+00 0.000000e+00
    outer loop
      vertex   1.393235e+01 -3.482486e+01 3.997204e+00
      vertex   1.124109e+01 -3.482486e+01 3.693972e+00
      vertex   1.210768e+01 -3.482486e+01 3.997204e+00
    endloop
  endfacet
  facet normal 0.000000e+00 1.000000e+00 0.000000e+00
    outer loop
      vertex   1.393235e+01 -3.482486e+01 3.997204e+00
      vertex   1.210768e+01 -3.482486e+01 3.997204e+00
      vertex   1.302001e+01 -3.482486e+01 4.100000e+00
    endloop
  endfacet
endsolid
