solid ASCII
  facet normal 9.864006e-01 -1.643591e-01 0.000000e+00
    outer loop
      vertex   4.701404e+01 -9.036966e+01 -9.500000e+00
      vertex   4.758086e+01 -8.696786e+01 -9.500000e+00
      vertex   4.701404e+01 -9.036966e+01 -9.100000e+00
    endloop
  endfacet
  facet normal 9.864006e-01 -1.643591e-01 0.000000e+00
    outer loop
      vertex   4.701404e+01 -9.036966e+01 -9.100000e+00
      vertex   4.758086e+01 -8.696786e+01 -9.500000e+00
      vertex   4.758086e+01 -8.696786e+01 -9.100000e+00
    endloop
  endfacet
  facet normal 9.723773e-01 -2.334147e-01 0.000000e+00
    outer loop
      vertex   4.758086e+01 -8.696786e+01 -9.100000e+00
      vertex   4.758086e+01 -8.696786e+01 -9.500000e+00
      vertex   4.760716e+01 -8.685830e+01 -9.100000e+00
    endloop
  endfacet
  facet normal 9.723773e-01 -2.334147e-01 0.000000e+00
    outer loop
      vertex   4.760716e+01 -8.685830e+01 -9.100000e+00
      vertex   4.758086e+01 -8.696786e+01 -9.500000e+00
      vertex   4.760716e+01 -8.685830e+01 -9.500000e+00
    endloop
  endfacet
  facet normal 9.299398e-01 -3.677118e-01 0.000000e+00
    outer loop
      vertex   4.760716e+01 -8.685830e+01 -9.100000e+00
      vertex   4.760716e+01 -8.685830e+01 -9.500000e+00
      vertex   4.764860e+01 -8.675352e+01 -9.500000e+00
    endloop
  endfacet
  facet normal 8.690554e-01 -4.947147e-01 0.000000e+00
    outer loop
      vertex   4.770434e+01 -8.665560e+01 -9.500000e+00
      vertex   4.770434e+01 -8.665560e+01 -9.100000e+00
      vertex   4.764860e+01 -8.675352e+01 -9.500000e+00
    endloop
  endfacet
  facet normal 8.690554e-01 -4.947147e-01 0.000000e+00
    outer loop
      vertex   4.764860e+01 -8.675352e+01 -9.500000e+00
      vertex   4.770434e+01 -8.665560e+01 -9.100000e+00
      vertex   4.764860e+01 -8.675352e+01 -9.100000e+00
    endloop
  endfacet
  facet normal 9.299398e-01 -3.677118e-01 0.000000e+00
    outer loop
      vertex   4.764860e+01 -8.675352e+01 -9.500000e+00
      vertex   4.764860e+01 -8.675352e+01 -9.100000e+00
      vertex   4.760716e+01 -8.685830e+01 -9.100000e+00
    endloop
  endfacet
  facet normal 8.320594e-01 -5.546865e-01 0.000000e+00
    outer loop
      vertex   4.770434e+01 -8.665560e+01 -9.500000e+00
      vertex   4.883823e+01 -8.495470e+01 -9.500000e+00
      vertex   4.770434e+01 -8.665560e+01 -9.100000e+00
    endloop
  endfacet
  facet normal 8.320594e-01 -5.546865e-01 0.000000e+00
    outer loop
      vertex   4.770434e+01 -8.665560e+01 -9.100000e+00
      vertex   4.883823e+01 -8.495470e+01 -9.500000e+00
      vertex   4.883823e+01 -8.495470e+01 -9.100000e+00
    endloop
  endfacet
  facet normal 7.578157e-01 -6.524686e-01 0.000000e+00
    outer loop
      vertex   4.883823e+01 -8.495470e+01 -9.100000e+00
      vertex   4.883823e+01 -8.495470e+01 -9.500000e+00
      vertex   4.896616e+01 -8.480611e+01 -9.100000e+00
    endloop
  endfacet
  facet normal 7.578157e-01 -6.524686e-01 0.000000e+00
    outer loop
      vertex   4.896616e+01 -8.480611e+01 -9.100000e+00
      vertex   4.883823e+01 -8.495470e+01 -9.500000e+00
      vertex   4.896616e+01 -8.480611e+01 -9.500000e+00
    endloop
  endfacet
  facet normal 5.763510e-01 -8.172023e-01 0.000000e+00
    outer loop
      vertex   4.896616e+01 -8.480611e+01 -9.100000e+00
      vertex   4.896616e+01 -8.480611e+01 -9.500000e+00
      vertex   4.912639e+01 -8.469311e+01 -9.100000e+00
    endloop
  endfacet
  facet normal 5.763510e-01 -8.172023e-01 0.000000e+00
    outer loop
      vertex   4.912639e+01 -8.469311e+01 -9.100000e+00
      vertex   4.896616e+01 -8.480611e+01 -9.500000e+00
      vertex   4.912639e+01 -8.469311e+01 -9.500000e+00
    endloop
  endfacet
  facet normal 3.602667e-01 -9.328493e-01 0.000000e+00
    outer loop
      vertex   4.912639e+01 -8.469311e+01 -9.100000e+00
      vertex   4.912639e+01 -8.469311e+01 -9.500000e+00
      vertex   4.930929e+01 -8.462247e+01 -9.100000e+00
    endloop
  endfacet
  facet normal 3.602667e-01 -9.328493e-01 0.000000e+00
    outer loop
      vertex   4.930929e+01 -8.462247e+01 -9.100000e+00
      vertex   4.912639e+01 -8.469311e+01 -9.500000e+00
      vertex   4.930929e+01 -8.462247e+01 -9.500000e+00
    endloop
  endfacet
  facet normal 1.225425e-01 -9.924633e-01 0.000000e+00
    outer loop
      vertex   4.930929e+01 -8.462247e+01 -9.100000e+00
      vertex   4.930929e+01 -8.462247e+01 -9.500000e+00
      vertex   4.950388e+01 -8.459845e+01 -9.100000e+00
    endloop
  endfacet
  facet normal 1.225425e-01 -9.924633e-01 0.000000e+00
    outer loop
      vertex   4.950388e+01 -8.459845e+01 -9.100000e+00
      vertex   4.930929e+01 -8.462247e+01 -9.500000e+00
      vertex   4.950388e+01 -8.459845e+01 -9.500000e+00
    endloop
  endfacet
  facet normal 0.000000e+00 -1.000000e+00 0.000000e+00
    outer loop
      vertex   4.950388e+01 -8.459845e+01 -9.500000e+00
      vertex   5.120472e+01 -8.459845e+01 -9.500000e+00
      vertex   4.950388e+01 -8.459845e+01 -9.100000e+00
    endloop
  endfacet
  facet normal 0.000000e+00 -1.000000e+00 0.000000e+00
    outer loop
      vertex   4.950388e+01 -8.459845e+01 -9.100000e+00
      vertex   5.120472e+01 -8.459845e+01 -9.500000e+00
      vertex   5.120472e+01 -8.459845e+01 -9.100000e+00
    endloop
  endfacet
  facet normal -1.225241e-01 -9.924655e-01 -0.000000e+00
    outer loop
      vertex   5.120472e+01 -8.459845e+01 -9.100000e+00
      vertex   5.120472e+01 -8.459845e+01 -9.500000e+00
      vertex   5.139928e+01 -8.462247e+01 -9.100000e+00
    endloop
  endfacet
  facet normal -1.225241e-01 -9.924655e-01 -0.000000e+00
    outer loop
      vertex   5.139928e+01 -8.462247e+01 -9.100000e+00
      vertex   5.120472e+01 -8.459845e+01 -9.500000e+00
      vertex   5.139928e+01 -8.462247e+01 -9.500000e+00
    endloop
  endfacet
  facet normal -3.602150e-01 -9.328693e-01 -0.000000e+00
    outer loop
      vertex   5.139928e+01 -8.462247e+01 -9.100000e+00
      vertex   5.139928e+01 -8.462247e+01 -9.500000e+00
      vertex   5.158216e+01 -8.469308e+01 -9.100000e+00
    endloop
  endfacet
  facet normal -3.602150e-01 -9.328693e-01 -6.398704e-15
    outer loop
      vertex   5.158216e+01 -8.469308e+01 -9.100000e+00
      vertex   5.139928e+01 -8.462247e+01 -9.500000e+00
      vertex   5.158216e+01 -8.469308e+01 -9.500000e+00
    endloop
  endfacet
  facet normal -5.762754e-01 -8.172555e-01 -1.023671e-14
    outer loop
      vertex   5.158216e+01 -8.469308e+01 -9.100000e+00
      vertex   5.158216e+01 -8.469308e+01 -9.500000e+00
      vertex   5.174237e+01 -8.480605e+01 -9.100000e+00
    endloop
  endfacet
  facet normal -5.762754e-01 -8.172555e-01 -1.023671e-14
    outer loop
      vertex   5.174237e+01 -8.480605e+01 -9.100000e+00
      vertex   5.158216e+01 -8.469308e+01 -9.500000e+00
      vertex   5.174237e+01 -8.480605e+01 -9.500000e+00
    endloop
  endfacet
  facet normal -7.577313e-01 -6.525667e-01 -1.346001e-14
    outer loop
      vertex   5.174237e+01 -8.480605e+01 -9.100000e+00
      vertex   5.174237e+01 -8.480605e+01 -9.500000e+00
      vertex   5.187030e+01 -8.495460e+01 -9.100000e+00
    endloop
  endfacet
  facet normal -7.577313e-01 -6.525667e-01 -0.000000e+00
    outer loop
      vertex   5.187030e+01 -8.495460e+01 -9.100000e+00
      vertex   5.174237e+01 -8.480605e+01 -9.500000e+00
      vertex   5.187030e+01 -8.495460e+01 -9.500000e+00
    endloop
  endfacet
  facet normal -8.319774e-01 -5.548096e-01 0.000000e+00
    outer loop
      vertex   5.187030e+01 -8.495460e+01 -9.500000e+00
      vertex   5.211013e+01 -8.531423e+01 -9.500000e+00
      vertex   5.187030e+01 -8.495460e+01 -9.100000e+00
    endloop
  endfacet
  facet normal -8.319774e-01 -5.548096e-01 0.000000e+00
    outer loop
      vertex   5.187030e+01 -8.495460e+01 -9.100000e+00
      vertex   5.211013e+01 -8.531423e+01 -9.500000e+00
      vertex   5.211013e+01 -8.531423e+01 -9.100000e+00
    endloop
  endfacet
  facet normal 9.732161e-01 -2.298921e-01 0.000000e+00
    outer loop
      vertex   5.211013e+01 -8.531423e+01 -9.100000e+00
      vertex   5.211013e+01 -8.531423e+01 -9.500000e+00
      vertex   5.215654e+01 -8.511777e+01 -9.100000e+00
    endloop
  endfacet
  facet normal 9.732161e-01 -2.298921e-01 0.000000e+00
    outer loop
      vertex   5.215654e+01 -8.511777e+01 -9.100000e+00
      vertex   5.211013e+01 -8.531423e+01 -9.500000e+00
      vertex   5.215654e+01 -8.511777e+01 -9.500000e+00
    endloop
  endfacet
  facet normal 8.846853e-01 -4.661887e-01 0.000000e+00
    outer loop
      vertex   5.215654e+01 -8.511777e+01 -9.100000e+00
      vertex   5.215654e+01 -8.511777e+01 -9.500000e+00
      vertex   5.225064e+01 -8.493918e+01 -9.100000e+00
    endloop
  endfacet
  facet normal 8.846853e-01 -4.661887e-01 0.000000e+00
    outer loop
      vertex   5.225064e+01 -8.493918e+01 -9.100000e+00
      vertex   5.215654e+01 -8.511777e+01 -9.500000e+00
      vertex   5.225064e+01 -8.493918e+01 -9.500000e+00
    endloop
  endfacet
  facet normal 7.398233e-01 -6.728013e-01 0.000000e+00
    outer loop
      vertex   5.225064e+01 -8.493918e+01 -9.100000e+00
      vertex   5.225064e+01 -8.493918e+01 -9.500000e+00
      vertex   5.238646e+01 -8.478983e+01 -9.100000e+00
    endloop
  endfacet
  facet normal 7.398233e-01 -6.728013e-01 0.000000e+00
    outer loop
      vertex   5.238646e+01 -8.478983e+01 -9.100000e+00
      vertex   5.225064e+01 -8.493918e+01 -9.500000e+00
      vertex   5.238646e+01 -8.478983e+01 -9.500000e+00
    endloop
  endfacet
  facet normal 5.478539e-01 -8.365741e-01 0.000000e+00
    outer loop
      vertex   5.238646e+01 -8.478983e+01 -9.100000e+00
      vertex   5.238646e+01 -8.478983e+01 -9.500000e+00
      vertex   5.255534e+01 -8.467924e+01 -9.100000e+00
    endloop
  endfacet
  facet normal 5.478539e-01 -8.365741e-01 0.000000e+00
    outer loop
      vertex   5.255534e+01 -8.467924e+01 -9.100000e+00
      vertex   5.238646e+01 -8.478983e+01 -9.500000e+00
      vertex   5.255534e+01 -8.467924e+01 -9.500000e+00
    endloop
  endfacet
  facet normal 3.210005e-01 -9.470790e-01 0.000000e+00
    outer loop
      vertex   5.255534e+01 -8.467924e+01 -9.100000e+00
      vertex   5.255534e+01 -8.467924e+01 -9.500000e+00
      vertex   5.274653e+01 -8.461444e+01 -9.100000e+00
    endloop
  endfacet
  facet normal 3.210005e-01 -9.470790e-01 0.000000e+00
    outer loop
      vertex   5.274653e+01 -8.461444e+01 -9.100000e+00
      vertex   5.255534e+01 -8.467924e+01 -9.500000e+00
      vertex   5.274653e+01 -8.461444e+01 -9.500000e+00
    endloop
  endfacet
  facet normal 7.370790e-02 -9.972799e-01 0.000000e+00
    outer loop
      vertex   5.274653e+01 -8.461444e+01 -9.100000e+00
      vertex   5.274653e+01 -8.461444e+01 -9.500000e+00
      vertex   5.294785e+01 -8.459956e+01 -9.100000e+00
    endloop
  endfacet
  facet normal 7.370790e-02 -9.972799e-01 0.000000e+00
    outer loop
      vertex   5.294785e+01 -8.459956e+01 -9.100000e+00
      vertex   5.274653e+01 -8.461444e+01 -9.500000e+00
      vertex   5.294785e+01 -8.459956e+01 -9.500000e+00
    endloop
  endfacet
  facet normal -1.782780e-01 -9.839802e-01 -0.000000e+00
    outer loop
      vertex   5.294785e+01 -8.459956e+01 -9.100000e+00
      vertex   5.294785e+01 -8.459956e+01 -9.500000e+00
      vertex   5.314648e+01 -8.463555e+01 -9.100000e+00
    endloop
  endfacet
  facet normal -1.782780e-01 -9.839802e-01 -0.000000e+00
    outer loop
      vertex   5.314648e+01 -8.463555e+01 -9.100000e+00
      vertex   5.294785e+01 -8.459956e+01 -9.500000e+00
      vertex   5.314648e+01 -8.463555e+01 -9.500000e+00
    endloop
  endfacet
  facet normal -4.189123e-01 -9.080267e-01 -0.000000e+00
    outer loop
      vertex   5.314648e+01 -8.463555e+01 -9.100000e+00
      vertex   5.314648e+01 -8.463555e+01 -9.500000e+00
      vertex   5.332979e+01 -8.472011e+01 -9.100000e+00
    endloop
  endfacet
  facet normal -4.189123e-01 -9.080267e-01 -0.000000e+00
    outer loop
      vertex   5.332979e+01 -8.472011e+01 -9.100000e+00
      vertex   5.314648e+01 -8.463555e+01 -9.500000e+00
      vertex   5.332979e+01 -8.472011e+01 -9.500000e+00
    endloop
  endfacet
  facet normal -6.328728e-01 -7.742558e-01 -0.000000e+00
    outer loop
      vertex   5.332979e+01 -8.472011e+01 -9.100000e+00
      vertex   5.332979e+01 -8.472011e+01 -9.500000e+00
      vertex   5.348608e+01 -8.484787e+01 -9.100000e+00
    endloop
  endfacet
  facet normal -6.328728e-01 -7.742558e-01 -0.000000e+00
    outer loop
      vertex   5.348608e+01 -8.484787e+01 -9.100000e+00
      vertex   5.332979e+01 -8.472011e+01 -9.500000e+00
      vertex   5.348608e+01 -8.484787e+01 -9.500000e+00
    endloop
  endfacet
  facet normal -8.065359e-01 -5.911850e-01 -0.000000e+00
    outer loop
      vertex   5.348608e+01 -8.484787e+01 -9.100000e+00
      vertex   5.348608e+01 -8.484787e+01 -9.500000e+00
      vertex   5.360543e+01 -8.501069e+01 -9.100000e+00
    endloop
  endfacet
  facet normal -8.065359e-01 -5.911850e-01 -0.000000e+00
    outer loop
      vertex   5.360543e+01 -8.501069e+01 -9.100000e+00
      vertex   5.348608e+01 -8.484787e+01 -9.500000e+00
      vertex   5.360543e+01 -8.501069e+01 -9.500000e+00
    endloop
  endfacet
  facet normal -9.288439e-01 -3.704713e-01 -0.000000e+00
    outer loop
      vertex   5.360543e+01 -8.501069e+01 -9.100000e+00
      vertex   5.360543e+01 -8.501069e+01 -9.500000e+00
      vertex   5.368021e+01 -8.519819e+01 -9.100000e+00
    endloop
  endfacet
  facet normal -9.288439e-01 -3.704713e-01 -0.000000e+00
    outer loop
      vertex   5.368021e+01 -8.519819e+01 -9.100000e+00
      vertex   5.360543e+01 -8.501069e+01 -9.500000e+00
      vertex   5.368021e+01 -8.519819e+01 -9.500000e+00
    endloop
  endfacet
  facet normal -9.920088e-01 -1.261683e-01 -0.000000e+00
    outer loop
      vertex   5.368021e+01 -8.519819e+01 -9.100000e+00
      vertex   5.368021e+01 -8.519819e+01 -9.500000e+00
      vertex   5.370568e+01 -8.539845e+01 -9.100000e+00
    endloop
  endfacet
  facet normal -9.920088e-01 -1.261683e-01 -0.000000e+00
    outer loop
      vertex   5.370568e+01 -8.539845e+01 -9.100000e+00
      vertex   5.368021e+01 -8.519819e+01 -9.500000e+00
      vertex   5.370568e+01 -8.539845e+01 -9.500000e+00
    endloop
  endfacet
  facet normal -1.000000e+00 0.000000e+00 0.000000e+00
    outer loop
      vertex   5.370568e+01 -8.539845e+01 -9.500000e+00
      vertex   5.370568e+01 -1.092109e+02 -9.500000e+00
      vertex   5.370568e+01 -8.539845e+01 -9.100000e+00
    endloop
  endfacet
  facet normal -1.000000e+00 -0.000000e+00 0.000000e+00
    outer loop
      vertex   5.370568e+01 -8.539845e+01 -9.100000e+00
      vertex   5.370568e+01 -1.092109e+02 -9.500000e+00
      vertex   5.370568e+01 -1.092109e+02 -9.100000e+00
    endloop
  endfacet
  facet normal -9.914449e-01 1.305262e-01 0.000000e+00
    outer loop
      vertex   5.370568e+01 -1.092109e+02 -9.100000e+00
      vertex   5.370568e+01 -1.092109e+02 -9.500000e+00
      vertex   5.367842e+01 -1.094180e+02 -9.100000e+00
    endloop
  endfacet
  facet normal -9.914449e-01 1.305262e-01 0.000000e+00
    outer loop
      vertex   5.367842e+01 -1.094180e+02 -9.100000e+00
      vertex   5.370568e+01 -1.092109e+02 -9.500000e+00
      vertex   5.367842e+01 -1.094180e+02 -9.500000e+00
    endloop
  endfacet
  facet normal -9.238795e-01 3.826834e-01 0.000000e+00
    outer loop
      vertex   5.367842e+01 -1.094180e+02 -9.100000e+00
      vertex   5.367842e+01 -1.094180e+02 -9.500000e+00
      vertex   5.359850e+01 -1.096109e+02 -9.100000e+00
    endloop
  endfacet
  facet normal -9.238795e-01 3.826834e-01 0.000000e+00
    outer loop
      vertex   5.359850e+01 -1.096109e+02 -9.100000e+00
      vertex   5.367842e+01 -1.094180e+02 -9.500000e+00
      vertex   5.359850e+01 -1.096109e+02 -9.500000e+00
    endloop
  endfacet
  facet normal -7.933533e-01 6.087614e-01 0.000000e+00
    outer loop
      vertex   5.359850e+01 -1.096109e+02 -9.100000e+00
      vertex   5.359850e+01 -1.096109e+02 -9.500000e+00
      vertex   5.347137e+01 -1.097766e+02 -9.100000e+00
    endloop
  endfacet
  facet normal -7.933533e-01 6.087614e-01 0.000000e+00
    outer loop
      vertex   5.347137e+01 -1.097766e+02 -9.100000e+00
      vertex   5.359850e+01 -1.096109e+02 -9.500000e+00
      vertex   5.347137e+01 -1.097766e+02 -9.500000e+00
    endloop
  endfacet
  facet normal -6.087614e-01 7.933533e-01 0.000000e+00
    outer loop
      vertex   5.347137e+01 -1.097766e+02 -9.100000e+00
      vertex   5.347137e+01 -1.097766e+02 -9.500000e+00
      vertex   5.330568e+01 -1.099038e+02 -9.100000e+00
    endloop
  endfacet
  facet normal -6.087614e-01 7.933533e-01 0.000000e+00
    outer loop
      vertex   5.330568e+01 -1.099038e+02 -9.100000e+00
      vertex   5.347137e+01 -1.097766e+02 -9.500000e+00
      vertex   5.330568e+01 -1.099038e+02 -9.500000e+00
    endloop
  endfacet
  facet normal -3.826834e-01 9.238795e-01 0.000000e+00
    outer loop
      vertex   5.330568e+01 -1.099038e+02 -9.100000e+00
      vertex   5.330568e+01 -1.099038e+02 -9.500000e+00
      vertex   5.311274e+01 -1.099837e+02 -9.100000e+00
    endloop
  endfacet
  facet normal -3.826834e-01 9.238795e-01 0.000000e+00
    outer loop
      vertex   5.311274e+01 -1.099837e+02 -9.100000e+00
      vertex   5.330568e+01 -1.099038e+02 -9.500000e+00
      vertex   5.311274e+01 -1.099837e+02 -9.500000e+00
    endloop
  endfacet
  facet normal -1.305262e-01 9.914449e-01 0.000000e+00
    outer loop
      vertex   5.311274e+01 -1.099837e+02 -9.100000e+00
      vertex   5.311274e+01 -1.099837e+02 -9.500000e+00
      vertex   5.290568e+01 -1.100109e+02 -9.100000e+00
    endloop
  endfacet
  facet normal -1.305262e-01 9.914449e-01 0.000000e+00
    outer loop
      vertex   5.290568e+01 -1.100109e+02 -9.100000e+00
      vertex   5.311274e+01 -1.099837e+02 -9.500000e+00
      vertex   5.290568e+01 -1.100109e+02 -9.500000e+00
    endloop
  endfacet
  facet normal 1.305262e-01 9.914449e-01 0.000000e+00
    outer loop
      vertex   5.290568e+01 -1.100109e+02 -9.100000e+00
      vertex   5.290568e+01 -1.100109e+02 -9.500000e+00
      vertex   5.269863e+01 -1.099837e+02 -9.100000e+00
    endloop
  endfacet
  facet normal 1.305262e-01 9.914449e-01 0.000000e+00
    outer loop
      vertex   5.269863e+01 -1.099837e+02 -9.100000e+00
      vertex   5.290568e+01 -1.100109e+02 -9.500000e+00
      vertex   5.269863e+01 -1.099837e+02 -9.500000e+00
    endloop
  endfacet
  facet normal 3.826834e-01 9.238795e-01 0.000000e+00
    outer loop
      vertex   5.269863e+01 -1.099837e+02 -9.100000e+00
      vertex   5.269863e+01 -1.099837e+02 -9.500000e+00
      vertex   5.250568e+01 -1.099038e+02 -9.100000e+00
    endloop
  endfacet
  facet normal 3.826834e-01 9.238795e-01 0.000000e+00
    outer loop
      vertex   5.250568e+01 -1.099038e+02 -9.100000e+00
      vertex   5.269863e+01 -1.099837e+02 -9.500000e+00
      vertex   5.250568e+01 -1.099038e+02 -9.500000e+00
    endloop
  endfacet
  facet normal 6.087614e-01 7.933533e-01 0.000000e+00
    outer loop
      vertex   5.250568e+01 -1.099038e+02 -9.100000e+00
      vertex   5.250568e+01 -1.099038e+02 -9.500000e+00
      vertex   5.234000e+01 -1.097766e+02 -9.100000e+00
    endloop
  endfacet
  facet normal 6.087614e-01 7.933533e-01 0.000000e+00
    outer loop
      vertex   5.234000e+01 -1.097766e+02 -9.100000e+00
      vertex   5.250568e+01 -1.099038e+02 -9.500000e+00
      vertex   5.234000e+01 -1.097766e+02 -9.500000e+00
    endloop
  endfacet
  facet normal 7.933533e-01 6.087614e-01 0.000000e+00
    outer loop
      vertex   5.234000e+01 -1.097766e+02 -9.100000e+00
      vertex   5.234000e+01 -1.097766e+02 -9.500000e+00
      vertex   5.221286e+01 -1.096109e+02 -9.100000e+00
    endloop
  endfacet
  facet normal 7.933533e-01 6.087614e-01 0.000000e+00
    outer loop
      vertex   5.221286e+01 -1.096109e+02 -9.100000e+00
      vertex   5.234000e+01 -1.097766e+02 -9.500000e+00
      vertex   5.221286e+01 -1.096109e+02 -9.500000e+00
    endloop
  endfacet
  facet normal 9.238795e-01 3.826834e-01 0.000000e+00
    outer loop
      vertex   5.221286e+01 -1.096109e+02 -9.100000e+00
      vertex   5.221286e+01 -1.096109e+02 -9.500000e+00
      vertex   5.213294e+01 -1.094180e+02 -9.100000e+00
    endloop
  endfacet
  facet normal 9.238795e-01 3.826834e-01 0.000000e+00
    outer loop
      vertex   5.213294e+01 -1.094180e+02 -9.100000e+00
      vertex   5.221286e+01 -1.096109e+02 -9.500000e+00
      vertex   5.213294e+01 -1.094180e+02 -9.500000e+00
    endloop
  endfacet
  facet normal 9.914449e-01 1.305262e-01 0.000000e+00
    outer loop
      vertex   5.213294e+01 -1.094180e+02 -9.100000e+00
      vertex   5.213294e+01 -1.094180e+02 -9.500000e+00
      vertex   5.210568e+01 -1.092109e+02 -9.100000e+00
    endloop
  endfacet
  facet normal 9.914449e-01 1.305262e-01 0.000000e+00
    outer loop
      vertex   5.210568e+01 -1.092109e+02 -9.100000e+00
      vertex   5.213294e+01 -1.094180e+02 -9.500000e+00
      vertex   5.210568e+01 -1.092109e+02 -9.500000e+00
    endloop
  endfacet
  facet normal 1.000000e+00 0.000000e+00 0.000000e+00
    outer loop
      vertex   5.210568e+01 -1.092109e+02 -9.500000e+00
      vertex   5.210568e+01 -8.893002e+01 -9.500000e+00
      vertex   5.210568e+01 -1.092109e+02 -9.100000e+00
    endloop
  endfacet
  facet normal 1.000000e+00 -0.000000e+00 0.000000e+00
    outer loop
      vertex   5.210568e+01 -1.092109e+02 -9.100000e+00
      vertex   5.210568e+01 -8.893002e+01 -9.500000e+00
      vertex   5.210568e+01 -8.893002e+01 -9.100000e+00
    endloop
  endfacet
  facet normal 9.487272e-01 3.160960e-01 -0.000000e+00
    outer loop
      vertex   5.210568e+01 -8.893002e+01 -9.500000e+00
      vertex   5.161390e+01 -8.745397e+01 -9.500000e+00
      vertex   5.210568e+01 -8.893002e+01 -9.100000e+00
    endloop
  endfacet
  facet normal 9.487272e-01 3.160960e-01 0.000000e+00
    outer loop
      vertex   5.210568e+01 -8.893002e+01 -9.100000e+00
      vertex   5.161390e+01 -8.745397e+01 -9.500000e+00
      vertex   5.161390e+01 -8.745397e+01 -9.100000e+00
    endloop
  endfacet
  facet normal 8.319774e-01 5.548096e-01 -0.000000e+00
    outer loop
      vertex   5.161390e+01 -8.745397e+01 -9.500000e+00
      vertex   5.077664e+01 -8.619845e+01 -9.500000e+00
      vertex   5.161390e+01 -8.745397e+01 -9.100000e+00
    endloop
  endfacet
  facet normal 8.319774e-01 5.548096e-01 0.000000e+00
    outer loop
      vertex   5.161390e+01 -8.745397e+01 -9.100000e+00
      vertex   5.077664e+01 -8.619845e+01 -9.500000e+00
      vertex   5.077664e+01 -8.619845e+01 -9.100000e+00
    endloop
  endfacet
  facet normal 0.000000e+00 1.000000e+00 -0.000000e+00
    outer loop
      vertex   5.077664e+01 -8.619845e+01 -9.500000e+00
      vertex   4.993203e+01 -8.619845e+01 -9.500000e+00
      vertex   5.077664e+01 -8.619845e+01 -9.100000e+00
    endloop
  endfacet
  facet normal 0.000000e+00 1.000000e+00 0.000000e+00
    outer loop
      vertex   5.077664e+01 -8.619845e+01 -9.100000e+00
      vertex   4.993203e+01 -8.619845e+01 -9.500000e+00
      vertex   4.993203e+01 -8.619845e+01 -9.100000e+00
    endloop
  endfacet
  facet normal -8.320594e-01 5.546865e-01 0.000000e+00
    outer loop
      vertex   4.993203e+01 -8.619845e+01 -9.500000e+00
      vertex   4.913088e+01 -8.740022e+01 -9.500000e+00
      vertex   4.993203e+01 -8.619845e+01 -9.100000e+00
    endloop
  endfacet
  facet normal -8.320594e-01 5.546865e-01 0.000000e+00
    outer loop
      vertex   4.993203e+01 -8.619845e+01 -9.100000e+00
      vertex   4.913088e+01 -8.740022e+01 -9.500000e+00
      vertex   4.913088e+01 -8.740022e+01 -9.100000e+00
    endloop
  endfacet
  facet normal -9.864006e-01 1.643591e-01 0.000000e+00
    outer loop
      vertex   4.913088e+01 -8.740022e+01 -9.500000e+00
      vertex   4.860316e+01 -9.056735e+01 -9.500000e+00
      vertex   4.913088e+01 -8.740022e+01 -9.100000e+00
    endloop
  endfacet
  facet normal -9.864006e-01 1.643591e-01 0.000000e+00
    outer loop
      vertex   4.913088e+01 -8.740022e+01 -9.100000e+00
      vertex   4.860316e+01 -9.056735e+01 -9.500000e+00
      vertex   4.860316e+01 -9.056735e+01 -9.100000e+00
    endloop
  endfacet
  facet normal -1.000000e+00 1.294691e-05 0.000000e+00
    outer loop
      vertex   4.860316e+01 -9.056735e+01 -9.500000e+00
      vertex   4.860292e+01 -1.092109e+02 -9.500000e+00
      vertex   4.860316e+01 -9.056735e+01 -9.100000e+00
    endloop
  endfacet
  facet normal -1.000000e+00 1.294691e-05 0.000000e+00
    outer loop
      vertex   4.860316e+01 -9.056735e+01 -9.100000e+00
      vertex   4.860292e+01 -1.092109e+02 -9.500000e+00
      vertex   4.860292e+01 -1.092109e+02 -9.100000e+00
    endloop
  endfacet
  facet normal -9.914432e-01 1.305390e-01 0.000000e+00
    outer loop
      vertex   4.860292e+01 -1.092109e+02 -9.100000e+00
      vertex   4.860292e+01 -1.092109e+02 -9.500000e+00
      vertex   4.857566e+01 -1.094180e+02 -9.100000e+00
    endloop
  endfacet
  facet normal -9.914432e-01 1.305390e-01 0.000000e+00
    outer loop
      vertex   4.857566e+01 -1.094180e+02 -9.100000e+00
      vertex   4.860292e+01 -1.092109e+02 -9.500000e+00
      vertex   4.857566e+01 -1.094180e+02 -9.500000e+00
    endloop
  endfacet
  facet normal -9.238746e-01 3.826954e-01 0.000000e+00
    outer loop
      vertex   4.857566e+01 -1.094180e+02 -9.100000e+00
      vertex   4.857566e+01 -1.094180e+02 -9.500000e+00
      vertex   4.849573e+01 -1.096109e+02 -9.100000e+00
    endloop
  endfacet
  facet normal -9.238746e-01 3.826954e-01 0.000000e+00
    outer loop
      vertex   4.849573e+01 -1.096109e+02 -9.100000e+00
      vertex   4.857566e+01 -1.094180e+02 -9.500000e+00
      vertex   4.849573e+01 -1.096109e+02 -9.500000e+00
    endloop
  endfacet
  facet normal -7.933455e-01 6.087717e-01 0.000000e+00
    outer loop
      vertex   4.849573e+01 -1.096109e+02 -9.100000e+00
      vertex   4.849573e+01 -1.096109e+02 -9.500000e+00
      vertex   4.836860e+01 -1.097766e+02 -9.100000e+00
    endloop
  endfacet
  facet normal -7.933455e-01 6.087717e-01 0.000000e+00
    outer loop
      vertex   4.836860e+01 -1.097766e+02 -9.100000e+00
      vertex   4.849573e+01 -1.096109e+02 -9.500000e+00
      vertex   4.836860e+01 -1.097766e+02 -9.500000e+00
    endloop
  endfacet
  facet normal -6.087512e-01 7.933612e-01 0.000000e+00
    outer loop
      vertex   4.836860e+01 -1.097766e+02 -9.100000e+00
      vertex   4.836860e+01 -1.097766e+02 -9.500000e+00
      vertex   4.820291e+01 -1.099037e+02 -9.100000e+00
    endloop
  endfacet
  facet normal -6.087512e-01 7.933612e-01 0.000000e+00
    outer loop
      vertex   4.820291e+01 -1.099037e+02 -9.100000e+00
      vertex   4.836860e+01 -1.097766e+02 -9.500000e+00
      vertex   4.820291e+01 -1.099037e+02 -9.500000e+00
    endloop
  endfacet
  facet normal -3.826715e-01 9.238845e-01 0.000000e+00
    outer loop
      vertex   4.820291e+01 -1.099037e+02 -9.100000e+00
      vertex   4.820291e+01 -1.099037e+02 -9.500000e+00
      vertex   4.800996e+01 -1.099836e+02 -9.100000e+00
    endloop
  endfacet
  facet normal -3.826715e-01 9.238845e-01 0.000000e+00
    outer loop
      vertex   4.800996e+01 -1.099836e+02 -9.100000e+00
      vertex   4.820291e+01 -1.099037e+02 -9.500000e+00
      vertex   4.800996e+01 -1.099836e+02 -9.500000e+00
    endloop
  endfacet
  facet normal -1.305134e-01 9.914466e-01 0.000000e+00
    outer loop
      vertex   4.800996e+01 -1.099836e+02 -9.100000e+00
      vertex   4.800996e+01 -1.099836e+02 -9.500000e+00
      vertex   4.780291e+01 -1.100109e+02 -9.100000e+00
    endloop
  endfacet
  facet normal -1.305134e-01 9.914466e-01 0.000000e+00
    outer loop
      vertex   4.780291e+01 -1.100109e+02 -9.100000e+00
      vertex   4.800996e+01 -1.099836e+02 -9.500000e+00
      vertex   4.780291e+01 -1.100109e+02 -9.500000e+00
    endloop
  endfacet
  facet normal 1.305390e-01 9.914432e-01 0.000000e+00
    outer loop
      vertex   4.780291e+01 -1.100109e+02 -9.100000e+00
      vertex   4.780291e+01 -1.100109e+02 -9.500000e+00
      vertex   4.759585e+01 -1.099836e+02 -9.100000e+00
    endloop
  endfacet
  facet normal 1.305390e-01 9.914432e-01 0.000000e+00
    outer loop
      vertex   4.759585e+01 -1.099836e+02 -9.100000e+00
      vertex   4.780291e+01 -1.100109e+02 -9.500000e+00
      vertex   4.759585e+01 -1.099836e+02 -9.500000e+00
    endloop
  endfacet
  facet normal 3.826954e-01 9.238746e-01 0.000000e+00
    outer loop
      vertex   4.759585e+01 -1.099836e+02 -9.100000e+00
      vertex   4.759585e+01 -1.099836e+02 -9.500000e+00
      vertex   4.740291e+01 -1.099037e+02 -9.100000e+00
    endloop
  endfacet
  facet normal 3.826954e-01 9.238746e-01 0.000000e+00
    outer loop
      vertex   4.740291e+01 -1.099037e+02 -9.100000e+00
      vertex   4.759585e+01 -1.099836e+02 -9.500000e+00
      vertex   4.740291e+01 -1.099037e+02 -9.500000e+00
    endloop
  endfacet
  facet normal 6.087717e-01 7.933455e-01 0.000000e+00
    outer loop
      vertex   4.740291e+01 -1.099037e+02 -9.100000e+00
      vertex   4.740291e+01 -1.099037e+02 -9.500000e+00
      vertex   4.723722e+01 -1.097766e+02 -9.100000e+00
    endloop
  endfacet
  facet normal 6.087717e-01 7.933455e-01 0.000000e+00
    outer loop
      vertex   4.723722e+01 -1.097766e+02 -9.100000e+00
      vertex   4.740291e+01 -1.099037e+02 -9.500000e+00
      vertex   4.723722e+01 -1.097766e+02 -9.500000e+00
    endloop
  endfacet
  facet normal 7.933612e-01 6.087512e-01 0.000000e+00
    outer loop
      vertex   4.723722e+01 -1.097766e+02 -9.100000e+00
      vertex   4.723722e+01 -1.097766e+02 -9.500000e+00
      vertex   4.711009e+01 -1.096109e+02 -9.100000e+00
    endloop
  endfacet
  facet normal 7.933612e-01 6.087512e-01 0.000000e+00
    outer loop
      vertex   4.711009e+01 -1.096109e+02 -9.100000e+00
      vertex   4.723722e+01 -1.097766e+02 -9.500000e+00
      vertex   4.711009e+01 -1.096109e+02 -9.500000e+00
    endloop
  endfacet
  facet normal 9.238845e-01 3.826715e-01 0.000000e+00
    outer loop
      vertex   4.711009e+01 -1.096109e+02 -9.100000e+00
      vertex   4.711009e+01 -1.096109e+02 -9.500000e+00
      vertex   4.703017e+01 -1.094179e+02 -9.100000e+00
    endloop
  endfacet
  facet normal 9.238845e-01 3.826715e-01 0.000000e+00
    outer loop
      vertex   4.703017e+01 -1.094179e+02 -9.100000e+00
      vertex   4.711009e+01 -1.096109e+02 -9.500000e+00
      vertex   4.703017e+01 -1.094179e+02 -9.500000e+00
    endloop
  endfacet
  facet normal 9.914466e-01 1.305134e-01 0.000000e+00
    outer loop
      vertex   4.703017e+01 -1.094179e+02 -9.100000e+00
      vertex   4.703017e+01 -1.094179e+02 -9.500000e+00
      vertex   4.700292e+01 -1.092109e+02 -9.100000e+00
    endloop
  endfacet
  facet normal 9.914466e-01 1.305134e-01 0.000000e+00
    outer loop
      vertex   4.700292e+01 -1.092109e+02 -9.100000e+00
      vertex   4.703017e+01 -1.094179e+02 -9.500000e+00
      vertex   4.700292e+01 -1.092109e+02 -9.500000e+00
    endloop
  endfacet
  facet normal 1.000000e+00 -1.294691e-05 0.000000e+00
    outer loop
      vertex   4.700292e+01 -1.092109e+02 -9.500000e+00
      vertex   4.700316e+01 -9.050114e+01 -9.500000e+00
      vertex   4.700292e+01 -1.092109e+02 -9.100000e+00
    endloop
  endfacet
  facet normal 1.000000e+00 -1.294691e-05 0.000000e+00
    outer loop
      vertex   4.700292e+01 -1.092109e+02 -9.100000e+00
      vertex   4.700316e+01 -9.050114e+01 -9.500000e+00
      vertex   4.700316e+01 -9.050114e+01 -9.100000e+00
    endloop
  endfacet
  facet normal 9.996211e-01 -2.752535e-02 0.000000e+00
    outer loop
      vertex   4.700316e+01 -9.050114e+01 -9.100000e+00
      vertex   4.700316e+01 -9.050114e+01 -9.500000e+00
      vertex   4.700437e+01 -9.045714e+01 -9.100000e+00
    endloop
  endfacet
  facet normal 9.996211e-01 -2.752535e-02 0.000000e+00
    outer loop
      vertex   4.700437e+01 -9.045714e+01 -9.100000e+00
      vertex   4.700316e+01 -9.050114e+01 -9.500000e+00
      vertex   4.700437e+01 -9.045714e+01 -9.500000e+00
    endloop
  endfacet
  facet normal 9.965938e-01 -8.246684e-02 0.000000e+00
    outer loop
      vertex   4.700437e+01 -9.045714e+01 -9.100000e+00
      vertex   4.700437e+01 -9.045714e+01 -9.500000e+00
      vertex   4.700800e+01 -9.041327e+01 -9.100000e+00
    endloop
  endfacet
  facet normal 9.965938e-01 -8.246684e-02 0.000000e+00
    outer loop
      vertex   4.700800e+01 -9.041327e+01 -9.100000e+00
      vertex   4.700437e+01 -9.045714e+01 -9.500000e+00
      vertex   4.700800e+01 -9.041327e+01 -9.500000e+00
    endloop
  endfacet
  facet normal 9.905491e-01 -1.371586e-01 0.000000e+00
    outer loop
      vertex   4.700800e+01 -9.041327e+01 -9.100000e+00
      vertex   4.700800e+01 -9.041327e+01 -9.500000e+00
      vertex   4.701404e+01 -9.036966e+01 -9.100000e+00
    endloop
  endfacet
  facet normal 9.905491e-01 -1.371586e-01 0.000000e+00
    outer loop
      vertex   4.701404e+01 -9.036966e+01 -9.100000e+00
      vertex   4.700800e+01 -9.041327e+01 -9.500000e+00
      vertex   4.701404e+01 -9.036966e+01 -9.500000e+00
    endloop
  endfacet
  facet normal 0.000000e+00 -0.000000e+00 -1.000000e+00
    outer loop
      vertex   4.700437e+01 -9.045714e+01 -9.100000e+00
      vertex   4.700800e+01 -9.041327e+01 -9.100000e+00
      vertex   4.700316e+01 -9.050114e+01 -9.100000e+00
    endloop
  endfacet
  facet normal 0.000000e+00 0.000000e+00 -1.000000e+00
    outer loop
      vertex   4.700316e+01 -9.050114e+01 -9.100000e+00
      vertex   4.700800e+01 -9.041327e+01 -9.100000e+00
      vertex   4.701404e+01 -9.036966e+01 -9.100000e+00
    endloop
  endfacet
  facet normal 0.000000e+00 0.000000e+00 -1.000000e+00
    outer loop
      vertex   4.700316e+01 -9.050114e+01 -9.100000e+00
      vertex   4.701404e+01 -9.036966e+01 -9.100000e+00
      vertex   4.860316e+01 -9.056735e+01 -9.100000e+00
    endloop
  endfacet
  facet normal 0.000000e+00 0.000000e+00 -1.000000e+00
    outer loop
      vertex   4.860316e+01 -9.056735e+01 -9.100000e+00
      vertex   4.701404e+01 -9.036966e+01 -9.100000e+00
      vertex   4.758086e+01 -8.696786e+01 -9.100000e+00
    endloop
  endfacet
  facet normal 0.000000e+00 0.000000e+00 -1.000000e+00
    outer loop
      vertex   4.860316e+01 -9.056735e+01 -9.100000e+00
      vertex   4.758086e+01 -8.696786e+01 -9.100000e+00
      vertex   4.770434e+01 -8.665560e+01 -9.100000e+00
    endloop
  endfacet
  facet normal 0.000000e+00 0.000000e+00 -1.000000e+00
    outer loop
      vertex   4.770434e+01 -8.665560e+01 -9.100000e+00
      vertex   4.758086e+01 -8.696786e+01 -9.100000e+00
      vertex   4.764860e+01 -8.675352e+01 -9.100000e+00
    endloop
  endfacet
  facet normal 0.000000e+00 0.000000e+00 -1.000000e+00
    outer loop
      vertex   4.764860e+01 -8.675352e+01 -9.100000e+00
      vertex   4.758086e+01 -8.696786e+01 -9.100000e+00
      vertex   4.760716e+01 -8.685830e+01 -9.100000e+00
    endloop
  endfacet
  facet normal 0.000000e+00 0.000000e+00 -1.000000e+00
    outer loop
      vertex   4.860316e+01 -9.056735e+01 -9.100000e+00
      vertex   4.770434e+01 -8.665560e+01 -9.100000e+00
      vertex   4.913088e+01 -8.740022e+01 -9.100000e+00
    endloop
  endfacet
  facet normal 0.000000e+00 0.000000e+00 -1.000000e+00
    outer loop
      vertex   4.913088e+01 -8.740022e+01 -9.100000e+00
      vertex   4.770434e+01 -8.665560e+01 -9.100000e+00
      vertex   4.883823e+01 -8.495470e+01 -9.100000e+00
    endloop
  endfacet
  facet normal 0.000000e+00 0.000000e+00 -1.000000e+00
    outer loop
      vertex   4.913088e+01 -8.740022e+01 -9.100000e+00
      vertex   4.883823e+01 -8.495470e+01 -9.100000e+00
      vertex   4.896616e+01 -8.480611e+01 -9.100000e+00
    endloop
  endfacet
  facet normal 0.000000e+00 0.000000e+00 -1.000000e+00
    outer loop
      vertex   4.896616e+01 -8.480611e+01 -9.100000e+00
      vertex   4.912639e+01 -8.469311e+01 -9.100000e+00
      vertex   4.913088e+01 -8.740022e+01 -9.100000e+00
    endloop
  endfacet
  facet normal 0.000000e+00 0.000000e+00 -1.000000e+00
    outer loop
      vertex   4.913088e+01 -8.740022e+01 -9.100000e+00
      vertex   4.912639e+01 -8.469311e+01 -9.100000e+00
      vertex   4.930929e+01 -8.462247e+01 -9.100000e+00
    endloop
  endfacet
  facet normal 0.000000e+00 0.000000e+00 -1.000000e+00
    outer loop
      vertex   4.913088e+01 -8.740022e+01 -9.100000e+00
      vertex   4.930929e+01 -8.462247e+01 -9.100000e+00
      vertex   4.950388e+01 -8.459845e+01 -9.100000e+00
    endloop
  endfacet
  facet normal 0.000000e+00 0.000000e+00 -1.000000e+00
    outer loop
      vertex   4.913088e+01 -8.740022e+01 -9.100000e+00
      vertex   4.950388e+01 -8.459845e+01 -9.100000e+00
      vertex   4.993203e+01 -8.619845e+01 -9.100000e+00
    endloop
  endfacet
  facet normal 0.000000e+00 0.000000e+00 -1.000000e+00
    outer loop
      vertex   4.993203e+01 -8.619845e+01 -9.100000e+00
      vertex   4.950388e+01 -8.459845e+01 -9.100000e+00
      vertex   5.120472e+01 -8.459845e+01 -9.100000e+00
    endloop
  endfacet
  facet normal 0.000000e+00 0.000000e+00 -1.000000e+00
    outer loop
      vertex   4.993203e+01 -8.619845e+01 -9.100000e+00
      vertex   5.120472e+01 -8.459845e+01 -9.100000e+00
      vertex   5.077664e+01 -8.619845e+01 -9.100000e+00
    endloop
  endfacet
  facet normal 0.000000e+00 0.000000e+00 -1.000000e+00
    outer loop
      vertex   5.077664e+01 -8.619845e+01 -9.100000e+00
      vertex   5.120472e+01 -8.459845e+01 -9.100000e+00
      vertex   5.161390e+01 -8.745397e+01 -9.100000e+00
    endloop
  endfacet
  facet normal 0.000000e+00 0.000000e+00 -1.000000e+00
    outer loop
      vertex   5.161390e+01 -8.745397e+01 -9.100000e+00
      vertex   5.120472e+01 -8.459845e+01 -9.100000e+00
      vertex   5.139928e+01 -8.462247e+01 -9.100000e+00
    endloop
  endfacet
  facet normal 0.000000e+00 0.000000e+00 -1.000000e+00
    outer loop
      vertex   5.161390e+01 -8.745397e+01 -9.100000e+00
      vertex   5.139928e+01 -8.462247e+01 -9.100000e+00
      vertex   5.158216e+01 -8.469308e+01 -9.100000e+00
    endloop
  endfacet
  facet normal 0.000000e+00 0.000000e+00 -1.000000e+00
    outer loop
      vertex   5.158216e+01 -8.469308e+01 -9.100000e+00
      vertex   5.174237e+01 -8.480605e+01 -9.100000e+00
      vertex   5.161390e+01 -8.745397e+01 -9.100000e+00
    endloop
  endfacet
  facet normal 0.000000e+00 0.000000e+00 -1.000000e+00
    outer loop
      vertex   5.161390e+01 -8.745397e+01 -9.100000e+00
      vertex   5.174237e+01 -8.480605e+01 -9.100000e+00
      vertex   5.187030e+01 -8.495460e+01 -9.100000e+00
    endloop
  endfacet
  facet normal 0.000000e+00 0.000000e+00 -1.000000e+00
    outer loop
      vertex   5.161390e+01 -8.745397e+01 -9.100000e+00
      vertex   5.187030e+01 -8.495460e+01 -9.100000e+00
      vertex   5.211013e+01 -8.531423e+01 -9.100000e+00
    endloop
  endfacet
  facet normal 0.000000e+00 -0.000000e+00 -1.000000e+00
    outer loop
      vertex   5.215654e+01 -8.511777e+01 -9.100000e+00
      vertex   5.225064e+01 -8.493918e+01 -9.100000e+00
      vertex   5.211013e+01 -8.531423e+01 -9.100000e+00
    endloop
  endfacet
  facet normal 0.000000e+00 -0.000000e+00 -1.000000e+00
    outer loop
      vertex   5.211013e+01 -8.531423e+01 -9.100000e+00
      vertex   5.225064e+01 -8.493918e+01 -9.100000e+00
      vertex   5.210568e+01 -8.893002e+01 -9.100000e+00
    endloop
  endfacet
  facet normal 0.000000e+00 0.000000e+00 -1.000000e+00
    outer loop
      vertex   5.211013e+01 -8.531423e+01 -9.100000e+00
      vertex   5.210568e+01 -8.893002e+01 -9.100000e+00
      vertex   5.161390e+01 -8.745397e+01 -9.100000e+00
    endloop
  endfacet
  facet normal 0.000000e+00 -0.000000e+00 -1.000000e+00
    outer loop
      vertex   5.225064e+01 -8.493918e+01 -9.100000e+00
      vertex   5.238646e+01 -8.478983e+01 -9.100000e+00
      vertex   5.210568e+01 -8.893002e+01 -9.100000e+00
    endloop
  endfacet
  facet normal 0.000000e+00 0.000000e+00 -1.000000e+00
    outer loop
      vertex   5.210568e+01 -8.893002e+01 -9.100000e+00
      vertex   5.238646e+01 -8.478983e+01 -9.100000e+00
      vertex   5.255534e+01 -8.467924e+01 -9.100000e+00
    endloop
  endfacet
  facet normal 0.000000e+00 0.000000e+00 -1.000000e+00
    outer loop
      vertex   5.210568e+01 -8.893002e+01 -9.100000e+00
      vertex   5.255534e+01 -8.467924e+01 -9.100000e+00
      vertex   5.274653e+01 -8.461444e+01 -9.100000e+00
    endloop
  endfacet
  facet normal 0.000000e+00 -0.000000e+00 -1.000000e+00
    outer loop
      vertex   5.274653e+01 -8.461444e+01 -9.100000e+00
      vertex   5.294785e+01 -8.459956e+01 -9.100000e+00
      vertex   5.210568e+01 -8.893002e+01 -9.100000e+00
    endloop
  endfacet
  facet normal 0.000000e+00 0.000000e+00 -1.000000e+00
    outer loop
      vertex   5.210568e+01 -8.893002e+01 -9.100000e+00
      vertex   5.294785e+01 -8.459956e+01 -9.100000e+00
      vertex   5.314648e+01 -8.463555e+01 -9.100000e+00
    endloop
  endfacet
  facet normal 0.000000e+00 0.000000e+00 -1.000000e+00
    outer loop
      vertex   5.210568e+01 -8.893002e+01 -9.100000e+00
      vertex   5.314648e+01 -8.463555e+01 -9.100000e+00
      vertex   5.332979e+01 -8.472011e+01 -9.100000e+00
    endloop
  endfacet
  facet normal 0.000000e+00 0.000000e+00 -1.000000e+00
    outer loop
      vertex   5.210568e+01 -8.893002e+01 -9.100000e+00
      vertex   5.332979e+01 -8.472011e+01 -9.100000e+00
      vertex   5.370568e+01 -8.539845e+01 -9.100000e+00
    endloop
  endfacet
  facet normal 0.000000e+00 0.000000e+00 -1.000000e+00
    outer loop
      vertex   5.370568e+01 -8.539845e+01 -9.100000e+00
      vertex   5.332979e+01 -8.472011e+01 -9.100000e+00
      vertex   5.348608e+01 -8.484787e+01 -9.100000e+00
    endloop
  endfacet
  facet normal 0.000000e+00 0.000000e+00 -1.000000e+00
    outer loop
      vertex   5.370568e+01 -8.539845e+01 -9.100000e+00
      vertex   5.348608e+01 -8.484787e+01 -9.100000e+00
      vertex   5.360543e+01 -8.501069e+01 -9.100000e+00
    endloop
  endfacet
  facet normal 0.000000e+00 0.000000e+00 -1.000000e+00
    outer loop
      vertex   5.360543e+01 -8.501069e+01 -9.100000e+00
      vertex   5.368021e+01 -8.519819e+01 -9.100000e+00
      vertex   5.370568e+01 -8.539845e+01 -9.100000e+00
    endloop
  endfacet
  facet normal 0.000000e+00 -0.000000e+00 -1.000000e+00
    outer loop
      vertex   5.370568e+01 -8.539845e+01 -9.100000e+00
      vertex   5.370568e+01 -1.092109e+02 -9.100000e+00
      vertex   5.210568e+01 -8.893002e+01 -9.100000e+00
    endloop
  endfacet
  facet normal 0.000000e+00 0.000000e+00 -1.000000e+00
    outer loop
      vertex   5.210568e+01 -8.893002e+01 -9.100000e+00
      vertex   5.370568e+01 -1.092109e+02 -9.100000e+00
      vertex   5.210568e+01 -1.092109e+02 -9.100000e+00
    endloop
  endfacet
  facet normal 0.000000e+00 0.000000e+00 -1.000000e+00
    outer loop
      vertex   5.210568e+01 -1.092109e+02 -9.100000e+00
      vertex   5.370568e+01 -1.092109e+02 -9.100000e+00
      vertex   5.290568e+01 -1.100109e+02 -9.100000e+00
    endloop
  endfacet
  facet normal 0.000000e+00 0.000000e+00 -1.000000e+00
    outer loop
      vertex   5.210568e+01 -1.092109e+02 -9.100000e+00
      vertex   5.290568e+01 -1.100109e+02 -9.100000e+00
      vertex   5.269863e+01 -1.099837e+02 -9.100000e+00
    endloop
  endfacet
  facet normal -0.000000e+00 0.000000e+00 -1.000000e+00
    outer loop
      vertex   5.367842e+01 -1.094180e+02 -9.100000e+00
      vertex   5.359850e+01 -1.096109e+02 -9.100000e+00
      vertex   5.370568e+01 -1.092109e+02 -9.100000e+00
    endloop
  endfacet
  facet normal 0.000000e+00 0.000000e+00 -1.000000e+00
    outer loop
      vertex   5.370568e+01 -1.092109e+02 -9.100000e+00
      vertex   5.359850e+01 -1.096109e+02 -9.100000e+00
      vertex   5.347137e+01 -1.097766e+02 -9.100000e+00
    endloop
  endfacet
  facet normal 0.000000e+00 0.000000e+00 -1.000000e+00
    outer loop
      vertex   5.370568e+01 -1.092109e+02 -9.100000e+00
      vertex   5.347137e+01 -1.097766e+02 -9.100000e+00
      vertex   5.330568e+01 -1.099038e+02 -9.100000e+00
    endloop
  endfacet
  facet normal -0.000000e+00 0.000000e+00 -1.000000e+00
    outer loop
      vertex   5.330568e+01 -1.099038e+02 -9.100000e+00
      vertex   5.311274e+01 -1.099837e+02 -9.100000e+00
      vertex   5.370568e+01 -1.092109e+02 -9.100000e+00
    endloop
  endfacet
  facet normal 0.000000e+00 0.000000e+00 -1.000000e+00
    outer loop
      vertex   5.370568e+01 -1.092109e+02 -9.100000e+00
      vertex   5.311274e+01 -1.099837e+02 -9.100000e+00
      vertex   5.290568e+01 -1.100109e+02 -9.100000e+00
    endloop
  endfacet
  facet normal 0.000000e+00 0.000000e+00 -1.000000e+00
    outer loop
      vertex   5.269863e+01 -1.099837e+02 -9.100000e+00
      vertex   5.250568e+01 -1.099038e+02 -9.100000e+00
      vertex   5.210568e+01 -1.092109e+02 -9.100000e+00
    endloop
  endfacet
  facet normal 0.000000e+00 0.000000e+00 -1.000000e+00
    outer loop
      vertex   5.210568e+01 -1.092109e+02 -9.100000e+00
      vertex   5.250568e+01 -1.099038e+02 -9.100000e+00
      vertex   5.234000e+01 -1.097766e+02 -9.100000e+00
    endloop
  endfacet
  facet normal 0.000000e+00 0.000000e+00 -1.000000e+00
    outer loop
      vertex   5.210568e+01 -1.092109e+02 -9.100000e+00
      vertex   5.234000e+01 -1.097766e+02 -9.100000e+00
      vertex   5.221286e+01 -1.096109e+02 -9.100000e+00
    endloop
  endfacet
  facet normal 0.000000e+00 0.000000e+00 -1.000000e+00
    outer loop
      vertex   5.221286e+01 -1.096109e+02 -9.100000e+00
      vertex   5.213294e+01 -1.094180e+02 -9.100000e+00
      vertex   5.210568e+01 -1.092109e+02 -9.100000e+00
    endloop
  endfacet
  facet normal 0.000000e+00 -0.000000e+00 -1.000000e+00
    outer loop
      vertex   4.700316e+01 -9.050114e+01 -9.100000e+00
      vertex   4.860316e+01 -9.056735e+01 -9.100000e+00
      vertex   4.700292e+01 -1.092109e+02 -9.100000e+00
    endloop
  endfacet
  facet normal 0.000000e+00 0.000000e+00 -1.000000e+00
    outer loop
      vertex   4.700292e+01 -1.092109e+02 -9.100000e+00
      vertex   4.860316e+01 -9.056735e+01 -9.100000e+00
      vertex   4.860292e+01 -1.092109e+02 -9.100000e+00
    endloop
  endfacet
  facet normal 0.000000e+00 0.000000e+00 -1.000000e+00
    outer loop
      vertex   4.700292e+01 -1.092109e+02 -9.100000e+00
      vertex   4.860292e+01 -1.092109e+02 -9.100000e+00
      vertex   4.780291e+01 -1.100109e+02 -9.100000e+00
    endloop
  endfacet
  facet normal 0.000000e+00 0.000000e+00 -1.000000e+00
    outer loop
      vertex   4.780291e+01 -1.100109e+02 -9.100000e+00
      vertex   4.860292e+01 -1.092109e+02 -9.100000e+00
      vertex   4.800996e+01 -1.099836e+02 -9.100000e+00
    endloop
  endfacet
  facet normal 0.000000e+00 0.000000e+00 -1.000000e+00
    outer loop
      vertex   4.800996e+01 -1.099836e+02 -9.100000e+00
      vertex   4.860292e+01 -1.092109e+02 -9.100000e+00
      vertex   4.820291e+01 -1.099037e+02 -9.100000e+00
    endloop
  endfacet
  facet normal 0.000000e+00 0.000000e+00 -1.000000e+00
    outer loop
      vertex   4.820291e+01 -1.099037e+02 -9.100000e+00
      vertex   4.860292e+01 -1.092109e+02 -9.100000e+00
      vertex   4.836860e+01 -1.097766e+02 -9.100000e+00
    endloop
  endfacet
  facet normal 0.000000e+00 0.000000e+00 -1.000000e+00
    outer loop
      vertex   4.836860e+01 -1.097766e+02 -9.100000e+00
      vertex   4.860292e+01 -1.092109e+02 -9.100000e+00
      vertex   4.849573e+01 -1.096109e+02 -9.100000e+00
    endloop
  endfacet
  facet normal 0.000000e+00 0.000000e+00 -1.000000e+00
    outer loop
      vertex   4.849573e+01 -1.096109e+02 -9.100000e+00
      vertex   4.860292e+01 -1.092109e+02 -9.100000e+00
      vertex   4.857566e+01 -1.094180e+02 -9.100000e+00
    endloop
  endfacet
  facet normal 0.000000e+00 0.000000e+00 -1.000000e+00
    outer loop
      vertex   4.780291e+01 -1.100109e+02 -9.100000e+00
      vertex   4.759585e+01 -1.099836e+02 -9.100000e+00
      vertex   4.700292e+01 -1.092109e+02 -9.100000e+00
    endloop
  endfacet
  facet normal 0.000000e+00 0.000000e+00 -1.000000e+00
    outer loop
      vertex   4.700292e+01 -1.092109e+02 -9.100000e+00
      vertex   4.759585e+01 -1.099836e+02 -9.100000e+00
      vertex   4.740291e+01 -1.099037e+02 -9.100000e+00
    endloop
  endfacet
  facet normal 0.000000e+00 0.000000e+00 -1.000000e+00
    outer loop
      vertex   4.700292e+01 -1.092109e+02 -9.100000e+00
      vertex   4.740291e+01 -1.099037e+02 -9.100000e+00
      vertex   4.723722e+01 -1.097766e+02 -9.100000e+00
    endloop
  endfacet
  facet normal 0.000000e+00 0.000000e+00 -1.000000e+00
    outer loop
      vertex   4.723722e+01 -1.097766e+02 -9.100000e+00
      vertex   4.711009e+01 -1.096109e+02 -9.100000e+00
      vertex   4.700292e+01 -1.092109e+02 -9.100000e+00
    endloop
  endfacet
  facet normal 0.000000e+00 0.000000e+00 -1.000000e+00
    outer loop
      vertex   4.700292e+01 -1.092109e+02 -9.100000e+00
      vertex   4.711009e+01 -1.096109e+02 -9.100000e+00
      vertex   4.703017e+01 -1.094179e+02 -9.100000e+00
    endloop
  endfacet
  facet normal 0.000000e+00 1.000000e+00 -0.000000e+00
    outer loop
      vertex   6.854763e+01 -7.429220e+01 -9.500000e+00
      vertex   6.594583e+01 -7.429220e+01 -9.500000e+00
      vertex   6.854763e+01 -7.429220e+01 -9.100000e+00
    endloop
  endfacet
  facet normal 0.000000e+00 1.000000e+00 0.000000e+00
    outer loop
      vertex   6.854763e+01 -7.429220e+01 -9.100000e+00
      vertex   6.594583e+01 -7.429220e+01 -9.500000e+00
      vertex   6.594583e+01 -7.429220e+01 -9.100000e+00
    endloop
  endfacet
  facet normal 1.305262e-01 9.914449e-01 0.000000e+00
    outer loop
      vertex   6.594583e+01 -7.429220e+01 -9.100000e+00
      vertex   6.594583e+01 -7.429220e+01 -9.500000e+00
      vertex   6.573877e+01 -7.426494e+01 -9.100000e+00
    endloop
  endfacet
  facet normal 1.305262e-01 9.914449e-01 0.000000e+00
    outer loop
      vertex   6.573877e+01 -7.426494e+01 -9.100000e+00
      vertex   6.594583e+01 -7.429220e+01 -9.500000e+00
      vertex   6.573877e+01 -7.426494e+01 -9.500000e+00
    endloop
  endfacet
  facet normal 3.826834e-01 9.238795e-01 0.000000e+00
    outer loop
      vertex   6.573877e+01 -7.426494e+01 -9.100000e+00
      vertex   6.573877e+01 -7.426494e+01 -9.500000e+00
      vertex   6.554583e+01 -7.418502e+01 -9.100000e+00
    endloop
  endfacet
  facet normal 3.826834e-01 9.238795e-01 0.000000e+00
    outer loop
      vertex   6.554583e+01 -7.418502e+01 -9.100000e+00
      vertex   6.573877e+01 -7.426494e+01 -9.500000e+00
      vertex   6.554583e+01 -7.418502e+01 -9.500000e+00
    endloop
  endfacet
  facet normal 6.087614e-01 7.933533e-01 0.000000e+00
    outer loop
      vertex   6.554583e+01 -7.418502e+01 -9.100000e+00
      vertex   6.554583e+01 -7.418502e+01 -9.500000e+00
      vertex   6.538014e+01 -7.405788e+01 -9.100000e+00
    endloop
  endfacet
  facet normal 6.087614e-01 7.933533e-01 0.000000e+00
    outer loop
      vertex   6.538014e+01 -7.405788e+01 -9.100000e+00
      vertex   6.554583e+01 -7.418502e+01 -9.500000e+00
      vertex   6.538014e+01 -7.405788e+01 -9.500000e+00
    endloop
  endfacet
  facet normal 7.933533e-01 6.087614e-01 0.000000e+00
    outer loop
      vertex   6.538014e+01 -7.405788e+01 -9.100000e+00
      vertex   6.538014e+01 -7.405788e+01 -9.500000e+00
      vertex   6.525301e+01 -7.389220e+01 -9.100000e+00
    endloop
  endfacet
  facet normal 7.933533e-01 6.087614e-01 0.000000e+00
    outer loop
      vertex   6.525301e+01 -7.389220e+01 -9.100000e+00
      vertex   6.538014e+01 -7.405788e+01 -9.500000e+00
      vertex   6.525301e+01 -7.389220e+01 -9.500000e+00
    endloop
  endfacet
  facet normal 9.238795e-01 3.826834e-01 0.000000e+00
    outer loop
      vertex   6.525301e+01 -7.389220e+01 -9.100000e+00
      vertex   6.525301e+01 -7.389220e+01 -9.500000e+00
      vertex   6.517309e+01 -7.369925e+01 -9.100000e+00
    endloop
  endfacet
  facet normal 9.238795e-01 3.826834e-01 0.000000e+00
    outer loop
      vertex   6.517309e+01 -7.369925e+01 -9.100000e+00
      vertex   6.525301e+01 -7.389220e+01 -9.500000e+00
      vertex   6.517309e+01 -7.369925e+01 -9.500000e+00
    endloop
  endfacet
  facet normal 9.914449e-01 1.305262e-01 0.000000e+00
    outer loop
      vertex   6.517309e+01 -7.369925e+01 -9.100000e+00
      vertex   6.517309e+01 -7.369925e+01 -9.500000e+00
      vertex   6.514583e+01 -7.349220e+01 -9.100000e+00
    endloop
  endfacet
  facet normal 9.914449e-01 1.305262e-01 0.000000e+00
    outer loop
      vertex   6.514583e+01 -7.349220e+01 -9.100000e+00
      vertex   6.517309e+01 -7.369925e+01 -9.500000e+00
      vertex   6.514583e+01 -7.349220e+01 -9.500000e+00
    endloop
  endfacet
  facet normal 9.914449e-01 -1.305262e-01 0.000000e+00
    outer loop
      vertex   6.514583e+01 -7.349220e+01 -9.100000e+00
      vertex   6.514583e+01 -7.349220e+01 -9.500000e+00
      vertex   6.517309e+01 -7.328514e+01 -9.100000e+00
    endloop
  endfacet
  facet normal 9.914449e-01 -1.305262e-01 0.000000e+00
    outer loop
      vertex   6.517309e+01 -7.328514e+01 -9.100000e+00
      vertex   6.514583e+01 -7.349220e+01 -9.500000e+00
      vertex   6.517309e+01 -7.328514e+01 -9.500000e+00
    endloop
  endfacet
  facet normal 9.238795e-01 -3.826834e-01 0.000000e+00
    outer loop
      vertex   6.517309e+01 -7.328514e+01 -9.100000e+00
      vertex   6.517309e+01 -7.328514e+01 -9.500000e+00
      vertex   6.525301e+01 -7.309220e+01 -9.100000e+00
    endloop
  endfacet
  facet normal 9.238795e-01 -3.826834e-01 0.000000e+00
    outer loop
      vertex   6.525301e+01 -7.309220e+01 -9.100000e+00
      vertex   6.517309e+01 -7.328514e+01 -9.500000e+00
      vertex   6.525301e+01 -7.309220e+01 -9.500000e+00
    endloop
  endfacet
  facet normal 7.933533e-01 -6.087614e-01 0.000000e+00
    outer loop
      vertex   6.525301e+01 -7.309220e+01 -9.100000e+00
      vertex   6.525301e+01 -7.309220e+01 -9.500000e+00
      vertex   6.538014e+01 -7.292651e+01 -9.100000e+00
    endloop
  endfacet
  facet normal 7.933533e-01 -6.087614e-01 0.000000e+00
    outer loop
      vertex   6.538014e+01 -7.292651e+01 -9.100000e+00
      vertex   6.525301e+01 -7.309220e+01 -9.500000e+00
      vertex   6.538014e+01 -7.292651e+01 -9.500000e+00
    endloop
  endfacet
  facet normal 6.087614e-01 -7.933533e-01 0.000000e+00
    outer loop
      vertex   6.538014e+01 -7.292651e+01 -9.100000e+00
      vertex   6.538014e+01 -7.292651e+01 -9.500000e+00
      vertex   6.554583e+01 -7.279938e+01 -9.100000e+00
    endloop
  endfacet
  facet normal 6.087614e-01 -7.933533e-01 0.000000e+00
    outer loop
      vertex   6.554583e+01 -7.279938e+01 -9.100000e+00
      vertex   6.538014e+01 -7.292651e+01 -9.500000e+00
      vertex   6.554583e+01 -7.279938e+01 -9.500000e+00
    endloop
  endfacet
  facet normal 3.826834e-01 -9.238795e-01 0.000000e+00
    outer loop
      vertex   6.554583e+01 -7.279938e+01 -9.100000e+00
      vertex   6.554583e+01 -7.279938e+01 -9.500000e+00
      vertex   6.573877e+01 -7.271946e+01 -9.100000e+00
    endloop
  endfacet
  facet normal 3.826834e-01 -9.238795e-01 0.000000e+00
    outer loop
      vertex   6.573877e+01 -7.271946e+01 -9.100000e+00
      vertex   6.554583e+01 -7.279938e+01 -9.500000e+00
      vertex   6.573877e+01 -7.271946e+01 -9.500000e+00
    endloop
  endfacet
  facet normal 1.305262e-01 -9.914449e-01 0.000000e+00
    outer loop
      vertex   6.573877e+01 -7.271946e+01 -9.100000e+00
      vertex   6.573877e+01 -7.271946e+01 -9.500000e+00
      vertex   6.594583e+01 -7.269220e+01 -9.100000e+00
    endloop
  endfacet
  facet normal 1.305262e-01 -9.914449e-01 0.000000e+00
    outer loop
      vertex   6.594583e+01 -7.269220e+01 -9.100000e+00
      vertex   6.573877e+01 -7.271946e+01 -9.500000e+00
      vertex   6.594583e+01 -7.269220e+01 -9.500000e+00
    endloop
  endfacet
  facet normal 0.000000e+00 -1.000000e+00 0.000000e+00
    outer loop
      vertex   6.594583e+01 -7.269220e+01 -9.500000e+00
      vertex   7.274943e+01 -7.269220e+01 -9.500000e+00
      vertex   6.594583e+01 -7.269220e+01 -9.100000e+00
    endloop
  endfacet
  facet normal 0.000000e+00 -1.000000e+00 0.000000e+00
    outer loop
      vertex   6.594583e+01 -7.269220e+01 -9.100000e+00
      vertex   7.274943e+01 -7.269220e+01 -9.500000e+00
      vertex   7.274943e+01 -7.269220e+01 -9.100000e+00
    endloop
  endfacet
  facet normal -1.305262e-01 -9.914449e-01 -0.000000e+00
    outer loop
      vertex   7.274943e+01 -7.269220e+01 -9.100000e+00
      vertex   7.274943e+01 -7.269220e+01 -9.500000e+00
      vertex   7.295649e+01 -7.271946e+01 -9.100000e+00
    endloop
  endfacet
  facet normal -1.305262e-01 -9.914449e-01 -0.000000e+00
    outer loop
      vertex   7.295649e+01 -7.271946e+01 -9.100000e+00
      vertex   7.274943e+01 -7.269220e+01 -9.500000e+00
      vertex   7.295649e+01 -7.271946e+01 -9.500000e+00
    endloop
  endfacet
  facet normal -3.826834e-01 -9.238795e-01 -0.000000e+00
    outer loop
      vertex   7.295649e+01 -7.271946e+01 -9.100000e+00
      vertex   7.295649e+01 -7.271946e+01 -9.500000e+00
      vertex   7.314943e+01 -7.279938e+01 -9.100000e+00
    endloop
  endfacet
  facet normal -3.826834e-01 -9.238795e-01 -0.000000e+00
    outer loop
      vertex   7.314943e+01 -7.279938e+01 -9.100000e+00
      vertex   7.295649e+01 -7.271946e+01 -9.500000e+00
      vertex   7.314943e+01 -7.279938e+01 -9.500000e+00
    endloop
  endfacet
  facet normal -6.087614e-01 -7.933533e-01 -0.000000e+00
    outer loop
      vertex   7.314943e+01 -7.279938e+01 -9.100000e+00
      vertex   7.314943e+01 -7.279938e+01 -9.500000e+00
      vertex   7.331512e+01 -7.292651e+01 -9.100000e+00
    endloop
  endfacet
  facet normal -6.087614e-01 -7.933533e-01 -0.000000e+00
    outer loop
      vertex   7.331512e+01 -7.292651e+01 -9.100000e+00
      vertex   7.314943e+01 -7.279938e+01 -9.500000e+00
      vertex   7.331512e+01 -7.292651e+01 -9.500000e+00
    endloop
  endfacet
  facet normal -7.933533e-01 -6.087614e-01 -0.000000e+00
    outer loop
      vertex   7.331512e+01 -7.292651e+01 -9.100000e+00
      vertex   7.331512e+01 -7.292651e+01 -9.500000e+00
      vertex   7.344225e+01 -7.309220e+01 -9.100000e+00
    endloop
  endfacet
  facet normal -7.933533e-01 -6.087614e-01 -0.000000e+00
    outer loop
      vertex   7.344225e+01 -7.309220e+01 -9.100000e+00
      vertex   7.331512e+01 -7.292651e+01 -9.500000e+00
      vertex   7.344225e+01 -7.309220e+01 -9.500000e+00
    endloop
  endfacet
  facet normal -9.238795e-01 -3.826834e-01 -0.000000e+00
    outer loop
      vertex   7.344225e+01 -7.309220e+01 -9.100000e+00
      vertex   7.344225e+01 -7.309220e+01 -9.500000e+00
      vertex   7.352217e+01 -7.328514e+01 -9.100000e+00
    endloop
  endfacet
  facet normal -9.238795e-01 -3.826834e-01 -0.000000e+00
    outer loop
      vertex   7.352217e+01 -7.328514e+01 -9.100000e+00
      vertex   7.344225e+01 -7.309220e+01 -9.500000e+00
      vertex   7.352217e+01 -7.328514e+01 -9.500000e+00
    endloop
  endfacet
  facet normal -9.914449e-01 -1.305262e-01 -0.000000e+00
    outer loop
      vertex   7.352217e+01 -7.328514e+01 -9.100000e+00
      vertex   7.352217e+01 -7.328514e+01 -9.500000e+00
      vertex   7.354943e+01 -7.349220e+01 -9.100000e+00
    endloop
  endfacet
  facet normal -9.914449e-01 -1.305262e-01 -0.000000e+00
    outer loop
      vertex   7.354943e+01 -7.349220e+01 -9.100000e+00
      vertex   7.352217e+01 -7.328514e+01 -9.500000e+00
      vertex   7.354943e+01 -7.349220e+01 -9.500000e+00
    endloop
  endfacet
  facet normal -9.914449e-01 1.305262e-01 0.000000e+00
    outer loop
      vertex   7.354943e+01 -7.349220e+01 -9.100000e+00
      vertex   7.354943e+01 -7.349220e+01 -9.500000e+00
      vertex   7.352217e+01 -7.369925e+01 -9.100000e+00
    endloop
  endfacet
  facet normal -9.914449e-01 1.305262e-01 0.000000e+00
    outer loop
      vertex   7.352217e+01 -7.369925e+01 -9.100000e+00
      vertex   7.354943e+01 -7.349220e+01 -9.500000e+00
      vertex   7.352217e+01 -7.369925e+01 -9.500000e+00
    endloop
  endfacet
  facet normal -9.238795e-01 3.826834e-01 0.000000e+00
    outer loop
      vertex   7.352217e+01 -7.369925e+01 -9.100000e+00
      vertex   7.352217e+01 -7.369925e+01 -9.500000e+00
      vertex   7.344225e+01 -7.389220e+01 -9.100000e+00
    endloop
  endfacet
  facet normal -9.238795e-01 3.826834e-01 0.000000e+00
    outer loop
      vertex   7.344225e+01 -7.389220e+01 -9.100000e+00
      vertex   7.352217e+01 -7.369925e+01 -9.500000e+00
      vertex   7.344225e+01 -7.389220e+01 -9.500000e+00
    endloop
  endfacet
  facet normal -7.933533e-01 6.087614e-01 0.000000e+00
    outer loop
      vertex   7.344225e+01 -7.389220e+01 -9.100000e+00
      vertex   7.344225e+01 -7.389220e+01 -9.500000e+00
      vertex   7.331512e+01 -7.405788e+01 -9.100000e+00
    endloop
  endfacet
  facet normal -7.933533e-01 6.087614e-01 0.000000e+00
    outer loop
      vertex   7.331512e+01 -7.405788e+01 -9.100000e+00
      vertex   7.344225e+01 -7.389220e+01 -9.500000e+00
      vertex   7.331512e+01 -7.405788e+01 -9.500000e+00
    endloop
  endfacet
  facet normal -6.087614e-01 7.933533e-01 0.000000e+00
    outer loop
      vertex   7.331512e+01 -7.405788e+01 -9.100000e+00
      vertex   7.331512e+01 -7.405788e+01 -9.500000e+00
      vertex   7.314943e+01 -7.418502e+01 -9.100000e+00
    endloop
  endfacet
  facet normal -6.087614e-01 7.933533e-01 0.000000e+00
    outer loop
      vertex   7.314943e+01 -7.418502e+01 -9.100000e+00
      vertex   7.331512e+01 -7.405788e+01 -9.500000e+00
      vertex   7.314943e+01 -7.418502e+01 -9.500000e+00
    endloop
  endfacet
  facet normal -3.826834e-01 9.238795e-01 0.000000e+00
    outer loop
      vertex   7.314943e+01 -7.418502e+01 -9.100000e+00
      vertex   7.314943e+01 -7.418502e+01 -9.500000e+00
      vertex   7.295649e+01 -7.426494e+01 -9.100000e+00
    endloop
  endfacet
  facet normal -3.826834e-01 9.238795e-01 0.000000e+00
    outer loop
      vertex   7.295649e+01 -7.426494e+01 -9.100000e+00
      vertex   7.314943e+01 -7.418502e+01 -9.500000e+00
      vertex   7.295649e+01 -7.426494e+01 -9.500000e+00
    endloop
  endfacet
  facet normal -1.305262e-01 9.914449e-01 0.000000e+00
    outer loop
      vertex   7.295649e+01 -7.426494e+01 -9.100000e+00
      vertex   7.295649e+01 -7.426494e+01 -9.500000e+00
      vertex   7.274943e+01 -7.429220e+01 -9.100000e+00
    endloop
  endfacet
  facet normal -1.305262e-01 9.914449e-01 0.000000e+00
    outer loop
      vertex   7.274943e+01 -7.429220e+01 -9.100000e+00
      vertex   7.295649e+01 -7.426494e+01 -9.500000e+00
      vertex   7.274943e+01 -7.429220e+01 -9.500000e+00
    endloop
  endfacet
  facet normal 0.000000e+00 1.000000e+00 -0.000000e+00
    outer loop
      vertex   7.274943e+01 -7.429220e+01 -9.500000e+00
      vertex   7.014763e+01 -7.429220e+01 -9.500000e+00
      vertex   7.274943e+01 -7.429220e+01 -9.100000e+00
    endloop
  endfacet
  facet normal 0.000000e+00 1.000000e+00 0.000000e+00
    outer loop
      vertex   7.274943e+01 -7.429220e+01 -9.100000e+00
      vertex   7.014763e+01 -7.429220e+01 -9.500000e+00
      vertex   7.014763e+01 -7.429220e+01 -9.100000e+00
    endloop
  endfacet
  facet normal -1.000000e+00 0.000000e+00 0.000000e+00
    outer loop
      vertex   7.014763e+01 -7.429220e+01 -9.500000e+00
      vertex   7.014763e+01 -1.092109e+02 -9.500000e+00
      vertex   7.014763e+01 -7.429220e+01 -9.100000e+00
    endloop
  endfacet
  facet normal -1.000000e+00 -0.000000e+00 0.000000e+00
    outer loop
      vertex   7.014763e+01 -7.429220e+01 -9.100000e+00
      vertex   7.014763e+01 -1.092109e+02 -9.500000e+00
      vertex   7.014763e+01 -1.092109e+02 -9.100000e+00
    endloop
  endfacet
  facet normal -9.914449e-01 1.305262e-01 0.000000e+00
    outer loop
      vertex   7.014763e+01 -1.092109e+02 -9.100000e+00
      vertex   7.014763e+01 -1.092109e+02 -9.500000e+00
      vertex   7.012037e+01 -1.094180e+02 -9.100000e+00
    endloop
  endfacet
  facet normal -9.914449e-01 1.305262e-01 0.000000e+00
    outer loop
      vertex   7.012037e+01 -1.094180e+02 -9.100000e+00
      vertex   7.014763e+01 -1.092109e+02 -9.500000e+00
      vertex   7.012037e+01 -1.094180e+02 -9.500000e+00
    endloop
  endfacet
  facet normal -9.238795e-01 3.826834e-01 0.000000e+00
    outer loop
      vertex   7.012037e+01 -1.094180e+02 -9.100000e+00
      vertex   7.012037e+01 -1.094180e+02 -9.500000e+00
      vertex   7.004045e+01 -1.096109e+02 -9.100000e+00
    endloop
  endfacet
  facet normal -9.238795e-01 3.826834e-01 0.000000e+00
    outer loop
      vertex   7.004045e+01 -1.096109e+02 -9.100000e+00
      vertex   7.012037e+01 -1.094180e+02 -9.500000e+00
      vertex   7.004045e+01 -1.096109e+02 -9.500000e+00
    endloop
  endfacet
  facet normal -7.933533e-01 6.087614e-01 0.000000e+00
    outer loop
      vertex   7.004045e+01 -1.096109e+02 -9.100000e+00
      vertex   7.004045e+01 -1.096109e+02 -9.500000e+00
      vertex   6.991331e+01 -1.097766e+02 -9.100000e+00
    endloop
  endfacet
  facet normal -7.933533e-01 6.087614e-01 0.000000e+00
    outer loop
      vertex   6.991331e+01 -1.097766e+02 -9.100000e+00
      vertex   7.004045e+01 -1.096109e+02 -9.500000e+00
      vertex   6.991331e+01 -1.097766e+02 -9.500000e+00
    endloop
  endfacet
  facet normal -6.087614e-01 7.933533e-01 0.000000e+00
    outer loop
      vertex   6.991331e+01 -1.097766e+02 -9.100000e+00
      vertex   6.991331e+01 -1.097766e+02 -9.500000e+00
      vertex   6.974763e+01 -1.099038e+02 -9.100000e+00
    endloop
  endfacet
  facet normal -6.087614e-01 7.933533e-01 0.000000e+00
    outer loop
      vertex   6.974763e+01 -1.099038e+02 -9.100000e+00
      vertex   6.991331e+01 -1.097766e+02 -9.500000e+00
      vertex   6.974763e+01 -1.099038e+02 -9.500000e+00
    endloop
  endfacet
  facet normal -3.826834e-01 9.238795e-01 0.000000e+00
    outer loop
      vertex   6.974763e+01 -1.099038e+02 -9.100000e+00
      vertex   6.974763e+01 -1.099038e+02 -9.500000e+00
      vertex   6.955468e+01 -1.099837e+02 -9.100000e+00
    endloop
  endfacet
  facet normal -3.826834e-01 9.238795e-01 0.000000e+00
    outer loop
      vertex   6.955468e+01 -1.099837e+02 -9.100000e+00
      vertex   6.974763e+01 -1.099038e+02 -9.500000e+00
      vertex   6.955468e+01 -1.099837e+02 -9.500000e+00
    endloop
  endfacet
  facet normal -1.305262e-01 9.914449e-01 0.000000e+00
    outer loop
      vertex   6.955468e+01 -1.099837e+02 -9.100000e+00
      vertex   6.955468e+01 -1.099837e+02 -9.500000e+00
      vertex   6.934763e+01 -1.100109e+02 -9.100000e+00
    endloop
  endfacet
  facet normal -1.305262e-01 9.914449e-01 0.000000e+00
    outer loop
      vertex   6.934763e+01 -1.100109e+02 -9.100000e+00
      vertex   6.955468e+01 -1.099837e+02 -9.500000e+00
      vertex   6.934763e+01 -1.100109e+02 -9.500000e+00
    endloop
  endfacet
  facet normal 1.305262e-01 9.914449e-01 0.000000e+00
    outer loop
      vertex   6.934763e+01 -1.100109e+02 -9.100000e+00
      vertex   6.934763e+01 -1.100109e+02 -9.500000e+00
      vertex   6.914057e+01 -1.099837e+02 -9.100000e+00
    endloop
  endfacet
  facet normal 1.305262e-01 9.914449e-01 0.000000e+00
    outer loop
      vertex   6.914057e+01 -1.099837e+02 -9.100000e+00
      vertex   6.934763e+01 -1.100109e+02 -9.500000e+00
      vertex   6.914057e+01 -1.099837e+02 -9.500000e+00
    endloop
  endfacet
  facet normal 3.826834e-01 9.238795e-01 0.000000e+00
    outer loop
      vertex   6.914057e+01 -1.099837e+02 -9.100000e+00
      vertex   6.914057e+01 -1.099837e+02 -9.500000e+00
      vertex   6.894763e+01 -1.099038e+02 -9.100000e+00
    endloop
  endfacet
  facet normal 3.826834e-01 9.238795e-01 0.000000e+00
    outer loop
      vertex   6.894763e+01 -1.099038e+02 -9.100000e+00
      vertex   6.914057e+01 -1.099837e+02 -9.500000e+00
      vertex   6.894763e+01 -1.099038e+02 -9.500000e+00
    endloop
  endfacet
  facet normal 6.087614e-01 7.933533e-01 0.000000e+00
    outer loop
      vertex   6.894763e+01 -1.099038e+02 -9.100000e+00
      vertex   6.894763e+01 -1.099038e+02 -9.500000e+00
      vertex   6.878194e+01 -1.097766e+02 -9.100000e+00
    endloop
  endfacet
  facet normal 6.087614e-01 7.933533e-01 0.000000e+00
    outer loop
      vertex   6.878194e+01 -1.097766e+02 -9.100000e+00
      vertex   6.894763e+01 -1.099038e+02 -9.500000e+00
      vertex   6.878194e+01 -1.097766e+02 -9.500000e+00
    endloop
  endfacet
  facet normal 7.933533e-01 6.087614e-01 0.000000e+00
    outer loop
      vertex   6.878194e+01 -1.097766e+02 -9.100000e+00
      vertex   6.878194e+01 -1.097766e+02 -9.500000e+00
      vertex   6.865481e+01 -1.096109e+02 -9.100000e+00
    endloop
  endfacet
  facet normal 7.933533e-01 6.087614e-01 0.000000e+00
    outer loop
      vertex   6.865481e+01 -1.096109e+02 -9.100000e+00
      vertex   6.878194e+01 -1.097766e+02 -9.500000e+00
      vertex   6.865481e+01 -1.096109e+02 -9.500000e+00
    endloop
  endfacet
  facet normal 9.238795e-01 3.826834e-01 0.000000e+00
    outer loop
      vertex   6.865481e+01 -1.096109e+02 -9.100000e+00
      vertex   6.865481e+01 -1.096109e+02 -9.500000e+00
      vertex   6.857489e+01 -1.094180e+02 -9.100000e+00
    endloop
  endfacet
  facet normal 9.238795e-01 3.826834e-01 0.000000e+00
    outer loop
      vertex   6.857489e+01 -1.094180e+02 -9.100000e+00
      vertex   6.865481e+01 -1.096109e+02 -9.500000e+00
      vertex   6.857489e+01 -1.094180e+02 -9.500000e+00
    endloop
  endfacet
  facet normal 9.914449e-01 1.305262e-01 0.000000e+00
    outer loop
      vertex   6.857489e+01 -1.094180e+02 -9.100000e+00
      vertex   6.857489e+01 -1.094180e+02 -9.500000e+00
      vertex   6.854763e+01 -1.092109e+02 -9.100000e+00
    endloop
  endfacet
  facet normal 9.914449e-01 1.305262e-01 0.000000e+00
    outer loop
      vertex   6.854763e+01 -1.092109e+02 -9.100000e+00
      vertex   6.857489e+01 -1.094180e+02 -9.500000e+00
      vertex   6.854763e+01 -1.092109e+02 -9.500000e+00
    endloop
  endfacet
  facet normal 1.000000e+00 0.000000e+00 0.000000e+00
    outer loop
      vertex   6.854763e+01 -1.092109e+02 -9.500000e+00
      vertex   6.854763e+01 -7.429220e+01 -9.500000e+00
      vertex   6.854763e+01 -1.092109e+02 -9.100000e+00
    endloop
  endfacet
  facet normal 1.000000e+00 -0.000000e+00 0.000000e+00
    outer loop
      vertex   6.854763e+01 -1.092109e+02 -9.100000e+00
      vertex   6.854763e+01 -7.429220e+01 -9.500000e+00
      vertex   6.854763e+01 -7.429220e+01 -9.100000e+00
    endloop
  endfacet
  facet normal 0.000000e+00 0.000000e+00 -1.000000e+00
    outer loop
      vertex   6.854763e+01 -7.429220e+01 -9.100000e+00
      vertex   7.014763e+01 -7.429220e+01 -9.100000e+00
      vertex   6.854763e+01 -1.092109e+02 -9.100000e+00
    endloop
  endfacet
  facet normal 0.000000e+00 0.000000e+00 -1.000000e+00
    outer loop
      vertex   6.854763e+01 -1.092109e+02 -9.100000e+00
      vertex   7.014763e+01 -7.429220e+01 -9.100000e+00
      vertex   7.014763e+01 -1.092109e+02 -9.100000e+00
    endloop
  endfacet
  facet normal 0.000000e+00 0.000000e+00 -1.000000e+00
    outer loop
      vertex   6.854763e+01 -1.092109e+02 -9.100000e+00
      vertex   7.014763e+01 -1.092109e+02 -9.100000e+00
      vertex   6.934763e+01 -1.100109e+02 -9.100000e+00
    endloop
  endfacet
  facet normal 0.000000e+00 0.000000e+00 -1.000000e+00
    outer loop
      vertex   6.934763e+01 -1.100109e+02 -9.100000e+00
      vertex   7.014763e+01 -1.092109e+02 -9.100000e+00
      vertex   6.955468e+01 -1.099837e+02 -9.100000e+00
    endloop
  endfacet
  facet normal 0.000000e+00 0.000000e+00 -1.000000e+00
    outer loop
      vertex   6.955468e+01 -1.099837e+02 -9.100000e+00
      vertex   7.014763e+01 -1.092109e+02 -9.100000e+00
      vertex   6.974763e+01 -1.099038e+02 -9.100000e+00
    endloop
  endfacet
  facet normal 0.000000e+00 0.000000e+00 -1.000000e+00
    outer loop
      vertex   6.974763e+01 -1.099038e+02 -9.100000e+00
      vertex   7.014763e+01 -1.092109e+02 -9.100000e+00
      vertex   6.991331e+01 -1.097766e+02 -9.100000e+00
    endloop
  endfacet
  facet normal 0.000000e+00 0.000000e+00 -1.000000e+00
    outer loop
      vertex   6.991331e+01 -1.097766e+02 -9.100000e+00
      vertex   7.014763e+01 -1.092109e+02 -9.100000e+00
      vertex   7.004045e+01 -1.096109e+02 -9.100000e+00
    endloop
  endfacet
  facet normal 0.000000e+00 0.000000e+00 -1.000000e+00
    outer loop
      vertex   7.004045e+01 -1.096109e+02 -9.100000e+00
      vertex   7.014763e+01 -1.092109e+02 -9.100000e+00
      vertex   7.012037e+01 -1.094180e+02 -9.100000e+00
    endloop
  endfacet
  facet normal 0.000000e+00 0.000000e+00 -1.000000e+00
    outer loop
      vertex   6.594583e+01 -7.429220e+01 -9.100000e+00
      vertex   6.594583e+01 -7.269220e+01 -9.100000e+00
      vertex   6.854763e+01 -7.429220e+01 -9.100000e+00
    endloop
  endfacet
  facet normal 0.000000e+00 0.000000e+00 -1.000000e+00
    outer loop
      vertex   6.854763e+01 -7.429220e+01 -9.100000e+00
      vertex   6.594583e+01 -7.269220e+01 -9.100000e+00
      vertex   7.274943e+01 -7.269220e+01 -9.100000e+00
    endloop
  endfacet
  facet normal 0.000000e+00 0.000000e+00 -1.000000e+00
    outer loop
      vertex   6.854763e+01 -7.429220e+01 -9.100000e+00
      vertex   7.274943e+01 -7.269220e+01 -9.100000e+00
      vertex   7.014763e+01 -7.429220e+01 -9.100000e+00
    endloop
  endfacet
  facet normal 0.000000e+00 0.000000e+00 -1.000000e+00
    outer loop
      vertex   7.014763e+01 -7.429220e+01 -9.100000e+00
      vertex   7.274943e+01 -7.269220e+01 -9.100000e+00
      vertex   7.274943e+01 -7.429220e+01 -9.100000e+00
    endloop
  endfacet
  facet normal 0.000000e+00 0.000000e+00 -1.000000e+00
    outer loop
      vertex   7.274943e+01 -7.429220e+01 -9.100000e+00
      vertex   7.274943e+01 -7.269220e+01 -9.100000e+00
      vertex   7.295649e+01 -7.271946e+01 -9.100000e+00
    endloop
  endfacet
  facet normal 0.000000e+00 0.000000e+00 -1.000000e+00
    outer loop
      vertex   7.274943e+01 -7.429220e+01 -9.100000e+00
      vertex   7.295649e+01 -7.271946e+01 -9.100000e+00
      vertex   7.295649e+01 -7.426494e+01 -9.100000e+00
    endloop
  endfacet
  facet normal 0.000000e+00 0.000000e+00 -1.000000e+00
    outer loop
      vertex   7.295649e+01 -7.426494e+01 -9.100000e+00
      vertex   7.295649e+01 -7.271946e+01 -9.100000e+00
      vertex   7.314943e+01 -7.279938e+01 -9.100000e+00
    endloop
  endfacet
  facet normal 0.000000e+00 0.000000e+00 -1.000000e+00
    outer loop
      vertex   7.295649e+01 -7.426494e+01 -9.100000e+00
      vertex   7.314943e+01 -7.279938e+01 -9.100000e+00
      vertex   7.314943e+01 -7.418502e+01 -9.100000e+00
    endloop
  endfacet
  facet normal 0.000000e+00 0.000000e+00 -1.000000e+00
    outer loop
      vertex   7.314943e+01 -7.418502e+01 -9.100000e+00
      vertex   7.314943e+01 -7.279938e+01 -9.100000e+00
      vertex   7.331512e+01 -7.292651e+01 -9.100000e+00
    endloop
  endfacet
  facet normal 0.000000e+00 0.000000e+00 -1.000000e+00
    outer loop
      vertex   7.314943e+01 -7.418502e+01 -9.100000e+00
      vertex   7.331512e+01 -7.292651e+01 -9.100000e+00
      vertex   7.331512e+01 -7.405788e+01 -9.100000e+00
    endloop
  endfacet
  facet normal 0.000000e+00 0.000000e+00 -1.000000e+00
    outer loop
      vertex   7.331512e+01 -7.405788e+01 -9.100000e+00
      vertex   7.331512e+01 -7.292651e+01 -9.100000e+00
      vertex   7.344225e+01 -7.309220e+01 -9.100000e+00
    endloop
  endfacet
  facet normal 0.000000e+00 0.000000e+00 -1.000000e+00
    outer loop
      vertex   7.331512e+01 -7.405788e+01 -9.100000e+00
      vertex   7.344225e+01 -7.309220e+01 -9.100000e+00
      vertex   7.344225e+01 -7.389220e+01 -9.100000e+00
    endloop
  endfacet
  facet normal 0.000000e+00 0.000000e+00 -1.000000e+00
    outer loop
      vertex   7.344225e+01 -7.389220e+01 -9.100000e+00
      vertex   7.344225e+01 -7.309220e+01 -9.100000e+00
      vertex   7.352217e+01 -7.328514e+01 -9.100000e+00
    endloop
  endfacet
  facet normal 0.000000e+00 0.000000e+00 -1.000000e+00
    outer loop
      vertex   7.344225e+01 -7.389220e+01 -9.100000e+00
      vertex   7.352217e+01 -7.328514e+01 -9.100000e+00
      vertex   7.352217e+01 -7.369925e+01 -9.100000e+00
    endloop
  endfacet
  facet normal 0.000000e+00 0.000000e+00 -1.000000e+00
    outer loop
      vertex   7.352217e+01 -7.369925e+01 -9.100000e+00
      vertex   7.352217e+01 -7.328514e+01 -9.100000e+00
      vertex   7.354943e+01 -7.349220e+01 -9.100000e+00
    endloop
  endfacet
  facet normal 0.000000e+00 -0.000000e+00 -1.000000e+00
    outer loop
      vertex   6.594583e+01 -7.269220e+01 -9.100000e+00
      vertex   6.594583e+01 -7.429220e+01 -9.100000e+00
      vertex   6.573877e+01 -7.271946e+01 -9.100000e+00
    endloop
  endfacet
  facet normal 0.000000e+00 0.000000e+00 -1.000000e+00
    outer loop
      vertex   6.573877e+01 -7.271946e+01 -9.100000e+00
      vertex   6.594583e+01 -7.429220e+01 -9.100000e+00
      vertex   6.573877e+01 -7.426494e+01 -9.100000e+00
    endloop
  endfacet
  facet normal 0.000000e+00 -0.000000e+00 -1.000000e+00
    outer loop
      vertex   6.573877e+01 -7.271946e+01 -9.100000e+00
      vertex   6.573877e+01 -7.426494e+01 -9.100000e+00
      vertex   6.554583e+01 -7.279938e+01 -9.100000e+00
    endloop
  endfacet
  facet normal 0.000000e+00 0.000000e+00 -1.000000e+00
    outer loop
      vertex   6.554583e+01 -7.279938e+01 -9.100000e+00
      vertex   6.573877e+01 -7.426494e+01 -9.100000e+00
      vertex   6.554583e+01 -7.418502e+01 -9.100000e+00
    endloop
  endfacet
  facet normal 0.000000e+00 -0.000000e+00 -1.000000e+00
    outer loop
      vertex   6.554583e+01 -7.279938e+01 -9.100000e+00
      vertex   6.554583e+01 -7.418502e+01 -9.100000e+00
      vertex   6.538014e+01 -7.292651e+01 -9.100000e+00
    endloop
  endfacet
  facet normal 0.000000e+00 0.000000e+00 -1.000000e+00
    outer loop
      vertex   6.538014e+01 -7.292651e+01 -9.100000e+00
      vertex   6.554583e+01 -7.418502e+01 -9.100000e+00
      vertex   6.538014e+01 -7.405788e+01 -9.100000e+00
    endloop
  endfacet
  facet normal 0.000000e+00 -0.000000e+00 -1.000000e+00
    outer loop
      vertex   6.538014e+01 -7.292651e+01 -9.100000e+00
      vertex   6.538014e+01 -7.405788e+01 -9.100000e+00
      vertex   6.525301e+01 -7.309220e+01 -9.100000e+00
    endloop
  endfacet
  facet normal 0.000000e+00 0.000000e+00 -1.000000e+00
    outer loop
      vertex   6.525301e+01 -7.309220e+01 -9.100000e+00
      vertex   6.538014e+01 -7.405788e+01 -9.100000e+00
      vertex   6.525301e+01 -7.389220e+01 -9.100000e+00
    endloop
  endfacet
  facet normal 0.000000e+00 -0.000000e+00 -1.000000e+00
    outer loop
      vertex   6.525301e+01 -7.309220e+01 -9.100000e+00
      vertex   6.525301e+01 -7.389220e+01 -9.100000e+00
      vertex   6.517309e+01 -7.328514e+01 -9.100000e+00
    endloop
  endfacet
  facet normal 0.000000e+00 0.000000e+00 -1.000000e+00
    outer loop
      vertex   6.517309e+01 -7.328514e+01 -9.100000e+00
      vertex   6.525301e+01 -7.389220e+01 -9.100000e+00
      vertex   6.517309e+01 -7.369925e+01 -9.100000e+00
    endloop
  endfacet
  facet normal 0.000000e+00 -0.000000e+00 -1.000000e+00
    outer loop
      vertex   6.517309e+01 -7.328514e+01 -9.100000e+00
      vertex   6.517309e+01 -7.369925e+01 -9.100000e+00
      vertex   6.514583e+01 -7.349220e+01 -9.100000e+00
    endloop
  endfacet
  facet normal 0.000000e+00 0.000000e+00 -1.000000e+00
    outer loop
      vertex   6.934763e+01 -1.100109e+02 -9.100000e+00
      vertex   6.914057e+01 -1.099837e+02 -9.100000e+00
      vertex   6.854763e+01 -1.092109e+02 -9.100000e+00
    endloop
  endfacet
  facet normal 0.000000e+00 0.000000e+00 -1.000000e+00
    outer loop
      vertex   6.854763e+01 -1.092109e+02 -9.100000e+00
      vertex   6.914057e+01 -1.099837e+02 -9.100000e+00
      vertex   6.894763e+01 -1.099038e+02 -9.100000e+00
    endloop
  endfacet
  facet normal 0.000000e+00 0.000000e+00 -1.000000e+00
    outer loop
      vertex   6.854763e+01 -1.092109e+02 -9.100000e+00
      vertex   6.894763e+01 -1.099038e+02 -9.100000e+00
      vertex   6.878194e+01 -1.097766e+02 -9.100000e+00
    endloop
  endfacet
  facet normal 0.000000e+00 0.000000e+00 -1.000000e+00
    outer loop
      vertex   6.878194e+01 -1.097766e+02 -9.100000e+00
      vertex   6.865481e+01 -1.096109e+02 -9.100000e+00
      vertex   6.854763e+01 -1.092109e+02 -9.100000e+00
    endloop
  endfacet
  facet normal 0.000000e+00 0.000000e+00 -1.000000e+00
    outer loop
      vertex   6.854763e+01 -1.092109e+02 -9.100000e+00
      vertex   6.865481e+01 -1.096109e+02 -9.100000e+00
      vertex   6.857489e+01 -1.094180e+02 -9.100000e+00
    endloop
  endfacet
  facet normal 9.864063e-01 -1.643250e-01 0.000000e+00
    outer loop
      vertex   7.592906e+01 -9.036963e+01 -9.500000e+00
      vertex   7.649576e+01 -8.696783e+01 -9.500000e+00
      vertex   7.592906e+01 -9.036963e+01 -9.100000e+00
    endloop
  endfacet
  facet normal 9.864063e-01 -1.643250e-01 0.000000e+00
    outer loop
      vertex   7.592906e+01 -9.036963e+01 -9.100000e+00
      vertex   7.649576e+01 -8.696783e+01 -9.500000e+00
      vertex   7.649576e+01 -8.696783e+01 -9.100000e+00
    endloop
  endfacet
  facet normal 9.723795e-01 -2.334053e-01 0.000000e+00
    outer loop
      vertex   7.649576e+01 -8.696783e+01 -9.100000e+00
      vertex   7.649576e+01 -8.696783e+01 -9.500000e+00
      vertex   7.652207e+01 -8.685823e+01 -9.100000e+00
    endloop
  endfacet
  facet normal 9.723795e-01 -2.334053e-01 0.000000e+00
    outer loop
      vertex   7.652207e+01 -8.685823e+01 -9.100000e+00
      vertex   7.649576e+01 -8.696783e+01 -9.500000e+00
      vertex   7.652207e+01 -8.685823e+01 -9.500000e+00
    endloop
  endfacet
  facet normal 9.299250e-01 -3.677492e-01 0.000000e+00
    outer loop
      vertex   7.652207e+01 -8.685823e+01 -9.100000e+00
      vertex   7.652207e+01 -8.685823e+01 -9.500000e+00
      vertex   7.656352e+01 -8.675341e+01 -9.500000e+00
    endloop
  endfacet
  facet normal 8.690109e-01 -4.947930e-01 0.000000e+00
    outer loop
      vertex   7.661929e+01 -8.665546e+01 -9.500000e+00
      vertex   7.661929e+01 -8.665546e+01 -9.100000e+00
      vertex   7.656352e+01 -8.675341e+01 -9.500000e+00
    endloop
  endfacet
  facet normal 8.690109e-01 -4.947930e-01 0.000000e+00
    outer loop
      vertex   7.656352e+01 -8.675341e+01 -9.500000e+00
      vertex   7.661929e+01 -8.665546e+01 -9.100000e+00
      vertex   7.656352e+01 -8.675341e+01 -9.100000e+00
    endloop
  endfacet
  facet normal 9.299250e-01 -3.677492e-01 0.000000e+00
    outer loop
      vertex   7.656352e+01 -8.675341e+01 -9.500000e+00
      vertex   7.656352e+01 -8.675341e+01 -9.100000e+00
      vertex   7.652207e+01 -8.685823e+01 -9.100000e+00
    endloop
  endfacet
  facet normal 8.319956e-01 -5.547822e-01 0.000000e+00
    outer loop
      vertex   7.661929e+01 -8.665546e+01 -9.500000e+00
      vertex   7.775343e+01 -8.495462e+01 -9.500000e+00
      vertex   7.661929e+01 -8.665546e+01 -9.100000e+00
    endloop
  endfacet
  facet normal 8.319956e-01 -5.547822e-01 0.000000e+00
    outer loop
      vertex   7.661929e+01 -8.665546e+01 -9.100000e+00
      vertex   7.775343e+01 -8.495462e+01 -9.500000e+00
      vertex   7.775343e+01 -8.495462e+01 -9.100000e+00
    endloop
  endfacet
  facet normal 7.577501e-01 -6.525449e-01 0.000000e+00
    outer loop
      vertex   7.775343e+01 -8.495462e+01 -9.100000e+00
      vertex   7.775343e+01 -8.495462e+01 -9.500000e+00
      vertex   7.788136e+01 -8.480607e+01 -9.100000e+00
    endloop
  endfacet
  facet normal 7.577501e-01 -6.525449e-01 0.000000e+00
    outer loop
      vertex   7.788136e+01 -8.480607e+01 -9.100000e+00
      vertex   7.775343e+01 -8.495462e+01 -9.500000e+00
      vertex   7.788136e+01 -8.480607e+01 -9.500000e+00
    endloop
  endfacet
  facet normal 5.762922e-01 -8.172437e-01 0.000000e+00
    outer loop
      vertex   7.788136e+01 -8.480607e+01 -9.100000e+00
      vertex   7.788136e+01 -8.480607e+01 -9.500000e+00
      vertex   7.804157e+01 -8.469309e+01 -9.100000e+00
    endloop
  endfacet
  facet normal 5.762922e-01 -8.172437e-01 0.000000e+00
    outer loop
      vertex   7.804157e+01 -8.469309e+01 -9.100000e+00
      vertex   7.788136e+01 -8.480607e+01 -9.500000e+00
      vertex   7.804157e+01 -8.469309e+01 -9.500000e+00
    endloop
  endfacet
  facet normal 3.602265e-01 -9.328649e-01 0.000000e+00
    outer loop
      vertex   7.804157e+01 -8.469309e+01 -9.100000e+00
      vertex   7.804157e+01 -8.469309e+01 -9.500000e+00
      vertex   7.822446e+01 -8.462247e+01 -9.100000e+00
    endloop
  endfacet
  facet normal 3.602265e-01 -9.328649e-01 0.000000e+00
    outer loop
      vertex   7.822446e+01 -8.462247e+01 -9.100000e+00
      vertex   7.804157e+01 -8.469309e+01 -9.500000e+00
      vertex   7.822446e+01 -8.462247e+01 -9.500000e+00
    endloop
  endfacet
  facet normal 1.225282e-01 -9.924650e-01 0.000000e+00
    outer loop
      vertex   7.822446e+01 -8.462247e+01 -9.100000e+00
      vertex   7.822446e+01 -8.462247e+01 -9.500000e+00
      vertex   7.841902e+01 -8.459845e+01 -9.100000e+00
    endloop
  endfacet
  facet normal 1.225282e-01 -9.924650e-01 0.000000e+00
    outer loop
      vertex   7.841902e+01 -8.459845e+01 -9.100000e+00
      vertex   7.822446e+01 -8.462247e+01 -9.500000e+00
      vertex   7.841902e+01 -8.459845e+01 -9.500000e+00
    endloop
  endfacet
  facet normal -1.671039e-14 -1.000000e+00 0.000000e+00
    outer loop
      vertex   7.841902e+01 -8.459845e+01 -9.500000e+00
      vertex   8.011986e+01 -8.459845e+01 -9.500000e+00
      vertex   7.841902e+01 -8.459845e+01 -9.100000e+00
    endloop
  endfacet
  facet normal -1.671039e-14 -1.000000e+00 0.000000e+00
    outer loop
      vertex   7.841902e+01 -8.459845e+01 -9.100000e+00
      vertex   8.011986e+01 -8.459845e+01 -9.500000e+00
      vertex   8.011986e+01 -8.459845e+01 -9.100000e+00
    endloop
  endfacet
  facet normal -1.225425e-01 -9.924633e-01 -0.000000e+00
    outer loop
      vertex   8.011986e+01 -8.459845e+01 -9.100000e+00
      vertex   8.011986e+01 -8.459845e+01 -9.500000e+00
      vertex   8.031445e+01 -8.462247e+01 -9.100000e+00
    endloop
  endfacet
  facet normal -1.225425e-01 -9.924633e-01 -0.000000e+00
    outer loop
      vertex   8.031445e+01 -8.462247e+01 -9.100000e+00
      vertex   8.011986e+01 -8.459845e+01 -9.500000e+00
      vertex   8.031445e+01 -8.462247e+01 -9.500000e+00
    endloop
  endfacet
  facet normal -3.602667e-01 -9.328493e-01 -0.000000e+00
    outer loop
      vertex   8.031445e+01 -8.462247e+01 -9.100000e+00
      vertex   8.031445e+01 -8.462247e+01 -9.500000e+00
      vertex   8.049736e+01 -8.469311e+01 -9.100000e+00
    endloop
  endfacet
  facet normal -3.602667e-01 -9.328493e-01 -0.000000e+00
    outer loop
      vertex   8.049736e+01 -8.469311e+01 -9.100000e+00
      vertex   8.031445e+01 -8.462247e+01 -9.500000e+00
      vertex   8.049736e+01 -8.469311e+01 -9.500000e+00
    endloop
  endfacet
  facet normal -5.763510e-01 -8.172023e-01 -0.000000e+00
    outer loop
      vertex   8.049736e+01 -8.469311e+01 -9.100000e+00
      vertex   8.049736e+01 -8.469311e+01 -9.500000e+00
      vertex   8.065758e+01 -8.480611e+01 -9.100000e+00
    endloop
  endfacet
  facet normal -5.763510e-01 -8.172023e-01 -0.000000e+00
    outer loop
      vertex   8.065758e+01 -8.480611e+01 -9.100000e+00
      vertex   8.049736e+01 -8.469311e+01 -9.500000e+00
      vertex   8.065758e+01 -8.480611e+01 -9.500000e+00
    endloop
  endfacet
  facet normal -7.578157e-01 -6.524686e-01 -0.000000e+00
    outer loop
      vertex   8.065758e+01 -8.480611e+01 -9.100000e+00
      vertex   8.065758e+01 -8.480611e+01 -9.500000e+00
      vertex   8.078551e+01 -8.495470e+01 -9.100000e+00
    endloop
  endfacet
  facet normal -7.578157e-01 -6.524686e-01 -0.000000e+00
    outer loop
      vertex   8.078551e+01 -8.495470e+01 -9.100000e+00
      vertex   8.065758e+01 -8.480611e+01 -9.500000e+00
      vertex   8.078551e+01 -8.495470e+01 -9.500000e+00
    endloop
  endfacet
  facet normal -8.320594e-01 -5.546865e-01 0.000000e+00
    outer loop
      vertex   8.078551e+01 -8.495470e+01 -9.500000e+00
      vertex   8.102083e+01 -8.530768e+01 -9.500000e+00
      vertex   8.078551e+01 -8.495470e+01 -9.100000e+00
    endloop
  endfacet
  facet normal -8.320594e-01 -5.546865e-01 0.000000e+00
    outer loop
      vertex   8.078551e+01 -8.495470e+01 -9.100000e+00
      vertex   8.102083e+01 -8.530768e+01 -9.500000e+00
      vertex   8.102083e+01 -8.530768e+01 -9.100000e+00
    endloop
  endfacet
  facet normal 1.000000e+00 0.000000e+00 0.000000e+00
    outer loop
      vertex   8.102083e+01 -8.530768e+01 -9.500000e+00
      vertex   8.102083e+01 -7.349220e+01 -9.500000e+00
      vertex   8.102083e+01 -8.530768e+01 -9.100000e+00
    endloop
  endfacet
  facet normal 1.000000e+00 -0.000000e+00 0.000000e+00
    outer loop
      vertex   8.102083e+01 -8.530768e+01 -9.100000e+00
      vertex   8.102083e+01 -7.349220e+01 -9.500000e+00
      vertex   8.102083e+01 -7.349220e+01 -9.100000e+00
    endloop
  endfacet
  facet normal 9.914449e-01 -1.305262e-01 0.000000e+00
    outer loop
      vertex   8.102083e+01 -7.349220e+01 -9.100000e+00
      vertex   8.102083e+01 -7.349220e+01 -9.500000e+00
      vertex   8.104809e+01 -7.328514e+01 -9.100000e+00
    endloop
  endfacet
  facet normal 9.914449e-01 -1.305262e-01 0.000000e+00
    outer loop
      vertex   8.104809e+01 -7.328514e+01 -9.100000e+00
      vertex   8.102083e+01 -7.349220e+01 -9.500000e+00
      vertex   8.104809e+01 -7.328514e+01 -9.500000e+00
    endloop
  endfacet
  facet normal 9.238795e-01 -3.826834e-01 0.000000e+00
    outer loop
      vertex   8.104809e+01 -7.328514e+01 -9.100000e+00
      vertex   8.104809e+01 -7.328514e+01 -9.500000e+00
      vertex   8.112801e+01 -7.309220e+01 -9.100000e+00
    endloop
  endfacet
  facet normal 9.238795e-01 -3.826834e-01 0.000000e+00
    outer loop
      vertex   8.112801e+01 -7.309220e+01 -9.100000e+00
      vertex   8.104809e+01 -7.328514e+01 -9.500000e+00
      vertex   8.112801e+01 -7.309220e+01 -9.500000e+00
    endloop
  endfacet
  facet normal 7.933533e-01 -6.087614e-01 0.000000e+00
    outer loop
      vertex   8.112801e+01 -7.309220e+01 -9.100000e+00
      vertex   8.112801e+01 -7.309220e+01 -9.500000e+00
      vertex   8.125514e+01 -7.292651e+01 -9.100000e+00
    endloop
  endfacet
  facet normal 7.933533e-01 -6.087614e-01 0.000000e+00
    outer loop
      vertex   8.125514e+01 -7.292651e+01 -9.100000e+00
      vertex   8.112801e+01 -7.309220e+01 -9.500000e+00
      vertex   8.125514e+01 -7.292651e+01 -9.500000e+00
    endloop
  endfacet
  facet normal 6.087614e-01 -7.933533e-01 0.000000e+00
    outer loop
      vertex   8.125514e+01 -7.292651e+01 -9.100000e+00
      vertex   8.125514e+01 -7.292651e+01 -9.500000e+00
      vertex   8.142083e+01 -7.279938e+01 -9.100000e+00
    endloop
  endfacet
  facet normal 6.087614e-01 -7.933533e-01 0.000000e+00
    outer loop
      vertex   8.142083e+01 -7.279938e+01 -9.100000e+00
      vertex   8.125514e+01 -7.292651e+01 -9.500000e+00
      vertex   8.142083e+01 -7.279938e+01 -9.500000e+00
    endloop
  endfacet
  facet normal 3.826834e-01 -9.238795e-01 0.000000e+00
    outer loop
      vertex   8.142083e+01 -7.279938e+01 -9.100000e+00
      vertex   8.142083e+01 -7.279938e+01 -9.500000e+00
      vertex   8.161377e+01 -7.271946e+01 -9.100000e+00
    endloop
  endfacet
  facet normal 3.826834e-01 -9.238795e-01 0.000000e+00
    outer loop
      vertex   8.161377e+01 -7.271946e+01 -9.100000e+00
      vertex   8.142083e+01 -7.279938e+01 -9.500000e+00
      vertex   8.161377e+01 -7.271946e+01 -9.500000e+00
    endloop
  endfacet
  facet normal 1.305262e-01 -9.914449e-01 0.000000e+00
    outer loop
      vertex   8.161377e+01 -7.271946e+01 -9.100000e+00
      vertex   8.161377e+01 -7.271946e+01 -9.500000e+00
      vertex   8.182083e+01 -7.269220e+01 -9.100000e+00
    endloop
  endfacet
  facet normal 1.305262e-01 -9.914449e-01 0.000000e+00
    outer loop
      vertex   8.182083e+01 -7.269220e+01 -9.100000e+00
      vertex   8.161377e+01 -7.271946e+01 -9.500000e+00
      vertex   8.182083e+01 -7.269220e+01 -9.500000e+00
    endloop
  endfacet
  facet normal -1.305262e-01 -9.914449e-01 -0.000000e+00
    outer loop
      vertex   8.182083e+01 -7.269220e+01 -9.100000e+00
      vertex   8.182083e+01 -7.269220e+01 -9.500000e+00
      vertex   8.202788e+01 -7.271946e+01 -9.100000e+00
    endloop
  endfacet
  facet normal -1.305262e-01 -9.914449e-01 -0.000000e+00
    outer loop
      vertex   8.202788e+01 -7.271946e+01 -9.100000e+00
      vertex   8.182083e+01 -7.269220e+01 -9.500000e+00
      vertex   8.202788e+01 -7.271946e+01 -9.500000e+00
    endloop
  endfacet
  facet normal -3.826834e-01 -9.238795e-01 -0.000000e+00
    outer loop
      vertex   8.202788e+01 -7.271946e+01 -9.100000e+00
      vertex   8.202788e+01 -7.271946e+01 -9.500000e+00
      vertex   8.222083e+01 -7.279938e+01 -9.100000e+00
    endloop
  endfacet
  facet normal -3.826834e-01 -9.238795e-01 -0.000000e+00
    outer loop
      vertex   8.222083e+01 -7.279938e+01 -9.100000e+00
      vertex   8.202788e+01 -7.271946e+01 -9.500000e+00
      vertex   8.222083e+01 -7.279938e+01 -9.500000e+00
    endloop
  endfacet
  facet normal -6.087614e-01 -7.933533e-01 -0.000000e+00
    outer loop
      vertex   8.222083e+01 -7.279938e+01 -9.100000e+00
      vertex   8.222083e+01 -7.279938e+01 -9.500000e+00
      vertex   8.238651e+01 -7.292651e+01 -9.100000e+00
    endloop
  endfacet
  facet normal -6.087614e-01 -7.933533e-01 -0.000000e+00
    outer loop
      vertex   8.238651e+01 -7.292651e+01 -9.100000e+00
      vertex   8.222083e+01 -7.279938e+01 -9.500000e+00
      vertex   8.238651e+01 -7.292651e+01 -9.500000e+00
    endloop
  endfacet
  facet normal -7.933533e-01 -6.087614e-01 -0.000000e+00
    outer loop
      vertex   8.238651e+01 -7.292651e+01 -9.100000e+00
      vertex   8.238651e+01 -7.292651e+01 -9.500000e+00
      vertex   8.251365e+01 -7.309220e+01 -9.100000e+00
    endloop
  endfacet
  facet normal -7.933533e-01 -6.087614e-01 -0.000000e+00
    outer loop
      vertex   8.251365e+01 -7.309220e+01 -9.100000e+00
      vertex   8.238651e+01 -7.292651e+01 -9.500000e+00
      vertex   8.251365e+01 -7.309220e+01 -9.500000e+00
    endloop
  endfacet
  facet normal -9.238795e-01 -3.826834e-01 -0.000000e+00
    outer loop
      vertex   8.251365e+01 -7.309220e+01 -9.100000e+00
      vertex   8.251365e+01 -7.309220e+01 -9.500000e+00
      vertex   8.259357e+01 -7.328514e+01 -9.100000e+00
    endloop
  endfacet
  facet normal -9.238795e-01 -3.826834e-01 -0.000000e+00
    outer loop
      vertex   8.259357e+01 -7.328514e+01 -9.100000e+00
      vertex   8.251365e+01 -7.309220e+01 -9.500000e+00
      vertex   8.259357e+01 -7.328514e+01 -9.500000e+00
    endloop
  endfacet
  facet normal -9.914449e-01 -1.305262e-01 -0.000000e+00
    outer loop
      vertex   8.259357e+01 -7.328514e+01 -9.100000e+00
      vertex   8.259357e+01 -7.328514e+01 -9.500000e+00
      vertex   8.262083e+01 -7.349220e+01 -9.100000e+00
    endloop
  endfacet
  facet normal -9.914449e-01 -1.305262e-01 -0.000000e+00
    outer loop
      vertex   8.262083e+01 -7.349220e+01 -9.100000e+00
      vertex   8.259357e+01 -7.328514e+01 -9.500000e+00
      vertex   8.262083e+01 -7.349220e+01 -9.500000e+00
    endloop
  endfacet
  facet normal -1.000000e+00 0.000000e+00 0.000000e+00
    outer loop
      vertex   8.262083e+01 -7.349220e+01 -9.500000e+00
      vertex   8.262083e+01 -1.092109e+02 -9.500000e+00
      vertex   8.262083e+01 -7.349220e+01 -9.100000e+00
    endloop
  endfacet
  facet normal -1.000000e+00 -0.000000e+00 0.000000e+00
    outer loop
      vertex   8.262083e+01 -7.349220e+01 -9.100000e+00
      vertex   8.262083e+01 -1.092109e+02 -9.500000e+00
      vertex   8.262083e+01 -1.092109e+02 -9.100000e+00
    endloop
  endfacet
  facet normal -9.914449e-01 1.305262e-01 0.000000e+00
    outer loop
      vertex   8.262083e+01 -1.092109e+02 -9.100000e+00
      vertex   8.262083e+01 -1.092109e+02 -9.500000e+00
      vertex   8.259357e+01 -1.094180e+02 -9.100000e+00
    endloop
  endfacet
  facet normal -9.914449e-01 1.305262e-01 0.000000e+00
    outer loop
      vertex   8.259357e+01 -1.094180e+02 -9.100000e+00
      vertex   8.262083e+01 -1.092109e+02 -9.500000e+00
      vertex   8.259357e+01 -1.094180e+02 -9.500000e+00
    endloop
  endfacet
  facet normal -9.238795e-01 3.826834e-01 0.000000e+00
    outer loop
      vertex   8.259357e+01 -1.094180e+02 -9.100000e+00
      vertex   8.259357e+01 -1.094180e+02 -9.500000e+00
      vertex   8.251365e+01 -1.096109e+02 -9.100000e+00
    endloop
  endfacet
  facet normal -9.238795e-01 3.826834e-01 0.000000e+00
    outer loop
      vertex   8.251365e+01 -1.096109e+02 -9.100000e+00
      vertex   8.259357e+01 -1.094180e+02 -9.500000e+00
      vertex   8.251365e+01 -1.096109e+02 -9.500000e+00
    endloop
  endfacet
  facet normal -7.933533e-01 6.087614e-01 0.000000e+00
    outer loop
      vertex   8.251365e+01 -1.096109e+02 -9.100000e+00
      vertex   8.251365e+01 -1.096109e+02 -9.500000e+00
      vertex   8.238651e+01 -1.097766e+02 -9.100000e+00
    endloop
  endfacet
  facet normal -7.933533e-01 6.087614e-01 0.000000e+00
    outer loop
      vertex   8.238651e+01 -1.097766e+02 -9.100000e+00
      vertex   8.251365e+01 -1.096109e+02 -9.500000e+00
      vertex   8.238651e+01 -1.097766e+02 -9.500000e+00
    endloop
  endfacet
  facet normal -6.087614e-01 7.933533e-01 0.000000e+00
    outer loop
      vertex   8.238651e+01 -1.097766e+02 -9.100000e+00
      vertex   8.238651e+01 -1.097766e+02 -9.500000e+00
      vertex   8.222083e+01 -1.099038e+02 -9.100000e+00
    endloop
  endfacet
  facet normal -6.087614e-01 7.933533e-01 0.000000e+00
    outer loop
      vertex   8.222083e+01 -1.099038e+02 -9.100000e+00
      vertex   8.238651e+01 -1.097766e+02 -9.500000e+00
      vertex   8.222083e+01 -1.099038e+02 -9.500000e+00
    endloop
  endfacet
  facet normal -3.826834e-01 9.238795e-01 0.000000e+00
    outer loop
      vertex   8.222083e+01 -1.099038e+02 -9.100000e+00
      vertex   8.222083e+01 -1.099038e+02 -9.500000e+00
      vertex   8.202788e+01 -1.099837e+02 -9.100000e+00
    endloop
  endfacet
  facet normal -3.826834e-01 9.238795e-01 0.000000e+00
    outer loop
      vertex   8.202788e+01 -1.099837e+02 -9.100000e+00
      vertex   8.222083e+01 -1.099038e+02 -9.500000e+00
      vertex   8.202788e+01 -1.099837e+02 -9.500000e+00
    endloop
  endfacet
  facet normal -1.305262e-01 9.914449e-01 0.000000e+00
    outer loop
      vertex   8.202788e+01 -1.099837e+02 -9.100000e+00
      vertex   8.202788e+01 -1.099837e+02 -9.500000e+00
      vertex   8.182083e+01 -1.100109e+02 -9.100000e+00
    endloop
  endfacet
  facet normal -1.305262e-01 9.914449e-01 0.000000e+00
    outer loop
      vertex   8.182083e+01 -1.100109e+02 -9.100000e+00
      vertex   8.202788e+01 -1.099837e+02 -9.500000e+00
      vertex   8.182083e+01 -1.100109e+02 -9.500000e+00
    endloop
  endfacet
  facet normal 1.305262e-01 9.914449e-01 0.000000e+00
    outer loop
      vertex   8.182083e+01 -1.100109e+02 -9.100000e+00
      vertex   8.182083e+01 -1.100109e+02 -9.500000e+00
      vertex   8.161377e+01 -1.099837e+02 -9.100000e+00
    endloop
  endfacet
  facet normal 1.305262e-01 9.914449e-01 0.000000e+00
    outer loop
      vertex   8.161377e+01 -1.099837e+02 -9.100000e+00
      vertex   8.182083e+01 -1.100109e+02 -9.500000e+00
      vertex   8.161377e+01 -1.099837e+02 -9.500000e+00
    endloop
  endfacet
  facet normal 3.826834e-01 9.238795e-01 0.000000e+00
    outer loop
      vertex   8.161377e+01 -1.099837e+02 -9.100000e+00
      vertex   8.161377e+01 -1.099837e+02 -9.500000e+00
      vertex   8.142083e+01 -1.099038e+02 -9.100000e+00
    endloop
  endfacet
  facet normal 3.826834e-01 9.238795e-01 0.000000e+00
    outer loop
      vertex   8.142083e+01 -1.099038e+02 -9.100000e+00
      vertex   8.161377e+01 -1.099837e+02 -9.500000e+00
      vertex   8.142083e+01 -1.099038e+02 -9.500000e+00
    endloop
  endfacet
  facet normal 6.087614e-01 7.933533e-01 0.000000e+00
    outer loop
      vertex   8.142083e+01 -1.099038e+02 -9.100000e+00
      vertex   8.142083e+01 -1.099038e+02 -9.500000e+00
      vertex   8.125514e+01 -1.097766e+02 -9.100000e+00
    endloop
  endfacet
  facet normal 6.087614e-01 7.933533e-01 0.000000e+00
    outer loop
      vertex   8.125514e+01 -1.097766e+02 -9.100000e+00
      vertex   8.142083e+01 -1.099038e+02 -9.500000e+00
      vertex   8.125514e+01 -1.097766e+02 -9.500000e+00
    endloop
  endfacet
  facet normal 7.933533e-01 6.087614e-01 0.000000e+00
    outer loop
      vertex   8.125514e+01 -1.097766e+02 -9.100000e+00
      vertex   8.125514e+01 -1.097766e+02 -9.500000e+00
      vertex   8.112801e+01 -1.096109e+02 -9.100000e+00
    endloop
  endfacet
  facet normal 7.933533e-01 6.087614e-01 0.000000e+00
    outer loop
      vertex   8.112801e+01 -1.096109e+02 -9.100000e+00
      vertex   8.125514e+01 -1.097766e+02 -9.500000e+00
      vertex   8.112801e+01 -1.096109e+02 -9.500000e+00
    endloop
  endfacet
  facet normal 9.238795e-01 3.826834e-01 0.000000e+00
    outer loop
      vertex   8.112801e+01 -1.096109e+02 -9.100000e+00
      vertex   8.112801e+01 -1.096109e+02 -9.500000e+00
      vertex   8.104809e+01 -1.094180e+02 -9.100000e+00
    endloop
  endfacet
  facet normal 9.238795e-01 3.826834e-01 0.000000e+00
    outer loop
      vertex   8.104809e+01 -1.094180e+02 -9.100000e+00
      vertex   8.112801e+01 -1.096109e+02 -9.500000e+00
      vertex   8.104809e+01 -1.094180e+02 -9.500000e+00
    endloop
  endfacet
  facet normal 9.914449e-01 1.305262e-01 0.000000e+00
    outer loop
      vertex   8.104809e+01 -1.094180e+02 -9.100000e+00
      vertex   8.104809e+01 -1.094180e+02 -9.500000e+00
      vertex   8.102083e+01 -1.092109e+02 -9.100000e+00
    endloop
  endfacet
  facet normal 9.914449e-01 1.305262e-01 0.000000e+00
    outer loop
      vertex   8.102083e+01 -1.092109e+02 -9.100000e+00
      vertex   8.104809e+01 -1.094180e+02 -9.500000e+00
      vertex   8.102083e+01 -1.092109e+02 -9.500000e+00
    endloop
  endfacet
  facet normal 1.000000e+00 0.000000e+00 0.000000e+00
    outer loop
      vertex   8.102083e+01 -1.092109e+02 -9.500000e+00
      vertex   8.102083e+01 -8.893077e+01 -9.500000e+00
      vertex   8.102083e+01 -1.092109e+02 -9.100000e+00
    endloop
  endfacet
  facet normal 1.000000e+00 -0.000000e+00 0.000000e+00
    outer loop
      vertex   8.102083e+01 -1.092109e+02 -9.100000e+00
      vertex   8.102083e+01 -8.893077e+01 -9.500000e+00
      vertex   8.102083e+01 -8.893077e+01 -9.100000e+00
    endloop
  endfacet
  facet normal 9.487069e-01 3.161568e-01 -0.000000e+00
    outer loop
      vertex   8.102083e+01 -8.893077e+01 -9.500000e+00
      vertex   8.052867e+01 -8.745394e+01 -9.500000e+00
      vertex   8.102083e+01 -8.893077e+01 -9.100000e+00
    endloop
  endfacet
  facet normal 9.487069e-01 3.161568e-01 0.000000e+00
    outer loop
      vertex   8.102083e+01 -8.893077e+01 -9.100000e+00
      vertex   8.052867e+01 -8.745394e+01 -9.500000e+00
      vertex   8.052867e+01 -8.745394e+01 -9.100000e+00
    endloop
  endfacet
  facet normal 8.320594e-01 5.546865e-01 -0.000000e+00
    outer loop
      vertex   8.052867e+01 -8.745394e+01 -9.500000e+00
      vertex   7.969171e+01 -8.619845e+01 -9.500000e+00
      vertex   8.052867e+01 -8.745394e+01 -9.100000e+00
    endloop
  endfacet
  facet normal 8.320594e-01 5.546865e-01 0.000000e+00
    outer loop
      vertex   8.052867e+01 -8.745394e+01 -9.100000e+00
      vertex   7.969171e+01 -8.619845e+01 -9.500000e+00
      vertex   7.969171e+01 -8.619845e+01 -9.100000e+00
    endloop
  endfacet
  facet normal 0.000000e+00 1.000000e+00 -0.000000e+00
    outer loop
      vertex   7.969171e+01 -8.619845e+01 -9.500000e+00
      vertex   7.884712e+01 -8.619845e+01 -9.500000e+00
      vertex   7.969171e+01 -8.619845e+01 -9.100000e+00
    endloop
  endfacet
  facet normal 0.000000e+00 1.000000e+00 0.000000e+00
    outer loop
      vertex   7.969171e+01 -8.619845e+01 -9.100000e+00
      vertex   7.884712e+01 -8.619845e+01 -9.500000e+00
      vertex   7.884712e+01 -8.619845e+01 -9.100000e+00
    endloop
  endfacet
  facet normal -8.319956e-01 5.547822e-01 0.000000e+00
    outer loop
      vertex   7.884712e+01 -8.619845e+01 -9.500000e+00
      vertex   7.804578e+01 -8.740019e+01 -9.500000e+00
      vertex   7.884712e+01 -8.619845e+01 -9.100000e+00
    endloop
  endfacet
  facet normal -8.319956e-01 5.547822e-01 0.000000e+00
    outer loop
      vertex   7.884712e+01 -8.619845e+01 -9.100000e+00
      vertex   7.804578e+01 -8.740019e+01 -9.500000e+00
      vertex   7.804578e+01 -8.740019e+01 -9.100000e+00
    endloop
  endfacet
  facet normal -9.864063e-01 1.643250e-01 0.000000e+00
    outer loop
      vertex   7.804578e+01 -8.740019e+01 -9.500000e+00
      vertex   7.751818e+01 -9.056727e+01 -9.500000e+00
      vertex   7.804578e+01 -8.740019e+01 -9.100000e+00
    endloop
  endfacet
  facet normal -9.864063e-01 1.643250e-01 0.000000e+00
    outer loop
      vertex   7.804578e+01 -8.740019e+01 -9.100000e+00
      vertex   7.751818e+01 -9.056727e+01 -9.500000e+00
      vertex   7.751818e+01 -9.056727e+01 -9.100000e+00
    endloop
  endfacet
  facet normal -1.000000e+00 0.000000e+00 0.000000e+00
    outer loop
      vertex   7.751818e+01 -9.056727e+01 -9.500000e+00
      vertex   7.751818e+01 -1.092109e+02 -9.500000e+00
      vertex   7.751818e+01 -9.056727e+01 -9.100000e+00
    endloop
  endfacet
  facet normal -1.000000e+00 -0.000000e+00 0.000000e+00
    outer loop
      vertex   7.751818e+01 -9.056727e+01 -9.100000e+00
      vertex   7.751818e+01 -1.092109e+02 -9.500000e+00
      vertex   7.751818e+01 -1.092109e+02 -9.100000e+00
    endloop
  endfacet
  facet normal -9.914449e-01 1.305262e-01 0.000000e+00
    outer loop
      vertex   7.751818e+01 -1.092109e+02 -9.100000e+00
      vertex   7.751818e+01 -1.092109e+02 -9.500000e+00
      vertex   7.749092e+01 -1.094180e+02 -9.100000e+00
    endloop
  endfacet
  facet normal -9.914449e-01 1.305262e-01 0.000000e+00
    outer loop
      vertex   7.749092e+01 -1.094180e+02 -9.100000e+00
      vertex   7.751818e+01 -1.092109e+02 -9.500000e+00
      vertex   7.749092e+01 -1.094180e+02 -9.500000e+00
    endloop
  endfacet
  facet normal -9.238795e-01 3.826834e-01 0.000000e+00
    outer loop
      vertex   7.749092e+01 -1.094180e+02 -9.100000e+00
      vertex   7.749092e+01 -1.094180e+02 -9.500000e+00
      vertex   7.741100e+01 -1.096109e+02 -9.100000e+00
    endloop
  endfacet
  facet normal -9.238795e-01 3.826834e-01 0.000000e+00
    outer loop
      vertex   7.741100e+01 -1.096109e+02 -9.100000e+00
      vertex   7.749092e+01 -1.094180e+02 -9.500000e+00
      vertex   7.741100e+01 -1.096109e+02 -9.500000e+00
    endloop
  endfacet
  facet normal -7.933533e-01 6.087614e-01 0.000000e+00
    outer loop
      vertex   7.741100e+01 -1.096109e+02 -9.100000e+00
      vertex   7.741100e+01 -1.096109e+02 -9.500000e+00
      vertex   7.728387e+01 -1.097766e+02 -9.100000e+00
    endloop
  endfacet
  facet normal -7.933533e-01 6.087614e-01 0.000000e+00
    outer loop
      vertex   7.728387e+01 -1.097766e+02 -9.100000e+00
      vertex   7.741100e+01 -1.096109e+02 -9.500000e+00
      vertex   7.728387e+01 -1.097766e+02 -9.500000e+00
    endloop
  endfacet
  facet normal -6.087614e-01 7.933533e-01 0.000000e+00
    outer loop
      vertex   7.728387e+01 -1.097766e+02 -9.100000e+00
      vertex   7.728387e+01 -1.097766e+02 -9.500000e+00
      vertex   7.711818e+01 -1.099038e+02 -9.100000e+00
    endloop
  endfacet
  facet normal -6.087614e-01 7.933533e-01 0.000000e+00
    outer loop
      vertex   7.711818e+01 -1.099038e+02 -9.100000e+00
      vertex   7.728387e+01 -1.097766e+02 -9.500000e+00
      vertex   7.711818e+01 -1.099038e+02 -9.500000e+00
    endloop
  endfacet
  facet normal -3.826834e-01 9.238795e-01 0.000000e+00
    outer loop
      vertex   7.711818e+01 -1.099038e+02 -9.100000e+00
      vertex   7.711818e+01 -1.099038e+02 -9.500000e+00
      vertex   7.692524e+01 -1.099837e+02 -9.100000e+00
    endloop
  endfacet
  facet normal -3.826834e-01 9.238795e-01 0.000000e+00
    outer loop
      vertex   7.692524e+01 -1.099837e+02 -9.100000e+00
      vertex   7.711818e+01 -1.099038e+02 -9.500000e+00
      vertex   7.692524e+01 -1.099837e+02 -9.500000e+00
    endloop
  endfacet
  facet normal -1.305262e-01 9.914449e-01 0.000000e+00
    outer loop
      vertex   7.692524e+01 -1.099837e+02 -9.100000e+00
      vertex   7.692524e+01 -1.099837e+02 -9.500000e+00
      vertex   7.671818e+01 -1.100109e+02 -9.100000e+00
    endloop
  endfacet
  facet normal -1.305262e-01 9.914449e-01 0.000000e+00
    outer loop
      vertex   7.671818e+01 -1.100109e+02 -9.100000e+00
      vertex   7.692524e+01 -1.099837e+02 -9.500000e+00
      vertex   7.671818e+01 -1.100109e+02 -9.500000e+00
    endloop
  endfacet
  facet normal 1.305262e-01 9.914449e-01 0.000000e+00
    outer loop
      vertex   7.671818e+01 -1.100109e+02 -9.100000e+00
      vertex   7.671818e+01 -1.100109e+02 -9.500000e+00
      vertex   7.651113e+01 -1.099837e+02 -9.100000e+00
    endloop
  endfacet
  facet normal 1.305262e-01 9.914449e-01 0.000000e+00
    outer loop
      vertex   7.651113e+01 -1.099837e+02 -9.100000e+00
      vertex   7.671818e+01 -1.100109e+02 -9.500000e+00
      vertex   7.651113e+01 -1.099837e+02 -9.500000e+00
    endloop
  endfacet
  facet normal 3.826834e-01 9.238795e-01 0.000000e+00
    outer loop
      vertex   7.651113e+01 -1.099837e+02 -9.100000e+00
      vertex   7.651113e+01 -1.099837e+02 -9.500000e+00
      vertex   7.631818e+01 -1.099038e+02 -9.100000e+00
    endloop
  endfacet
  facet normal 3.826834e-01 9.238795e-01 0.000000e+00
    outer loop
      vertex   7.631818e+01 -1.099038e+02 -9.100000e+00
      vertex   7.651113e+01 -1.099837e+02 -9.500000e+00
      vertex   7.631818e+01 -1.099038e+02 -9.500000e+00
    endloop
  endfacet
  facet normal 6.087614e-01 7.933533e-01 0.000000e+00
    outer loop
      vertex   7.631818e+01 -1.099038e+02 -9.100000e+00
      vertex   7.631818e+01 -1.099038e+02 -9.500000e+00
      vertex   7.615250e+01 -1.097766e+02 -9.100000e+00
    endloop
  endfacet
  facet normal 6.087614e-01 7.933533e-01 0.000000e+00
    outer loop
      vertex   7.615250e+01 -1.097766e+02 -9.100000e+00
      vertex   7.631818e+01 -1.099038e+02 -9.500000e+00
      vertex   7.615250e+01 -1.097766e+02 -9.500000e+00
    endloop
  endfacet
  facet normal 7.933533e-01 6.087614e-01 0.000000e+00
    outer loop
      vertex   7.615250e+01 -1.097766e+02 -9.100000e+00
      vertex   7.615250e+01 -1.097766e+02 -9.500000e+00
      vertex   7.602536e+01 -1.096109e+02 -9.100000e+00
    endloop
  endfacet
  facet normal 7.933533e-01 6.087614e-01 0.000000e+00
    outer loop
      vertex   7.602536e+01 -1.096109e+02 -9.100000e+00
      vertex   7.615250e+01 -1.097766e+02 -9.500000e+00
      vertex   7.602536e+01 -1.096109e+02 -9.500000e+00
    endloop
  endfacet
  facet normal 9.238795e-01 3.826834e-01 0.000000e+00
    outer loop
      vertex   7.602536e+01 -1.096109e+02 -9.100000e+00
      vertex   7.602536e+01 -1.096109e+02 -9.500000e+00
      vertex   7.594544e+01 -1.094180e+02 -9.100000e+00
    endloop
  endfacet
  facet normal 9.238795e-01 3.826834e-01 0.000000e+00
    outer loop
      vertex   7.594544e+01 -1.094180e+02 -9.100000e+00
      vertex   7.602536e+01 -1.096109e+02 -9.500000e+00
      vertex   7.594544e+01 -1.094180e+02 -9.500000e+00
    endloop
  endfacet
  facet normal 9.914449e-01 1.305262e-01 0.000000e+00
    outer loop
      vertex   7.594544e+01 -1.094180e+02 -9.100000e+00
      vertex   7.594544e+01 -1.094180e+02 -9.500000e+00
      vertex   7.591818e+01 -1.092109e+02 -9.100000e+00
    endloop
  endfacet
  facet normal 9.914449e-01 1.305262e-01 0.000000e+00
    outer loop
      vertex   7.591818e+01 -1.092109e+02 -9.100000e+00
      vertex   7.594544e+01 -1.094180e+02 -9.500000e+00
      vertex   7.591818e+01 -1.092109e+02 -9.500000e+00
    endloop
  endfacet
  facet normal 1.000000e+00 0.000000e+00 0.000000e+00
    outer loop
      vertex   7.591818e+01 -1.092109e+02 -9.500000e+00
      vertex   7.591818e+01 -9.050109e+01 -9.500000e+00
      vertex   7.591818e+01 -1.092109e+02 -9.100000e+00
    endloop
  endfacet
  facet normal 1.000000e+00 -0.000000e+00 0.000000e+00
    outer loop
      vertex   7.591818e+01 -1.092109e+02 -9.100000e+00
      vertex   7.591818e+01 -9.050109e+01 -9.500000e+00
      vertex   7.591818e+01 -9.050109e+01 -9.100000e+00
    endloop
  endfacet
  facet normal 9.996216e-01 -2.750880e-02 0.000000e+00
    outer loop
      vertex   7.591818e+01 -9.050109e+01 -9.100000e+00
      vertex   7.591818e+01 -9.050109e+01 -9.500000e+00
      vertex   7.591939e+01 -9.045709e+01 -9.100000e+00
    endloop
  endfacet
  facet normal 9.996216e-01 -2.750880e-02 0.000000e+00
    outer loop
      vertex   7.591939e+01 -9.045709e+01 -9.100000e+00
      vertex   7.591818e+01 -9.050109e+01 -9.500000e+00
      vertex   7.591939e+01 -9.045709e+01 -9.500000e+00
    endloop
  endfacet
  facet normal 9.965958e-01 -8.244313e-02 0.000000e+00
    outer loop
      vertex   7.591939e+01 -9.045709e+01 -9.100000e+00
      vertex   7.591939e+01 -9.045709e+01 -9.500000e+00
      vertex   7.592302e+01 -9.041323e+01 -9.100000e+00
    endloop
  endfacet
  facet normal 9.965958e-01 -8.244313e-02 0.000000e+00
    outer loop
      vertex   7.592302e+01 -9.041323e+01 -9.100000e+00
      vertex   7.591939e+01 -9.045709e+01 -9.500000e+00
      vertex   7.592302e+01 -9.041323e+01 -9.500000e+00
    endloop
  endfacet
  facet normal 9.905533e-01 -1.371279e-01 0.000000e+00
    outer loop
      vertex   7.592302e+01 -9.041323e+01 -9.100000e+00
      vertex   7.592302e+01 -9.041323e+01 -9.500000e+00
      vertex   7.592906e+01 -9.036963e+01 -9.100000e+00
    endloop
  endfacet
  facet normal 9.905533e-01 -1.371279e-01 0.000000e+00
    outer loop
      vertex   7.592906e+01 -9.036963e+01 -9.100000e+00
      vertex   7.592302e+01 -9.041323e+01 -9.500000e+00
      vertex   7.592906e+01 -9.036963e+01 -9.500000e+00
    endloop
  endfacet
  facet normal 0.000000e+00 -0.000000e+00 -1.000000e+00
    outer loop
      vertex   7.591939e+01 -9.045709e+01 -9.100000e+00
      vertex   7.592302e+01 -9.041323e+01 -9.100000e+00
      vertex   7.591818e+01 -9.050109e+01 -9.100000e+00
    endloop
  endfacet
  facet normal 0.000000e+00 0.000000e+00 -1.000000e+00
    outer loop
      vertex   7.591818e+01 -9.050109e+01 -9.100000e+00
      vertex   7.592302e+01 -9.041323e+01 -9.100000e+00
      vertex   7.592906e+01 -9.036963e+01 -9.100000e+00
    endloop
  endfacet
  facet normal 0.000000e+00 0.000000e+00 -1.000000e+00
    outer loop
      vertex   7.591818e+01 -9.050109e+01 -9.100000e+00
      vertex   7.592906e+01 -9.036963e+01 -9.100000e+00
      vertex   7.751818e+01 -9.056727e+01 -9.100000e+00
    endloop
  endfacet
  facet normal 0.000000e+00 0.000000e+00 -1.000000e+00
    outer loop
      vertex   7.751818e+01 -9.056727e+01 -9.100000e+00
      vertex   7.592906e+01 -9.036963e+01 -9.100000e+00
      vertex   7.649576e+01 -8.696783e+01 -9.100000e+00
    endloop
  endfacet
  facet normal 0.000000e+00 0.000000e+00 -1.000000e+00
    outer loop
      vertex   7.751818e+01 -9.056727e+01 -9.100000e+00
      vertex   7.649576e+01 -8.696783e+01 -9.100000e+00
      vertex   7.661929e+01 -8.665546e+01 -9.100000e+00
    endloop
  endfacet
  facet normal 0.000000e+00 0.000000e+00 -1.000000e+00
    outer loop
      vertex   7.661929e+01 -8.665546e+01 -9.100000e+00
      vertex   7.649576e+01 -8.696783e+01 -9.100000e+00
      vertex   7.656352e+01 -8.675341e+01 -9.100000e+00
    endloop
  endfacet
  facet normal 0.000000e+00 0.000000e+00 -1.000000e+00
    outer loop
      vertex   7.656352e+01 -8.675341e+01 -9.100000e+00
      vertex   7.649576e+01 -8.696783e+01 -9.100000e+00
      vertex   7.652207e+01 -8.685823e+01 -9.100000e+00
    endloop
  endfacet
  facet normal 0.000000e+00 0.000000e+00 -1.000000e+00
    outer loop
      vertex   7.661929e+01 -8.665546e+01 -9.100000e+00
      vertex   7.775343e+01 -8.495462e+01 -9.100000e+00
      vertex   7.751818e+01 -9.056727e+01 -9.100000e+00
    endloop
  endfacet
  facet normal 0.000000e+00 0.000000e+00 -1.000000e+00
    outer loop
      vertex   7.751818e+01 -9.056727e+01 -9.100000e+00
      vertex   7.775343e+01 -8.495462e+01 -9.100000e+00
      vertex   7.804578e+01 -8.740019e+01 -9.100000e+00
    endloop
  endfacet
  facet normal 0.000000e+00 0.000000e+00 -1.000000e+00
    outer loop
      vertex   7.804578e+01 -8.740019e+01 -9.100000e+00
      vertex   7.775343e+01 -8.495462e+01 -9.100000e+00
      vertex   7.788136e+01 -8.480607e+01 -9.100000e+00
    endloop
  endfacet
  facet normal 0.000000e+00 0.000000e+00 -1.000000e+00
    outer loop
      vertex   7.804578e+01 -8.740019e+01 -9.100000e+00
      vertex   7.788136e+01 -8.480607e+01 -9.100000e+00
      vertex   7.804157e+01 -8.469309e+01 -9.100000e+00
    endloop
  endfacet
  facet normal 0.000000e+00 0.000000e+00 -1.000000e+00
    outer loop
      vertex   7.804157e+01 -8.469309e+01 -9.100000e+00
      vertex   7.822446e+01 -8.462247e+01 -9.100000e+00
      vertex   7.804578e+01 -8.740019e+01 -9.100000e+00
    endloop
  endfacet
  facet normal 0.000000e+00 0.000000e+00 -1.000000e+00
    outer loop
      vertex   7.804578e+01 -8.740019e+01 -9.100000e+00
      vertex   7.822446e+01 -8.462247e+01 -9.100000e+00
      vertex   7.841902e+01 -8.459845e+01 -9.100000e+00
    endloop
  endfacet
  facet normal 0.000000e+00 0.000000e+00 -1.000000e+00
    outer loop
      vertex   7.804578e+01 -8.740019e+01 -9.100000e+00
      vertex   7.841902e+01 -8.459845e+01 -9.100000e+00
      vertex   7.884712e+01 -8.619845e+01 -9.100000e+00
    endloop
  endfacet
  facet normal 0.000000e+00 0.000000e+00 -1.000000e+00
    outer loop
      vertex   7.884712e+01 -8.619845e+01 -9.100000e+00
      vertex   7.841902e+01 -8.459845e+01 -9.100000e+00
      vertex   7.969171e+01 -8.619845e+01 -9.100000e+00
    endloop
  endfacet
  facet normal 0.000000e+00 0.000000e+00 -1.000000e+00
    outer loop
      vertex   7.969171e+01 -8.619845e+01 -9.100000e+00
      vertex   7.841902e+01 -8.459845e+01 -9.100000e+00
      vertex   8.011986e+01 -8.459845e+01 -9.100000e+00
    endloop
  endfacet
  facet normal 0.000000e+00 0.000000e+00 -1.000000e+00
    outer loop
      vertex   7.969171e+01 -8.619845e+01 -9.100000e+00
      vertex   8.011986e+01 -8.459845e+01 -9.100000e+00
      vertex   8.052867e+01 -8.745394e+01 -9.100000e+00
    endloop
  endfacet
  facet normal 0.000000e+00 0.000000e+00 -1.000000e+00
    outer loop
      vertex   8.052867e+01 -8.745394e+01 -9.100000e+00
      vertex   8.011986e+01 -8.459845e+01 -9.100000e+00
      vertex   8.031445e+01 -8.462247e+01 -9.100000e+00
    endloop
  endfacet
  facet normal 0.000000e+00 0.000000e+00 -1.000000e+00
    outer loop
      vertex   8.052867e+01 -8.745394e+01 -9.100000e+00
      vertex   8.031445e+01 -8.462247e+01 -9.100000e+00
      vertex   8.049736e+01 -8.469311e+01 -9.100000e+00
    endloop
  endfacet
  facet normal 0.000000e+00 0.000000e+00 -1.000000e+00
    outer loop
      vertex   8.049736e+01 -8.469311e+01 -9.100000e+00
      vertex   8.065758e+01 -8.480611e+01 -9.100000e+00
      vertex   8.052867e+01 -8.745394e+01 -9.100000e+00
    endloop
  endfacet
  facet normal 0.000000e+00 0.000000e+00 -1.000000e+00
    outer loop
      vertex   8.052867e+01 -8.745394e+01 -9.100000e+00
      vertex   8.065758e+01 -8.480611e+01 -9.100000e+00
      vertex   8.078551e+01 -8.495470e+01 -9.100000e+00
    endloop
  endfacet
  facet normal 0.000000e+00 0.000000e+00 -1.000000e+00
    outer loop
      vertex   8.052867e+01 -8.745394e+01 -9.100000e+00
      vertex   8.078551e+01 -8.495470e+01 -9.100000e+00
      vertex   8.102083e+01 -8.530768e+01 -9.100000e+00
    endloop
  endfacet
  facet normal 0.000000e+00 0.000000e+00 -1.000000e+00
    outer loop
      vertex   8.102083e+01 -7.349220e+01 -9.100000e+00
      vertex   8.142083e+01 -7.279938e+01 -9.100000e+00
      vertex   8.102083e+01 -8.530768e+01 -9.100000e+00
    endloop
  endfacet
  facet normal 0.000000e+00 0.000000e+00 -1.000000e+00
    outer loop
      vertex   8.102083e+01 -8.530768e+01 -9.100000e+00
      vertex   8.142083e+01 -7.279938e+01 -9.100000e+00
      vertex   8.161377e+01 -7.271946e+01 -9.100000e+00
    endloop
  endfacet
  facet normal 0.000000e+00 0.000000e+00 -1.000000e+00
    outer loop
      vertex   8.102083e+01 -8.530768e+01 -9.100000e+00
      vertex   8.161377e+01 -7.271946e+01 -9.100000e+00
      vertex   8.182083e+01 -7.269220e+01 -9.100000e+00
    endloop
  endfacet
  facet normal 0.000000e+00 -0.000000e+00 -1.000000e+00
    outer loop
      vertex   8.104809e+01 -7.328514e+01 -9.100000e+00
      vertex   8.112801e+01 -7.309220e+01 -9.100000e+00
      vertex   8.102083e+01 -7.349220e+01 -9.100000e+00
    endloop
  endfacet
  facet normal 0.000000e+00 0.000000e+00 -1.000000e+00
    outer loop
      vertex   8.102083e+01 -7.349220e+01 -9.100000e+00
      vertex   8.112801e+01 -7.309220e+01 -9.100000e+00
      vertex   8.125514e+01 -7.292651e+01 -9.100000e+00
    endloop
  endfacet
  facet normal 0.000000e+00 0.000000e+00 -1.000000e+00
    outer loop
      vertex   8.102083e+01 -7.349220e+01 -9.100000e+00
      vertex   8.125514e+01 -7.292651e+01 -9.100000e+00
      vertex   8.142083e+01 -7.279938e+01 -9.100000e+00
    endloop
  endfacet
  facet normal 0.000000e+00 -0.000000e+00 -1.000000e+00
    outer loop
      vertex   8.182083e+01 -7.269220e+01 -9.100000e+00
      vertex   8.202788e+01 -7.271946e+01 -9.100000e+00
      vertex   8.102083e+01 -8.530768e+01 -9.100000e+00
    endloop
  endfacet
  facet normal 0.000000e+00 0.000000e+00 -1.000000e+00
    outer loop
      vertex   8.102083e+01 -8.530768e+01 -9.100000e+00
      vertex   8.202788e+01 -7.271946e+01 -9.100000e+00
      vertex   8.222083e+01 -7.279938e+01 -9.100000e+00
    endloop
  endfacet
  facet normal 0.000000e+00 0.000000e+00 -1.000000e+00
    outer loop
      vertex   8.102083e+01 -8.530768e+01 -9.100000e+00
      vertex   8.222083e+01 -7.279938e+01 -9.100000e+00
      vertex   8.262083e+01 -7.349220e+01 -9.100000e+00
    endloop
  endfacet
  facet normal 0.000000e+00 0.000000e+00 -1.000000e+00
    outer loop
      vertex   8.262083e+01 -7.349220e+01 -9.100000e+00
      vertex   8.222083e+01 -7.279938e+01 -9.100000e+00
      vertex   8.238651e+01 -7.292651e+01 -9.100000e+00
    endloop
  endfacet
  facet normal 0.000000e+00 0.000000e+00 -1.000000e+00
    outer loop
      vertex   8.262083e+01 -7.349220e+01 -9.100000e+00
      vertex   8.238651e+01 -7.292651e+01 -9.100000e+00
      vertex   8.251365e+01 -7.309220e+01 -9.100000e+00
    endloop
  endfacet
  facet normal 0.000000e+00 0.000000e+00 -1.000000e+00
    outer loop
      vertex   8.251365e+01 -7.309220e+01 -9.100000e+00
      vertex   8.259357e+01 -7.328514e+01 -9.100000e+00
      vertex   8.262083e+01 -7.349220e+01 -9.100000e+00
    endloop
  endfacet
  facet normal 0.000000e+00 0.000000e+00 -1.000000e+00
    outer loop
      vertex   8.102083e+01 -8.530768e+01 -9.100000e+00
      vertex   8.262083e+01 -7.349220e+01 -9.100000e+00
      vertex   8.102083e+01 -8.893077e+01 -9.100000e+00
    endloop
  endfacet
  facet normal 0.000000e+00 0.000000e+00 -1.000000e+00
    outer loop
      vertex   8.102083e+01 -8.893077e+01 -9.100000e+00
      vertex   8.262083e+01 -7.349220e+01 -9.100000e+00
      vertex   8.262083e+01 -1.092109e+02 -9.100000e+00
    endloop
  endfacet
  facet normal 0.000000e+00 0.000000e+00 -1.000000e+00
    outer loop
      vertex   8.102083e+01 -8.893077e+01 -9.100000e+00
      vertex   8.262083e+01 -1.092109e+02 -9.100000e+00
      vertex   8.202788e+01 -1.099837e+02 -9.100000e+00
    endloop
  endfacet
  facet normal 0.000000e+00 0.000000e+00 -1.000000e+00
    outer loop
      vertex   8.202788e+01 -1.099837e+02 -9.100000e+00
      vertex   8.262083e+01 -1.092109e+02 -9.100000e+00
      vertex   8.222083e+01 -1.099038e+02 -9.100000e+00
    endloop
  endfacet
  facet normal 0.000000e+00 0.000000e+00 -1.000000e+00
    outer loop
      vertex   8.222083e+01 -1.099038e+02 -9.100000e+00
      vertex   8.262083e+01 -1.092109e+02 -9.100000e+00
      vertex   8.238651e+01 -1.097766e+02 -9.100000e+00
    endloop
  endfacet
  facet normal 0.000000e+00 0.000000e+00 -1.000000e+00
    outer loop
      vertex   8.238651e+01 -1.097766e+02 -9.100000e+00
      vertex   8.262083e+01 -1.092109e+02 -9.100000e+00
      vertex   8.251365e+01 -1.096109e+02 -9.100000e+00
    endloop
  endfacet
  facet normal 0.000000e+00 0.000000e+00 -1.000000e+00
    outer loop
      vertex   8.251365e+01 -1.096109e+02 -9.100000e+00
      vertex   8.262083e+01 -1.092109e+02 -9.100000e+00
      vertex   8.259357e+01 -1.094180e+02 -9.100000e+00
    endloop
  endfacet
  facet normal -0.000000e+00 0.000000e+00 -1.000000e+00
    outer loop
      vertex   8.202788e+01 -1.099837e+02 -9.100000e+00
      vertex   8.182083e+01 -1.100109e+02 -9.100000e+00
      vertex   8.102083e+01 -8.893077e+01 -9.100000e+00
    endloop
  endfacet
  facet normal 0.000000e+00 0.000000e+00 -1.000000e+00
    outer loop
      vertex   8.102083e+01 -8.893077e+01 -9.100000e+00
      vertex   8.182083e+01 -1.100109e+02 -9.100000e+00
      vertex   8.161377e+01 -1.099837e+02 -9.100000e+00
    endloop
  endfacet
  facet normal 0.000000e+00 0.000000e+00 -1.000000e+00
    outer loop
      vertex   8.102083e+01 -8.893077e+01 -9.100000e+00
      vertex   8.161377e+01 -1.099837e+02 -9.100000e+00
      vertex   8.102083e+01 -1.092109e+02 -9.100000e+00
    endloop
  endfacet
  facet normal 0.000000e+00 0.000000e+00 -1.000000e+00
    outer loop
      vertex   8.102083e+01 -1.092109e+02 -9.100000e+00
      vertex   8.161377e+01 -1.099837e+02 -9.100000e+00
      vertex   8.142083e+01 -1.099038e+02 -9.100000e+00
    endloop
  endfacet
  facet normal 0.000000e+00 0.000000e+00 -1.000000e+00
    outer loop
      vertex   8.102083e+01 -1.092109e+02 -9.100000e+00
      vertex   8.142083e+01 -1.099038e+02 -9.100000e+00
      vertex   8.125514e+01 -1.097766e+02 -9.100000e+00
    endloop
  endfacet
  facet normal 0.000000e+00 0.000000e+00 -1.000000e+00
    outer loop
      vertex   8.125514e+01 -1.097766e+02 -9.100000e+00
      vertex   8.112801e+01 -1.096109e+02 -9.100000e+00
      vertex   8.102083e+01 -1.092109e+02 -9.100000e+00
    endloop
  endfacet
  facet normal 0.000000e+00 0.000000e+00 -1.000000e+00
    outer loop
      vertex   8.102083e+01 -1.092109e+02 -9.100000e+00
      vertex   8.112801e+01 -1.096109e+02 -9.100000e+00
      vertex   8.104809e+01 -1.094180e+02 -9.100000e+00
    endloop
  endfacet
  facet normal 0.000000e+00 0.000000e+00 -1.000000e+00
    outer loop
      vertex   8.102083e+01 -8.893077e+01 -9.100000e+00
      vertex   8.052867e+01 -8.745394e+01 -9.100000e+00
      vertex   8.102083e+01 -8.530768e+01 -9.100000e+00
    endloop
  endfacet
  facet normal -0.000000e+00 0.000000e+00 -1.000000e+00
    outer loop
      vertex   7.751818e+01 -1.092109e+02 -9.100000e+00
      vertex   7.692524e+01 -1.099837e+02 -9.100000e+00
      vertex   7.751818e+01 -9.056727e+01 -9.100000e+00
    endloop
  endfacet
  facet normal 0.000000e+00 0.000000e+00 -1.000000e+00
    outer loop
      vertex   7.751818e+01 -9.056727e+01 -9.100000e+00
      vertex   7.692524e+01 -1.099837e+02 -9.100000e+00
      vertex   7.671818e+01 -1.100109e+02 -9.100000e+00
    endloop
  endfacet
  facet normal -0.000000e+00 0.000000e+00 -1.000000e+00
    outer loop
      vertex   7.751818e+01 -9.056727e+01 -9.100000e+00
      vertex   7.671818e+01 -1.100109e+02 -9.100000e+00
      vertex   7.591818e+01 -9.050109e+01 -9.100000e+00
    endloop
  endfacet
  facet normal 0.000000e+00 0.000000e+00 -1.000000e+00
    outer loop
      vertex   7.591818e+01 -9.050109e+01 -9.100000e+00
      vertex   7.671818e+01 -1.100109e+02 -9.100000e+00
      vertex   7.651113e+01 -1.099837e+02 -9.100000e+00
    endloop
  endfacet
  facet normal 0.000000e+00 0.000000e+00 -1.000000e+00
    outer loop
      vertex   7.591818e+01 -9.050109e+01 -9.100000e+00
      vertex   7.651113e+01 -1.099837e+02 -9.100000e+00
      vertex   7.591818e+01 -1.092109e+02 -9.100000e+00
    endloop
  endfacet
  facet normal 0.000000e+00 0.000000e+00 -1.000000e+00
    outer loop
      vertex   7.591818e+01 -1.092109e+02 -9.100000e+00
      vertex   7.651113e+01 -1.099837e+02 -9.100000e+00
      vertex   7.631818e+01 -1.099038e+02 -9.100000e+00
    endloop
  endfacet
  facet normal 0.000000e+00 0.000000e+00 -1.000000e+00
    outer loop
      vertex   7.591818e+01 -1.092109e+02 -9.100000e+00
      vertex   7.631818e+01 -1.099038e+02 -9.100000e+00
      vertex   7.615250e+01 -1.097766e+02 -9.100000e+00
    endloop
  endfacet
  facet normal -0.000000e+00 0.000000e+00 -1.000000e+00
    outer loop
      vertex   7.749092e+01 -1.094180e+02 -9.100000e+00
      vertex   7.741100e+01 -1.096109e+02 -9.100000e+00
      vertex   7.751818e+01 -1.092109e+02 -9.100000e+00
    endloop
  endfacet
  facet normal 0.000000e+00 0.000000e+00 -1.000000e+00
    outer loop
      vertex   7.751818e+01 -1.092109e+02 -9.100000e+00
      vertex   7.741100e+01 -1.096109e+02 -9.100000e+00
      vertex   7.728387e+01 -1.097766e+02 -9.100000e+00
    endloop
  endfacet
  facet normal 0.000000e+00 0.000000e+00 -1.000000e+00
    outer loop
      vertex   7.751818e+01 -1.092109e+02 -9.100000e+00
      vertex   7.728387e+01 -1.097766e+02 -9.100000e+00
      vertex   7.711818e+01 -1.099038e+02 -9.100000e+00
    endloop
  endfacet
  facet normal -0.000000e+00 0.000000e+00 -1.000000e+00
    outer loop
      vertex   7.711818e+01 -1.099038e+02 -9.100000e+00
      vertex   7.692524e+01 -1.099837e+02 -9.100000e+00
      vertex   7.751818e+01 -1.092109e+02 -9.100000e+00
    endloop
  endfacet
  facet normal 0.000000e+00 0.000000e+00 -1.000000e+00
    outer loop
      vertex   7.615250e+01 -1.097766e+02 -9.100000e+00
      vertex   7.602536e+01 -1.096109e+02 -9.100000e+00
      vertex   7.591818e+01 -1.092109e+02 -9.100000e+00
    endloop
  endfacet
  facet normal 0.000000e+00 0.000000e+00 -1.000000e+00
    outer loop
      vertex   7.591818e+01 -1.092109e+02 -9.100000e+00
      vertex   7.602536e+01 -1.096109e+02 -9.100000e+00
      vertex   7.594544e+01 -1.094180e+02 -9.100000e+00
    endloop
  endfacet
  facet normal 8.320594e-01 -5.546865e-01 0.000000e+00
    outer loop
      vertex   8.739184e+01 -8.665560e+01 -9.500000e+00
      vertex   8.852573e+01 -8.495470e+01 -9.500000e+00
      vertex   8.739184e+01 -8.665560e+01 -9.100000e+00
    endloop
  endfacet
  facet normal 8.320594e-01 -5.546865e-01 0.000000e+00
    outer loop
      vertex   8.739184e+01 -8.665560e+01 -9.100000e+00
      vertex   8.852573e+01 -8.495470e+01 -9.500000e+00
      vertex   8.852573e+01 -8.495470e+01 -9.100000e+00
    endloop
  endfacet
  facet normal 7.578157e-01 -6.524686e-01 0.000000e+00
    outer loop
      vertex   8.852573e+01 -8.495470e+01 -9.100000e+00
      vertex   8.852573e+01 -8.495470e+01 -9.500000e+00
      vertex   8.865366e+01 -8.480611e+01 -9.100000e+00
    endloop
  endfacet
  facet normal 7.578157e-01 -6.524686e-01 0.000000e+00
    outer loop
      vertex   8.865366e+01 -8.480611e+01 -9.100000e+00
      vertex   8.852573e+01 -8.495470e+01 -9.500000e+00
      vertex   8.865366e+01 -8.480611e+01 -9.500000e+00
    endloop
  endfacet
  facet normal 5.763510e-01 -8.172023e-01 0.000000e+00
    outer loop
      vertex   8.865366e+01 -8.480611e+01 -9.100000e+00
      vertex   8.865366e+01 -8.480611e+01 -9.500000e+00
      vertex   8.881389e+01 -8.469311e+01 -9.100000e+00
    endloop
  endfacet
  facet normal 5.763510e-01 -8.172023e-01 0.000000e+00
    outer loop
      vertex   8.881389e+01 -8.469311e+01 -9.100000e+00
      vertex   8.865366e+01 -8.480611e+01 -9.500000e+00
      vertex   8.881389e+01 -8.469311e+01 -9.500000e+00
    endloop
  endfacet
  facet normal 3.602667e-01 -9.328493e-01 0.000000e+00
    outer loop
      vertex   8.881389e+01 -8.469311e+01 -9.100000e+00
      vertex   8.881389e+01 -8.469311e+01 -9.500000e+00
      vertex   8.899679e+01 -8.462247e+01 -9.100000e+00
    endloop
  endfacet
  facet normal 3.602667e-01 -9.328493e-01 0.000000e+00
    outer loop
      vertex   8.899679e+01 -8.462247e+01 -9.100000e+00
      vertex   8.881389e+01 -8.469311e+01 -9.500000e+00
      vertex   8.899679e+01 -8.462247e+01 -9.500000e+00
    endloop
  endfacet
  facet normal 1.225425e-01 -9.924633e-01 0.000000e+00
    outer loop
      vertex   8.899679e+01 -8.462247e+01 -9.100000e+00
      vertex   8.899679e+01 -8.462247e+01 -9.500000e+00
      vertex   8.919138e+01 -8.459845e+01 -9.100000e+00
    endloop
  endfacet
  facet normal 1.225425e-01 -9.924633e-01 0.000000e+00
    outer loop
      vertex   8.919138e+01 -8.459845e+01 -9.100000e+00
      vertex   8.899679e+01 -8.462247e+01 -9.500000e+00
      vertex   8.919138e+01 -8.459845e+01 -9.500000e+00
    endloop
  endfacet
  facet normal 0.000000e+00 -1.000000e+00 0.000000e+00
    outer loop
      vertex   8.919138e+01 -8.459845e+01 -9.500000e+00
      vertex   9.089222e+01 -8.459845e+01 -9.500000e+00
      vertex   8.919138e+01 -8.459845e+01 -9.100000e+00
    endloop
  endfacet
  facet normal 0.000000e+00 -1.000000e+00 0.000000e+00
    outer loop
      vertex   8.919138e+01 -8.459845e+01 -9.100000e+00
      vertex   9.089222e+01 -8.459845e+01 -9.500000e+00
      vertex   9.089222e+01 -8.459845e+01 -9.100000e+00
    endloop
  endfacet
  facet normal -1.225241e-01 -9.924655e-01 -0.000000e+00
    outer loop
      vertex   9.089222e+01 -8.459845e+01 -9.100000e+00
      vertex   9.089222e+01 -8.459845e+01 -9.500000e+00
      vertex   9.108678e+01 -8.462247e+01 -9.100000e+00
    endloop
  endfacet
  facet normal -1.225241e-01 -9.924655e-01 -0.000000e+00
    outer loop
      vertex   9.108678e+01 -8.462247e+01 -9.100000e+00
      vertex   9.089222e+01 -8.459845e+01 -9.500000e+00
      vertex   9.108678e+01 -8.462247e+01 -9.500000e+00
    endloop
  endfacet
  facet normal -3.602150e-01 -9.328693e-01 -0.000000e+00
    outer loop
      vertex   9.108678e+01 -8.462247e+01 -9.100000e+00
      vertex   9.108678e+01 -8.462247e+01 -9.500000e+00
      vertex   9.126966e+01 -8.469308e+01 -9.100000e+00
    endloop
  endfacet
  facet normal -3.602150e-01 -9.328693e-01 -0.000000e+00
    outer loop
      vertex   9.126966e+01 -8.469308e+01 -9.100000e+00
      vertex   9.108678e+01 -8.462247e+01 -9.500000e+00
      vertex   9.126966e+01 -8.469308e+01 -9.500000e+00
    endloop
  endfacet
  facet normal -5.762754e-01 -8.172555e-01 -0.000000e+00
    outer loop
      vertex   9.126966e+01 -8.469308e+01 -9.100000e+00
      vertex   9.126966e+01 -8.469308e+01 -9.500000e+00
      vertex   9.142987e+01 -8.480605e+01 -9.100000e+00
    endloop
  endfacet
  facet normal -5.762754e-01 -8.172555e-01 -0.000000e+00
    outer loop
      vertex   9.142987e+01 -8.480605e+01 -9.100000e+00
      vertex   9.126966e+01 -8.469308e+01 -9.500000e+00
      vertex   9.142987e+01 -8.480605e+01 -9.500000e+00
    endloop
  endfacet
  facet normal -7.577313e-01 -6.525667e-01 -0.000000e+00
    outer loop
      vertex   9.142987e+01 -8.480605e+01 -9.100000e+00
      vertex   9.142987e+01 -8.480605e+01 -9.500000e+00
      vertex   9.155780e+01 -8.495460e+01 -9.100000e+00
    endloop
  endfacet
  facet normal -7.577313e-01 -6.525667e-01 -0.000000e+00
    outer loop
      vertex   9.155780e+01 -8.495460e+01 -9.100000e+00
      vertex   9.142987e+01 -8.480605e+01 -9.500000e+00
      vertex   9.155780e+01 -8.495460e+01 -9.500000e+00
    endloop
  endfacet
  facet normal -8.319774e-01 -5.548096e-01 0.000000e+00
    outer loop
      vertex   9.155780e+01 -8.495460e+01 -9.500000e+00
      vertex   9.179763e+01 -8.531423e+01 -9.500000e+00
      vertex   9.155780e+01 -8.495460e+01 -9.100000e+00
    endloop
  endfacet
  facet normal -8.319774e-01 -5.548096e-01 0.000000e+00
    outer loop
      vertex   9.155780e+01 -8.495460e+01 -9.100000e+00
      vertex   9.179763e+01 -8.531423e+01 -9.500000e+00
      vertex   9.179763e+01 -8.531423e+01 -9.100000e+00
    endloop
  endfacet
  facet normal 9.732161e-01 -2.298921e-01 0.000000e+00
    outer loop
      vertex   9.179763e+01 -8.531423e+01 -9.100000e+00
      vertex   9.179763e+01 -8.531423e+01 -9.500000e+00
      vertex   9.184404e+01 -8.511777e+01 -9.100000e+00
    endloop
  endfacet
  facet normal 9.732161e-01 -2.298921e-01 0.000000e+00
    outer loop
      vertex   9.184404e+01 -8.511777e+01 -9.100000e+00
      vertex   9.179763e+01 -8.531423e+01 -9.500000e+00
      vertex   9.184404e+01 -8.511777e+01 -9.500000e+00
    endloop
  endfacet
  facet normal 8.846853e-01 -4.661887e-01 0.000000e+00
    outer loop
      vertex   9.184404e+01 -8.511777e+01 -9.100000e+00
      vertex   9.184404e+01 -8.511777e+01 -9.500000e+00
      vertex   9.193814e+01 -8.493918e+01 -9.100000e+00
    endloop
  endfacet
  facet normal 8.846853e-01 -4.661887e-01 0.000000e+00
    outer loop
      vertex   9.193814e+01 -8.493918e+01 -9.100000e+00
      vertex   9.184404e+01 -8.511777e+01 -9.500000e+00
      vertex   9.193814e+01 -8.493918e+01 -9.500000e+00
    endloop
  endfacet
  facet normal 7.398233e-01 -6.728013e-01 0.000000e+00
    outer loop
      vertex   9.193814e+01 -8.493918e+01 -9.100000e+00
      vertex   9.193814e+01 -8.493918e+01 -9.500000e+00
      vertex   9.207396e+01 -8.478983e+01 -9.100000e+00
    endloop
  endfacet
  facet normal 7.398233e-01 -6.728013e-01 0.000000e+00
    outer loop
      vertex   9.207396e+01 -8.478983e+01 -9.100000e+00
      vertex   9.193814e+01 -8.493918e+01 -9.500000e+00
      vertex   9.207396e+01 -8.478983e+01 -9.500000e+00
    endloop
  endfacet
  facet normal 5.478539e-01 -8.365741e-01 0.000000e+00
    outer loop
      vertex   9.207396e+01 -8.478983e+01 -9.100000e+00
      vertex   9.207396e+01 -8.478983e+01 -9.500000e+00
      vertex   9.224284e+01 -8.467924e+01 -9.100000e+00
    endloop
  endfacet
  facet normal 5.478539e-01 -8.365741e-01 0.000000e+00
    outer loop
      vertex   9.224284e+01 -8.467924e+01 -9.100000e+00
      vertex   9.207396e+01 -8.478983e+01 -9.500000e+00
      vertex   9.224284e+01 -8.467924e+01 -9.500000e+00
    endloop
  endfacet
  facet normal 3.210005e-01 -9.470790e-01 0.000000e+00
    outer loop
      vertex   9.224284e+01 -8.467924e+01 -9.100000e+00
      vertex   9.224284e+01 -8.467924e+01 -9.500000e+00
      vertex   9.243403e+01 -8.461444e+01 -9.100000e+00
    endloop
  endfacet
  facet normal 3.210005e-01 -9.470790e-01 0.000000e+00
    outer loop
      vertex   9.243403e+01 -8.461444e+01 -9.100000e+00
      vertex   9.224284e+01 -8.467924e+01 -9.500000e+00
      vertex   9.243403e+01 -8.461444e+01 -9.500000e+00
    endloop
  endfacet
  facet normal 7.370790e-02 -9.972799e-01 0.000000e+00
    outer loop
      vertex   9.243403e+01 -8.461444e+01 -9.100000e+00
      vertex   9.243403e+01 -8.461444e+01 -9.500000e+00
      vertex   9.263535e+01 -8.459956e+01 -9.100000e+00
    endloop
  endfacet
  facet normal 7.370790e-02 -9.972799e-01 0.000000e+00
    outer loop
      vertex   9.263535e+01 -8.459956e+01 -9.100000e+00
      vertex   9.243403e+01 -8.461444e+01 -9.500000e+00
      vertex   9.263535e+01 -8.459956e+01 -9.500000e+00
    endloop
  endfacet
  facet normal -1.782780e-01 -9.839802e-01 -0.000000e+00
    outer loop
      vertex   9.263535e+01 -8.459956e+01 -9.100000e+00
      vertex   9.263535e+01 -8.459956e+01 -9.500000e+00
      vertex   9.283398e+01 -8.463555e+01 -9.100000e+00
    endloop
  endfacet
  facet normal -1.782780e-01 -9.839802e-01 -0.000000e+00
    outer loop
      vertex   9.283398e+01 -8.463555e+01 -9.100000e+00
      vertex   9.263535e+01 -8.459956e+01 -9.500000e+00
      vertex   9.283398e+01 -8.463555e+01 -9.500000e+00
    endloop
  endfacet
  facet normal -4.189123e-01 -9.080267e-01 -0.000000e+00
    outer loop
      vertex   9.283398e+01 -8.463555e+01 -9.100000e+00
      vertex   9.283398e+01 -8.463555e+01 -9.500000e+00
      vertex   9.301729e+01 -8.472011e+01 -9.100000e+00
    endloop
  endfacet
  facet normal -4.189123e-01 -9.080267e-01 -0.000000e+00
    outer loop
      vertex   9.301729e+01 -8.472011e+01 -9.100000e+00
      vertex   9.283398e+01 -8.463555e+01 -9.500000e+00
      vertex   9.301729e+01 -8.472011e+01 -9.500000e+00
    endloop
  endfacet
  facet normal -6.328728e-01 -7.742558e-01 -0.000000e+00
    outer loop
      vertex   9.301729e+01 -8.472011e+01 -9.100000e+00
      vertex   9.301729e+01 -8.472011e+01 -9.500000e+00
      vertex   9.317358e+01 -8.484787e+01 -9.100000e+00
    endloop
  endfacet
  facet normal -6.328728e-01 -7.742558e-01 -0.000000e+00
    outer loop
      vertex   9.317358e+01 -8.484787e+01 -9.100000e+00
      vertex   9.301729e+01 -8.472011e+01 -9.500000e+00
      vertex   9.317358e+01 -8.484787e+01 -9.500000e+00
    endloop
  endfacet
  facet normal -8.065359e-01 -5.911850e-01 -0.000000e+00
    outer loop
      vertex   9.317358e+01 -8.484787e+01 -9.100000e+00
      vertex   9.317358e+01 -8.484787e+01 -9.500000e+00
      vertex   9.329293e+01 -8.501069e+01 -9.100000e+00
    endloop
  endfacet
  facet normal -8.065359e-01 -5.911850e-01 -0.000000e+00
    outer loop
      vertex   9.329293e+01 -8.501069e+01 -9.100000e+00
      vertex   9.317358e+01 -8.484787e+01 -9.500000e+00
      vertex   9.329293e+01 -8.501069e+01 -9.500000e+00
    endloop
  endfacet
  facet normal -9.288439e-01 -3.704713e-01 -0.000000e+00
    outer loop
      vertex   9.329293e+01 -8.501069e+01 -9.100000e+00
      vertex   9.329293e+01 -8.501069e+01 -9.500000e+00
      vertex   9.336771e+01 -8.519819e+01 -9.100000e+00
    endloop
  endfacet
  facet normal -9.288439e-01 -3.704713e-01 -0.000000e+00
    outer loop
      vertex   9.336771e+01 -8.519819e+01 -9.100000e+00
      vertex   9.329293e+01 -8.501069e+01 -9.500000e+00
      vertex   9.336771e+01 -8.519819e+01 -9.500000e+00
    endloop
  endfacet
  facet normal -9.920088e-01 -1.261683e-01 -0.000000e+00
    outer loop
      vertex   9.336771e+01 -8.519819e+01 -9.100000e+00
      vertex   9.336771e+01 -8.519819e+01 -9.500000e+00
      vertex   9.339318e+01 -8.539845e+01 -9.100000e+00
    endloop
  endfacet
  facet normal -9.920088e-01 -1.261683e-01 -0.000000e+00
    outer loop
      vertex   9.339318e+01 -8.539845e+01 -9.100000e+00
      vertex   9.336771e+01 -8.519819e+01 -9.500000e+00
      vertex   9.339318e+01 -8.539845e+01 -9.500000e+00
    endloop
  endfacet
  facet normal -1.000000e+00 0.000000e+00 0.000000e+00
    outer loop
      vertex   9.339318e+01 -8.539845e+01 -9.500000e+00
      vertex   9.339318e+01 -1.092109e+02 -9.500000e+00
      vertex   9.339318e+01 -8.539845e+01 -9.100000e+00
    endloop
  endfacet
  facet normal -1.000000e+00 -0.000000e+00 0.000000e+00
    outer loop
      vertex   9.339318e+01 -8.539845e+01 -9.100000e+00
      vertex   9.339318e+01 -1.092109e+02 -9.500000e+00
      vertex   9.339318e+01 -1.092109e+02 -9.100000e+00
    endloop
  endfacet
  facet normal -9.914449e-01 1.305262e-01 0.000000e+00
    outer loop
      vertex   9.339318e+01 -1.092109e+02 -9.100000e+00
      vertex   9.339318e+01 -1.092109e+02 -9.500000e+00
      vertex   9.336592e+01 -1.094180e+02 -9.100000e+00
    endloop
  endfacet
  facet normal -9.914449e-01 1.305262e-01 0.000000e+00
    outer loop
      vertex   9.336592e+01 -1.094180e+02 -9.100000e+00
      vertex   9.339318e+01 -1.092109e+02 -9.500000e+00
      vertex   9.336592e+01 -1.094180e+02 -9.500000e+00
    endloop
  endfacet
  facet normal -9.238795e-01 3.826834e-01 0.000000e+00
    outer loop
      vertex   9.336592e+01 -1.094180e+02 -9.100000e+00
      vertex   9.336592e+01 -1.094180e+02 -9.500000e+00
      vertex   9.328600e+01 -1.096109e+02 -9.100000e+00
    endloop
  endfacet
  facet normal -9.238795e-01 3.826834e-01 0.000000e+00
    outer loop
      vertex   9.328600e+01 -1.096109e+02 -9.100000e+00
      vertex   9.336592e+01 -1.094180e+02 -9.500000e+00
      vertex   9.328600e+01 -1.096109e+02 -9.500000e+00
    endloop
  endfacet
  facet normal -7.933533e-01 6.087614e-01 0.000000e+00
    outer loop
      vertex   9.328600e+01 -1.096109e+02 -9.100000e+00
      vertex   9.328600e+01 -1.096109e+02 -9.500000e+00
      vertex   9.315887e+01 -1.097766e+02 -9.100000e+00
    endloop
  endfacet
  facet normal -7.933533e-01 6.087614e-01 0.000000e+00
    outer loop
      vertex   9.315887e+01 -1.097766e+02 -9.100000e+00
      vertex   9.328600e+01 -1.096109e+02 -9.500000e+00
      vertex   9.315887e+01 -1.097766e+02 -9.500000e+00
    endloop
  endfacet
  facet normal -6.087614e-01 7.933533e-01 0.000000e+00
    outer loop
      vertex   9.315887e+01 -1.097766e+02 -9.100000e+00
      vertex   9.315887e+01 -1.097766e+02 -9.500000e+00
      vertex   9.299318e+01 -1.099038e+02 -9.100000e+00
    endloop
  endfacet
  facet normal -6.087614e-01 7.933533e-01 0.000000e+00
    outer loop
      vertex   9.299318e+01 -1.099038e+02 -9.100000e+00
      vertex   9.315887e+01 -1.097766e+02 -9.500000e+00
      vertex   9.299318e+01 -1.099038e+02 -9.500000e+00
    endloop
  endfacet
  facet normal -3.826834e-01 9.238795e-01 0.000000e+00
    outer loop
      vertex   9.299318e+01 -1.099038e+02 -9.100000e+00
      vertex   9.299318e+01 -1.099038e+02 -9.500000e+00
      vertex   9.280024e+01 -1.099837e+02 -9.100000e+00
    endloop
  endfacet
  facet normal -3.826834e-01 9.238795e-01 0.000000e+00
    outer loop
      vertex   9.280024e+01 -1.099837e+02 -9.100000e+00
      vertex   9.299318e+01 -1.099038e+02 -9.500000e+00
      vertex   9.280024e+01 -1.099837e+02 -9.500000e+00
    endloop
  endfacet
  facet normal -1.305262e-01 9.914449e-01 0.000000e+00
    outer loop
      vertex   9.280024e+01 -1.099837e+02 -9.100000e+00
      vertex   9.280024e+01 -1.099837e+02 -9.500000e+00
      vertex   9.259318e+01 -1.100109e+02 -9.100000e+00
    endloop
  endfacet
  facet normal -1.305262e-01 9.914449e-01 0.000000e+00
    outer loop
      vertex   9.259318e+01 -1.100109e+02 -9.100000e+00
      vertex   9.280024e+01 -1.099837e+02 -9.500000e+00
      vertex   9.259318e+01 -1.100109e+02 -9.500000e+00
    endloop
  endfacet
  facet normal 1.305262e-01 9.914449e-01 0.000000e+00
    outer loop
      vertex   9.259318e+01 -1.100109e+02 -9.100000e+00
      vertex   9.259318e+01 -1.100109e+02 -9.500000e+00
      vertex   9.238613e+01 -1.099837e+02 -9.100000e+00
    endloop
  endfacet
  facet normal 1.305262e-01 9.914449e-01 0.000000e+00
    outer loop
      vertex   9.238613e+01 -1.099837e+02 -9.100000e+00
      vertex   9.259318e+01 -1.100109e+02 -9.500000e+00
      vertex   9.238613e+01 -1.099837e+02 -9.500000e+00
    endloop
  endfacet
  facet normal 3.826834e-01 9.238795e-01 0.000000e+00
    outer loop
      vertex   9.238613e+01 -1.099837e+02 -9.100000e+00
      vertex   9.238613e+01 -1.099837e+02 -9.500000e+00
      vertex   9.219318e+01 -1.099038e+02 -9.100000e+00
    endloop
  endfacet
  facet normal 3.826834e-01 9.238795e-01 0.000000e+00
    outer loop
      vertex   9.219318e+01 -1.099038e+02 -9.100000e+00
      vertex   9.238613e+01 -1.099837e+02 -9.500000e+00
      vertex   9.219318e+01 -1.099038e+02 -9.500000e+00
    endloop
  endfacet
  facet normal 6.087614e-01 7.933533e-01 0.000000e+00
    outer loop
      vertex   9.219318e+01 -1.099038e+02 -9.100000e+00
      vertex   9.219318e+01 -1.099038e+02 -9.500000e+00
      vertex   9.202750e+01 -1.097766e+02 -9.100000e+00
    endloop
  endfacet
  facet normal 6.087614e-01 7.933533e-01 0.000000e+00
    outer loop
      vertex   9.202750e+01 -1.097766e+02 -9.100000e+00
      vertex   9.219318e+01 -1.099038e+02 -9.500000e+00
      vertex   9.202750e+01 -1.097766e+02 -9.500000e+00
    endloop
  endfacet
  facet normal 7.933533e-01 6.087614e-01 0.000000e+00
    outer loop
      vertex   9.202750e+01 -1.097766e+02 -9.100000e+00
      vertex   9.202750e+01 -1.097766e+02 -9.500000e+00
      vertex   9.190036e+01 -1.096109e+02 -9.100000e+00
    endloop
  endfacet
  facet normal 7.933533e-01 6.087614e-01 0.000000e+00
    outer loop
      vertex   9.190036e+01 -1.096109e+02 -9.100000e+00
      vertex   9.202750e+01 -1.097766e+02 -9.500000e+00
      vertex   9.190036e+01 -1.096109e+02 -9.500000e+00
    endloop
  endfacet
  facet normal 9.238795e-01 3.826834e-01 0.000000e+00
    outer loop
      vertex   9.190036e+01 -1.096109e+02 -9.100000e+00
      vertex   9.190036e+01 -1.096109e+02 -9.500000e+00
      vertex   9.182044e+01 -1.094180e+02 -9.100000e+00
    endloop
  endfacet
  facet normal 9.238795e-01 3.826834e-01 0.000000e+00
    outer loop
      vertex   9.182044e+01 -1.094180e+02 -9.100000e+00
      vertex   9.190036e+01 -1.096109e+02 -9.500000e+00
      vertex   9.182044e+01 -1.094180e+02 -9.500000e+00
    endloop
  endfacet
  facet normal 9.914449e-01 1.305262e-01 0.000000e+00
    outer loop
      vertex   9.182044e+01 -1.094180e+02 -9.100000e+00
      vertex   9.182044e+01 -1.094180e+02 -9.500000e+00
      vertex   9.179318e+01 -1.092109e+02 -9.100000e+00
    endloop
  endfacet
  facet normal 9.914449e-01 1.305262e-01 0.000000e+00
    outer loop
      vertex   9.179318e+01 -1.092109e+02 -9.100000e+00
      vertex   9.182044e+01 -1.094180e+02 -9.500000e+00
      vertex   9.179318e+01 -1.092109e+02 -9.500000e+00
    endloop
  endfacet
  facet normal 1.000000e+00 0.000000e+00 0.000000e+00
    outer loop
      vertex   9.179318e+01 -1.092109e+02 -9.500000e+00
      vertex   9.179318e+01 -8.893002e+01 -9.500000e+00
      vertex   9.179318e+01 -1.092109e+02 -9.100000e+00
    endloop
  endfacet
  facet normal 1.000000e+00 -0.000000e+00 0.000000e+00
    outer loop
      vertex   9.179318e+01 -1.092109e+02 -9.100000e+00
      vertex   9.179318e+01 -8.893002e+01 -9.500000e+00
      vertex   9.179318e+01 -8.893002e+01 -9.100000e+00
    endloop
  endfacet
  facet normal 9.487272e-01 3.160960e-01 -0.000000e+00
    outer loop
      vertex   9.179318e+01 -8.893002e+01 -9.500000e+00
      vertex   9.130140e+01 -8.745397e+01 -9.500000e+00
      vertex   9.179318e+01 -8.893002e+01 -9.100000e+00
    endloop
  endfacet
  facet normal 9.487272e-01 3.160960e-01 0.000000e+00
    outer loop
      vertex   9.179318e+01 -8.893002e+01 -9.100000e+00
      vertex   9.130140e+01 -8.745397e+01 -9.500000e+00
      vertex   9.130140e+01 -8.745397e+01 -9.100000e+00
    endloop
  endfacet
  facet normal 8.319774e-01 5.548096e-01 -0.000000e+00
    outer loop
      vertex   9.130140e+01 -8.745397e+01 -9.500000e+00
      vertex   9.046414e+01 -8.619845e+01 -9.500000e+00
      vertex   9.130140e+01 -8.745397e+01 -9.100000e+00
    endloop
  endfacet
  facet normal 8.319774e-01 5.548096e-01 0.000000e+00
    outer loop
      vertex   9.130140e+01 -8.745397e+01 -9.100000e+00
      vertex   9.046414e+01 -8.619845e+01 -9.500000e+00
      vertex   9.046414e+01 -8.619845e+01 -9.100000e+00
    endloop
  endfacet
  facet normal 0.000000e+00 1.000000e+00 -0.000000e+00
    outer loop
      vertex   9.046414e+01 -8.619845e+01 -9.500000e+00
      vertex   8.961953e+01 -8.619845e+01 -9.500000e+00
      vertex   9.046414e+01 -8.619845e+01 -9.100000e+00
    endloop
  endfacet
  facet normal 0.000000e+00 1.000000e+00 0.000000e+00
    outer loop
      vertex   9.046414e+01 -8.619845e+01 -9.100000e+00
      vertex   8.961953e+01 -8.619845e+01 -9.500000e+00
      vertex   8.961953e+01 -8.619845e+01 -9.100000e+00
    endloop
  endfacet
  facet normal -8.320594e-01 5.546865e-01 0.000000e+00
    outer loop
      vertex   8.961953e+01 -8.619845e+01 -9.500000e+00
      vertex   8.881838e+01 -8.740022e+01 -9.500000e+00
      vertex   8.961953e+01 -8.619845e+01 -9.100000e+00
    endloop
  endfacet
  facet normal -8.320594e-01 5.546865e-01 0.000000e+00
    outer loop
      vertex   8.961953e+01 -8.619845e+01 -9.100000e+00
      vertex   8.881838e+01 -8.740022e+01 -9.500000e+00
      vertex   8.881838e+01 -8.740022e+01 -9.100000e+00
    endloop
  endfacet
  facet normal -9.864006e-01 1.643591e-01 0.000000e+00
    outer loop
      vertex   8.881838e+01 -8.740022e+01 -9.500000e+00
      vertex   8.829066e+01 -9.056735e+01 -9.500000e+00
      vertex   8.881838e+01 -8.740022e+01 -9.100000e+00
    endloop
  endfacet
  facet normal -9.864006e-01 1.643591e-01 0.000000e+00
    outer loop
      vertex   8.881838e+01 -8.740022e+01 -9.100000e+00
      vertex   8.829066e+01 -9.056735e+01 -9.500000e+00
      vertex   8.829066e+01 -9.056735e+01 -9.100000e+00
    endloop
  endfacet
  facet normal -1.000000e+00 1.294691e-05 0.000000e+00
    outer loop
      vertex   8.829066e+01 -9.056735e+01 -9.500000e+00
      vertex   8.829042e+01 -1.092109e+02 -9.500000e+00
      vertex   8.829066e+01 -9.056735e+01 -9.100000e+00
    endloop
  endfacet
  facet normal -1.000000e+00 1.294691e-05 0.000000e+00
    outer loop
      vertex   8.829066e+01 -9.056735e+01 -9.100000e+00
      vertex   8.829042e+01 -1.092109e+02 -9.500000e+00
      vertex   8.829042e+01 -1.092109e+02 -9.100000e+00
    endloop
  endfacet
  facet normal -9.914432e-01 1.305390e-01 0.000000e+00
    outer loop
      vertex   8.829042e+01 -1.092109e+02 -9.100000e+00
      vertex   8.829042e+01 -1.092109e+02 -9.500000e+00
      vertex   8.826316e+01 -1.094180e+02 -9.100000e+00
    endloop
  endfacet
  facet normal -9.914432e-01 1.305390e-01 0.000000e+00
    outer loop
      vertex   8.826316e+01 -1.094180e+02 -9.100000e+00
      vertex   8.829042e+01 -1.092109e+02 -9.500000e+00
      vertex   8.826316e+01 -1.094180e+02 -9.500000e+00
    endloop
  endfacet
  facet normal -9.238746e-01 3.826954e-01 0.000000e+00
    outer loop
      vertex   8.826316e+01 -1.094180e+02 -9.100000e+00
      vertex   8.826316e+01 -1.094180e+02 -9.500000e+00
      vertex   8.818323e+01 -1.096109e+02 -9.100000e+00
    endloop
  endfacet
  facet normal -9.238746e-01 3.826954e-01 0.000000e+00
    outer loop
      vertex   8.818323e+01 -1.096109e+02 -9.100000e+00
      vertex   8.826316e+01 -1.094180e+02 -9.500000e+00
      vertex   8.818323e+01 -1.096109e+02 -9.500000e+00
    endloop
  endfacet
  facet normal -7.933455e-01 6.087717e-01 0.000000e+00
    outer loop
      vertex   8.818323e+01 -1.096109e+02 -9.100000e+00
      vertex   8.818323e+01 -1.096109e+02 -9.500000e+00
      vertex   8.805610e+01 -1.097766e+02 -9.100000e+00
    endloop
  endfacet
  facet normal -7.933455e-01 6.087717e-01 0.000000e+00
    outer loop
      vertex   8.805610e+01 -1.097766e+02 -9.100000e+00
      vertex   8.818323e+01 -1.096109e+02 -9.500000e+00
      vertex   8.805610e+01 -1.097766e+02 -9.500000e+00
    endloop
  endfacet
  facet normal -6.087512e-01 7.933612e-01 0.000000e+00
    outer loop
      vertex   8.805610e+01 -1.097766e+02 -9.100000e+00
      vertex   8.805610e+01 -1.097766e+02 -9.500000e+00
      vertex   8.789041e+01 -1.099037e+02 -9.100000e+00
    endloop
  endfacet
  facet normal -6.087512e-01 7.933612e-01 0.000000e+00
    outer loop
      vertex   8.789041e+01 -1.099037e+02 -9.100000e+00
      vertex   8.805610e+01 -1.097766e+02 -9.500000e+00
      vertex   8.789041e+01 -1.099037e+02 -9.500000e+00
    endloop
  endfacet
  facet normal -3.826715e-01 9.238845e-01 0.000000e+00
    outer loop
      vertex   8.789041e+01 -1.099037e+02 -9.100000e+00
      vertex   8.789041e+01 -1.099037e+02 -9.500000e+00
      vertex   8.769746e+01 -1.099836e+02 -9.100000e+00
    endloop
  endfacet
  facet normal -3.826715e-01 9.238845e-01 0.000000e+00
    outer loop
      vertex   8.769746e+01 -1.099836e+02 -9.100000e+00
      vertex   8.789041e+01 -1.099037e+02 -9.500000e+00
      vertex   8.769746e+01 -1.099836e+02 -9.500000e+00
    endloop
  endfacet
  facet normal -1.305134e-01 9.914466e-01 0.000000e+00
    outer loop
      vertex   8.769746e+01 -1.099836e+02 -9.100000e+00
      vertex   8.769746e+01 -1.099836e+02 -9.500000e+00
      vertex   8.749041e+01 -1.100109e+02 -9.100000e+00
    endloop
  endfacet
  facet normal -1.305134e-01 9.914466e-01 0.000000e+00
    outer loop
      vertex   8.749041e+01 -1.100109e+02 -9.100000e+00
      vertex   8.769746e+01 -1.099836e+02 -9.500000e+00
      vertex   8.749041e+01 -1.100109e+02 -9.500000e+00
    endloop
  endfacet
  facet normal 1.305390e-01 9.914432e-01 0.000000e+00
    outer loop
      vertex   8.749041e+01 -1.100109e+02 -9.100000e+00
      vertex   8.749041e+01 -1.100109e+02 -9.500000e+00
      vertex   8.728335e+01 -1.099836e+02 -9.100000e+00
    endloop
  endfacet
  facet normal 1.305390e-01 9.914432e-01 0.000000e+00
    outer loop
      vertex   8.728335e+01 -1.099836e+02 -9.100000e+00
      vertex   8.749041e+01 -1.100109e+02 -9.500000e+00
      vertex   8.728335e+01 -1.099836e+02 -9.500000e+00
    endloop
  endfacet
  facet normal 3.826954e-01 9.238746e-01 0.000000e+00
    outer loop
      vertex   8.728335e+01 -1.099836e+02 -9.100000e+00
      vertex   8.728335e+01 -1.099836e+02 -9.500000e+00
      vertex   8.709041e+01 -1.099037e+02 -9.100000e+00
    endloop
  endfacet
  facet normal 3.826954e-01 9.238746e-01 0.000000e+00
    outer loop
      vertex   8.709041e+01 -1.099037e+02 -9.100000e+00
      vertex   8.728335e+01 -1.099836e+02 -9.500000e+00
      vertex   8.709041e+01 -1.099037e+02 -9.500000e+00
    endloop
  endfacet
  facet normal 6.087717e-01 7.933455e-01 0.000000e+00
    outer loop
      vertex   8.709041e+01 -1.099037e+02 -9.100000e+00
      vertex   8.709041e+01 -1.099037e+02 -9.500000e+00
      vertex   8.692472e+01 -1.097766e+02 -9.100000e+00
    endloop
  endfacet
  facet normal 6.087717e-01 7.933455e-01 0.000000e+00
    outer loop
      vertex   8.692472e+01 -1.097766e+02 -9.100000e+00
      vertex   8.709041e+01 -1.099037e+02 -9.500000e+00
      vertex   8.692472e+01 -1.097766e+02 -9.500000e+00
    endloop
  endfacet
  facet normal 7.933612e-01 6.087512e-01 0.000000e+00
    outer loop
      vertex   8.692472e+01 -1.097766e+02 -9.100000e+00
      vertex   8.692472e+01 -1.097766e+02 -9.500000e+00
      vertex   8.679759e+01 -1.096109e+02 -9.100000e+00
    endloop
  endfacet
  facet normal 7.933612e-01 6.087512e-01 0.000000e+00
    outer loop
      vertex   8.679759e+01 -1.096109e+02 -9.100000e+00
      vertex   8.692472e+01 -1.097766e+02 -9.500000e+00
      vertex   8.679759e+01 -1.096109e+02 -9.500000e+00
    endloop
  endfacet
  facet normal 9.238845e-01 3.826715e-01 0.000000e+00
    outer loop
      vertex   8.679759e+01 -1.096109e+02 -9.100000e+00
      vertex   8.679759e+01 -1.096109e+02 -9.500000e+00
      vertex   8.671767e+01 -1.094179e+02 -9.100000e+00
    endloop
  endfacet
  facet normal 9.238845e-01 3.826715e-01 0.000000e+00
    outer loop
      vertex   8.671767e+01 -1.094179e+02 -9.100000e+00
      vertex   8.679759e+01 -1.096109e+02 -9.500000e+00
      vertex   8.671767e+01 -1.094179e+02 -9.500000e+00
    endloop
  endfacet
  facet normal 9.914466e-01 1.305134e-01 0.000000e+00
    outer loop
      vertex   8.671767e+01 -1.094179e+02 -9.100000e+00
      vertex   8.671767e+01 -1.094179e+02 -9.500000e+00
      vertex   8.669042e+01 -1.092109e+02 -9.100000e+00
    endloop
  endfacet
  facet normal 9.914466e-01 1.305134e-01 0.000000e+00
    outer loop
      vertex   8.669042e+01 -1.092109e+02 -9.100000e+00
      vertex   8.671767e+01 -1.094179e+02 -9.500000e+00
      vertex   8.669042e+01 -1.092109e+02 -9.500000e+00
    endloop
  endfacet
  facet normal 1.000000e+00 -1.294691e-05 0.000000e+00
    outer loop
      vertex   8.669042e+01 -1.092109e+02 -9.500000e+00
      vertex   8.669066e+01 -9.050114e+01 -9.500000e+00
      vertex   8.669042e+01 -1.092109e+02 -9.100000e+00
    endloop
  endfacet
  facet normal 1.000000e+00 -1.294691e-05 0.000000e+00
    outer loop
      vertex   8.669042e+01 -1.092109e+02 -9.100000e+00
      vertex   8.669066e+01 -9.050114e+01 -9.500000e+00
      vertex   8.669066e+01 -9.050114e+01 -9.100000e+00
    endloop
  endfacet
  facet normal 9.996211e-01 -2.752535e-02 0.000000e+00
    outer loop
      vertex   8.669066e+01 -9.050114e+01 -9.100000e+00
      vertex   8.669066e+01 -9.050114e+01 -9.500000e+00
      vertex   8.669187e+01 -9.045714e+01 -9.100000e+00
    endloop
  endfacet
  facet normal 9.996211e-01 -2.752536e-02 2.733165e-10
    outer loop
      vertex   8.669187e+01 -9.045714e+01 -9.100000e+00
      vertex   8.669066e+01 -9.050114e+01 -9.500000e+00
      vertex   8.669187e+01 -9.045714e+01 -9.500000e+00
    endloop
  endfacet
  facet normal 9.965938e-01 -8.246684e-02 -2.733065e-10
    outer loop
      vertex   8.669187e+01 -9.045714e+01 -9.100000e+00
      vertex   8.669187e+01 -9.045714e+01 -9.500000e+00
      vertex   8.669550e+01 -9.041327e+01 -9.100000e+00
    endloop
  endfacet
  facet normal 9.965938e-01 -8.246684e-02 5.466253e-10
    outer loop
      vertex   8.669550e+01 -9.041327e+01 -9.100000e+00
      vertex   8.669187e+01 -9.045714e+01 -9.500000e+00
      vertex   8.669550e+01 -9.041327e+01 -9.500000e+00
    endloop
  endfacet
  facet normal 9.905491e-01 -1.371586e-01 -5.466181e-10
    outer loop
      vertex   8.669550e+01 -9.041327e+01 -9.100000e+00
      vertex   8.669550e+01 -9.041327e+01 -9.500000e+00
      vertex   8.670154e+01 -9.036966e+01 -9.100000e+00
    endloop
  endfacet
  facet normal 9.905491e-01 -1.371586e-01 0.000000e+00
    outer loop
      vertex   8.670154e+01 -9.036966e+01 -9.100000e+00
      vertex   8.669550e+01 -9.041327e+01 -9.500000e+00
      vertex   8.670154e+01 -9.036966e+01 -9.500000e+00
    endloop
  endfacet
  facet normal 9.864006e-01 -1.643591e-01 0.000000e+00
    outer loop
      vertex   8.670154e+01 -9.036966e+01 -9.500000e+00
      vertex   8.726836e+01 -8.696786e+01 -9.500000e+00
      vertex   8.670154e+01 -9.036966e+01 -9.100000e+00
    endloop
  endfacet
  facet normal 9.864006e-01 -1.643591e-01 0.000000e+00
    outer loop
      vertex   8.670154e+01 -9.036966e+01 -9.100000e+00
      vertex   8.726836e+01 -8.696786e+01 -9.500000e+00
      vertex   8.726836e+01 -8.696786e+01 -9.100000e+00
    endloop
  endfacet
  facet normal 9.723773e-01 -2.334147e-01 0.000000e+00
    outer loop
      vertex   8.726836e+01 -8.696786e+01 -9.100000e+00
      vertex   8.726836e+01 -8.696786e+01 -9.500000e+00
      vertex   8.729466e+01 -8.685830e+01 -9.100000e+00
    endloop
  endfacet
  facet normal 9.723773e-01 -2.334147e-01 0.000000e+00
    outer loop
      vertex   8.729466e+01 -8.685830e+01 -9.100000e+00
      vertex   8.726836e+01 -8.696786e+01 -9.500000e+00
      vertex   8.729466e+01 -8.685830e+01 -9.500000e+00
    endloop
  endfacet
  facet normal 9.299398e-01 -3.677118e-01 0.000000e+00
    outer loop
      vertex   8.729466e+01 -8.685830e+01 -9.100000e+00
      vertex   8.729466e+01 -8.685830e+01 -9.500000e+00
      vertex   8.733610e+01 -8.675352e+01 -9.500000e+00
    endloop
  endfacet
  facet normal 8.690554e-01 -4.947147e-01 0.000000e+00
    outer loop
      vertex   8.739184e+01 -8.665560e+01 -9.500000e+00
      vertex   8.739184e+01 -8.665560e+01 -9.100000e+00
      vertex   8.733610e+01 -8.675352e+01 -9.500000e+00
    endloop
  endfacet
  facet normal 8.690554e-01 -4.947147e-01 -3.515159e-14
    outer loop
      vertex   8.733610e+01 -8.675352e+01 -9.500000e+00
      vertex   8.739184e+01 -8.665560e+01 -9.100000e+00
      vertex   8.733610e+01 -8.675352e+01 -9.100000e+00
    endloop
  endfacet
  facet normal 9.299398e-01 -3.677118e-01 -2.612749e-14
    outer loop
      vertex   8.733610e+01 -8.675352e+01 -9.500000e+00
      vertex   8.733610e+01 -8.675352e+01 -9.100000e+00
      vertex   8.729466e+01 -8.685830e+01 -9.100000e+00
    endloop
  endfacet
  facet normal 0.000000e+00 -0.000000e+00 -1.000000e+00
    outer loop
      vertex   8.729466e+01 -8.685830e+01 -9.100000e+00
      vertex   8.733610e+01 -8.675352e+01 -9.100000e+00
      vertex   8.726836e+01 -8.696786e+01 -9.100000e+00
    endloop
  endfacet
  facet normal 0.000000e+00 0.000000e+00 -1.000000e+00
    outer loop
      vertex   8.726836e+01 -8.696786e+01 -9.100000e+00
      vertex   8.733610e+01 -8.675352e+01 -9.100000e+00
      vertex   8.739184e+01 -8.665560e+01 -9.100000e+00
    endloop
  endfacet
  facet normal 0.000000e+00 0.000000e+00 -1.000000e+00
    outer loop
      vertex   8.726836e+01 -8.696786e+01 -9.100000e+00
      vertex   8.739184e+01 -8.665560e+01 -9.100000e+00
      vertex   8.829066e+01 -9.056735e+01 -9.100000e+00
    endloop
  endfacet
  facet normal 0.000000e+00 0.000000e+00 -1.000000e+00
    outer loop
      vertex   8.829066e+01 -9.056735e+01 -9.100000e+00
      vertex   8.739184e+01 -8.665560e+01 -9.100000e+00
      vertex   8.881838e+01 -8.740022e+01 -9.100000e+00
    endloop
  endfacet
  facet normal 0.000000e+00 0.000000e+00 -1.000000e+00
    outer loop
      vertex   8.881838e+01 -8.740022e+01 -9.100000e+00
      vertex   8.739184e+01 -8.665560e+01 -9.100000e+00
      vertex   8.852573e+01 -8.495470e+01 -9.100000e+00
    endloop
  endfacet
  facet normal 0.000000e+00 0.000000e+00 -1.000000e+00
    outer loop
      vertex   8.881838e+01 -8.740022e+01 -9.100000e+00
      vertex   8.852573e+01 -8.495470e+01 -9.100000e+00
      vertex   8.865366e+01 -8.480611e+01 -9.100000e+00
    endloop
  endfacet
  facet normal 0.000000e+00 0.000000e+00 -1.000000e+00
    outer loop
      vertex   8.865366e+01 -8.480611e+01 -9.100000e+00
      vertex   8.881389e+01 -8.469311e+01 -9.100000e+00
      vertex   8.881838e+01 -8.740022e+01 -9.100000e+00
    endloop
  endfacet
  facet normal 0.000000e+00 0.000000e+00 -1.000000e+00
    outer loop
      vertex   8.881838e+01 -8.740022e+01 -9.100000e+00
      vertex   8.881389e+01 -8.469311e+01 -9.100000e+00
      vertex   8.899679e+01 -8.462247e+01 -9.100000e+00
    endloop
  endfacet
  facet normal 0.000000e+00 0.000000e+00 -1.000000e+00
    outer loop
      vertex   8.881838e+01 -8.740022e+01 -9.100000e+00
      vertex   8.899679e+01 -8.462247e+01 -9.100000e+00
      vertex   8.919138e+01 -8.459845e+01 -9.100000e+00
    endloop
  endfacet
  facet normal 0.000000e+00 0.000000e+00 -1.000000e+00
    outer loop
      vertex   8.881838e+01 -8.740022e+01 -9.100000e+00
      vertex   8.919138e+01 -8.459845e+01 -9.100000e+00
      vertex   8.961953e+01 -8.619845e+01 -9.100000e+00
    endloop
  endfacet
  facet normal 0.000000e+00 0.000000e+00 -1.000000e+00
    outer loop
      vertex   8.961953e+01 -8.619845e+01 -9.100000e+00
      vertex   8.919138e+01 -8.459845e+01 -9.100000e+00
      vertex   9.089222e+01 -8.459845e+01 -9.100000e+00
    endloop
  endfacet
  facet normal 0.000000e+00 0.000000e+00 -1.000000e+00
    outer loop
      vertex   8.961953e+01 -8.619845e+01 -9.100000e+00
      vertex   9.089222e+01 -8.459845e+01 -9.100000e+00
      vertex   9.046414e+01 -8.619845e+01 -9.100000e+00
    endloop
  endfacet
  facet normal 0.000000e+00 0.000000e+00 -1.000000e+00
    outer loop
      vertex   9.046414e+01 -8.619845e+01 -9.100000e+00
      vertex   9.089222e+01 -8.459845e+01 -9.100000e+00
      vertex   9.130140e+01 -8.745397e+01 -9.100000e+00
    endloop
  endfacet
  facet normal 0.000000e+00 0.000000e+00 -1.000000e+00
    outer loop
      vertex   9.130140e+01 -8.745397e+01 -9.100000e+00
      vertex   9.089222e+01 -8.459845e+01 -9.100000e+00
      vertex   9.108678e+01 -8.462247e+01 -9.100000e+00
    endloop
  endfacet
  facet normal 0.000000e+00 0.000000e+00 -1.000000e+00
    outer loop
      vertex   9.130140e+01 -8.745397e+01 -9.100000e+00
      vertex   9.108678e+01 -8.462247e+01 -9.100000e+00
      vertex   9.126966e+01 -8.469308e+01 -9.100000e+00
    endloop
  endfacet
  facet normal 0.000000e+00 0.000000e+00 -1.000000e+00
    outer loop
      vertex   9.126966e+01 -8.469308e+01 -9.100000e+00
      vertex   9.142987e+01 -8.480605e+01 -9.100000e+00
      vertex   9.130140e+01 -8.745397e+01 -9.100000e+00
    endloop
  endfacet
  facet normal 0.000000e+00 0.000000e+00 -1.000000e+00
    outer loop
      vertex   9.130140e+01 -8.745397e+01 -9.100000e+00
      vertex   9.142987e+01 -8.480605e+01 -9.100000e+00
      vertex   9.155780e+01 -8.495460e+01 -9.100000e+00
    endloop
  endfacet
  facet normal 0.000000e+00 0.000000e+00 -1.000000e+00
    outer loop
      vertex   9.130140e+01 -8.745397e+01 -9.100000e+00
      vertex   9.155780e+01 -8.495460e+01 -9.100000e+00
      vertex   9.179763e+01 -8.531423e+01 -9.100000e+00
    endloop
  endfacet
  facet normal 0.000000e+00 -0.000000e+00 -1.000000e+00
    outer loop
      vertex   9.184404e+01 -8.511777e+01 -9.100000e+00
      vertex   9.193814e+01 -8.493918e+01 -9.100000e+00
      vertex   9.179763e+01 -8.531423e+01 -9.100000e+00
    endloop
  endfacet
  facet normal 0.000000e+00 -0.000000e+00 -1.000000e+00
    outer loop
      vertex   9.179763e+01 -8.531423e+01 -9.100000e+00
      vertex   9.193814e+01 -8.493918e+01 -9.100000e+00
      vertex   9.179318e+01 -8.893002e+01 -9.100000e+00
    endloop
  endfacet
  facet normal 0.000000e+00 0.000000e+00 -1.000000e+00
    outer loop
      vertex   9.179763e+01 -8.531423e+01 -9.100000e+00
      vertex   9.179318e+01 -8.893002e+01 -9.100000e+00
      vertex   9.130140e+01 -8.745397e+01 -9.100000e+00
    endloop
  endfacet
  facet normal 0.000000e+00 -0.000000e+00 -1.000000e+00
    outer loop
      vertex   9.193814e+01 -8.493918e+01 -9.100000e+00
      vertex   9.207396e+01 -8.478983e+01 -9.100000e+00
      vertex   9.179318e+01 -8.893002e+01 -9.100000e+00
    endloop
  endfacet
  facet normal 0.000000e+00 0.000000e+00 -1.000000e+00
    outer loop
      vertex   9.179318e+01 -8.893002e+01 -9.100000e+00
      vertex   9.207396e+01 -8.478983e+01 -9.100000e+00
      vertex   9.224284e+01 -8.467924e+01 -9.100000e+00
    endloop
  endfacet
  facet normal 0.000000e+00 0.000000e+00 -1.000000e+00
    outer loop
      vertex   9.179318e+01 -8.893002e+01 -9.100000e+00
      vertex   9.224284e+01 -8.467924e+01 -9.100000e+00
      vertex   9.243403e+01 -8.461444e+01 -9.100000e+00
    endloop
  endfacet
  facet normal 0.000000e+00 -0.000000e+00 -1.000000e+00
    outer loop
      vertex   9.243403e+01 -8.461444e+01 -9.100000e+00
      vertex   9.263535e+01 -8.459956e+01 -9.100000e+00
      vertex   9.179318e+01 -8.893002e+01 -9.100000e+00
    endloop
  endfacet
  facet normal 0.000000e+00 0.000000e+00 -1.000000e+00
    outer loop
      vertex   9.179318e+01 -8.893002e+01 -9.100000e+00
      vertex   9.263535e+01 -8.459956e+01 -9.100000e+00
      vertex   9.283398e+01 -8.463555e+01 -9.100000e+00
    endloop
  endfacet
  facet normal 0.000000e+00 0.000000e+00 -1.000000e+00
    outer loop
      vertex   9.179318e+01 -8.893002e+01 -9.100000e+00
      vertex   9.283398e+01 -8.463555e+01 -9.100000e+00
      vertex   9.301729e+01 -8.472011e+01 -9.100000e+00
    endloop
  endfacet
  facet normal 0.000000e+00 0.000000e+00 -1.000000e+00
    outer loop
      vertex   9.179318e+01 -8.893002e+01 -9.100000e+00
      vertex   9.301729e+01 -8.472011e+01 -9.100000e+00
      vertex   9.339318e+01 -8.539845e+01 -9.100000e+00
    endloop
  endfacet
  facet normal 0.000000e+00 0.000000e+00 -1.000000e+00
    outer loop
      vertex   9.339318e+01 -8.539845e+01 -9.100000e+00
      vertex   9.301729e+01 -8.472011e+01 -9.100000e+00
      vertex   9.317358e+01 -8.484787e+01 -9.100000e+00
    endloop
  endfacet
  facet normal 0.000000e+00 0.000000e+00 -1.000000e+00
    outer loop
      vertex   9.339318e+01 -8.539845e+01 -9.100000e+00
      vertex   9.317358e+01 -8.484787e+01 -9.100000e+00
      vertex   9.329293e+01 -8.501069e+01 -9.100000e+00
    endloop
  endfacet
  facet normal 0.000000e+00 0.000000e+00 -1.000000e+00
    outer loop
      vertex   9.329293e+01 -8.501069e+01 -9.100000e+00
      vertex   9.336771e+01 -8.519819e+01 -9.100000e+00
      vertex   9.339318e+01 -8.539845e+01 -9.100000e+00
    endloop
  endfacet
  facet normal 0.000000e+00 -0.000000e+00 -1.000000e+00
    outer loop
      vertex   9.339318e+01 -8.539845e+01 -9.100000e+00
      vertex   9.339318e+01 -1.092109e+02 -9.100000e+00
      vertex   9.179318e+01 -8.893002e+01 -9.100000e+00
    endloop
  endfacet
  facet normal 0.000000e+00 0.000000e+00 -1.000000e+00
    outer loop
      vertex   9.179318e+01 -8.893002e+01 -9.100000e+00
      vertex   9.339318e+01 -1.092109e+02 -9.100000e+00
      vertex   9.179318e+01 -1.092109e+02 -9.100000e+00
    endloop
  endfacet
  facet normal 0.000000e+00 0.000000e+00 -1.000000e+00
    outer loop
      vertex   9.179318e+01 -1.092109e+02 -9.100000e+00
      vertex   9.339318e+01 -1.092109e+02 -9.100000e+00
      vertex   9.259318e+01 -1.100109e+02 -9.100000e+00
    endloop
  endfacet
  facet normal 0.000000e+00 0.000000e+00 -1.000000e+00
    outer loop
      vertex   9.179318e+01 -1.092109e+02 -9.100000e+00
      vertex   9.259318e+01 -1.100109e+02 -9.100000e+00
      vertex   9.238613e+01 -1.099837e+02 -9.100000e+00
    endloop
  endfacet
  facet normal -0.000000e+00 0.000000e+00 -1.000000e+00
    outer loop
      vertex   9.336592e+01 -1.094180e+02 -9.100000e+00
      vertex   9.328600e+01 -1.096109e+02 -9.100000e+00
      vertex   9.339318e+01 -1.092109e+02 -9.100000e+00
    endloop
  endfacet
  facet normal 0.000000e+00 0.000000e+00 -1.000000e+00
    outer loop
      vertex   9.339318e+01 -1.092109e+02 -9.100000e+00
      vertex   9.328600e+01 -1.096109e+02 -9.100000e+00
      vertex   9.315887e+01 -1.097766e+02 -9.100000e+00
    endloop
  endfacet
  facet normal 0.000000e+00 0.000000e+00 -1.000000e+00
    outer loop
      vertex   9.339318e+01 -1.092109e+02 -9.100000e+00
      vertex   9.315887e+01 -1.097766e+02 -9.100000e+00
      vertex   9.299318e+01 -1.099038e+02 -9.100000e+00
    endloop
  endfacet
  facet normal -0.000000e+00 0.000000e+00 -1.000000e+00
    outer loop
      vertex   9.299318e+01 -1.099038e+02 -9.100000e+00
      vertex   9.280024e+01 -1.099837e+02 -9.100000e+00
      vertex   9.339318e+01 -1.092109e+02 -9.100000e+00
    endloop
  endfacet
  facet normal 0.000000e+00 0.000000e+00 -1.000000e+00
    outer loop
      vertex   9.339318e+01 -1.092109e+02 -9.100000e+00
      vertex   9.280024e+01 -1.099837e+02 -9.100000e+00
      vertex   9.259318e+01 -1.100109e+02 -9.100000e+00
    endloop
  endfacet
  facet normal 0.000000e+00 0.000000e+00 -1.000000e+00
    outer loop
      vertex   9.238613e+01 -1.099837e+02 -9.100000e+00
      vertex   9.219318e+01 -1.099038e+02 -9.100000e+00
      vertex   9.179318e+01 -1.092109e+02 -9.100000e+00
    endloop
  endfacet
  facet normal 0.000000e+00 0.000000e+00 -1.000000e+00
    outer loop
      vertex   9.179318e+01 -1.092109e+02 -9.100000e+00
      vertex   9.219318e+01 -1.099038e+02 -9.100000e+00
      vertex   9.202750e+01 -1.097766e+02 -9.100000e+00
    endloop
  endfacet
  facet normal 0.000000e+00 0.000000e+00 -1.000000e+00
    outer loop
      vertex   9.179318e+01 -1.092109e+02 -9.100000e+00
      vertex   9.202750e+01 -1.097766e+02 -9.100000e+00
      vertex   9.190036e+01 -1.096109e+02 -9.100000e+00
    endloop
  endfacet
  facet normal 0.000000e+00 0.000000e+00 -1.000000e+00
    outer loop
      vertex   9.190036e+01 -1.096109e+02 -9.100000e+00
      vertex   9.182044e+01 -1.094180e+02 -9.100000e+00
      vertex   9.179318e+01 -1.092109e+02 -9.100000e+00
    endloop
  endfacet
  facet normal 0.000000e+00 0.000000e+00 -1.000000e+00
    outer loop
      vertex   8.829042e+01 -1.092109e+02 -9.100000e+00
      vertex   8.669042e+01 -1.092109e+02 -9.100000e+00
      vertex   8.829066e+01 -9.056735e+01 -9.100000e+00
    endloop
  endfacet
  facet normal -0.000000e+00 0.000000e+00 -1.000000e+00
    outer loop
      vertex   8.829066e+01 -9.056735e+01 -9.100000e+00
      vertex   8.669042e+01 -1.092109e+02 -9.100000e+00
      vertex   8.669066e+01 -9.050114e+01 -9.100000e+00
    endloop
  endfacet
  facet normal 0.000000e+00 0.000000e+00 -1.000000e+00
    outer loop
      vertex   8.829066e+01 -9.056735e+01 -9.100000e+00
      vertex   8.669066e+01 -9.050114e+01 -9.100000e+00
      vertex   8.670154e+01 -9.036966e+01 -9.100000e+00
    endloop
  endfacet
  facet normal 0.000000e+00 0.000000e+00 -1.000000e+00
    outer loop
      vertex   8.670154e+01 -9.036966e+01 -9.100000e+00
      vertex   8.669066e+01 -9.050114e+01 -9.100000e+00
      vertex   8.669550e+01 -9.041327e+01 -9.100000e+00
    endloop
  endfacet
  facet normal 0.000000e+00 0.000000e+00 -1.000000e+00
    outer loop
      vertex   8.669550e+01 -9.041327e+01 -9.100000e+00
      vertex   8.669066e+01 -9.050114e+01 -9.100000e+00
      vertex   8.669187e+01 -9.045714e+01 -9.100000e+00
    endloop
  endfacet
  facet normal -0.000000e+00 0.000000e+00 -1.000000e+00
    outer loop
      vertex   8.826316e+01 -1.094180e+02 -9.100000e+00
      vertex   8.818323e+01 -1.096109e+02 -9.100000e+00
      vertex   8.829042e+01 -1.092109e+02 -9.100000e+00
    endloop
  endfacet
  facet normal 0.000000e+00 0.000000e+00 -1.000000e+00
    outer loop
      vertex   8.829042e+01 -1.092109e+02 -9.100000e+00
      vertex   8.818323e+01 -1.096109e+02 -9.100000e+00
      vertex   8.805610e+01 -1.097766e+02 -9.100000e+00
    endloop
  endfacet
  facet normal 0.000000e+00 0.000000e+00 -1.000000e+00
    outer loop
      vertex   8.829042e+01 -1.092109e+02 -9.100000e+00
      vertex   8.805610e+01 -1.097766e+02 -9.100000e+00
      vertex   8.789041e+01 -1.099037e+02 -9.100000e+00
    endloop
  endfacet
  facet normal -0.000000e+00 0.000000e+00 -1.000000e+00
    outer loop
      vertex   8.789041e+01 -1.099037e+02 -9.100000e+00
      vertex   8.769746e+01 -1.099836e+02 -9.100000e+00
      vertex   8.829042e+01 -1.092109e+02 -9.100000e+00
    endloop
  endfacet
  facet normal 0.000000e+00 0.000000e+00 -1.000000e+00
    outer loop
      vertex   8.829042e+01 -1.092109e+02 -9.100000e+00
      vertex   8.769746e+01 -1.099836e+02 -9.100000e+00
      vertex   8.749041e+01 -1.100109e+02 -9.100000e+00
    endloop
  endfacet
  facet normal -0.000000e+00 0.000000e+00 -1.000000e+00
    outer loop
      vertex   8.829042e+01 -1.092109e+02 -9.100000e+00
      vertex   8.749041e+01 -1.100109e+02 -9.100000e+00
      vertex   8.669042e+01 -1.092109e+02 -9.100000e+00
    endloop
  endfacet
  facet normal 0.000000e+00 0.000000e+00 -1.000000e+00
    outer loop
      vertex   8.669042e+01 -1.092109e+02 -9.100000e+00
      vertex   8.749041e+01 -1.100109e+02 -9.100000e+00
      vertex   8.728335e+01 -1.099836e+02 -9.100000e+00
    endloop
  endfacet
  facet normal 0.000000e+00 0.000000e+00 -1.000000e+00
    outer loop
      vertex   8.669042e+01 -1.092109e+02 -9.100000e+00
      vertex   8.728335e+01 -1.099836e+02 -9.100000e+00
      vertex   8.709041e+01 -1.099037e+02 -9.100000e+00
    endloop
  endfacet
  facet normal 0.000000e+00 0.000000e+00 -1.000000e+00
    outer loop
      vertex   8.709041e+01 -1.099037e+02 -9.100000e+00
      vertex   8.692472e+01 -1.097766e+02 -9.100000e+00
      vertex   8.669042e+01 -1.092109e+02 -9.100000e+00
    endloop
  endfacet
  facet normal 0.000000e+00 0.000000e+00 -1.000000e+00
    outer loop
      vertex   8.669042e+01 -1.092109e+02 -9.100000e+00
      vertex   8.692472e+01 -1.097766e+02 -9.100000e+00
      vertex   8.679759e+01 -1.096109e+02 -9.100000e+00
    endloop
  endfacet
  facet normal 0.000000e+00 0.000000e+00 -1.000000e+00
    outer loop
      vertex   8.669042e+01 -1.092109e+02 -9.100000e+00
      vertex   8.679759e+01 -1.096109e+02 -9.100000e+00
      vertex   8.671767e+01 -1.094179e+02 -9.100000e+00
    endloop
  endfacet
  facet normal 0.000000e+00 0.000000e+00 -1.000000e+00
    outer loop
      vertex   8.670154e+01 -9.036966e+01 -9.100000e+00
      vertex   8.726836e+01 -8.696786e+01 -9.100000e+00
      vertex   8.829066e+01 -9.056735e+01 -9.100000e+00
    endloop
  endfacet
  facet normal 0.000000e+00 1.000000e+00 -0.000000e+00
    outer loop
      vertex   6.367792e+01 -7.429220e+01 -9.500000e+00
      vertex   6.107611e+01 -7.429220e+01 -9.500000e+00
      vertex   6.367792e+01 -7.429220e+01 -9.100000e+00
    endloop
  endfacet
  facet normal 0.000000e+00 1.000000e+00 0.000000e+00
    outer loop
      vertex   6.367792e+01 -7.429220e+01 -9.100000e+00
      vertex   6.107611e+01 -7.429220e+01 -9.500000e+00
      vertex   6.107611e+01 -7.429220e+01 -9.100000e+00
    endloop
  endfacet
  facet normal -1.000000e+00 0.000000e+00 0.000000e+00
    outer loop
      vertex   6.107611e+01 -7.429220e+01 -9.500000e+00
      vertex   6.107611e+01 -1.092109e+02 -9.500000e+00
      vertex   6.107611e+01 -7.429220e+01 -9.100000e+00
    endloop
  endfacet
  facet normal -1.000000e+00 -0.000000e+00 0.000000e+00
    outer loop
      vertex   6.107611e+01 -7.429220e+01 -9.100000e+00
      vertex   6.107611e+01 -1.092109e+02 -9.500000e+00
      vertex   6.107611e+01 -1.092109e+02 -9.100000e+00
    endloop
  endfacet
  facet normal -9.914449e-01 1.305262e-01 0.000000e+00
    outer loop
      vertex   6.107611e+01 -1.092109e+02 -9.100000e+00
      vertex   6.107611e+01 -1.092109e+02 -9.500000e+00
      vertex   6.104885e+01 -1.094180e+02 -9.100000e+00
    endloop
  endfacet
  facet normal -9.914449e-01 1.305262e-01 0.000000e+00
    outer loop
      vertex   6.104885e+01 -1.094180e+02 -9.100000e+00
      vertex   6.107611e+01 -1.092109e+02 -9.500000e+00
      vertex   6.104885e+01 -1.094180e+02 -9.500000e+00
    endloop
  endfacet
  facet normal -9.238795e-01 3.826834e-01 0.000000e+00
    outer loop
      vertex   6.104885e+01 -1.094180e+02 -9.100000e+00
      vertex   6.104885e+01 -1.094180e+02 -9.500000e+00
      vertex   6.096893e+01 -1.096109e+02 -9.100000e+00
    endloop
  endfacet
  facet normal -9.238795e-01 3.826834e-01 0.000000e+00
    outer loop
      vertex   6.096893e+01 -1.096109e+02 -9.100000e+00
      vertex   6.104885e+01 -1.094180e+02 -9.500000e+00
      vertex   6.096893e+01 -1.096109e+02 -9.500000e+00
    endloop
  endfacet
  facet normal -7.933533e-01 6.087614e-01 0.000000e+00
    outer loop
      vertex   6.096893e+01 -1.096109e+02 -9.100000e+00
      vertex   6.096893e+01 -1.096109e+02 -9.500000e+00
      vertex   6.084180e+01 -1.097766e+02 -9.100000e+00
    endloop
  endfacet
  facet normal -7.933533e-01 6.087614e-01 0.000000e+00
    outer loop
      vertex   6.084180e+01 -1.097766e+02 -9.100000e+00
      vertex   6.096893e+01 -1.096109e+02 -9.500000e+00
      vertex   6.084180e+01 -1.097766e+02 -9.500000e+00
    endloop
  endfacet
  facet normal -6.087614e-01 7.933533e-01 0.000000e+00
    outer loop
      vertex   6.084180e+01 -1.097766e+02 -9.100000e+00
      vertex   6.084180e+01 -1.097766e+02 -9.500000e+00
      vertex   6.067611e+01 -1.099038e+02 -9.100000e+00
    endloop
  endfacet
  facet normal -6.087614e-01 7.933533e-01 0.000000e+00
    outer loop
      vertex   6.067611e+01 -1.099038e+02 -9.100000e+00
      vertex   6.084180e+01 -1.097766e+02 -9.500000e+00
      vertex   6.067611e+01 -1.099038e+02 -9.500000e+00
    endloop
  endfacet
  facet normal -3.826834e-01 9.238795e-01 0.000000e+00
    outer loop
      vertex   6.067611e+01 -1.099038e+02 -9.100000e+00
      vertex   6.067611e+01 -1.099038e+02 -9.500000e+00
      vertex   6.048317e+01 -1.099837e+02 -9.100000e+00
    endloop
  endfacet
  facet normal -3.826834e-01 9.238795e-01 0.000000e+00
    outer loop
      vertex   6.048317e+01 -1.099837e+02 -9.100000e+00
      vertex   6.067611e+01 -1.099038e+02 -9.500000e+00
      vertex   6.048317e+01 -1.099837e+02 -9.500000e+00
    endloop
  endfacet
  facet normal -1.305262e-01 9.914449e-01 0.000000e+00
    outer loop
      vertex   6.048317e+01 -1.099837e+02 -9.100000e+00
      vertex   6.048317e+01 -1.099837e+02 -9.500000e+00
      vertex   6.027611e+01 -1.100109e+02 -9.100000e+00
    endloop
  endfacet
  facet normal -1.305262e-01 9.914449e-01 0.000000e+00
    outer loop
      vertex   6.027611e+01 -1.100109e+02 -9.100000e+00
      vertex   6.048317e+01 -1.099837e+02 -9.500000e+00
      vertex   6.027611e+01 -1.100109e+02 -9.500000e+00
    endloop
  endfacet
  facet normal 1.305262e-01 9.914449e-01 0.000000e+00
    outer loop
      vertex   6.027611e+01 -1.100109e+02 -9.100000e+00
      vertex   6.027611e+01 -1.100109e+02 -9.500000e+00
      vertex   6.006906e+01 -1.099837e+02 -9.100000e+00
    endloop
  endfacet
  facet normal 1.305262e-01 9.914449e-01 0.000000e+00
    outer loop
      vertex   6.006906e+01 -1.099837e+02 -9.100000e+00
      vertex   6.027611e+01 -1.100109e+02 -9.500000e+00
      vertex   6.006906e+01 -1.099837e+02 -9.500000e+00
    endloop
  endfacet
  facet normal 3.826834e-01 9.238795e-01 0.000000e+00
    outer loop
      vertex   6.006906e+01 -1.099837e+02 -9.100000e+00
      vertex   6.006906e+01 -1.099837e+02 -9.500000e+00
      vertex   5.987611e+01 -1.099038e+02 -9.100000e+00
    endloop
  endfacet
  facet normal 3.826834e-01 9.238795e-01 0.000000e+00
    outer loop
      vertex   5.987611e+01 -1.099038e+02 -9.100000e+00
      vertex   6.006906e+01 -1.099837e+02 -9.500000e+00
      vertex   5.987611e+01 -1.099038e+02 -9.500000e+00
    endloop
  endfacet
  facet normal 6.087614e-01 7.933533e-01 0.000000e+00
    outer loop
      vertex   5.987611e+01 -1.099038e+02 -9.100000e+00
      vertex   5.987611e+01 -1.099038e+02 -9.500000e+00
      vertex   5.971043e+01 -1.097766e+02 -9.100000e+00
    endloop
  endfacet
  facet normal 6.087614e-01 7.933533e-01 0.000000e+00
    outer loop
      vertex   5.971043e+01 -1.097766e+02 -9.100000e+00
      vertex   5.987611e+01 -1.099038e+02 -9.500000e+00
      vertex   5.971043e+01 -1.097766e+02 -9.500000e+00
    endloop
  endfacet
  facet normal 7.933533e-01 6.087614e-01 0.000000e+00
    outer loop
      vertex   5.971043e+01 -1.097766e+02 -9.100000e+00
      vertex   5.971043e+01 -1.097766e+02 -9.500000e+00
      vertex   5.958329e+01 -1.096109e+02 -9.100000e+00
    endloop
  endfacet
  facet normal 7.933533e-01 6.087614e-01 0.000000e+00
    outer loop
      vertex   5.958329e+01 -1.096109e+02 -9.100000e+00
      vertex   5.971043e+01 -1.097766e+02 -9.500000e+00
      vertex   5.958329e+01 -1.096109e+02 -9.500000e+00
    endloop
  endfacet
  facet normal 9.238795e-01 3.826834e-01 0.000000e+00
    outer loop
      vertex   5.958329e+01 -1.096109e+02 -9.100000e+00
      vertex   5.958329e+01 -1.096109e+02 -9.500000e+00
      vertex   5.950337e+01 -1.094180e+02 -9.100000e+00
    endloop
  endfacet
  facet normal 9.238795e-01 3.826834e-01 0.000000e+00
    outer loop
      vertex   5.950337e+01 -1.094180e+02 -9.100000e+00
      vertex   5.958329e+01 -1.096109e+02 -9.500000e+00
      vertex   5.950337e+01 -1.094180e+02 -9.500000e+00
    endloop
  endfacet
  facet normal 9.914449e-01 1.305262e-01 0.000000e+00
    outer loop
      vertex   5.950337e+01 -1.094180e+02 -9.100000e+00
      vertex   5.950337e+01 -1.094180e+02 -9.500000e+00
      vertex   5.947611e+01 -1.092109e+02 -9.100000e+00
    endloop
  endfacet
  facet normal 9.914449e-01 1.305262e-01 0.000000e+00
    outer loop
      vertex   5.947611e+01 -1.092109e+02 -9.100000e+00
      vertex   5.950337e+01 -1.094180e+02 -9.500000e+00
      vertex   5.947611e+01 -1.092109e+02 -9.500000e+00
    endloop
  endfacet
  facet normal 1.000000e+00 0.000000e+00 0.000000e+00
    outer loop
      vertex   5.947611e+01 -1.092109e+02 -9.500000e+00
      vertex   5.947611e+01 -7.429220e+01 -9.500000e+00
      vertex   5.947611e+01 -1.092109e+02 -9.100000e+00
    endloop
  endfacet
  facet normal 1.000000e+00 -0.000000e+00 0.000000e+00
    outer loop
      vertex   5.947611e+01 -1.092109e+02 -9.100000e+00
      vertex   5.947611e+01 -7.429220e+01 -9.500000e+00
      vertex   5.947611e+01 -7.429220e+01 -9.100000e+00
    endloop
  endfacet
  facet normal 0.000000e+00 1.000000e+00 -0.000000e+00
    outer loop
      vertex   5.947611e+01 -7.429220e+01 -9.500000e+00
      vertex   5.687431e+01 -7.429220e+01 -9.500000e+00
      vertex   5.947611e+01 -7.429220e+01 -9.100000e+00
    endloop
  endfacet
  facet normal 0.000000e+00 1.000000e+00 0.000000e+00
    outer loop
      vertex   5.947611e+01 -7.429220e+01 -9.100000e+00
      vertex   5.687431e+01 -7.429220e+01 -9.500000e+00
      vertex   5.687431e+01 -7.429220e+01 -9.100000e+00
    endloop
  endfacet
  facet normal 1.305262e-01 9.914449e-01 0.000000e+00
    outer loop
      vertex   5.687431e+01 -7.429220e+01 -9.100000e+00
      vertex   5.687431e+01 -7.429220e+01 -9.500000e+00
      vertex   5.666726e+01 -7.426494e+01 -9.100000e+00
    endloop
  endfacet
  facet normal 1.305262e-01 9.914449e-01 0.000000e+00
    outer loop
      vertex   5.666726e+01 -7.426494e+01 -9.100000e+00
      vertex   5.687431e+01 -7.429220e+01 -9.500000e+00
      vertex   5.666726e+01 -7.426494e+01 -9.500000e+00
    endloop
  endfacet
  facet normal 3.826834e-01 9.238795e-01 0.000000e+00
    outer loop
      vertex   5.666726e+01 -7.426494e+01 -9.100000e+00
      vertex   5.666726e+01 -7.426494e+01 -9.500000e+00
      vertex   5.647431e+01 -7.418502e+01 -9.100000e+00
    endloop
  endfacet
  facet normal 3.826834e-01 9.238795e-01 0.000000e+00
    outer loop
      vertex   5.647431e+01 -7.418502e+01 -9.100000e+00
      vertex   5.666726e+01 -7.426494e+01 -9.500000e+00
      vertex   5.647431e+01 -7.418502e+01 -9.500000e+00
    endloop
  endfacet
  facet normal 6.087614e-01 7.933533e-01 0.000000e+00
    outer loop
      vertex   5.647431e+01 -7.418502e+01 -9.100000e+00
      vertex   5.647431e+01 -7.418502e+01 -9.500000e+00
      vertex   5.630863e+01 -7.405788e+01 -9.100000e+00
    endloop
  endfacet
  facet normal 6.087614e-01 7.933533e-01 0.000000e+00
    outer loop
      vertex   5.630863e+01 -7.405788e+01 -9.100000e+00
      vertex   5.647431e+01 -7.418502e+01 -9.500000e+00
      vertex   5.630863e+01 -7.405788e+01 -9.500000e+00
    endloop
  endfacet
  facet normal 7.933533e-01 6.087614e-01 0.000000e+00
    outer loop
      vertex   5.630863e+01 -7.405788e+01 -9.100000e+00
      vertex   5.630863e+01 -7.405788e+01 -9.500000e+00
      vertex   5.618149e+01 -7.389220e+01 -9.100000e+00
    endloop
  endfacet
  facet normal 7.933533e-01 6.087614e-01 0.000000e+00
    outer loop
      vertex   5.618149e+01 -7.389220e+01 -9.100000e+00
      vertex   5.630863e+01 -7.405788e+01 -9.500000e+00
      vertex   5.618149e+01 -7.389220e+01 -9.500000e+00
    endloop
  endfacet
  facet normal 9.238795e-01 3.826834e-01 0.000000e+00
    outer loop
      vertex   5.618149e+01 -7.389220e+01 -9.100000e+00
      vertex   5.618149e+01 -7.389220e+01 -9.500000e+00
      vertex   5.610157e+01 -7.369925e+01 -9.100000e+00
    endloop
  endfacet
  facet normal 9.238795e-01 3.826834e-01 0.000000e+00
    outer loop
      vertex   5.610157e+01 -7.369925e+01 -9.100000e+00
      vertex   5.618149e+01 -7.389220e+01 -9.500000e+00
      vertex   5.610157e+01 -7.369925e+01 -9.500000e+00
    endloop
  endfacet
  facet normal 9.914449e-01 1.305262e-01 0.000000e+00
    outer loop
      vertex   5.610157e+01 -7.369925e+01 -9.100000e+00
      vertex   5.610157e+01 -7.369925e+01 -9.500000e+00
      vertex   5.607431e+01 -7.349220e+01 -9.100000e+00
    endloop
  endfacet
  facet normal 9.914449e-01 1.305262e-01 0.000000e+00
    outer loop
      vertex   5.607431e+01 -7.349220e+01 -9.100000e+00
      vertex   5.610157e+01 -7.369925e+01 -9.500000e+00
      vertex   5.607431e+01 -7.349220e+01 -9.500000e+00
    endloop
  endfacet
  facet normal 9.914449e-01 -1.305262e-01 0.000000e+00
    outer loop
      vertex   5.607431e+01 -7.349220e+01 -9.100000e+00
      vertex   5.607431e+01 -7.349220e+01 -9.500000e+00
      vertex   5.610157e+01 -7.328514e+01 -9.100000e+00
    endloop
  endfacet
  facet normal 9.914449e-01 -1.305262e-01 0.000000e+00
    outer loop
      vertex   5.610157e+01 -7.328514e+01 -9.100000e+00
      vertex   5.607431e+01 -7.349220e+01 -9.500000e+00
      vertex   5.610157e+01 -7.328514e+01 -9.500000e+00
    endloop
  endfacet
  facet normal 9.238795e-01 -3.826834e-01 0.000000e+00
    outer loop
      vertex   5.610157e+01 -7.328514e+01 -9.100000e+00
      vertex   5.610157e+01 -7.328514e+01 -9.500000e+00
      vertex   5.618149e+01 -7.309220e+01 -9.100000e+00
    endloop
  endfacet
  facet normal 9.238795e-01 -3.826834e-01 0.000000e+00
    outer loop
      vertex   5.618149e+01 -7.309220e+01 -9.100000e+00
      vertex   5.610157e+01 -7.328514e+01 -9.500000e+00
      vertex   5.618149e+01 -7.309220e+01 -9.500000e+00
    endloop
  endfacet
  facet normal 7.933533e-01 -6.087614e-01 0.000000e+00
    outer loop
      vertex   5.618149e+01 -7.309220e+01 -9.100000e+00
      vertex   5.618149e+01 -7.309220e+01 -9.500000e+00
      vertex   5.630863e+01 -7.292651e+01 -9.100000e+00
    endloop
  endfacet
  facet normal 7.933533e-01 -6.087614e-01 0.000000e+00
    outer loop
      vertex   5.630863e+01 -7.292651e+01 -9.100000e+00
      vertex   5.618149e+01 -7.309220e+01 -9.500000e+00
      vertex   5.630863e+01 -7.292651e+01 -9.500000e+00
    endloop
  endfacet
  facet normal 6.087614e-01 -7.933533e-01 0.000000e+00
    outer loop
      vertex   5.630863e+01 -7.292651e+01 -9.100000e+00
      vertex   5.630863e+01 -7.292651e+01 -9.500000e+00
      vertex   5.647431e+01 -7.279938e+01 -9.100000e+00
    endloop
  endfacet
  facet normal 6.087614e-01 -7.933533e-01 0.000000e+00
    outer loop
      vertex   5.647431e+01 -7.279938e+01 -9.100000e+00
      vertex   5.630863e+01 -7.292651e+01 -9.500000e+00
      vertex   5.647431e+01 -7.279938e+01 -9.500000e+00
    endloop
  endfacet
  facet normal 3.826834e-01 -9.238795e-01 0.000000e+00
    outer loop
      vertex   5.647431e+01 -7.279938e+01 -9.100000e+00
      vertex   5.647431e+01 -7.279938e+01 -9.500000e+00
      vertex   5.666726e+01 -7.271946e+01 -9.100000e+00
    endloop
  endfacet
  facet normal 3.826834e-01 -9.238795e-01 0.000000e+00
    outer loop
      vertex   5.666726e+01 -7.271946e+01 -9.100000e+00
      vertex   5.647431e+01 -7.279938e+01 -9.500000e+00
      vertex   5.666726e+01 -7.271946e+01 -9.500000e+00
    endloop
  endfacet
  facet normal 1.305262e-01 -9.914449e-01 0.000000e+00
    outer loop
      vertex   5.666726e+01 -7.271946e+01 -9.100000e+00
      vertex   5.666726e+01 -7.271946e+01 -9.500000e+00
      vertex   5.687431e+01 -7.269220e+01 -9.100000e+00
    endloop
  endfacet
  facet normal 1.305262e-01 -9.914449e-01 0.000000e+00
    outer loop
      vertex   5.687431e+01 -7.269220e+01 -9.100000e+00
      vertex   5.666726e+01 -7.271946e+01 -9.500000e+00
      vertex   5.687431e+01 -7.269220e+01 -9.500000e+00
    endloop
  endfacet
  facet normal 0.000000e+00 -1.000000e+00 0.000000e+00
    outer loop
      vertex   5.687431e+01 -7.269220e+01 -9.500000e+00
      vertex   6.367792e+01 -7.269220e+01 -9.500000e+00
      vertex   5.687431e+01 -7.269220e+01 -9.100000e+00
    endloop
  endfacet
  facet normal 0.000000e+00 -1.000000e+00 0.000000e+00
    outer loop
      vertex   5.687431e+01 -7.269220e+01 -9.100000e+00
      vertex   6.367792e+01 -7.269220e+01 -9.500000e+00
      vertex   6.367792e+01 -7.269220e+01 -9.100000e+00
    endloop
  endfacet
  facet normal -1.305262e-01 -9.914449e-01 -0.000000e+00
    outer loop
      vertex   6.367792e+01 -7.269220e+01 -9.100000e+00
      vertex   6.367792e+01 -7.269220e+01 -9.500000e+00
      vertex   6.388497e+01 -7.271946e+01 -9.100000e+00
    endloop
  endfacet
  facet normal -1.305262e-01 -9.914449e-01 -0.000000e+00
    outer loop
      vertex   6.388497e+01 -7.271946e+01 -9.100000e+00
      vertex   6.367792e+01 -7.269220e+01 -9.500000e+00
      vertex   6.388497e+01 -7.271946e+01 -9.500000e+00
    endloop
  endfacet
  facet normal -3.826834e-01 -9.238795e-01 -0.000000e+00
    outer loop
      vertex   6.388497e+01 -7.271946e+01 -9.100000e+00
      vertex   6.388497e+01 -7.271946e+01 -9.500000e+00
      vertex   6.407792e+01 -7.279938e+01 -9.100000e+00
    endloop
  endfacet
  facet normal -3.826834e-01 -9.238795e-01 -0.000000e+00
    outer loop
      vertex   6.407792e+01 -7.279938e+01 -9.100000e+00
      vertex   6.388497e+01 -7.271946e+01 -9.500000e+00
      vertex   6.407792e+01 -7.279938e+01 -9.500000e+00
    endloop
  endfacet
  facet normal -6.087614e-01 -7.933533e-01 -0.000000e+00
    outer loop
      vertex   6.407792e+01 -7.279938e+01 -9.100000e+00
      vertex   6.407792e+01 -7.279938e+01 -9.500000e+00
      vertex   6.424360e+01 -7.292651e+01 -9.100000e+00
    endloop
  endfacet
  facet normal -6.087614e-01 -7.933533e-01 -0.000000e+00
    outer loop
      vertex   6.424360e+01 -7.292651e+01 -9.100000e+00
      vertex   6.407792e+01 -7.279938e+01 -9.500000e+00
      vertex   6.424360e+01 -7.292651e+01 -9.500000e+00
    endloop
  endfacet
  facet normal -7.933533e-01 -6.087614e-01 -0.000000e+00
    outer loop
      vertex   6.424360e+01 -7.292651e+01 -9.100000e+00
      vertex   6.424360e+01 -7.292651e+01 -9.500000e+00
      vertex   6.437074e+01 -7.309220e+01 -9.100000e+00
    endloop
  endfacet
  facet normal -7.933533e-01 -6.087614e-01 -0.000000e+00
    outer loop
      vertex   6.437074e+01 -7.309220e+01 -9.100000e+00
      vertex   6.424360e+01 -7.292651e+01 -9.500000e+00
      vertex   6.437074e+01 -7.309220e+01 -9.500000e+00
    endloop
  endfacet
  facet normal -9.238795e-01 -3.826834e-01 -0.000000e+00
    outer loop
      vertex   6.437074e+01 -7.309220e+01 -9.100000e+00
      vertex   6.437074e+01 -7.309220e+01 -9.500000e+00
      vertex   6.445066e+01 -7.328514e+01 -9.100000e+00
    endloop
  endfacet
  facet normal -9.238795e-01 -3.826834e-01 -0.000000e+00
    outer loop
      vertex   6.445066e+01 -7.328514e+01 -9.100000e+00
      vertex   6.437074e+01 -7.309220e+01 -9.500000e+00
      vertex   6.445066e+01 -7.328514e+01 -9.500000e+00
    endloop
  endfacet
  facet normal -9.914449e-01 -1.305262e-01 -0.000000e+00
    outer loop
      vertex   6.445066e+01 -7.328514e+01 -9.100000e+00
      vertex   6.445066e+01 -7.328514e+01 -9.500000e+00
      vertex   6.447792e+01 -7.349220e+01 -9.100000e+00
    endloop
  endfacet
  facet normal -9.914449e-01 -1.305262e-01 -0.000000e+00
    outer loop
      vertex   6.447792e+01 -7.349220e+01 -9.100000e+00
      vertex   6.445066e+01 -7.328514e+01 -9.500000e+00
      vertex   6.447792e+01 -7.349220e+01 -9.500000e+00
    endloop
  endfacet
  facet normal -9.914449e-01 1.305262e-01 0.000000e+00
    outer loop
      vertex   6.447792e+01 -7.349220e+01 -9.100000e+00
      vertex   6.447792e+01 -7.349220e+01 -9.500000e+00
      vertex   6.445066e+01 -7.369925e+01 -9.100000e+00
    endloop
  endfacet
  facet normal -9.914449e-01 1.305262e-01 0.000000e+00
    outer loop
      vertex   6.445066e+01 -7.369925e+01 -9.100000e+00
      vertex   6.447792e+01 -7.349220e+01 -9.500000e+00
      vertex   6.445066e+01 -7.369925e+01 -9.500000e+00
    endloop
  endfacet
  facet normal -9.238795e-01 3.826834e-01 0.000000e+00
    outer loop
      vertex   6.445066e+01 -7.369925e+01 -9.100000e+00
      vertex   6.445066e+01 -7.369925e+01 -9.500000e+00
      vertex   6.437074e+01 -7.389220e+01 -9.100000e+00
    endloop
  endfacet
  facet normal -9.238795e-01 3.826834e-01 0.000000e+00
    outer loop
      vertex   6.437074e+01 -7.389220e+01 -9.100000e+00
      vertex   6.445066e+01 -7.369925e+01 -9.500000e+00
      vertex   6.437074e+01 -7.389220e+01 -9.500000e+00
    endloop
  endfacet
  facet normal -7.933533e-01 6.087614e-01 0.000000e+00
    outer loop
      vertex   6.437074e+01 -7.389220e+01 -9.100000e+00
      vertex   6.437074e+01 -7.389220e+01 -9.500000e+00
      vertex   6.424360e+01 -7.405788e+01 -9.100000e+00
    endloop
  endfacet
  facet normal -7.933533e-01 6.087614e-01 0.000000e+00
    outer loop
      vertex   6.424360e+01 -7.405788e+01 -9.100000e+00
      vertex   6.437074e+01 -7.389220e+01 -9.500000e+00
      vertex   6.424360e+01 -7.405788e+01 -9.500000e+00
    endloop
  endfacet
  facet normal -6.087614e-01 7.933533e-01 0.000000e+00
    outer loop
      vertex   6.424360e+01 -7.405788e+01 -9.100000e+00
      vertex   6.424360e+01 -7.405788e+01 -9.500000e+00
      vertex   6.407792e+01 -7.418502e+01 -9.100000e+00
    endloop
  endfacet
  facet normal -6.087614e-01 7.933533e-01 0.000000e+00
    outer loop
      vertex   6.407792e+01 -7.418502e+01 -9.100000e+00
      vertex   6.424360e+01 -7.405788e+01 -9.500000e+00
      vertex   6.407792e+01 -7.418502e+01 -9.500000e+00
    endloop
  endfacet
  facet normal -3.826834e-01 9.238795e-01 0.000000e+00
    outer loop
      vertex   6.407792e+01 -7.418502e+01 -9.100000e+00
      vertex   6.407792e+01 -7.418502e+01 -9.500000e+00
      vertex   6.388497e+01 -7.426494e+01 -9.100000e+00
    endloop
  endfacet
  facet normal -3.826834e-01 9.238795e-01 0.000000e+00
    outer loop
      vertex   6.388497e+01 -7.426494e+01 -9.100000e+00
      vertex   6.407792e+01 -7.418502e+01 -9.500000e+00
      vertex   6.388497e+01 -7.426494e+01 -9.500000e+00
    endloop
  endfacet
  facet normal -1.305262e-01 9.914449e-01 0.000000e+00
    outer loop
      vertex   6.388497e+01 -7.426494e+01 -9.100000e+00
      vertex   6.388497e+01 -7.426494e+01 -9.500000e+00
      vertex   6.367792e+01 -7.429220e+01 -9.100000e+00
    endloop
  endfacet
  facet normal -1.305262e-01 9.914449e-01 0.000000e+00
    outer loop
      vertex   6.367792e+01 -7.429220e+01 -9.100000e+00
      vertex   6.388497e+01 -7.426494e+01 -9.500000e+00
      vertex   6.367792e+01 -7.429220e+01 -9.500000e+00
    endloop
  endfacet
  facet normal -0.000000e+00 0.000000e+00 -1.000000e+00
    outer loop
      vertex   6.388497e+01 -7.271946e+01 -9.100000e+00
      vertex   6.367792e+01 -7.429220e+01 -9.100000e+00
      vertex   6.367792e+01 -7.269220e+01 -9.100000e+00
    endloop
  endfacet
  facet normal 0.000000e+00 -0.000000e+00 -1.000000e+00
    outer loop
      vertex   6.367792e+01 -7.269220e+01 -9.100000e+00
      vertex   6.367792e+01 -7.429220e+01 -9.100000e+00
      vertex   6.107611e+01 -7.429220e+01 -9.100000e+00
    endloop
  endfacet
  facet normal 0.000000e+00 0.000000e+00 -1.000000e+00
    outer loop
      vertex   6.367792e+01 -7.269220e+01 -9.100000e+00
      vertex   6.107611e+01 -7.429220e+01 -9.100000e+00
      vertex   5.947611e+01 -7.429220e+01 -9.100000e+00
    endloop
  endfacet
  facet normal 0.000000e+00 0.000000e+00 -1.000000e+00
    outer loop
      vertex   5.947611e+01 -7.429220e+01 -9.100000e+00
      vertex   6.107611e+01 -7.429220e+01 -9.100000e+00
      vertex   5.947611e+01 -1.092109e+02 -9.100000e+00
    endloop
  endfacet
  facet normal 0.000000e+00 0.000000e+00 -1.000000e+00
    outer loop
      vertex   5.947611e+01 -1.092109e+02 -9.100000e+00
      vertex   6.107611e+01 -7.429220e+01 -9.100000e+00
      vertex   6.107611e+01 -1.092109e+02 -9.100000e+00
    endloop
  endfacet
  facet normal 0.000000e+00 0.000000e+00 -1.000000e+00
    outer loop
      vertex   5.947611e+01 -1.092109e+02 -9.100000e+00
      vertex   6.107611e+01 -1.092109e+02 -9.100000e+00
      vertex   6.027611e+01 -1.100109e+02 -9.100000e+00
    endloop
  endfacet
  facet normal 0.000000e+00 0.000000e+00 -1.000000e+00
    outer loop
      vertex   6.027611e+01 -1.100109e+02 -9.100000e+00
      vertex   6.107611e+01 -1.092109e+02 -9.100000e+00
      vertex   6.048317e+01 -1.099837e+02 -9.100000e+00
    endloop
  endfacet
  facet normal 0.000000e+00 0.000000e+00 -1.000000e+00
    outer loop
      vertex   6.048317e+01 -1.099837e+02 -9.100000e+00
      vertex   6.107611e+01 -1.092109e+02 -9.100000e+00
      vertex   6.067611e+01 -1.099038e+02 -9.100000e+00
    endloop
  endfacet
  facet normal 0.000000e+00 0.000000e+00 -1.000000e+00
    outer loop
      vertex   6.067611e+01 -1.099038e+02 -9.100000e+00
      vertex   6.107611e+01 -1.092109e+02 -9.100000e+00
      vertex   6.084180e+01 -1.097766e+02 -9.100000e+00
    endloop
  endfacet
  facet normal 0.000000e+00 0.000000e+00 -1.000000e+00
    outer loop
      vertex   6.084180e+01 -1.097766e+02 -9.100000e+00
      vertex   6.107611e+01 -1.092109e+02 -9.100000e+00
      vertex   6.096893e+01 -1.096109e+02 -9.100000e+00
    endloop
  endfacet
  facet normal 0.000000e+00 0.000000e+00 -1.000000e+00
    outer loop
      vertex   6.096893e+01 -1.096109e+02 -9.100000e+00
      vertex   6.107611e+01 -1.092109e+02 -9.100000e+00
      vertex   6.104885e+01 -1.094180e+02 -9.100000e+00
    endloop
  endfacet
  facet normal 0.000000e+00 0.000000e+00 -1.000000e+00
    outer loop
      vertex   6.367792e+01 -7.429220e+01 -9.100000e+00
      vertex   6.388497e+01 -7.271946e+01 -9.100000e+00
      vertex   6.388497e+01 -7.426494e+01 -9.100000e+00
    endloop
  endfacet
  facet normal 0.000000e+00 0.000000e+00 -1.000000e+00
    outer loop
      vertex   6.388497e+01 -7.426494e+01 -9.100000e+00
      vertex   6.388497e+01 -7.271946e+01 -9.100000e+00
      vertex   6.407792e+01 -7.279938e+01 -9.100000e+00
    endloop
  endfacet
  facet normal 0.000000e+00 0.000000e+00 -1.000000e+00
    outer loop
      vertex   6.388497e+01 -7.426494e+01 -9.100000e+00
      vertex   6.407792e+01 -7.279938e+01 -9.100000e+00
      vertex   6.407792e+01 -7.418502e+01 -9.100000e+00
    endloop
  endfacet
  facet normal 0.000000e+00 0.000000e+00 -1.000000e+00
    outer loop
      vertex   6.407792e+01 -7.418502e+01 -9.100000e+00
      vertex   6.407792e+01 -7.279938e+01 -9.100000e+00
      vertex   6.424360e+01 -7.292651e+01 -9.100000e+00
    endloop
  endfacet
  facet normal 0.000000e+00 0.000000e+00 -1.000000e+00
    outer loop
      vertex   6.407792e+01 -7.418502e+01 -9.100000e+00
      vertex   6.424360e+01 -7.292651e+01 -9.100000e+00
      vertex   6.424360e+01 -7.405788e+01 -9.100000e+00
    endloop
  endfacet
  facet normal 0.000000e+00 0.000000e+00 -1.000000e+00
    outer loop
      vertex   6.424360e+01 -7.405788e+01 -9.100000e+00
      vertex   6.424360e+01 -7.292651e+01 -9.100000e+00
      vertex   6.437074e+01 -7.309220e+01 -9.100000e+00
    endloop
  endfacet
  facet normal 0.000000e+00 0.000000e+00 -1.000000e+00
    outer loop
      vertex   6.424360e+01 -7.405788e+01 -9.100000e+00
      vertex   6.437074e+01 -7.309220e+01 -9.100000e+00
      vertex   6.437074e+01 -7.389220e+01 -9.100000e+00
    endloop
  endfacet
  facet normal 0.000000e+00 0.000000e+00 -1.000000e+00
    outer loop
      vertex   6.437074e+01 -7.389220e+01 -9.100000e+00
      vertex   6.437074e+01 -7.309220e+01 -9.100000e+00
      vertex   6.445066e+01 -7.328514e+01 -9.100000e+00
    endloop
  endfacet
  facet normal 0.000000e+00 0.000000e+00 -1.000000e+00
    outer loop
      vertex   6.437074e+01 -7.389220e+01 -9.100000e+00
      vertex   6.445066e+01 -7.328514e+01 -9.100000e+00
      vertex   6.445066e+01 -7.369925e+01 -9.100000e+00
    endloop
  endfacet
  facet normal 0.000000e+00 0.000000e+00 -1.000000e+00
    outer loop
      vertex   6.445066e+01 -7.369925e+01 -9.100000e+00
      vertex   6.445066e+01 -7.328514e+01 -9.100000e+00
      vertex   6.447792e+01 -7.349220e+01 -9.100000e+00
    endloop
  endfacet
  facet normal 0.000000e+00 0.000000e+00 -1.000000e+00
    outer loop
      vertex   6.027611e+01 -1.100109e+02 -9.100000e+00
      vertex   6.006906e+01 -1.099837e+02 -9.100000e+00
      vertex   5.947611e+01 -1.092109e+02 -9.100000e+00
    endloop
  endfacet
  facet normal 0.000000e+00 0.000000e+00 -1.000000e+00
    outer loop
      vertex   5.947611e+01 -1.092109e+02 -9.100000e+00
      vertex   6.006906e+01 -1.099837e+02 -9.100000e+00
      vertex   5.987611e+01 -1.099038e+02 -9.100000e+00
    endloop
  endfacet
  facet normal 0.000000e+00 0.000000e+00 -1.000000e+00
    outer loop
      vertex   5.947611e+01 -1.092109e+02 -9.100000e+00
      vertex   5.987611e+01 -1.099038e+02 -9.100000e+00
      vertex   5.971043e+01 -1.097766e+02 -9.100000e+00
    endloop
  endfacet
  facet normal 0.000000e+00 0.000000e+00 -1.000000e+00
    outer loop
      vertex   5.971043e+01 -1.097766e+02 -9.100000e+00
      vertex   5.958329e+01 -1.096109e+02 -9.100000e+00
      vertex   5.947611e+01 -1.092109e+02 -9.100000e+00
    endloop
  endfacet
  facet normal 0.000000e+00 0.000000e+00 -1.000000e+00
    outer loop
      vertex   5.947611e+01 -1.092109e+02 -9.100000e+00
      vertex   5.958329e+01 -1.096109e+02 -9.100000e+00
      vertex   5.950337e+01 -1.094180e+02 -9.100000e+00
    endloop
  endfacet
  facet normal -0.000000e+00 0.000000e+00 -1.000000e+00
    outer loop
      vertex   6.367792e+01 -7.269220e+01 -9.100000e+00
      vertex   5.947611e+01 -7.429220e+01 -9.100000e+00
      vertex   5.687431e+01 -7.269220e+01 -9.100000e+00
    endloop
  endfacet
  facet normal 0.000000e+00 0.000000e+00 -1.000000e+00
    outer loop
      vertex   5.687431e+01 -7.269220e+01 -9.100000e+00
      vertex   5.947611e+01 -7.429220e+01 -9.100000e+00
      vertex   5.687431e+01 -7.429220e+01 -9.100000e+00
    endloop
  endfacet
  facet normal 0.000000e+00 -0.000000e+00 -1.000000e+00
    outer loop
      vertex   5.687431e+01 -7.269220e+01 -9.100000e+00
      vertex   5.687431e+01 -7.429220e+01 -9.100000e+00
      vertex   5.666726e+01 -7.271946e+01 -9.100000e+00
    endloop
  endfacet
  facet normal 0.000000e+00 0.000000e+00 -1.000000e+00
    outer loop
      vertex   5.666726e+01 -7.271946e+01 -9.100000e+00
      vertex   5.687431e+01 -7.429220e+01 -9.100000e+00
      vertex   5.666726e+01 -7.426494e+01 -9.100000e+00
    endloop
  endfacet
  facet normal 0.000000e+00 -0.000000e+00 -1.000000e+00
    outer loop
      vertex   5.666726e+01 -7.271946e+01 -9.100000e+00
      vertex   5.666726e+01 -7.426494e+01 -9.100000e+00
      vertex   5.647431e+01 -7.279938e+01 -9.100000e+00
    endloop
  endfacet
  facet normal 0.000000e+00 0.000000e+00 -1.000000e+00
    outer loop
      vertex   5.647431e+01 -7.279938e+01 -9.100000e+00
      vertex   5.666726e+01 -7.426494e+01 -9.100000e+00
      vertex   5.647431e+01 -7.418502e+01 -9.100000e+00
    endloop
  endfacet
  facet normal 0.000000e+00 -0.000000e+00 -1.000000e+00
    outer loop
      vertex   5.647431e+01 -7.279938e+01 -9.100000e+00
      vertex   5.647431e+01 -7.418502e+01 -9.100000e+00
      vertex   5.630863e+01 -7.292651e+01 -9.100000e+00
    endloop
  endfacet
  facet normal 0.000000e+00 0.000000e+00 -1.000000e+00
    outer loop
      vertex   5.630863e+01 -7.292651e+01 -9.100000e+00
      vertex   5.647431e+01 -7.418502e+01 -9.100000e+00
      vertex   5.630863e+01 -7.405788e+01 -9.100000e+00
    endloop
  endfacet
  facet normal 0.000000e+00 -0.000000e+00 -1.000000e+00
    outer loop
      vertex   5.630863e+01 -7.292651e+01 -9.100000e+00
      vertex   5.630863e+01 -7.405788e+01 -9.100000e+00
      vertex   5.618149e+01 -7.309220e+01 -9.100000e+00
    endloop
  endfacet
  facet normal 0.000000e+00 0.000000e+00 -1.000000e+00
    outer loop
      vertex   5.618149e+01 -7.309220e+01 -9.100000e+00
      vertex   5.630863e+01 -7.405788e+01 -9.100000e+00
      vertex   5.618149e+01 -7.389220e+01 -9.100000e+00
    endloop
  endfacet
  facet normal 0.000000e+00 -0.000000e+00 -1.000000e+00
    outer loop
      vertex   5.618149e+01 -7.309220e+01 -9.100000e+00
      vertex   5.618149e+01 -7.389220e+01 -9.100000e+00
      vertex   5.610157e+01 -7.328514e+01 -9.100000e+00
    endloop
  endfacet
  facet normal 0.000000e+00 0.000000e+00 -1.000000e+00
    outer loop
      vertex   5.610157e+01 -7.328514e+01 -9.100000e+00
      vertex   5.618149e+01 -7.389220e+01 -9.100000e+00
      vertex   5.610157e+01 -7.369925e+01 -9.100000e+00
    endloop
  endfacet
  facet normal 0.000000e+00 -0.000000e+00 -1.000000e+00
    outer loop
      vertex   5.610157e+01 -7.328514e+01 -9.100000e+00
      vertex   5.610157e+01 -7.369925e+01 -9.100000e+00
      vertex   5.607431e+01 -7.349220e+01 -9.100000e+00
    endloop
  endfacet
  facet normal 8.320594e-01 -5.546865e-01 0.000000e+00
    outer loop
      vertex   9.816407e+01 -8.665560e+01 -9.500000e+00
      vertex   9.929797e+01 -8.495470e+01 -9.500000e+00
      vertex   9.816407e+01 -8.665560e+01 -9.100000e+00
    endloop
  endfacet
  facet normal 8.320594e-01 -5.546865e-01 0.000000e+00
    outer loop
      vertex   9.816407e+01 -8.665560e+01 -9.100000e+00
      vertex   9.929797e+01 -8.495470e+01 -9.500000e+00
      vertex   9.929797e+01 -8.495470e+01 -9.100000e+00
    endloop
  endfacet
  facet normal 7.578157e-01 -6.524686e-01 0.000000e+00
    outer loop
      vertex   9.929797e+01 -8.495470e+01 -9.100000e+00
      vertex   9.929797e+01 -8.495470e+01 -9.500000e+00
      vertex   9.942589e+01 -8.480611e+01 -9.100000e+00
    endloop
  endfacet
  facet normal 7.578157e-01 -6.524686e-01 0.000000e+00
    outer loop
      vertex   9.942589e+01 -8.480611e+01 -9.100000e+00
      vertex   9.929797e+01 -8.495470e+01 -9.500000e+00
      vertex   9.942589e+01 -8.480611e+01 -9.500000e+00
    endloop
  endfacet
  facet normal 5.763510e-01 -8.172023e-01 0.000000e+00
    outer loop
      vertex   9.942589e+01 -8.480611e+01 -9.100000e+00
      vertex   9.942589e+01 -8.480611e+01 -9.500000e+00
      vertex   9.958612e+01 -8.469311e+01 -9.100000e+00
    endloop
  endfacet
  facet normal 5.763510e-01 -8.172023e-01 0.000000e+00
    outer loop
      vertex   9.958612e+01 -8.469311e+01 -9.100000e+00
      vertex   9.942589e+01 -8.480611e+01 -9.500000e+00
      vertex   9.958612e+01 -8.469311e+01 -9.500000e+00
    endloop
  endfacet
  facet normal 3.602667e-01 -9.328493e-01 0.000000e+00
    outer loop
      vertex   9.958612e+01 -8.469311e+01 -9.100000e+00
      vertex   9.958612e+01 -8.469311e+01 -9.500000e+00
      vertex   9.976902e+01 -8.462247e+01 -9.100000e+00
    endloop
  endfacet
  facet normal 3.602667e-01 -9.328493e-01 0.000000e+00
    outer loop
      vertex   9.976902e+01 -8.462247e+01 -9.100000e+00
      vertex   9.958612e+01 -8.469311e+01 -9.500000e+00
      vertex   9.976902e+01 -8.462247e+01 -9.500000e+00
    endloop
  endfacet
  facet normal 1.225425e-01 -9.924633e-01 0.000000e+00
    outer loop
      vertex   9.976902e+01 -8.462247e+01 -9.100000e+00
      vertex   9.976902e+01 -8.462247e+01 -9.500000e+00
      vertex   9.996361e+01 -8.459845e+01 -9.100000e+00
    endloop
  endfacet
  facet normal 1.225425e-01 -9.924633e-01 0.000000e+00
    outer loop
      vertex   9.996361e+01 -8.459845e+01 -9.100000e+00
      vertex   9.976902e+01 -8.462247e+01 -9.500000e+00
      vertex   9.996361e+01 -8.459845e+01 -9.500000e+00
    endloop
  endfacet
  facet normal 0.000000e+00 -1.000000e+00 0.000000e+00
    outer loop
      vertex   9.996361e+01 -8.459845e+01 -9.500000e+00
      vertex   1.016646e+02 -8.459845e+01 -9.500000e+00
      vertex   9.996361e+01 -8.459845e+01 -9.100000e+00
    endloop
  endfacet
  facet normal 0.000000e+00 -1.000000e+00 0.000000e+00
    outer loop
      vertex   9.996361e+01 -8.459845e+01 -9.100000e+00
      vertex   1.016646e+02 -8.459845e+01 -9.500000e+00
      vertex   1.016646e+02 -8.459845e+01 -9.100000e+00
    endloop
  endfacet
  facet normal -1.225282e-01 -9.924650e-01 -0.000000e+00
    outer loop
      vertex   1.016646e+02 -8.459845e+01 -9.100000e+00
      vertex   1.016646e+02 -8.459845e+01 -9.500000e+00
      vertex   1.018591e+02 -8.462247e+01 -9.100000e+00
    endloop
  endfacet
  facet normal -1.225282e-01 -9.924650e-01 -0.000000e+00
    outer loop
      vertex   1.018591e+02 -8.462247e+01 -9.100000e+00
      vertex   1.016646e+02 -8.459845e+01 -9.500000e+00
      vertex   1.018591e+02 -8.462247e+01 -9.500000e+00
    endloop
  endfacet
  facet normal -3.602265e-01 -9.328649e-01 -0.000000e+00
    outer loop
      vertex   1.018591e+02 -8.462247e+01 -9.100000e+00
      vertex   1.018591e+02 -8.462247e+01 -9.500000e+00
      vertex   1.020420e+02 -8.469309e+01 -9.100000e+00
    endloop
  endfacet
  facet normal -3.602265e-01 -9.328649e-01 -0.000000e+00
    outer loop
      vertex   1.020420e+02 -8.469309e+01 -9.100000e+00
      vertex   1.018591e+02 -8.462247e+01 -9.500000e+00
      vertex   1.020420e+02 -8.469309e+01 -9.500000e+00
    endloop
  endfacet
  facet normal -5.762922e-01 -8.172437e-01 -0.000000e+00
    outer loop
      vertex   1.020420e+02 -8.469309e+01 -9.100000e+00
      vertex   1.020420e+02 -8.469309e+01 -9.500000e+00
      vertex   1.022022e+02 -8.480607e+01 -9.100000e+00
    endloop
  endfacet
  facet normal -5.762922e-01 -8.172437e-01 -0.000000e+00
    outer loop
      vertex   1.022022e+02 -8.480607e+01 -9.100000e+00
      vertex   1.020420e+02 -8.469309e+01 -9.500000e+00
      vertex   1.022022e+02 -8.480607e+01 -9.500000e+00
    endloop
  endfacet
  facet normal -7.577501e-01 -6.525449e-01 -0.000000e+00
    outer loop
      vertex   1.022022e+02 -8.480607e+01 -9.100000e+00
      vertex   1.022022e+02 -8.480607e+01 -9.500000e+00
      vertex   1.023302e+02 -8.495462e+01 -9.100000e+00
    endloop
  endfacet
  facet normal -7.577501e-01 -6.525449e-01 -0.000000e+00
    outer loop
      vertex   1.023302e+02 -8.495462e+01 -9.100000e+00
      vertex   1.022022e+02 -8.480607e+01 -9.500000e+00
      vertex   1.023302e+02 -8.495462e+01 -9.500000e+00
    endloop
  endfacet
  facet normal -8.319956e-01 -5.547822e-01 0.000000e+00
    outer loop
      vertex   1.023302e+02 -8.495462e+01 -9.500000e+00
      vertex   1.033656e+02 -8.650744e+01 -9.500000e+00
      vertex   1.023302e+02 -8.495462e+01 -9.100000e+00
    endloop
  endfacet
  facet normal -8.319956e-01 -5.547822e-01 0.000000e+00
    outer loop
      vertex   1.023302e+02 -8.495462e+01 -9.100000e+00
      vertex   1.033656e+02 -8.650744e+01 -9.500000e+00
      vertex   1.033656e+02 -8.650744e+01 -9.100000e+00
    endloop
  endfacet
  facet normal 8.320594e-01 -5.546865e-01 0.000000e+00
    outer loop
      vertex   1.033656e+02 -8.650744e+01 -9.500000e+00
      vertex   1.044007e+02 -8.495470e+01 -9.500000e+00
      vertex   1.033656e+02 -8.650744e+01 -9.100000e+00
    endloop
  endfacet
  facet normal 8.320594e-01 -5.546865e-01 0.000000e+00
    outer loop
      vertex   1.033656e+02 -8.650744e+01 -9.100000e+00
      vertex   1.044007e+02 -8.495470e+01 -9.500000e+00
      vertex   1.044007e+02 -8.495470e+01 -9.100000e+00
    endloop
  endfacet
  facet normal 7.578157e-01 -6.524686e-01 0.000000e+00
    outer loop
      vertex   1.044007e+02 -8.495470e+01 -9.100000e+00
      vertex   1.044007e+02 -8.495470e+01 -9.500000e+00
      vertex   1.045287e+02 -8.480611e+01 -9.100000e+00
    endloop
  endfacet
  facet normal 7.578157e-01 -6.524686e-01 0.000000e+00
    outer loop
      vertex   1.045287e+02 -8.480611e+01 -9.100000e+00
      vertex   1.044007e+02 -8.495470e+01 -9.500000e+00
      vertex   1.045287e+02 -8.480611e+01 -9.500000e+00
    endloop
  endfacet
  facet normal 5.763510e-01 -8.172023e-01 0.000000e+00
    outer loop
      vertex   1.045287e+02 -8.480611e+01 -9.100000e+00
      vertex   1.045287e+02 -8.480611e+01 -9.500000e+00
      vertex   1.046889e+02 -8.469311e+01 -9.100000e+00
    endloop
  endfacet
  facet normal 5.763510e-01 -8.172023e-01 0.000000e+00
    outer loop
      vertex   1.046889e+02 -8.469311e+01 -9.100000e+00
      vertex   1.045287e+02 -8.480611e+01 -9.500000e+00
      vertex   1.046889e+02 -8.469311e+01 -9.500000e+00
    endloop
  endfacet
  facet normal 3.602667e-01 -9.328493e-01 0.000000e+00
    outer loop
      vertex   1.046889e+02 -8.469311e+01 -9.100000e+00
      vertex   1.046889e+02 -8.469311e+01 -9.500000e+00
      vertex   1.048718e+02 -8.462247e+01 -9.100000e+00
    endloop
  endfacet
  facet normal 3.602667e-01 -9.328493e-01 0.000000e+00
    outer loop
      vertex   1.048718e+02 -8.462247e+01 -9.100000e+00
      vertex   1.046889e+02 -8.469311e+01 -9.500000e+00
      vertex   1.048718e+02 -8.462247e+01 -9.500000e+00
    endloop
  endfacet
  facet normal 1.225425e-01 -9.924633e-01 0.000000e+00
    outer loop
      vertex   1.048718e+02 -8.462247e+01 -9.100000e+00
      vertex   1.048718e+02 -8.462247e+01 -9.500000e+00
      vertex   1.050664e+02 -8.459845e+01 -9.100000e+00
    endloop
  endfacet
  facet normal 1.225425e-01 -9.924633e-01 0.000000e+00
    outer loop
      vertex   1.050664e+02 -8.459845e+01 -9.100000e+00
      vertex   1.048718e+02 -8.462247e+01 -9.500000e+00
      vertex   1.050664e+02 -8.459845e+01 -9.500000e+00
    endloop
  endfacet
  facet normal 0.000000e+00 -1.000000e+00 0.000000e+00
    outer loop
      vertex   1.050664e+02 -8.459845e+01 -9.500000e+00
      vertex   1.067672e+02 -8.459845e+01 -9.500000e+00
      vertex   1.050664e+02 -8.459845e+01 -9.100000e+00
    endloop
  endfacet
  facet normal 0.000000e+00 -1.000000e+00 0.000000e+00
    outer loop
      vertex   1.050664e+02 -8.459845e+01 -9.100000e+00
      vertex   1.067672e+02 -8.459845e+01 -9.500000e+00
      vertex   1.067672e+02 -8.459845e+01 -9.100000e+00
    endloop
  endfacet
  facet normal -1.225241e-01 -9.924655e-01 -0.000000e+00
    outer loop
      vertex   1.067672e+02 -8.459845e+01 -9.100000e+00
      vertex   1.067672e+02 -8.459845e+01 -9.500000e+00
      vertex   1.069618e+02 -8.462247e+01 -9.100000e+00
    endloop
  endfacet
  facet normal -1.225241e-01 -9.924655e-01 -0.000000e+00
    outer loop
      vertex   1.069618e+02 -8.462247e+01 -9.100000e+00
      vertex   1.067672e+02 -8.459845e+01 -9.500000e+00
      vertex   1.069618e+02 -8.462247e+01 -9.500000e+00
    endloop
  endfacet
  facet normal -3.602150e-01 -9.328693e-01 -0.000000e+00
    outer loop
      vertex   1.069618e+02 -8.462247e+01 -9.100000e+00
      vertex   1.069618e+02 -8.462247e+01 -9.500000e+00
      vertex   1.071447e+02 -8.469308e+01 -9.100000e+00
    endloop
  endfacet
  facet normal -3.602150e-01 -9.328693e-01 -0.000000e+00
    outer loop
      vertex   1.071447e+02 -8.469308e+01 -9.100000e+00
      vertex   1.069618e+02 -8.462247e+01 -9.500000e+00
      vertex   1.071447e+02 -8.469308e+01 -9.500000e+00
    endloop
  endfacet
  facet normal -5.762754e-01 -8.172555e-01 -0.000000e+00
    outer loop
      vertex   1.071447e+02 -8.469308e+01 -9.100000e+00
      vertex   1.071447e+02 -8.469308e+01 -9.500000e+00
      vertex   1.073049e+02 -8.480605e+01 -9.100000e+00
    endloop
  endfacet
  facet normal -5.762754e-01 -8.172555e-01 -0.000000e+00
    outer loop
      vertex   1.073049e+02 -8.480605e+01 -9.100000e+00
      vertex   1.071447e+02 -8.469308e+01 -9.500000e+00
      vertex   1.073049e+02 -8.480605e+01 -9.500000e+00
    endloop
  endfacet
  facet normal -7.577313e-01 -6.525667e-01 -0.000000e+00
    outer loop
      vertex   1.073049e+02 -8.480605e+01 -9.100000e+00
      vertex   1.073049e+02 -8.480605e+01 -9.500000e+00
      vertex   1.074328e+02 -8.495460e+01 -9.100000e+00
    endloop
  endfacet
  facet normal -7.577313e-01 -6.525667e-01 -0.000000e+00
    outer loop
      vertex   1.074328e+02 -8.495460e+01 -9.100000e+00
      vertex   1.073049e+02 -8.480605e+01 -9.500000e+00
      vertex   1.074328e+02 -8.495460e+01 -9.500000e+00
    endloop
  endfacet
  facet normal -8.319774e-01 -5.548096e-01 0.000000e+00
    outer loop
      vertex   1.074328e+02 -8.495460e+01 -9.500000e+00
      vertex   1.076726e+02 -8.531423e+01 -9.500000e+00
      vertex   1.074328e+02 -8.495460e+01 -9.100000e+00
    endloop
  endfacet
  facet normal -8.319774e-01 -5.548096e-01 0.000000e+00
    outer loop
      vertex   1.074328e+02 -8.495460e+01 -9.100000e+00
      vertex   1.076726e+02 -8.531423e+01 -9.500000e+00
      vertex   1.076726e+02 -8.531423e+01 -9.100000e+00
    endloop
  endfacet
  facet normal 9.732161e-01 -2.298921e-01 0.000000e+00
    outer loop
      vertex   1.076726e+02 -8.531423e+01 -9.100000e+00
      vertex   1.076726e+02 -8.531423e+01 -9.500000e+00
      vertex   1.077190e+02 -8.511777e+01 -9.100000e+00
    endloop
  endfacet
  facet normal 9.732161e-01 -2.298921e-01 0.000000e+00
    outer loop
      vertex   1.077190e+02 -8.511777e+01 -9.100000e+00
      vertex   1.076726e+02 -8.531423e+01 -9.500000e+00
      vertex   1.077190e+02 -8.511777e+01 -9.500000e+00
    endloop
  endfacet
  facet normal 8.846853e-01 -4.661887e-01 0.000000e+00
    outer loop
      vertex   1.077190e+02 -8.511777e+01 -9.100000e+00
      vertex   1.077190e+02 -8.511777e+01 -9.500000e+00
      vertex   1.078131e+02 -8.493918e+01 -9.100000e+00
    endloop
  endfacet
  facet normal 8.846853e-01 -4.661887e-01 0.000000e+00
    outer loop
      vertex   1.078131e+02 -8.493918e+01 -9.100000e+00
      vertex   1.077190e+02 -8.511777e+01 -9.500000e+00
      vertex   1.078131e+02 -8.493918e+01 -9.500000e+00
    endloop
  endfacet
  facet normal 7.398233e-01 -6.728013e-01 0.000000e+00
    outer loop
      vertex   1.078131e+02 -8.493918e+01 -9.100000e+00
      vertex   1.078131e+02 -8.493918e+01 -9.500000e+00
      vertex   1.079490e+02 -8.478983e+01 -9.100000e+00
    endloop
  endfacet
  facet normal 7.398233e-01 -6.728013e-01 0.000000e+00
    outer loop
      vertex   1.079490e+02 -8.478983e+01 -9.100000e+00
      vertex   1.078131e+02 -8.493918e+01 -9.500000e+00
      vertex   1.079490e+02 -8.478983e+01 -9.500000e+00
    endloop
  endfacet
  facet normal 5.478539e-01 -8.365741e-01 0.000000e+00
    outer loop
      vertex   1.079490e+02 -8.478983e+01 -9.100000e+00
      vertex   1.079490e+02 -8.478983e+01 -9.500000e+00
      vertex   1.081178e+02 -8.467924e+01 -9.100000e+00
    endloop
  endfacet
  facet normal 5.478539e-01 -8.365741e-01 0.000000e+00
    outer loop
      vertex   1.081178e+02 -8.467924e+01 -9.100000e+00
      vertex   1.079490e+02 -8.478983e+01 -9.500000e+00
      vertex   1.081178e+02 -8.467924e+01 -9.500000e+00
    endloop
  endfacet
  facet normal 3.210005e-01 -9.470790e-01 0.000000e+00
    outer loop
      vertex   1.081178e+02 -8.467924e+01 -9.100000e+00
      vertex   1.081178e+02 -8.467924e+01 -9.500000e+00
      vertex   1.083090e+02 -8.461444e+01 -9.100000e+00
    endloop
  endfacet
  facet normal 3.210005e-01 -9.470790e-01 0.000000e+00
    outer loop
      vertex   1.083090e+02 -8.461444e+01 -9.100000e+00
      vertex   1.081178e+02 -8.467924e+01 -9.500000e+00
      vertex   1.083090e+02 -8.461444e+01 -9.500000e+00
    endloop
  endfacet
  facet normal 7.370790e-02 -9.972799e-01 0.000000e+00
    outer loop
      vertex   1.083090e+02 -8.461444e+01 -9.100000e+00
      vertex   1.083090e+02 -8.461444e+01 -9.500000e+00
      vertex   1.085103e+02 -8.459956e+01 -9.100000e+00
    endloop
  endfacet
  facet normal 7.370790e-02 -9.972799e-01 0.000000e+00
    outer loop
      vertex   1.085103e+02 -8.459956e+01 -9.100000e+00
      vertex   1.083090e+02 -8.461444e+01 -9.500000e+00
      vertex   1.085103e+02 -8.459956e+01 -9.500000e+00
    endloop
  endfacet
  facet normal -1.782780e-01 -9.839802e-01 -0.000000e+00
    outer loop
      vertex   1.085103e+02 -8.459956e+01 -9.100000e+00
      vertex   1.085103e+02 -8.459956e+01 -9.500000e+00
      vertex   1.087090e+02 -8.463555e+01 -9.100000e+00
    endloop
  endfacet
  facet normal -1.782780e-01 -9.839802e-01 -0.000000e+00
    outer loop
      vertex   1.087090e+02 -8.463555e+01 -9.100000e+00
      vertex   1.085103e+02 -8.459956e+01 -9.500000e+00
      vertex   1.087090e+02 -8.463555e+01 -9.500000e+00
    endloop
  endfacet
  facet normal -4.189123e-01 -9.080267e-01 -0.000000e+00
    outer loop
      vertex   1.087090e+02 -8.463555e+01 -9.100000e+00
      vertex   1.087090e+02 -8.463555e+01 -9.500000e+00
      vertex   1.088923e+02 -8.472011e+01 -9.100000e+00
    endloop
  endfacet
  facet normal -4.189123e-01 -9.080267e-01 -0.000000e+00
    outer loop
      vertex   1.088923e+02 -8.472011e+01 -9.100000e+00
      vertex   1.087090e+02 -8.463555e+01 -9.500000e+00
      vertex   1.088923e+02 -8.472011e+01 -9.500000e+00
    endloop
  endfacet
  facet normal -6.328728e-01 -7.742558e-01 -0.000000e+00
    outer loop
      vertex   1.088923e+02 -8.472011e+01 -9.100000e+00
      vertex   1.088923e+02 -8.472011e+01 -9.500000e+00
      vertex   1.090486e+02 -8.484787e+01 -9.100000e+00
    endloop
  endfacet
  facet normal -6.328728e-01 -7.742558e-01 -0.000000e+00
    outer loop
      vertex   1.090486e+02 -8.484787e+01 -9.100000e+00
      vertex   1.088923e+02 -8.472011e+01 -9.500000e+00
      vertex   1.090486e+02 -8.484787e+01 -9.500000e+00
    endloop
  endfacet
  facet normal -8.065359e-01 -5.911850e-01 -0.000000e+00
    outer loop
      vertex   1.090486e+02 -8.484787e+01 -9.100000e+00
      vertex   1.090486e+02 -8.484787e+01 -9.500000e+00
      vertex   1.091679e+02 -8.501069e+01 -9.100000e+00
    endloop
  endfacet
  facet normal -8.065359e-01 -5.911850e-01 -0.000000e+00
    outer loop
      vertex   1.091679e+02 -8.501069e+01 -9.100000e+00
      vertex   1.090486e+02 -8.484787e+01 -9.500000e+00
      vertex   1.091679e+02 -8.501069e+01 -9.500000e+00
    endloop
  endfacet
  facet normal -9.288439e-01 -3.704713e-01 -0.000000e+00
    outer loop
      vertex   1.091679e+02 -8.501069e+01 -9.100000e+00
      vertex   1.091679e+02 -8.501069e+01 -9.500000e+00
      vertex   1.092427e+02 -8.519819e+01 -9.100000e+00
    endloop
  endfacet
  facet normal -9.288439e-01 -3.704713e-01 -0.000000e+00
    outer loop
      vertex   1.092427e+02 -8.519819e+01 -9.100000e+00
      vertex   1.091679e+02 -8.501069e+01 -9.500000e+00
      vertex   1.092427e+02 -8.519819e+01 -9.500000e+00
    endloop
  endfacet
  facet normal -9.920088e-01 -1.261683e-01 -0.000000e+00
    outer loop
      vertex   1.092427e+02 -8.519819e+01 -9.100000e+00
      vertex   1.092427e+02 -8.519819e+01 -9.500000e+00
      vertex   1.092682e+02 -8.539845e+01 -9.100000e+00
    endloop
  endfacet
  facet normal -9.920088e-01 -1.261683e-01 -0.000000e+00
    outer loop
      vertex   1.092682e+02 -8.539845e+01 -9.100000e+00
      vertex   1.092427e+02 -8.519819e+01 -9.500000e+00
      vertex   1.092682e+02 -8.539845e+01 -9.500000e+00
    endloop
  endfacet
  facet normal -1.000000e+00 0.000000e+00 0.000000e+00
    outer loop
      vertex   1.092682e+02 -8.539845e+01 -9.500000e+00
      vertex   1.092682e+02 -1.092109e+02 -9.500000e+00
      vertex   1.092682e+02 -8.539845e+01 -9.100000e+00
    endloop
  endfacet
  facet normal -1.000000e+00 -0.000000e+00 0.000000e+00
    outer loop
      vertex   1.092682e+02 -8.539845e+01 -9.100000e+00
      vertex   1.092682e+02 -1.092109e+02 -9.500000e+00
      vertex   1.092682e+02 -1.092109e+02 -9.100000e+00
    endloop
  endfacet
  facet normal -9.914449e-01 1.305262e-01 0.000000e+00
    outer loop
      vertex   1.092682e+02 -1.092109e+02 -9.100000e+00
      vertex   1.092682e+02 -1.092109e+02 -9.500000e+00
      vertex   1.092409e+02 -1.094180e+02 -9.100000e+00
    endloop
  endfacet
  facet normal -9.914449e-01 1.305262e-01 0.000000e+00
    outer loop
      vertex   1.092409e+02 -1.094180e+02 -9.100000e+00
      vertex   1.092682e+02 -1.092109e+02 -9.500000e+00
      vertex   1.092409e+02 -1.094180e+02 -9.500000e+00
    endloop
  endfacet
  facet normal -9.238795e-01 3.826834e-01 0.000000e+00
    outer loop
      vertex   1.092409e+02 -1.094180e+02 -9.100000e+00
      vertex   1.092409e+02 -1.094180e+02 -9.500000e+00
      vertex   1.091610e+02 -1.096109e+02 -9.100000e+00
    endloop
  endfacet
  facet normal -9.238795e-01 3.826834e-01 0.000000e+00
    outer loop
      vertex   1.091610e+02 -1.096109e+02 -9.100000e+00
      vertex   1.092409e+02 -1.094180e+02 -9.500000e+00
      vertex   1.091610e+02 -1.096109e+02 -9.500000e+00
    endloop
  endfacet
  facet normal -7.933533e-01 6.087614e-01 0.000000e+00
    outer loop
      vertex   1.091610e+02 -1.096109e+02 -9.100000e+00
      vertex   1.091610e+02 -1.096109e+02 -9.500000e+00
      vertex   1.090339e+02 -1.097766e+02 -9.100000e+00
    endloop
  endfacet
  facet normal -7.933533e-01 6.087614e-01 0.000000e+00
    outer loop
      vertex   1.090339e+02 -1.097766e+02 -9.100000e+00
      vertex   1.091610e+02 -1.096109e+02 -9.500000e+00
      vertex   1.090339e+02 -1.097766e+02 -9.500000e+00
    endloop
  endfacet
  facet normal -6.087614e-01 7.933533e-01 0.000000e+00
    outer loop
      vertex   1.090339e+02 -1.097766e+02 -9.100000e+00
      vertex   1.090339e+02 -1.097766e+02 -9.500000e+00
      vertex   1.088682e+02 -1.099038e+02 -9.100000e+00
    endloop
  endfacet
  facet normal -6.087614e-01 7.933533e-01 0.000000e+00
    outer loop
      vertex   1.088682e+02 -1.099038e+02 -9.100000e+00
      vertex   1.090339e+02 -1.097766e+02 -9.500000e+00
      vertex   1.088682e+02 -1.099038e+02 -9.500000e+00
    endloop
  endfacet
  facet normal -3.826834e-01 9.238795e-01 0.000000e+00
    outer loop
      vertex   1.088682e+02 -1.099038e+02 -9.100000e+00
      vertex   1.088682e+02 -1.099038e+02 -9.500000e+00
      vertex   1.086752e+02 -1.099837e+02 -9.100000e+00
    endloop
  endfacet
  facet normal -3.826834e-01 9.238795e-01 0.000000e+00
    outer loop
      vertex   1.086752e+02 -1.099837e+02 -9.100000e+00
      vertex   1.088682e+02 -1.099038e+02 -9.500000e+00
      vertex   1.086752e+02 -1.099837e+02 -9.500000e+00
    endloop
  endfacet
  facet normal -1.305262e-01 9.914449e-01 0.000000e+00
    outer loop
      vertex   1.086752e+02 -1.099837e+02 -9.100000e+00
      vertex   1.086752e+02 -1.099837e+02 -9.500000e+00
      vertex   1.084682e+02 -1.100109e+02 -9.100000e+00
    endloop
  endfacet
  facet normal -1.305262e-01 9.914449e-01 0.000000e+00
    outer loop
      vertex   1.084682e+02 -1.100109e+02 -9.100000e+00
      vertex   1.086752e+02 -1.099837e+02 -9.500000e+00
      vertex   1.084682e+02 -1.100109e+02 -9.500000e+00
    endloop
  endfacet
  facet normal 1.305262e-01 9.914449e-01 0.000000e+00
    outer loop
      vertex   1.084682e+02 -1.100109e+02 -9.100000e+00
      vertex   1.084682e+02 -1.100109e+02 -9.500000e+00
      vertex   1.082611e+02 -1.099837e+02 -9.100000e+00
    endloop
  endfacet
  facet normal 1.305262e-01 9.914449e-01 0.000000e+00
    outer loop
      vertex   1.082611e+02 -1.099837e+02 -9.100000e+00
      vertex   1.084682e+02 -1.100109e+02 -9.500000e+00
      vertex   1.082611e+02 -1.099837e+02 -9.500000e+00
    endloop
  endfacet
  facet normal 3.826834e-01 9.238795e-01 0.000000e+00
    outer loop
      vertex   1.082611e+02 -1.099837e+02 -9.100000e+00
      vertex   1.082611e+02 -1.099837e+02 -9.500000e+00
      vertex   1.080682e+02 -1.099038e+02 -9.100000e+00
    endloop
  endfacet
  facet normal 3.826834e-01 9.238795e-01 0.000000e+00
    outer loop
      vertex   1.080682e+02 -1.099038e+02 -9.100000e+00
      vertex   1.082611e+02 -1.099837e+02 -9.500000e+00
      vertex   1.080682e+02 -1.099038e+02 -9.500000e+00
    endloop
  endfacet
  facet normal 6.087614e-01 7.933533e-01 0.000000e+00
    outer loop
      vertex   1.080682e+02 -1.099038e+02 -9.100000e+00
      vertex   1.080682e+02 -1.099038e+02 -9.500000e+00
      vertex   1.079025e+02 -1.097766e+02 -9.100000e+00
    endloop
  endfacet
  facet normal 6.087614e-01 7.933533e-01 0.000000e+00
    outer loop
      vertex   1.079025e+02 -1.097766e+02 -9.100000e+00
      vertex   1.080682e+02 -1.099038e+02 -9.500000e+00
      vertex   1.079025e+02 -1.097766e+02 -9.500000e+00
    endloop
  endfacet
  facet normal 7.933533e-01 6.087614e-01 0.000000e+00
    outer loop
      vertex   1.079025e+02 -1.097766e+02 -9.100000e+00
      vertex   1.079025e+02 -1.097766e+02 -9.500000e+00
      vertex   1.077754e+02 -1.096109e+02 -9.100000e+00
    endloop
  endfacet
  facet normal 7.933533e-01 6.087614e-01 0.000000e+00
    outer loop
      vertex   1.077754e+02 -1.096109e+02 -9.100000e+00
      vertex   1.079025e+02 -1.097766e+02 -9.500000e+00
      vertex   1.077754e+02 -1.096109e+02 -9.500000e+00
    endloop
  endfacet
  facet normal 9.238795e-01 3.826834e-01 0.000000e+00
    outer loop
      vertex   1.077754e+02 -1.096109e+02 -9.100000e+00
      vertex   1.077754e+02 -1.096109e+02 -9.500000e+00
      vertex   1.076954e+02 -1.094180e+02 -9.100000e+00
    endloop
  endfacet
  facet normal 9.238795e-01 3.826834e-01 0.000000e+00
    outer loop
      vertex   1.076954e+02 -1.094180e+02 -9.100000e+00
      vertex   1.077754e+02 -1.096109e+02 -9.500000e+00
      vertex   1.076954e+02 -1.094180e+02 -9.500000e+00
    endloop
  endfacet
  facet normal 9.914449e-01 1.305262e-01 0.000000e+00
    outer loop
      vertex   1.076954e+02 -1.094180e+02 -9.100000e+00
      vertex   1.076954e+02 -1.094180e+02 -9.500000e+00
      vertex   1.076682e+02 -1.092109e+02 -9.100000e+00
    endloop
  endfacet
  facet normal 9.914449e-01 1.305262e-01 0.000000e+00
    outer loop
      vertex   1.076682e+02 -1.092109e+02 -9.100000e+00
      vertex   1.076954e+02 -1.094180e+02 -9.500000e+00
      vertex   1.076682e+02 -1.092109e+02 -9.500000e+00
    endloop
  endfacet
  facet normal 1.000000e+00 0.000000e+00 0.000000e+00
    outer loop
      vertex   1.076682e+02 -1.092109e+02 -9.500000e+00
      vertex   1.076682e+02 -8.893002e+01 -9.500000e+00
      vertex   1.076682e+02 -1.092109e+02 -9.100000e+00
    endloop
  endfacet
  facet normal 1.000000e+00 -0.000000e+00 0.000000e+00
    outer loop
      vertex   1.076682e+02 -1.092109e+02 -9.100000e+00
      vertex   1.076682e+02 -8.893002e+01 -9.500000e+00
      vertex   1.076682e+02 -8.893002e+01 -9.100000e+00
    endloop
  endfacet
  facet normal 9.487272e-01 3.160960e-01 -0.000000e+00
    outer loop
      vertex   1.076682e+02 -8.893002e+01 -9.500000e+00
      vertex   1.071764e+02 -8.745397e+01 -9.500000e+00
      vertex   1.076682e+02 -8.893002e+01 -9.100000e+00
    endloop
  endfacet
  facet normal 9.487272e-01 3.160960e-01 0.000000e+00
    outer loop
      vertex   1.076682e+02 -8.893002e+01 -9.100000e+00
      vertex   1.071764e+02 -8.745397e+01 -9.500000e+00
      vertex   1.071764e+02 -8.745397e+01 -9.100000e+00
    endloop
  endfacet
  facet normal 8.319774e-01 5.548096e-01 -0.000000e+00
    outer loop
      vertex   1.071764e+02 -8.745397e+01 -9.500000e+00
      vertex   1.063391e+02 -8.619845e+01 -9.500000e+00
      vertex   1.071764e+02 -8.745397e+01 -9.100000e+00
    endloop
  endfacet
  facet normal 8.319774e-01 5.548096e-01 0.000000e+00
    outer loop
      vertex   1.071764e+02 -8.745397e+01 -9.100000e+00
      vertex   1.063391e+02 -8.619845e+01 -9.500000e+00
      vertex   1.063391e+02 -8.619845e+01 -9.100000e+00
    endloop
  endfacet
  facet normal 0.000000e+00 1.000000e+00 -0.000000e+00
    outer loop
      vertex   1.063391e+02 -8.619845e+01 -9.500000e+00
      vertex   1.054945e+02 -8.619845e+01 -9.500000e+00
      vertex   1.063391e+02 -8.619845e+01 -9.100000e+00
    endloop
  endfacet
  facet normal 0.000000e+00 1.000000e+00 0.000000e+00
    outer loop
      vertex   1.063391e+02 -8.619845e+01 -9.100000e+00
      vertex   1.054945e+02 -8.619845e+01 -9.500000e+00
      vertex   1.054945e+02 -8.619845e+01 -9.100000e+00
    endloop
  endfacet
  facet normal -8.320594e-01 5.546865e-01 0.000000e+00
    outer loop
      vertex   1.054945e+02 -8.619845e+01 -9.500000e+00
      vertex   1.046934e+02 -8.740022e+01 -9.500000e+00
      vertex   1.054945e+02 -8.619845e+01 -9.100000e+00
    endloop
  endfacet
  facet normal -8.320594e-01 5.546865e-01 0.000000e+00
    outer loop
      vertex   1.054945e+02 -8.619845e+01 -9.100000e+00
      vertex   1.046934e+02 -8.740022e+01 -9.500000e+00
      vertex   1.046934e+02 -8.740022e+01 -9.100000e+00
    endloop
  endfacet
  facet normal -9.864006e-01 1.643591e-01 0.000000e+00
    outer loop
      vertex   1.046934e+02 -8.740022e+01 -9.500000e+00
      vertex   1.041657e+02 -9.056735e+01 -9.500000e+00
      vertex   1.046934e+02 -8.740022e+01 -9.100000e+00
    endloop
  endfacet
  facet normal -9.864006e-01 1.643591e-01 0.000000e+00
    outer loop
      vertex   1.046934e+02 -8.740022e+01 -9.100000e+00
      vertex   1.041657e+02 -9.056735e+01 -9.500000e+00
      vertex   1.041657e+02 -9.056735e+01 -9.100000e+00
    endloop
  endfacet
  facet normal -1.000000e+00 1.294691e-05 0.000000e+00
    outer loop
      vertex   1.041657e+02 -9.056735e+01 -9.500000e+00
      vertex   1.041654e+02 -1.092109e+02 -9.500000e+00
      vertex   1.041657e+02 -9.056735e+01 -9.100000e+00
    endloop
  endfacet
  facet normal -1.000000e+00 1.294691e-05 0.000000e+00
    outer loop
      vertex   1.041657e+02 -9.056735e+01 -9.100000e+00
      vertex   1.041654e+02 -1.092109e+02 -9.500000e+00
      vertex   1.041654e+02 -1.092109e+02 -9.100000e+00
    endloop
  endfacet
  facet normal -9.914432e-01 1.305390e-01 0.000000e+00
    outer loop
      vertex   1.041654e+02 -1.092109e+02 -9.100000e+00
      vertex   1.041654e+02 -1.092109e+02 -9.500000e+00
      vertex   1.041382e+02 -1.094180e+02 -9.100000e+00
    endloop
  endfacet
  facet normal -9.914432e-01 1.305390e-01 0.000000e+00
    outer loop
      vertex   1.041382e+02 -1.094180e+02 -9.100000e+00
      vertex   1.041654e+02 -1.092109e+02 -9.500000e+00
      vertex   1.041382e+02 -1.094180e+02 -9.500000e+00
    endloop
  endfacet
  facet normal -9.238746e-01 3.826954e-01 0.000000e+00
    outer loop
      vertex   1.041382e+02 -1.094180e+02 -9.100000e+00
      vertex   1.041382e+02 -1.094180e+02 -9.500000e+00
      vertex   1.040582e+02 -1.096109e+02 -9.100000e+00
    endloop
  endfacet
  facet normal -9.238746e-01 3.826954e-01 0.000000e+00
    outer loop
      vertex   1.040582e+02 -1.096109e+02 -9.100000e+00
      vertex   1.041382e+02 -1.094180e+02 -9.500000e+00
      vertex   1.040582e+02 -1.096109e+02 -9.500000e+00
    endloop
  endfacet
  facet normal -7.933455e-01 6.087717e-01 0.000000e+00
    outer loop
      vertex   1.040582e+02 -1.096109e+02 -9.100000e+00
      vertex   1.040582e+02 -1.096109e+02 -9.500000e+00
      vertex   1.039311e+02 -1.097766e+02 -9.100000e+00
    endloop
  endfacet
  facet normal -7.933455e-01 6.087717e-01 0.000000e+00
    outer loop
      vertex   1.039311e+02 -1.097766e+02 -9.100000e+00
      vertex   1.040582e+02 -1.096109e+02 -9.500000e+00
      vertex   1.039311e+02 -1.097766e+02 -9.500000e+00
    endloop
  endfacet
  facet normal -6.087512e-01 7.933612e-01 0.000000e+00
    outer loop
      vertex   1.039311e+02 -1.097766e+02 -9.100000e+00
      vertex   1.039311e+02 -1.097766e+02 -9.500000e+00
      vertex   1.037654e+02 -1.099037e+02 -9.100000e+00
    endloop
  endfacet
  facet normal -6.087512e-01 7.933612e-01 0.000000e+00
    outer loop
      vertex   1.037654e+02 -1.099037e+02 -9.100000e+00
      vertex   1.039311e+02 -1.097766e+02 -9.500000e+00
      vertex   1.037654e+02 -1.099037e+02 -9.500000e+00
    endloop
  endfacet
  facet normal -3.826715e-01 9.238845e-01 0.000000e+00
    outer loop
      vertex   1.037654e+02 -1.099037e+02 -9.100000e+00
      vertex   1.037654e+02 -1.099037e+02 -9.500000e+00
      vertex   1.035725e+02 -1.099836e+02 -9.100000e+00
    endloop
  endfacet
  facet normal -3.826715e-01 9.238845e-01 0.000000e+00
    outer loop
      vertex   1.035725e+02 -1.099836e+02 -9.100000e+00
      vertex   1.037654e+02 -1.099037e+02 -9.500000e+00
      vertex   1.035725e+02 -1.099836e+02 -9.500000e+00
    endloop
  endfacet
  facet normal -1.305134e-01 9.914466e-01 0.000000e+00
    outer loop
      vertex   1.035725e+02 -1.099836e+02 -9.100000e+00
      vertex   1.035725e+02 -1.099836e+02 -9.500000e+00
      vertex   1.033654e+02 -1.100109e+02 -9.100000e+00
    endloop
  endfacet
  facet normal -1.305134e-01 9.914466e-01 0.000000e+00
    outer loop
      vertex   1.033654e+02 -1.100109e+02 -9.100000e+00
      vertex   1.035725e+02 -1.099836e+02 -9.500000e+00
      vertex   1.033654e+02 -1.100109e+02 -9.500000e+00
    endloop
  endfacet
  facet normal 1.305390e-01 9.914432e-01 0.000000e+00
    outer loop
      vertex   1.033654e+02 -1.100109e+02 -9.100000e+00
      vertex   1.033654e+02 -1.100109e+02 -9.500000e+00
      vertex   1.031584e+02 -1.099836e+02 -9.100000e+00
    endloop
  endfacet
  facet normal 1.305390e-01 9.914432e-01 0.000000e+00
    outer loop
      vertex   1.031584e+02 -1.099836e+02 -9.100000e+00
      vertex   1.033654e+02 -1.100109e+02 -9.500000e+00
      vertex   1.031584e+02 -1.099836e+02 -9.500000e+00
    endloop
  endfacet
  facet normal 3.826954e-01 9.238746e-01 0.000000e+00
    outer loop
      vertex   1.031584e+02 -1.099836e+02 -9.100000e+00
      vertex   1.031584e+02 -1.099836e+02 -9.500000e+00
      vertex   1.029654e+02 -1.099037e+02 -9.100000e+00
    endloop
  endfacet
  facet normal 3.826954e-01 9.238746e-01 0.000000e+00
    outer loop
      vertex   1.029654e+02 -1.099037e+02 -9.100000e+00
      vertex   1.031584e+02 -1.099836e+02 -9.500000e+00
      vertex   1.029654e+02 -1.099037e+02 -9.500000e+00
    endloop
  endfacet
  facet normal 6.087717e-01 7.933455e-01 0.000000e+00
    outer loop
      vertex   1.029654e+02 -1.099037e+02 -9.100000e+00
      vertex   1.029654e+02 -1.099037e+02 -9.500000e+00
      vertex   1.027997e+02 -1.097766e+02 -9.100000e+00
    endloop
  endfacet
  facet normal 6.087717e-01 7.933455e-01 0.000000e+00
    outer loop
      vertex   1.027997e+02 -1.097766e+02 -9.100000e+00
      vertex   1.029654e+02 -1.099037e+02 -9.500000e+00
      vertex   1.027997e+02 -1.097766e+02 -9.500000e+00
    endloop
  endfacet
  facet normal 7.933612e-01 6.087512e-01 0.000000e+00
    outer loop
      vertex   1.027997e+02 -1.097766e+02 -9.100000e+00
      vertex   1.027997e+02 -1.097766e+02 -9.500000e+00
      vertex   1.026726e+02 -1.096109e+02 -9.100000e+00
    endloop
  endfacet
  facet normal 7.933612e-01 6.087512e-01 0.000000e+00
    outer loop
      vertex   1.026726e+02 -1.096109e+02 -9.100000e+00
      vertex   1.027997e+02 -1.097766e+02 -9.500000e+00
      vertex   1.026726e+02 -1.096109e+02 -9.500000e+00
    endloop
  endfacet
  facet normal 9.238845e-01 3.826715e-01 0.000000e+00
    outer loop
      vertex   1.026726e+02 -1.096109e+02 -9.100000e+00
      vertex   1.026726e+02 -1.096109e+02 -9.500000e+00
      vertex   1.025927e+02 -1.094179e+02 -9.100000e+00
    endloop
  endfacet
  facet normal 9.238845e-01 3.826715e-01 0.000000e+00
    outer loop
      vertex   1.025927e+02 -1.094179e+02 -9.100000e+00
      vertex   1.026726e+02 -1.096109e+02 -9.500000e+00
      vertex   1.025927e+02 -1.094179e+02 -9.500000e+00
    endloop
  endfacet
  facet normal 9.914466e-01 1.305134e-01 0.000000e+00
    outer loop
      vertex   1.025927e+02 -1.094179e+02 -9.100000e+00
      vertex   1.025927e+02 -1.094179e+02 -9.500000e+00
      vertex   1.025654e+02 -1.092109e+02 -9.100000e+00
    endloop
  endfacet
  facet normal 9.914466e-01 1.305134e-01 0.000000e+00
    outer loop
      vertex   1.025654e+02 -1.092109e+02 -9.100000e+00
      vertex   1.025927e+02 -1.094179e+02 -9.500000e+00
      vertex   1.025654e+02 -1.092109e+02 -9.500000e+00
    endloop
  endfacet
  facet normal 1.000000e+00 -1.294691e-05 0.000000e+00
    outer loop
      vertex   1.025654e+02 -1.092109e+02 -9.500000e+00
      vertex   1.025657e+02 -9.056735e+01 -9.500000e+00
      vertex   1.025654e+02 -1.092109e+02 -9.100000e+00
    endloop
  endfacet
  facet normal 1.000000e+00 -1.294691e-05 0.000000e+00
    outer loop
      vertex   1.025654e+02 -1.092109e+02 -9.100000e+00
      vertex   1.025657e+02 -9.056735e+01 -9.500000e+00
      vertex   1.025657e+02 -9.056735e+01 -9.100000e+00
    endloop
  endfacet
  facet normal 9.863953e-01 1.643904e-01 -0.000000e+00
    outer loop
      vertex   1.025657e+02 -9.056735e+01 -9.500000e+00
      vertex   1.020378e+02 -8.740022e+01 -9.500000e+00
      vertex   1.025657e+02 -9.056735e+01 -9.100000e+00
    endloop
  endfacet
  facet normal 9.863953e-01 1.643904e-01 0.000000e+00
    outer loop
      vertex   1.025657e+02 -9.056735e+01 -9.100000e+00
      vertex   1.020378e+02 -8.740022e+01 -9.500000e+00
      vertex   1.020378e+02 -8.740022e+01 -9.100000e+00
    endloop
  endfacet
  facet normal 8.319956e-01 5.547822e-01 -0.000000e+00
    outer loop
      vertex   1.020378e+02 -8.740022e+01 -9.500000e+00
      vertex   1.012365e+02 -8.619845e+01 -9.500000e+00
      vertex   1.020378e+02 -8.740022e+01 -9.100000e+00
    endloop
  endfacet
  facet normal 8.319956e-01 5.547822e-01 0.000000e+00
    outer loop
      vertex   1.020378e+02 -8.740022e+01 -9.100000e+00
      vertex   1.012365e+02 -8.619845e+01 -9.500000e+00
      vertex   1.012365e+02 -8.619845e+01 -9.100000e+00
    endloop
  endfacet
  facet normal 0.000000e+00 1.000000e+00 -0.000000e+00
    outer loop
      vertex   1.012365e+02 -8.619845e+01 -9.500000e+00
      vertex   1.003918e+02 -8.619845e+01 -9.500000e+00
      vertex   1.012365e+02 -8.619845e+01 -9.100000e+00
    endloop
  endfacet
  facet normal 0.000000e+00 1.000000e+00 0.000000e+00
    outer loop
      vertex   1.012365e+02 -8.619845e+01 -9.100000e+00
      vertex   1.003918e+02 -8.619845e+01 -9.500000e+00
      vertex   1.003918e+02 -8.619845e+01 -9.100000e+00
    endloop
  endfacet
  facet normal -8.320594e-01 5.546865e-01 0.000000e+00
    outer loop
      vertex   1.003918e+02 -8.619845e+01 -9.500000e+00
      vertex   9.959063e+01 -8.740021e+01 -9.500000e+00
      vertex   1.003918e+02 -8.619845e+01 -9.100000e+00
    endloop
  endfacet
  facet normal -8.320594e-01 5.546865e-01 0.000000e+00
    outer loop
      vertex   1.003918e+02 -8.619845e+01 -9.100000e+00
      vertex   9.959063e+01 -8.740021e+01 -9.500000e+00
      vertex   9.959063e+01 -8.740021e+01 -9.100000e+00
    endloop
  endfacet
  facet normal -9.864063e-01 1.643250e-01 0.000000e+00
    outer loop
      vertex   9.959063e+01 -8.740021e+01 -9.500000e+00
      vertex   9.906301e+01 -9.056734e+01 -9.500000e+00
      vertex   9.959063e+01 -8.740021e+01 -9.100000e+00
    endloop
  endfacet
  facet normal -9.864063e-01 1.643250e-01 0.000000e+00
    outer loop
      vertex   9.959063e+01 -8.740021e+01 -9.100000e+00
      vertex   9.906301e+01 -9.056734e+01 -9.500000e+00
      vertex   9.906301e+01 -9.056734e+01 -9.100000e+00
    endloop
  endfacet
  facet normal -1.000000e+00 1.294691e-05 0.000000e+00
    outer loop
      vertex   9.906301e+01 -9.056734e+01 -9.500000e+00
      vertex   9.906277e+01 -1.092109e+02 -9.500000e+00
      vertex   9.906301e+01 -9.056734e+01 -9.100000e+00
    endloop
  endfacet
  facet normal -1.000000e+00 1.294691e-05 0.000000e+00
    outer loop
      vertex   9.906301e+01 -9.056734e+01 -9.100000e+00
      vertex   9.906277e+01 -1.092109e+02 -9.500000e+00
      vertex   9.906277e+01 -1.092109e+02 -9.100000e+00
    endloop
  endfacet
  facet normal -9.914432e-01 1.305390e-01 0.000000e+00
    outer loop
      vertex   9.906277e+01 -1.092109e+02 -9.100000e+00
      vertex   9.906277e+01 -1.092109e+02 -9.500000e+00
      vertex   9.903551e+01 -1.094180e+02 -9.100000e+00
    endloop
  endfacet
  facet normal -9.914432e-01 1.305390e-01 0.000000e+00
    outer loop
      vertex   9.903551e+01 -1.094180e+02 -9.100000e+00
      vertex   9.906277e+01 -1.092109e+02 -9.500000e+00
      vertex   9.903551e+01 -1.094180e+02 -9.500000e+00
    endloop
  endfacet
  facet normal -9.238746e-01 3.826954e-01 0.000000e+00
    outer loop
      vertex   9.903551e+01 -1.094180e+02 -9.100000e+00
      vertex   9.903551e+01 -1.094180e+02 -9.500000e+00
      vertex   9.895559e+01 -1.096109e+02 -9.100000e+00
    endloop
  endfacet
  facet normal -9.238746e-01 3.826954e-01 0.000000e+00
    outer loop
      vertex   9.895559e+01 -1.096109e+02 -9.100000e+00
      vertex   9.903551e+01 -1.094180e+02 -9.500000e+00
      vertex   9.895559e+01 -1.096109e+02 -9.500000e+00
    endloop
  endfacet
  facet normal -7.933455e-01 6.087717e-01 0.000000e+00
    outer loop
      vertex   9.895559e+01 -1.096109e+02 -9.100000e+00
      vertex   9.895559e+01 -1.096109e+02 -9.500000e+00
      vertex   9.882845e+01 -1.097766e+02 -9.100000e+00
    endloop
  endfacet
  facet normal -7.933455e-01 6.087717e-01 0.000000e+00
    outer loop
      vertex   9.882845e+01 -1.097766e+02 -9.100000e+00
      vertex   9.895559e+01 -1.096109e+02 -9.500000e+00
      vertex   9.882845e+01 -1.097766e+02 -9.500000e+00
    endloop
  endfacet
  facet normal -6.087512e-01 7.933612e-01 0.000000e+00
    outer loop
      vertex   9.882845e+01 -1.097766e+02 -9.100000e+00
      vertex   9.882845e+01 -1.097766e+02 -9.500000e+00
      vertex   9.866276e+01 -1.099037e+02 -9.100000e+00
    endloop
  endfacet
  facet normal -6.087512e-01 7.933612e-01 0.000000e+00
    outer loop
      vertex   9.866276e+01 -1.099037e+02 -9.100000e+00
      vertex   9.882845e+01 -1.097766e+02 -9.500000e+00
      vertex   9.866276e+01 -1.099037e+02 -9.500000e+00
    endloop
  endfacet
  facet normal -3.826715e-01 9.238845e-01 0.000000e+00
    outer loop
      vertex   9.866276e+01 -1.099037e+02 -9.100000e+00
      vertex   9.866276e+01 -1.099037e+02 -9.500000e+00
      vertex   9.846982e+01 -1.099836e+02 -9.100000e+00
    endloop
  endfacet
  facet normal -3.826715e-01 9.238845e-01 0.000000e+00
    outer loop
      vertex   9.846982e+01 -1.099836e+02 -9.100000e+00
      vertex   9.866276e+01 -1.099037e+02 -9.500000e+00
      vertex   9.846982e+01 -1.099836e+02 -9.500000e+00
    endloop
  endfacet
  facet normal -1.305134e-01 9.914466e-01 0.000000e+00
    outer loop
      vertex   9.846982e+01 -1.099836e+02 -9.100000e+00
      vertex   9.846982e+01 -1.099836e+02 -9.500000e+00
      vertex   9.826276e+01 -1.100109e+02 -9.100000e+00
    endloop
  endfacet
  facet normal -1.305134e-01 9.914466e-01 0.000000e+00
    outer loop
      vertex   9.826276e+01 -1.100109e+02 -9.100000e+00
      vertex   9.846982e+01 -1.099836e+02 -9.500000e+00
      vertex   9.826276e+01 -1.100109e+02 -9.500000e+00
    endloop
  endfacet
  facet normal 1.305390e-01 9.914432e-01 0.000000e+00
    outer loop
      vertex   9.826276e+01 -1.100109e+02 -9.100000e+00
      vertex   9.826276e+01 -1.100109e+02 -9.500000e+00
      vertex   9.805571e+01 -1.099836e+02 -9.100000e+00
    endloop
  endfacet
  facet normal 1.305390e-01 9.914432e-01 0.000000e+00
    outer loop
      vertex   9.805571e+01 -1.099836e+02 -9.100000e+00
      vertex   9.826276e+01 -1.100109e+02 -9.500000e+00
      vertex   9.805571e+01 -1.099836e+02 -9.500000e+00
    endloop
  endfacet
  facet normal 3.826954e-01 9.238746e-01 0.000000e+00
    outer loop
      vertex   9.805571e+01 -1.099836e+02 -9.100000e+00
      vertex   9.805571e+01 -1.099836e+02 -9.500000e+00
      vertex   9.786276e+01 -1.099037e+02 -9.100000e+00
    endloop
  endfacet
  facet normal 3.826954e-01 9.238746e-01 0.000000e+00
    outer loop
      vertex   9.786276e+01 -1.099037e+02 -9.100000e+00
      vertex   9.805571e+01 -1.099836e+02 -9.500000e+00
      vertex   9.786276e+01 -1.099037e+02 -9.500000e+00
    endloop
  endfacet
  facet normal 6.087717e-01 7.933455e-01 0.000000e+00
    outer loop
      vertex   9.786276e+01 -1.099037e+02 -9.100000e+00
      vertex   9.786276e+01 -1.099037e+02 -9.500000e+00
      vertex   9.769708e+01 -1.097766e+02 -9.100000e+00
    endloop
  endfacet
  facet normal 6.087717e-01 7.933455e-01 0.000000e+00
    outer loop
      vertex   9.769708e+01 -1.097766e+02 -9.100000e+00
      vertex   9.786276e+01 -1.099037e+02 -9.500000e+00
      vertex   9.769708e+01 -1.097766e+02 -9.500000e+00
    endloop
  endfacet
  facet normal 7.933612e-01 6.087512e-01 0.000000e+00
    outer loop
      vertex   9.769708e+01 -1.097766e+02 -9.100000e+00
      vertex   9.769708e+01 -1.097766e+02 -9.500000e+00
      vertex   9.756995e+01 -1.096109e+02 -9.100000e+00
    endloop
  endfacet
  facet normal 7.933612e-01 6.087512e-01 0.000000e+00
    outer loop
      vertex   9.756995e+01 -1.096109e+02 -9.100000e+00
      vertex   9.769708e+01 -1.097766e+02 -9.500000e+00
      vertex   9.756995e+01 -1.096109e+02 -9.500000e+00
    endloop
  endfacet
  facet normal 9.238845e-01 3.826715e-01 0.000000e+00
    outer loop
      vertex   9.756995e+01 -1.096109e+02 -9.100000e+00
      vertex   9.756995e+01 -1.096109e+02 -9.500000e+00
      vertex   9.749003e+01 -1.094179e+02 -9.100000e+00
    endloop
  endfacet
  facet normal 9.238845e-01 3.826715e-01 0.000000e+00
    outer loop
      vertex   9.749003e+01 -1.094179e+02 -9.100000e+00
      vertex   9.756995e+01 -1.096109e+02 -9.500000e+00
      vertex   9.749003e+01 -1.094179e+02 -9.500000e+00
    endloop
  endfacet
  facet normal 9.914466e-01 1.305134e-01 0.000000e+00
    outer loop
      vertex   9.749003e+01 -1.094179e+02 -9.100000e+00
      vertex   9.749003e+01 -1.094179e+02 -9.500000e+00
      vertex   9.746277e+01 -1.092109e+02 -9.100000e+00
    endloop
  endfacet
  facet normal 9.914466e-01 1.305134e-01 0.000000e+00
    outer loop
      vertex   9.746277e+01 -1.092109e+02 -9.100000e+00
      vertex   9.749003e+01 -1.094179e+02 -9.500000e+00
      vertex   9.746277e+01 -1.092109e+02 -9.500000e+00
    endloop
  endfacet
  facet normal 1.000000e+00 -1.294691e-05 0.000000e+00
    outer loop
      vertex   9.746277e+01 -1.092109e+02 -9.500000e+00
      vertex   9.746302e+01 -9.050114e+01 -9.500000e+00
      vertex   9.746277e+01 -1.092109e+02 -9.100000e+00
    endloop
  endfacet
  facet normal 1.000000e+00 -1.294691e-05 0.000000e+00
    outer loop
      vertex   9.746277e+01 -1.092109e+02 -9.100000e+00
      vertex   9.746302e+01 -9.050114e+01 -9.500000e+00
      vertex   9.746302e+01 -9.050114e+01 -9.100000e+00
    endloop
  endfacet
  facet normal 9.996213e-01 -2.751958e-02 0.000000e+00
    outer loop
      vertex   9.746302e+01 -9.050114e+01 -9.100000e+00
      vertex   9.746302e+01 -9.050114e+01 -9.500000e+00
      vertex   9.746423e+01 -9.045715e+01 -9.100000e+00
    endloop
  endfacet
  facet normal 9.996213e-01 -2.751958e-02 0.000000e+00
    outer loop
      vertex   9.746423e+01 -9.045715e+01 -9.100000e+00
      vertex   9.746302e+01 -9.050114e+01 -9.500000e+00
      vertex   9.746423e+01 -9.045715e+01 -9.500000e+00
    endloop
  endfacet
  facet normal 9.965952e-01 -8.244958e-02 0.000000e+00
    outer loop
      vertex   9.746423e+01 -9.045715e+01 -9.100000e+00
      vertex   9.746423e+01 -9.045715e+01 -9.500000e+00
      vertex   9.746786e+01 -9.041329e+01 -9.100000e+00
    endloop
  endfacet
  facet normal 9.965952e-01 -8.244958e-02 0.000000e+00
    outer loop
      vertex   9.746786e+01 -9.041329e+01 -9.100000e+00
      vertex   9.746423e+01 -9.045715e+01 -9.500000e+00
      vertex   9.746786e+01 -9.041329e+01 -9.500000e+00
    endloop
  endfacet
  facet normal 9.905531e-01 -1.371300e-01 0.000000e+00
    outer loop
      vertex   9.746786e+01 -9.041329e+01 -9.100000e+00
      vertex   9.746786e+01 -9.041329e+01 -9.500000e+00
      vertex   9.747389e+01 -9.036969e+01 -9.100000e+00
    endloop
  endfacet
  facet normal 9.905531e-01 -1.371300e-01 0.000000e+00
    outer loop
      vertex   9.747389e+01 -9.036969e+01 -9.100000e+00
      vertex   9.746786e+01 -9.041329e+01 -9.500000e+00
      vertex   9.747389e+01 -9.036969e+01 -9.500000e+00
    endloop
  endfacet
  facet normal 9.864063e-01 -1.643250e-01 0.000000e+00
    outer loop
      vertex   9.747389e+01 -9.036969e+01 -9.500000e+00
      vertex   9.804060e+01 -8.696789e+01 -9.500000e+00
      vertex   9.747389e+01 -9.036969e+01 -9.100000e+00
    endloop
  endfacet
  facet normal 9.864063e-01 -1.643250e-01 0.000000e+00
    outer loop
      vertex   9.747389e+01 -9.036969e+01 -9.100000e+00
      vertex   9.804060e+01 -8.696789e+01 -9.500000e+00
      vertex   9.804060e+01 -8.696789e+01 -9.100000e+00
    endloop
  endfacet
  facet normal 9.723840e-01 -2.333866e-01 0.000000e+00
    outer loop
      vertex   9.804060e+01 -8.696789e+01 -9.100000e+00
      vertex   9.804060e+01 -8.696789e+01 -9.500000e+00
      vertex   9.806689e+01 -8.685832e+01 -9.100000e+00
    endloop
  endfacet
  facet normal 9.723840e-01 -2.333866e-01 0.000000e+00
    outer loop
      vertex   9.806689e+01 -8.685832e+01 -9.100000e+00
      vertex   9.804060e+01 -8.696789e+01 -9.500000e+00
      vertex   9.806689e+01 -8.685832e+01 -9.500000e+00
    endloop
  endfacet
  facet normal 9.299462e-01 -3.676957e-01 0.000000e+00
    outer loop
      vertex   9.806689e+01 -8.685832e+01 -9.100000e+00
      vertex   9.806689e+01 -8.685832e+01 -9.500000e+00
      vertex   9.810833e+01 -8.675353e+01 -9.500000e+00
    endloop
  endfacet
  facet normal 8.690583e-01 -4.947097e-01 0.000000e+00
    outer loop
      vertex   9.816407e+01 -8.665560e+01 -9.500000e+00
      vertex   9.816407e+01 -8.665560e+01 -9.100000e+00
      vertex   9.810833e+01 -8.675353e+01 -9.500000e+00
    endloop
  endfacet
  facet normal 8.690583e-01 -4.947097e-01 0.000000e+00
    outer loop
      vertex   9.810833e+01 -8.675353e+01 -9.500000e+00
      vertex   9.816407e+01 -8.665560e+01 -9.100000e+00
      vertex   9.810833e+01 -8.675353e+01 -9.100000e+00
    endloop
  endfacet
  facet normal 9.299462e-01 -3.676957e-01 0.000000e+00
    outer loop
      vertex   9.810833e+01 -8.675353e+01 -9.500000e+00
      vertex   9.810833e+01 -8.675353e+01 -9.100000e+00
      vertex   9.806689e+01 -8.685832e+01 -9.100000e+00
    endloop
  endfacet
  facet normal 0.000000e+00 -0.000000e+00 -1.000000e+00
    outer loop
      vertex   9.806689e+01 -8.685832e+01 -9.100000e+00
      vertex   9.810833e+01 -8.675353e+01 -9.100000e+00
      vertex   9.804060e+01 -8.696789e+01 -9.100000e+00
    endloop
  endfacet
  facet normal 0.000000e+00 0.000000e+00 -1.000000e+00
    outer loop
      vertex   9.804060e+01 -8.696789e+01 -9.100000e+00
      vertex   9.810833e+01 -8.675353e+01 -9.100000e+00
      vertex   9.816407e+01 -8.665560e+01 -9.100000e+00
    endloop
  endfacet
  facet normal 0.000000e+00 0.000000e+00 -1.000000e+00
    outer loop
      vertex   9.804060e+01 -8.696789e+01 -9.100000e+00
      vertex   9.816407e+01 -8.665560e+01 -9.100000e+00
      vertex   9.959063e+01 -8.740021e+01 -9.100000e+00
    endloop
  endfacet
  facet normal 0.000000e+00 0.000000e+00 -1.000000e+00
    outer loop
      vertex   9.959063e+01 -8.740021e+01 -9.100000e+00
      vertex   9.816407e+01 -8.665560e+01 -9.100000e+00
      vertex   9.929797e+01 -8.495470e+01 -9.100000e+00
    endloop
  endfacet
  facet normal 0.000000e+00 0.000000e+00 -1.000000e+00
    outer loop
      vertex   9.959063e+01 -8.740021e+01 -9.100000e+00
      vertex   9.929797e+01 -8.495470e+01 -9.100000e+00
      vertex   9.942589e+01 -8.480611e+01 -9.100000e+00
    endloop
  endfacet
  facet normal 0.000000e+00 0.000000e+00 -1.000000e+00
    outer loop
      vertex   9.942589e+01 -8.480611e+01 -9.100000e+00
      vertex   9.958612e+01 -8.469311e+01 -9.100000e+00
      vertex   9.959063e+01 -8.740021e+01 -9.100000e+00
    endloop
  endfacet
  facet normal 0.000000e+00 0.000000e+00 -1.000000e+00
    outer loop
      vertex   9.959063e+01 -8.740021e+01 -9.100000e+00
      vertex   9.958612e+01 -8.469311e+01 -9.100000e+00
      vertex   1.003918e+02 -8.619845e+01 -9.100000e+00
    endloop
  endfacet
  facet normal 0.000000e+00 0.000000e+00 -1.000000e+00
    outer loop
      vertex   1.003918e+02 -8.619845e+01 -9.100000e+00
      vertex   9.958612e+01 -8.469311e+01 -9.100000e+00
      vertex   9.976902e+01 -8.462247e+01 -9.100000e+00
    endloop
  endfacet
  facet normal 0.000000e+00 0.000000e+00 -1.000000e+00
    outer loop
      vertex   1.003918e+02 -8.619845e+01 -9.100000e+00
      vertex   9.976902e+01 -8.462247e+01 -9.100000e+00
      vertex   9.996361e+01 -8.459845e+01 -9.100000e+00
    endloop
  endfacet
  facet normal 0.000000e+00 0.000000e+00 -1.000000e+00
    outer loop
      vertex   9.996361e+01 -8.459845e+01 -9.100000e+00
      vertex   1.016646e+02 -8.459845e+01 -9.100000e+00
      vertex   1.003918e+02 -8.619845e+01 -9.100000e+00
    endloop
  endfacet
  facet normal 0.000000e+00 0.000000e+00 -1.000000e+00
    outer loop
      vertex   1.003918e+02 -8.619845e+01 -9.100000e+00
      vertex   1.016646e+02 -8.459845e+01 -9.100000e+00
      vertex   1.012365e+02 -8.619845e+01 -9.100000e+00
    endloop
  endfacet
  facet normal 0.000000e+00 0.000000e+00 -1.000000e+00
    outer loop
      vertex   1.012365e+02 -8.619845e+01 -9.100000e+00
      vertex   1.016646e+02 -8.459845e+01 -9.100000e+00
      vertex   1.018591e+02 -8.462247e+01 -9.100000e+00
    endloop
  endfacet
  facet normal 0.000000e+00 0.000000e+00 -1.000000e+00
    outer loop
      vertex   1.012365e+02 -8.619845e+01 -9.100000e+00
      vertex   1.018591e+02 -8.462247e+01 -9.100000e+00
      vertex   1.020420e+02 -8.469309e+01 -9.100000e+00
    endloop
  endfacet
  facet normal 0.000000e+00 0.000000e+00 -1.000000e+00
    outer loop
      vertex   1.012365e+02 -8.619845e+01 -9.100000e+00
      vertex   1.020420e+02 -8.469309e+01 -9.100000e+00
      vertex   1.020378e+02 -8.740022e+01 -9.100000e+00
    endloop
  endfacet
  facet normal 0.000000e+00 0.000000e+00 -1.000000e+00
    outer loop
      vertex   1.020378e+02 -8.740022e+01 -9.100000e+00
      vertex   1.020420e+02 -8.469309e+01 -9.100000e+00
      vertex   1.022022e+02 -8.480607e+01 -9.100000e+00
    endloop
  endfacet
  facet normal 0.000000e+00 0.000000e+00 -1.000000e+00
    outer loop
      vertex   1.020378e+02 -8.740022e+01 -9.100000e+00
      vertex   1.022022e+02 -8.480607e+01 -9.100000e+00
      vertex   1.023302e+02 -8.495462e+01 -9.100000e+00
    endloop
  endfacet
  facet normal 0.000000e+00 -0.000000e+00 -1.000000e+00
    outer loop
      vertex   1.023302e+02 -8.495462e+01 -9.100000e+00
      vertex   1.033656e+02 -8.650744e+01 -9.100000e+00
      vertex   1.020378e+02 -8.740022e+01 -9.100000e+00
    endloop
  endfacet
  facet normal 0.000000e+00 0.000000e+00 -1.000000e+00
    outer loop
      vertex   1.020378e+02 -8.740022e+01 -9.100000e+00
      vertex   1.033656e+02 -8.650744e+01 -9.100000e+00
      vertex   1.025657e+02 -9.056735e+01 -9.100000e+00
    endloop
  endfacet
  facet normal 0.000000e+00 0.000000e+00 -1.000000e+00
    outer loop
      vertex   1.025657e+02 -9.056735e+01 -9.100000e+00
      vertex   1.033656e+02 -8.650744e+01 -9.100000e+00
      vertex   1.041657e+02 -9.056735e+01 -9.100000e+00
    endloop
  endfacet
  facet normal 0.000000e+00 0.000000e+00 -1.000000e+00
    outer loop
      vertex   1.025657e+02 -9.056735e+01 -9.100000e+00
      vertex   1.041657e+02 -9.056735e+01 -9.100000e+00
      vertex   1.041654e+02 -1.092109e+02 -9.100000e+00
    endloop
  endfacet
  facet normal 0.000000e+00 0.000000e+00 -1.000000e+00
    outer loop
      vertex   1.041657e+02 -9.056735e+01 -9.100000e+00
      vertex   1.033656e+02 -8.650744e+01 -9.100000e+00
      vertex   1.046934e+02 -8.740022e+01 -9.100000e+00
    endloop
  endfacet
  facet normal 0.000000e+00 0.000000e+00 -1.000000e+00
    outer loop
      vertex   1.046934e+02 -8.740022e+01 -9.100000e+00
      vertex   1.033656e+02 -8.650744e+01 -9.100000e+00
      vertex   1.044007e+02 -8.495470e+01 -9.100000e+00
    endloop
  endfacet
  facet normal 0.000000e+00 0.000000e+00 -1.000000e+00
    outer loop
      vertex   1.046934e+02 -8.740022e+01 -9.100000e+00
      vertex   1.044007e+02 -8.495470e+01 -9.100000e+00
      vertex   1.045287e+02 -8.480611e+01 -9.100000e+00
    endloop
  endfacet
  facet normal 0.000000e+00 0.000000e+00 -1.000000e+00
    outer loop
      vertex   1.045287e+02 -8.480611e+01 -9.100000e+00
      vertex   1.046889e+02 -8.469311e+01 -9.100000e+00
      vertex   1.046934e+02 -8.740022e+01 -9.100000e+00
    endloop
  endfacet
  facet normal 0.000000e+00 0.000000e+00 -1.000000e+00
    outer loop
      vertex   1.046934e+02 -8.740022e+01 -9.100000e+00
      vertex   1.046889e+02 -8.469311e+01 -9.100000e+00
      vertex   1.054945e+02 -8.619845e+01 -9.100000e+00
    endloop
  endfacet
  facet normal 0.000000e+00 0.000000e+00 -1.000000e+00
    outer loop
      vertex   1.054945e+02 -8.619845e+01 -9.100000e+00
      vertex   1.046889e+02 -8.469311e+01 -9.100000e+00
      vertex   1.048718e+02 -8.462247e+01 -9.100000e+00
    endloop
  endfacet
  facet normal 0.000000e+00 0.000000e+00 -1.000000e+00
    outer loop
      vertex   1.054945e+02 -8.619845e+01 -9.100000e+00
      vertex   1.048718e+02 -8.462247e+01 -9.100000e+00
      vertex   1.050664e+02 -8.459845e+01 -9.100000e+00
    endloop
  endfacet
  facet normal 0.000000e+00 0.000000e+00 -1.000000e+00
    outer loop
      vertex   1.050664e+02 -8.459845e+01 -9.100000e+00
      vertex   1.067672e+02 -8.459845e+01 -9.100000e+00
      vertex   1.054945e+02 -8.619845e+01 -9.100000e+00
    endloop
  endfacet
  facet normal 0.000000e+00 0.000000e+00 -1.000000e+00
    outer loop
      vertex   1.054945e+02 -8.619845e+01 -9.100000e+00
      vertex   1.067672e+02 -8.459845e+01 -9.100000e+00
      vertex   1.063391e+02 -8.619845e+01 -9.100000e+00
    endloop
  endfacet
  facet normal 0.000000e+00 0.000000e+00 -1.000000e+00
    outer loop
      vertex   1.063391e+02 -8.619845e+01 -9.100000e+00
      vertex   1.067672e+02 -8.459845e+01 -9.100000e+00
      vertex   1.069618e+02 -8.462247e+01 -9.100000e+00
    endloop
  endfacet
  facet normal 0.000000e+00 0.000000e+00 -1.000000e+00
    outer loop
      vertex   1.063391e+02 -8.619845e+01 -9.100000e+00
      vertex   1.069618e+02 -8.462247e+01 -9.100000e+00
      vertex   1.071447e+02 -8.469308e+01 -9.100000e+00
    endloop
  endfacet
  facet normal 0.000000e+00 0.000000e+00 -1.000000e+00
    outer loop
      vertex   1.063391e+02 -8.619845e+01 -9.100000e+00
      vertex   1.071447e+02 -8.469308e+01 -9.100000e+00
      vertex   1.071764e+02 -8.745397e+01 -9.100000e+00
    endloop
  endfacet
  facet normal 0.000000e+00 0.000000e+00 -1.000000e+00
    outer loop
      vertex   1.071764e+02 -8.745397e+01 -9.100000e+00
      vertex   1.071447e+02 -8.469308e+01 -9.100000e+00
      vertex   1.073049e+02 -8.480605e+01 -9.100000e+00
    endloop
  endfacet
  facet normal 0.000000e+00 0.000000e+00 -1.000000e+00
    outer loop
      vertex   1.071764e+02 -8.745397e+01 -9.100000e+00
      vertex   1.073049e+02 -8.480605e+01 -9.100000e+00
      vertex   1.074328e+02 -8.495460e+01 -9.100000e+00
    endloop
  endfacet
  facet normal 0.000000e+00 -0.000000e+00 -1.000000e+00
    outer loop
      vertex   1.074328e+02 -8.495460e+01 -9.100000e+00
      vertex   1.076726e+02 -8.531423e+01 -9.100000e+00
      vertex   1.071764e+02 -8.745397e+01 -9.100000e+00
    endloop
  endfacet
  facet normal 0.000000e+00 0.000000e+00 -1.000000e+00
    outer loop
      vertex   1.071764e+02 -8.745397e+01 -9.100000e+00
      vertex   1.076726e+02 -8.531423e+01 -9.100000e+00
      vertex   1.076682e+02 -8.893002e+01 -9.100000e+00
    endloop
  endfacet
  facet normal 0.000000e+00 0.000000e+00 -1.000000e+00
    outer loop
      vertex   1.076682e+02 -8.893002e+01 -9.100000e+00
      vertex   1.076726e+02 -8.531423e+01 -9.100000e+00
      vertex   1.085103e+02 -8.459956e+01 -9.100000e+00
    endloop
  endfacet
  facet normal 0.000000e+00 0.000000e+00 -1.000000e+00
    outer loop
      vertex   1.076682e+02 -8.893002e+01 -9.100000e+00
      vertex   1.085103e+02 -8.459956e+01 -9.100000e+00
      vertex   1.092682e+02 -8.539845e+01 -9.100000e+00
    endloop
  endfacet
  facet normal 0.000000e+00 0.000000e+00 -1.000000e+00
    outer loop
      vertex   1.092682e+02 -8.539845e+01 -9.100000e+00
      vertex   1.085103e+02 -8.459956e+01 -9.100000e+00
      vertex   1.087090e+02 -8.463555e+01 -9.100000e+00
    endloop
  endfacet
  facet normal 0.000000e+00 0.000000e+00 -1.000000e+00
    outer loop
      vertex   1.092682e+02 -8.539845e+01 -9.100000e+00
      vertex   1.087090e+02 -8.463555e+01 -9.100000e+00
      vertex   1.088923e+02 -8.472011e+01 -9.100000e+00
    endloop
  endfacet
  facet normal 0.000000e+00 -0.000000e+00 -1.000000e+00
    outer loop
      vertex   1.077190e+02 -8.511777e+01 -9.100000e+00
      vertex   1.078131e+02 -8.493918e+01 -9.100000e+00
      vertex   1.076726e+02 -8.531423e+01 -9.100000e+00
    endloop
  endfacet
  facet normal 0.000000e+00 0.000000e+00 -1.000000e+00
    outer loop
      vertex   1.076726e+02 -8.531423e+01 -9.100000e+00
      vertex   1.078131e+02 -8.493918e+01 -9.100000e+00
      vertex   1.079490e+02 -8.478983e+01 -9.100000e+00
    endloop
  endfacet
  facet normal 0.000000e+00 0.000000e+00 -1.000000e+00
    outer loop
      vertex   1.076726e+02 -8.531423e+01 -9.100000e+00
      vertex   1.079490e+02 -8.478983e+01 -9.100000e+00
      vertex   1.081178e+02 -8.467924e+01 -9.100000e+00
    endloop
  endfacet
  facet normal 0.000000e+00 -0.000000e+00 -1.000000e+00
    outer loop
      vertex   1.081178e+02 -8.467924e+01 -9.100000e+00
      vertex   1.083090e+02 -8.461444e+01 -9.100000e+00
      vertex   1.076726e+02 -8.531423e+01 -9.100000e+00
    endloop
  endfacet
  facet normal 0.000000e+00 0.000000e+00 -1.000000e+00
    outer loop
      vertex   1.076726e+02 -8.531423e+01 -9.100000e+00
      vertex   1.083090e+02 -8.461444e+01 -9.100000e+00
      vertex   1.085103e+02 -8.459956e+01 -9.100000e+00
    endloop
  endfacet
  facet normal 0.000000e+00 0.000000e+00 -1.000000e+00
    outer loop
      vertex   1.088923e+02 -8.472011e+01 -9.100000e+00
      vertex   1.090486e+02 -8.484787e+01 -9.100000e+00
      vertex   1.092682e+02 -8.539845e+01 -9.100000e+00
    endloop
  endfacet
  facet normal 0.000000e+00 0.000000e+00 -1.000000e+00
    outer loop
      vertex   1.092682e+02 -8.539845e+01 -9.100000e+00
      vertex   1.090486e+02 -8.484787e+01 -9.100000e+00
      vertex   1.091679e+02 -8.501069e+01 -9.100000e+00
    endloop
  endfacet
  facet normal 0.000000e+00 0.000000e+00 -1.000000e+00
    outer loop
      vertex   1.092682e+02 -8.539845e+01 -9.100000e+00
      vertex   1.091679e+02 -8.501069e+01 -9.100000e+00
      vertex   1.092427e+02 -8.519819e+01 -9.100000e+00
    endloop
  endfacet
  facet normal 0.000000e+00 -0.000000e+00 -1.000000e+00
    outer loop
      vertex   1.092682e+02 -8.539845e+01 -9.100000e+00
      vertex   1.092682e+02 -1.092109e+02 -9.100000e+00
      vertex   1.076682e+02 -8.893002e+01 -9.100000e+00
    endloop
  endfacet
  facet normal 0.000000e+00 0.000000e+00 -1.000000e+00
    outer loop
      vertex   1.076682e+02 -8.893002e+01 -9.100000e+00
      vertex   1.092682e+02 -1.092109e+02 -9.100000e+00
      vertex   1.076682e+02 -1.092109e+02 -9.100000e+00
    endloop
  endfacet
  facet normal 0.000000e+00 0.000000e+00 -1.000000e+00
    outer loop
      vertex   1.076682e+02 -1.092109e+02 -9.100000e+00
      vertex   1.092682e+02 -1.092109e+02 -9.100000e+00
      vertex   1.084682e+02 -1.100109e+02 -9.100000e+00
    endloop
  endfacet
  facet normal 0.000000e+00 0.000000e+00 -1.000000e+00
    outer loop
      vertex   1.076682e+02 -1.092109e+02 -9.100000e+00
      vertex   1.084682e+02 -1.100109e+02 -9.100000e+00
      vertex   1.082611e+02 -1.099837e+02 -9.100000e+00
    endloop
  endfacet
  facet normal -0.000000e+00 0.000000e+00 -1.000000e+00
    outer loop
      vertex   1.092409e+02 -1.094180e+02 -9.100000e+00
      vertex   1.091610e+02 -1.096109e+02 -9.100000e+00
      vertex   1.092682e+02 -1.092109e+02 -9.100000e+00
    endloop
  endfacet
  facet normal 0.000000e+00 0.000000e+00 -1.000000e+00
    outer loop
      vertex   1.092682e+02 -1.092109e+02 -9.100000e+00
      vertex   1.091610e+02 -1.096109e+02 -9.100000e+00
      vertex   1.090339e+02 -1.097766e+02 -9.100000e+00
    endloop
  endfacet
  facet normal 0.000000e+00 0.000000e+00 -1.000000e+00
    outer loop
      vertex   1.092682e+02 -1.092109e+02 -9.100000e+00
      vertex   1.090339e+02 -1.097766e+02 -9.100000e+00
      vertex   1.088682e+02 -1.099038e+02 -9.100000e+00
    endloop
  endfacet
  facet normal -0.000000e+00 0.000000e+00 -1.000000e+00
    outer loop
      vertex   1.088682e+02 -1.099038e+02 -9.100000e+00
      vertex   1.086752e+02 -1.099837e+02 -9.100000e+00
      vertex   1.092682e+02 -1.092109e+02 -9.100000e+00
    endloop
  endfacet
  facet normal 0.000000e+00 0.000000e+00 -1.000000e+00
    outer loop
      vertex   1.092682e+02 -1.092109e+02 -9.100000e+00
      vertex   1.086752e+02 -1.099837e+02 -9.100000e+00
      vertex   1.084682e+02 -1.100109e+02 -9.100000e+00
    endloop
  endfacet
  facet normal 0.000000e+00 0.000000e+00 -1.000000e+00
    outer loop
      vertex   1.082611e+02 -1.099837e+02 -9.100000e+00
      vertex   1.080682e+02 -1.099038e+02 -9.100000e+00
      vertex   1.076682e+02 -1.092109e+02 -9.100000e+00
    endloop
  endfacet
  facet normal 0.000000e+00 0.000000e+00 -1.000000e+00
    outer loop
      vertex   1.076682e+02 -1.092109e+02 -9.100000e+00
      vertex   1.080682e+02 -1.099038e+02 -9.100000e+00
      vertex   1.079025e+02 -1.097766e+02 -9.100000e+00
    endloop
  endfacet
  facet normal 0.000000e+00 0.000000e+00 -1.000000e+00
    outer loop
      vertex   1.076682e+02 -1.092109e+02 -9.100000e+00
      vertex   1.079025e+02 -1.097766e+02 -9.100000e+00
      vertex   1.077754e+02 -1.096109e+02 -9.100000e+00
    endloop
  endfacet
  facet normal 0.000000e+00 0.000000e+00 -1.000000e+00
    outer loop
      vertex   1.077754e+02 -1.096109e+02 -9.100000e+00
      vertex   1.076954e+02 -1.094180e+02 -9.100000e+00
      vertex   1.076682e+02 -1.092109e+02 -9.100000e+00
    endloop
  endfacet
  facet normal -0.000000e+00 0.000000e+00 -1.000000e+00
    outer loop
      vertex   1.041382e+02 -1.094180e+02 -9.100000e+00
      vertex   1.040582e+02 -1.096109e+02 -9.100000e+00
      vertex   1.041654e+02 -1.092109e+02 -9.100000e+00
    endloop
  endfacet
  facet normal 0.000000e+00 0.000000e+00 -1.000000e+00
    outer loop
      vertex   1.041654e+02 -1.092109e+02 -9.100000e+00
      vertex   1.040582e+02 -1.096109e+02 -9.100000e+00
      vertex   1.039311e+02 -1.097766e+02 -9.100000e+00
    endloop
  endfacet
  facet normal 0.000000e+00 0.000000e+00 -1.000000e+00
    outer loop
      vertex   1.041654e+02 -1.092109e+02 -9.100000e+00
      vertex   1.039311e+02 -1.097766e+02 -9.100000e+00
      vertex   1.037654e+02 -1.099037e+02 -9.100000e+00
    endloop
  endfacet
  facet normal -0.000000e+00 0.000000e+00 -1.000000e+00
    outer loop
      vertex   1.037654e+02 -1.099037e+02 -9.100000e+00
      vertex   1.035725e+02 -1.099836e+02 -9.100000e+00
      vertex   1.041654e+02 -1.092109e+02 -9.100000e+00
    endloop
  endfacet
  facet normal 0.000000e+00 0.000000e+00 -1.000000e+00
    outer loop
      vertex   1.041654e+02 -1.092109e+02 -9.100000e+00
      vertex   1.035725e+02 -1.099836e+02 -9.100000e+00
      vertex   1.033654e+02 -1.100109e+02 -9.100000e+00
    endloop
  endfacet
  facet normal -0.000000e+00 0.000000e+00 -1.000000e+00
    outer loop
      vertex   1.041654e+02 -1.092109e+02 -9.100000e+00
      vertex   1.033654e+02 -1.100109e+02 -9.100000e+00
      vertex   1.025654e+02 -1.092109e+02 -9.100000e+00
    endloop
  endfacet
  facet normal 0.000000e+00 0.000000e+00 -1.000000e+00
    outer loop
      vertex   1.025654e+02 -1.092109e+02 -9.100000e+00
      vertex   1.033654e+02 -1.100109e+02 -9.100000e+00
      vertex   1.031584e+02 -1.099836e+02 -9.100000e+00
    endloop
  endfacet
  facet normal 0.000000e+00 0.000000e+00 -1.000000e+00
    outer loop
      vertex   1.025654e+02 -1.092109e+02 -9.100000e+00
      vertex   1.031584e+02 -1.099836e+02 -9.100000e+00
      vertex   1.029654e+02 -1.099037e+02 -9.100000e+00
    endloop
  endfacet
  facet normal 0.000000e+00 0.000000e+00 -1.000000e+00
    outer loop
      vertex   1.029654e+02 -1.099037e+02 -9.100000e+00
      vertex   1.027997e+02 -1.097766e+02 -9.100000e+00
      vertex   1.025654e+02 -1.092109e+02 -9.100000e+00
    endloop
  endfacet
  facet normal 0.000000e+00 0.000000e+00 -1.000000e+00
    outer loop
      vertex   1.025654e+02 -1.092109e+02 -9.100000e+00
      vertex   1.027997e+02 -1.097766e+02 -9.100000e+00
      vertex   1.026726e+02 -1.096109e+02 -9.100000e+00
    endloop
  endfacet
  facet normal 0.000000e+00 0.000000e+00 -1.000000e+00
    outer loop
      vertex   1.025654e+02 -1.092109e+02 -9.100000e+00
      vertex   1.026726e+02 -1.096109e+02 -9.100000e+00
      vertex   1.025927e+02 -1.094179e+02 -9.100000e+00
    endloop
  endfacet
  facet normal 0.000000e+00 0.000000e+00 -1.000000e+00
    outer loop
      vertex   1.025654e+02 -1.092109e+02 -9.100000e+00
      vertex   1.025657e+02 -9.056735e+01 -9.100000e+00
      vertex   1.041654e+02 -1.092109e+02 -9.100000e+00
    endloop
  endfacet
  facet normal -0.000000e+00 0.000000e+00 -1.000000e+00
    outer loop
      vertex   9.959063e+01 -8.740021e+01 -9.100000e+00
      vertex   9.906301e+01 -9.056734e+01 -9.100000e+00
      vertex   9.804060e+01 -8.696789e+01 -9.100000e+00
    endloop
  endfacet
  facet normal 0.000000e+00 -0.000000e+00 -1.000000e+00
    outer loop
      vertex   9.804060e+01 -8.696789e+01 -9.100000e+00
      vertex   9.906301e+01 -9.056734e+01 -9.100000e+00
      vertex   9.747389e+01 -9.036969e+01 -9.100000e+00
    endloop
  endfacet
  facet normal 0.000000e+00 -0.000000e+00 -1.000000e+00
    outer loop
      vertex   9.747389e+01 -9.036969e+01 -9.100000e+00
      vertex   9.906301e+01 -9.056734e+01 -9.100000e+00
      vertex   9.746302e+01 -9.050114e+01 -9.100000e+00
    endloop
  endfacet
  facet normal 0.000000e+00 0.000000e+00 -1.000000e+00
    outer loop
      vertex   9.747389e+01 -9.036969e+01 -9.100000e+00
      vertex   9.746302e+01 -9.050114e+01 -9.100000e+00
      vertex   9.746786e+01 -9.041329e+01 -9.100000e+00
    endloop
  endfacet
  facet normal 0.000000e+00 0.000000e+00 -1.000000e+00
    outer loop
      vertex   9.746786e+01 -9.041329e+01 -9.100000e+00
      vertex   9.746302e+01 -9.050114e+01 -9.100000e+00
      vertex   9.746423e+01 -9.045715e+01 -9.100000e+00
    endloop
  endfacet
  facet normal 0.000000e+00 -0.000000e+00 -1.000000e+00
    outer loop
      vertex   9.746302e+01 -9.050114e+01 -9.100000e+00
      vertex   9.906301e+01 -9.056734e+01 -9.100000e+00
      vertex   9.746277e+01 -1.092109e+02 -9.100000e+00
    endloop
  endfacet
  facet normal 0.000000e+00 0.000000e+00 -1.000000e+00
    outer loop
      vertex   9.746277e+01 -1.092109e+02 -9.100000e+00
      vertex   9.906301e+01 -9.056734e+01 -9.100000e+00
      vertex   9.906277e+01 -1.092109e+02 -9.100000e+00
    endloop
  endfacet
  facet normal 0.000000e+00 0.000000e+00 -1.000000e+00
    outer loop
      vertex   9.746277e+01 -1.092109e+02 -9.100000e+00
      vertex   9.906277e+01 -1.092109e+02 -9.100000e+00
      vertex   9.826276e+01 -1.100109e+02 -9.100000e+00
    endloop
  endfacet
  facet normal 0.000000e+00 0.000000e+00 -1.000000e+00
    outer loop
      vertex   9.826276e+01 -1.100109e+02 -9.100000e+00
      vertex   9.906277e+01 -1.092109e+02 -9.100000e+00
      vertex   9.846982e+01 -1.099836e+02 -9.100000e+00
    endloop
  endfacet
  facet normal 0.000000e+00 0.000000e+00 -1.000000e+00
    outer loop
      vertex   9.846982e+01 -1.099836e+02 -9.100000e+00
      vertex   9.906277e+01 -1.092109e+02 -9.100000e+00
      vertex   9.866276e+01 -1.099037e+02 -9.100000e+00
    endloop
  endfacet
  facet normal 0.000000e+00 0.000000e+00 -1.000000e+00
    outer loop
      vertex   9.866276e+01 -1.099037e+02 -9.100000e+00
      vertex   9.906277e+01 -1.092109e+02 -9.100000e+00
      vertex   9.882845e+01 -1.097766e+02 -9.100000e+00
    endloop
  endfacet
  facet normal 0.000000e+00 0.000000e+00 -1.000000e+00
    outer loop
      vertex   9.882845e+01 -1.097766e+02 -9.100000e+00
      vertex   9.906277e+01 -1.092109e+02 -9.100000e+00
      vertex   9.895559e+01 -1.096109e+02 -9.100000e+00
    endloop
  endfacet
  facet normal 0.000000e+00 0.000000e+00 -1.000000e+00
    outer loop
      vertex   9.895559e+01 -1.096109e+02 -9.100000e+00
      vertex   9.906277e+01 -1.092109e+02 -9.100000e+00
      vertex   9.903551e+01 -1.094180e+02 -9.100000e+00
    endloop
  endfacet
  facet normal 0.000000e+00 0.000000e+00 -1.000000e+00
    outer loop
      vertex   9.826276e+01 -1.100109e+02 -9.100000e+00
      vertex   9.805571e+01 -1.099836e+02 -9.100000e+00
      vertex   9.746277e+01 -1.092109e+02 -9.100000e+00
    endloop
  endfacet
  facet normal 0.000000e+00 0.000000e+00 -1.000000e+00
    outer loop
      vertex   9.746277e+01 -1.092109e+02 -9.100000e+00
      vertex   9.805571e+01 -1.099836e+02 -9.100000e+00
      vertex   9.786276e+01 -1.099037e+02 -9.100000e+00
    endloop
  endfacet
  facet normal 0.000000e+00 0.000000e+00 -1.000000e+00
    outer loop
      vertex   9.746277e+01 -1.092109e+02 -9.100000e+00
      vertex   9.786276e+01 -1.099037e+02 -9.100000e+00
      vertex   9.769708e+01 -1.097766e+02 -9.100000e+00
    endloop
  endfacet
  facet normal 0.000000e+00 0.000000e+00 -1.000000e+00
    outer loop
      vertex   9.769708e+01 -1.097766e+02 -9.100000e+00
      vertex   9.756995e+01 -1.096109e+02 -9.100000e+00
      vertex   9.746277e+01 -1.092109e+02 -9.100000e+00
    endloop
  endfacet
  facet normal 0.000000e+00 0.000000e+00 -1.000000e+00
    outer loop
      vertex   9.746277e+01 -1.092109e+02 -9.100000e+00
      vertex   9.756995e+01 -1.096109e+02 -9.100000e+00
      vertex   9.749003e+01 -1.094179e+02 -9.100000e+00
    endloop
  endfacet
  facet normal 9.801714e-02 9.951847e-01 -0.000000e+00
    outer loop
      vertex   1.469051e+02 -3.042486e+01 -9.500000e+00
      vertex   1.469051e+02 -3.042486e+01 -7.500000e+00
      vertex   1.478806e+02 -3.052093e+01 -9.500000e+00
    endloop
  endfacet
  facet normal 9.801714e-02 9.951847e-01 -3.787670e-13
    outer loop
      vertex   1.478806e+02 -3.052093e+01 -9.500000e+00
      vertex   1.469051e+02 -3.042486e+01 -7.500000e+00
      vertex   1.478806e+02 -3.052093e+01 -7.500000e+00
    endloop
  endfacet
  facet normal 2.902847e-01 9.569403e-01 3.879588e-13
    outer loop
      vertex   1.478806e+02 -3.052093e+01 -9.500000e+00
      vertex   1.478806e+02 -3.052093e+01 -7.500000e+00
      vertex   1.488186e+02 -3.080546e+01 -9.500000e+00
    endloop
  endfacet
  facet normal 2.902847e-01 9.569403e-01 -7.684296e-13
    outer loop
      vertex   1.488186e+02 -3.080546e+01 -9.500000e+00
      vertex   1.478806e+02 -3.052093e+01 -7.500000e+00
      vertex   1.488186e+02 -3.080546e+01 -7.500000e+00
    endloop
  endfacet
  facet normal 4.713967e-01 8.819213e-01 7.577694e-13
    outer loop
      vertex   1.488186e+02 -3.080546e+01 -9.500000e+00
      vertex   1.488186e+02 -3.080546e+01 -7.500000e+00
      vertex   1.496830e+02 -3.126751e+01 -9.500000e+00
    endloop
  endfacet
  facet normal 4.713967e-01 8.819213e-01 -1.150132e-12
    outer loop
      vertex   1.496830e+02 -3.126751e+01 -9.500000e+00
      vertex   1.488186e+02 -3.080546e+01 -7.500000e+00
      vertex   1.496830e+02 -3.126751e+01 -7.500000e+00
    endloop
  endfacet
  facet normal 6.343933e-01 7.730105e-01 1.142117e-12
    outer loop
      vertex   1.496830e+02 -3.126751e+01 -9.500000e+00
      vertex   1.496830e+02 -3.126751e+01 -7.500000e+00
      vertex   1.504407e+02 -3.188933e+01 -9.500000e+00
    endloop
  endfacet
  facet normal 6.343933e-01 7.730105e-01 -1.529991e-12
    outer loop
      vertex   1.504407e+02 -3.188933e+01 -9.500000e+00
      vertex   1.496830e+02 -3.126751e+01 -7.500000e+00
      vertex   1.504407e+02 -3.188933e+01 -7.500000e+00
    endloop
  endfacet
  facet normal 7.730105e-01 6.343933e-01 1.527491e-12
    outer loop
      vertex   1.504407e+02 -3.188933e+01 -9.500000e+00
      vertex   1.504407e+02 -3.188933e+01 -7.500000e+00
      vertex   1.510625e+02 -3.264701e+01 -9.500000e+00
    endloop
  endfacet
  facet normal 7.730105e-01 6.343933e-01 -1.902509e-12
    outer loop
      vertex   1.510625e+02 -3.264701e+01 -9.500000e+00
      vertex   1.504407e+02 -3.188933e+01 -7.500000e+00
      vertex   1.510625e+02 -3.264701e+01 -7.500000e+00
    endloop
  endfacet
  facet normal 8.819213e-01 4.713967e-01 1.920741e-12
    outer loop
      vertex   1.510625e+02 -3.264701e+01 -9.500000e+00
      vertex   1.510625e+02 -3.264701e+01 -7.500000e+00
      vertex   1.515245e+02 -3.351144e+01 -9.500000e+00
    endloop
  endfacet
  facet normal 8.819213e-01 4.713967e-01 -2.293405e-12
    outer loop
      vertex   1.515245e+02 -3.351144e+01 -9.500000e+00
      vertex   1.510625e+02 -3.264701e+01 -7.500000e+00
      vertex   1.515245e+02 -3.351144e+01 -7.500000e+00
    endloop
  endfacet
  facet normal 9.569403e-01 2.902847e-01 2.292913e-12
    outer loop
      vertex   1.515245e+02 -3.351144e+01 -9.500000e+00
      vertex   1.515245e+02 -3.351144e+01 -7.500000e+00
      vertex   1.518091e+02 -3.444941e+01 -9.500000e+00
    endloop
  endfacet
  facet normal 9.569403e-01 2.902847e-01 -2.670199e-12
    outer loop
      vertex   1.518091e+02 -3.444941e+01 -9.500000e+00
      vertex   1.515245e+02 -3.351144e+01 -7.500000e+00
      vertex   1.518091e+02 -3.444941e+01 -7.500000e+00
    endloop
  endfacet
  facet normal 9.951847e-01 9.801714e-02 2.679869e-12
    outer loop
      vertex   1.518091e+02 -3.444941e+01 -9.500000e+00
      vertex   1.518091e+02 -3.444941e+01 -7.500000e+00
      vertex   1.519051e+02 -3.542486e+01 -9.500000e+00
    endloop
  endfacet
  facet normal 9.951847e-01 9.801714e-02 -4.883646e-11
    outer loop
      vertex   1.519051e+02 -3.542486e+01 -9.500000e+00
      vertex   1.518091e+02 -3.444941e+01 -7.500000e+00
      vertex   1.519051e+02 -3.542486e+01 -7.500000e+00
    endloop
  endfacet
  facet normal 0.000000e+00 0.000000e+00 1.000000e+00
    outer loop
      vertex   1.440074e+02 -3.464840e+01 -7.500000e+00
      vertex   1.118604e+01 -4.492486e+01 -7.500000e+00
      vertex   1.439051e+02 -3.542486e+01 -7.500000e+00
    endloop
  endfacet
  facet normal 0.000000e+00 0.000000e+00 1.000000e+00
    outer loop
      vertex   1.439051e+02 -3.542486e+01 -7.500000e+00
      vertex   1.118604e+01 -4.492486e+01 -7.500000e+00
      vertex   1.128594e+01 -4.516604e+01 -7.500000e+00
    endloop
  endfacet
  facet normal 0.000000e+00 0.000000e+00 1.000000e+00
    outer loop
      vertex   1.439051e+02 -3.542486e+01 -7.500000e+00
      vertex   1.128594e+01 -4.516604e+01 -7.500000e+00
      vertex   1.440074e+02 -3.620132e+01 -7.500000e+00
    endloop
  endfacet
  facet normal 0.000000e+00 0.000000e+00 1.000000e+00
    outer loop
      vertex   1.440074e+02 -3.620132e+01 -7.500000e+00
      vertex   1.128594e+01 -4.516604e+01 -7.500000e+00
      vertex   1.132001e+01 -4.542486e+01 -7.500000e+00
    endloop
  endfacet
  facet normal 0.000000e+00 0.000000e+00 1.000000e+00
    outer loop
      vertex   1.440074e+02 -3.620132e+01 -7.500000e+00
      vertex   1.132001e+01 -4.542486e+01 -7.500000e+00
      vertex   1.459051e+02 -4.542486e+01 -7.500000e+00
    endloop
  endfacet
  facet normal 0.000000e+00 0.000000e+00 1.000000e+00
    outer loop
      vertex   1.459051e+02 -4.542486e+01 -7.500000e+00
      vertex   1.132001e+01 -4.542486e+01 -7.500000e+00
      vertex   1.459392e+02 -4.568368e+01 -7.500000e+00
    endloop
  endfacet
  facet normal 0.000000e+00 0.000000e+00 1.000000e+00
    outer loop
      vertex   1.459392e+02 -4.568368e+01 -7.500000e+00
      vertex   1.132001e+01 -4.542486e+01 -7.500000e+00
      vertex   1.128594e+01 -4.568368e+01 -7.500000e+00
    endloop
  endfacet
  facet normal 0.000000e+00 0.000000e+00 1.000000e+00
    outer loop
      vertex   1.459392e+02 -4.568368e+01 -7.500000e+00
      vertex   1.128594e+01 -4.568368e+01 -7.500000e+00
      vertex   1.460391e+02 -4.592486e+01 -7.500000e+00
    endloop
  endfacet
  facet normal 0.000000e+00 0.000000e+00 1.000000e+00
    outer loop
      vertex   1.460391e+02 -4.592486e+01 -7.500000e+00
      vertex   1.128594e+01 -4.568368e+01 -7.500000e+00
      vertex   1.118604e+01 -4.592486e+01 -7.500000e+00
    endloop
  endfacet
  facet normal 0.000000e+00 0.000000e+00 1.000000e+00
    outer loop
      vertex   1.460391e+02 -4.592486e+01 -7.500000e+00
      vertex   1.118604e+01 -4.592486e+01 -7.500000e+00
      vertex   1.460391e+02 -8.448196e+01 -7.500000e+00
    endloop
  endfacet
  facet normal 0.000000e+00 0.000000e+00 1.000000e+00
    outer loop
      vertex   1.460391e+02 -8.448196e+01 -7.500000e+00
      vertex   1.118604e+01 -4.592486e+01 -7.500000e+00
      vertex   1.118604e+01 -8.448196e+01 -7.500000e+00
    endloop
  endfacet
  facet normal 0.000000e+00 0.000000e+00 1.000000e+00
    outer loop
      vertex   1.460391e+02 -8.448196e+01 -7.500000e+00
      vertex   1.118604e+01 -8.448196e+01 -7.500000e+00
      vertex   1.459392e+02 -8.472314e+01 -7.500000e+00
    endloop
  endfacet
  facet normal 0.000000e+00 0.000000e+00 1.000000e+00
    outer loop
      vertex   1.459392e+02 -8.472314e+01 -7.500000e+00
      vertex   1.118604e+01 -8.448196e+01 -7.500000e+00
      vertex   1.128594e+01 -8.472314e+01 -7.500000e+00
    endloop
  endfacet
  facet normal 0.000000e+00 0.000000e+00 1.000000e+00
    outer loop
      vertex   1.459392e+02 -8.472314e+01 -7.500000e+00
      vertex   1.128594e+01 -8.472314e+01 -7.500000e+00
      vertex   7.861258e+01 -1.235391e+02 -7.500000e+00
    endloop
  endfacet
  facet normal 0.000000e+00 0.000000e+00 1.000000e+00
    outer loop
      vertex   7.861258e+01 -1.235391e+02 -7.500000e+00
      vertex   1.128594e+01 -8.472314e+01 -7.500000e+00
      vertex   1.132001e+01 -8.498196e+01 -7.500000e+00
    endloop
  endfacet
  facet normal 0.000000e+00 0.000000e+00 1.000000e+00
    outer loop
      vertex   7.861258e+01 -1.235391e+02 -7.500000e+00
      vertex   1.132001e+01 -8.498196e+01 -7.500000e+00
      vertex   7.835376e+01 -1.235731e+02 -7.500000e+00
    endloop
  endfacet
  facet normal 0.000000e+00 0.000000e+00 1.000000e+00
    outer loop
      vertex   7.835376e+01 -1.235731e+02 -7.500000e+00
      vertex   1.132001e+01 -8.498196e+01 -7.500000e+00
      vertex   1.128594e+01 -8.524078e+01 -7.500000e+00
    endloop
  endfacet
  facet normal 0.000000e+00 0.000000e+00 1.000000e+00
    outer loop
      vertex   7.835376e+01 -1.235731e+02 -7.500000e+00
      vertex   1.128594e+01 -8.524078e+01 -7.500000e+00
      vertex   1.118604e+01 -8.548196e+01 -7.500000e+00
    endloop
  endfacet
  facet normal 0.000000e+00 -0.000000e+00 1.000000e+00
    outer loop
      vertex   1.118604e+01 -4.492486e+01 -7.500000e+00
      vertex   1.440074e+02 -3.464840e+01 -7.500000e+00
      vertex   5.320013e+00 -3.042486e+01 -7.500000e+00
    endloop
  endfacet
  facet normal 0.000000e+00 0.000000e+00 1.000000e+00
    outer loop
      vertex   5.320013e+00 -3.042486e+01 -7.500000e+00
      vertex   1.440074e+02 -3.464840e+01 -7.500000e+00
      vertex   1.443071e+02 -3.392486e+01 -7.500000e+00
    endloop
  endfacet
  facet normal 0.000000e+00 0.000000e+00 1.000000e+00
    outer loop
      vertex   5.320013e+00 -3.042486e+01 -7.500000e+00
      vertex   1.443071e+02 -3.392486e+01 -7.500000e+00
      vertex   1.447838e+02 -3.330354e+01 -7.500000e+00
    endloop
  endfacet
  facet normal -0.000000e+00 0.000000e+00 1.000000e+00
    outer loop
      vertex   5.320013e+00 -3.042486e+01 -7.500000e+00
      vertex   1.447838e+02 -3.330354e+01 -7.500000e+00
      vertex   1.469051e+02 -3.042486e+01 -7.500000e+00
    endloop
  endfacet
  facet normal 0.000000e+00 0.000000e+00 1.000000e+00
    outer loop
      vertex   1.469051e+02 -3.042486e+01 -7.500000e+00
      vertex   1.447838e+02 -3.330354e+01 -7.500000e+00
      vertex   1.454051e+02 -3.282678e+01 -7.500000e+00
    endloop
  endfacet
  facet normal 0.000000e+00 0.000000e+00 1.000000e+00
    outer loop
      vertex   1.469051e+02 -3.042486e+01 -7.500000e+00
      vertex   1.454051e+02 -3.282678e+01 -7.500000e+00
      vertex   1.461287e+02 -3.252708e+01 -7.500000e+00
    endloop
  endfacet
  facet normal 0.000000e+00 0.000000e+00 1.000000e+00
    outer loop
      vertex   1.461287e+02 -3.252708e+01 -7.500000e+00
      vertex   1.469051e+02 -3.242486e+01 -7.500000e+00
      vertex   1.469051e+02 -3.042486e+01 -7.500000e+00
    endloop
  endfacet
  facet normal 0.000000e+00 0.000000e+00 1.000000e+00
    outer loop
      vertex   1.469051e+02 -3.042486e+01 -7.500000e+00
      vertex   1.469051e+02 -3.242486e+01 -7.500000e+00
      vertex   1.478806e+02 -3.052093e+01 -7.500000e+00
    endloop
  endfacet
  facet normal 0.000000e+00 0.000000e+00 1.000000e+00
    outer loop
      vertex   1.478806e+02 -3.052093e+01 -7.500000e+00
      vertex   1.469051e+02 -3.242486e+01 -7.500000e+00
      vertex   1.476816e+02 -3.252708e+01 -7.500000e+00
    endloop
  endfacet
  facet normal 0.000000e+00 0.000000e+00 1.000000e+00
    outer loop
      vertex   1.478806e+02 -3.052093e+01 -7.500000e+00
      vertex   1.476816e+02 -3.252708e+01 -7.500000e+00
      vertex   1.488186e+02 -3.080546e+01 -7.500000e+00
    endloop
  endfacet
  facet normal 0.000000e+00 0.000000e+00 1.000000e+00
    outer loop
      vertex   1.488186e+02 -3.080546e+01 -7.500000e+00
      vertex   1.476816e+02 -3.252708e+01 -7.500000e+00
      vertex   1.496830e+02 -3.126751e+01 -7.500000e+00
    endloop
  endfacet
  facet normal 0.000000e+00 0.000000e+00 1.000000e+00
    outer loop
      vertex   1.496830e+02 -3.126751e+01 -7.500000e+00
      vertex   1.476816e+02 -3.252708e+01 -7.500000e+00
      vertex   1.484051e+02 -3.282678e+01 -7.500000e+00
    endloop
  endfacet
  facet normal 0.000000e+00 0.000000e+00 1.000000e+00
    outer loop
      vertex   1.496830e+02 -3.126751e+01 -7.500000e+00
      vertex   1.484051e+02 -3.282678e+01 -7.500000e+00
      vertex   1.504407e+02 -3.188933e+01 -7.500000e+00
    endloop
  endfacet
  facet normal 0.000000e+00 0.000000e+00 1.000000e+00
    outer loop
      vertex   1.504407e+02 -3.188933e+01 -7.500000e+00
      vertex   1.484051e+02 -3.282678e+01 -7.500000e+00
      vertex   1.490265e+02 -3.330354e+01 -7.500000e+00
    endloop
  endfacet
  facet normal 0.000000e+00 0.000000e+00 1.000000e+00
    outer loop
      vertex   1.504407e+02 -3.188933e+01 -7.500000e+00
      vertex   1.490265e+02 -3.330354e+01 -7.500000e+00
      vertex   1.510625e+02 -3.264701e+01 -7.500000e+00
    endloop
  endfacet
  facet normal 0.000000e+00 0.000000e+00 1.000000e+00
    outer loop
      vertex   1.510625e+02 -3.264701e+01 -7.500000e+00
      vertex   1.490265e+02 -3.330354e+01 -7.500000e+00
      vertex   1.495032e+02 -3.392486e+01 -7.500000e+00
    endloop
  endfacet
  facet normal 0.000000e+00 0.000000e+00 1.000000e+00
    outer loop
      vertex   1.510625e+02 -3.264701e+01 -7.500000e+00
      vertex   1.495032e+02 -3.392486e+01 -7.500000e+00
      vertex   1.515245e+02 -3.351144e+01 -7.500000e+00
    endloop
  endfacet
  facet normal 0.000000e+00 0.000000e+00 1.000000e+00
    outer loop
      vertex   1.515245e+02 -3.351144e+01 -7.500000e+00
      vertex   1.495032e+02 -3.392486e+01 -7.500000e+00
      vertex   1.498029e+02 -3.464840e+01 -7.500000e+00
    endloop
  endfacet
  facet normal 0.000000e+00 0.000000e+00 1.000000e+00
    outer loop
      vertex   1.515245e+02 -3.351144e+01 -7.500000e+00
      vertex   1.498029e+02 -3.464840e+01 -7.500000e+00
      vertex   1.518091e+02 -3.444941e+01 -7.500000e+00
    endloop
  endfacet
  facet normal 0.000000e+00 0.000000e+00 1.000000e+00
    outer loop
      vertex   1.518091e+02 -3.444941e+01 -7.500000e+00
      vertex   1.498029e+02 -3.464840e+01 -7.500000e+00
      vertex   1.499051e+02 -3.542486e+01 -7.500000e+00
    endloop
  endfacet
  facet normal 0.000000e+00 0.000000e+00 1.000000e+00
    outer loop
      vertex   1.518091e+02 -3.444941e+01 -7.500000e+00
      vertex   1.499051e+02 -3.542486e+01 -7.500000e+00
      vertex   1.519051e+02 -3.542486e+01 -7.500000e+00
    endloop
  endfacet
  facet normal 0.000000e+00 0.000000e+00 1.000000e+00
    outer loop
      vertex   1.519051e+02 -3.542486e+01 -7.500000e+00
      vertex   1.499051e+02 -3.542486e+01 -7.500000e+00
      vertex   1.498029e+02 -3.620132e+01 -7.500000e+00
    endloop
  endfacet
  facet normal 0.000000e+00 0.000000e+00 1.000000e+00
    outer loop
      vertex   1.519051e+02 -3.542486e+01 -7.500000e+00
      vertex   1.498029e+02 -3.620132e+01 -7.500000e+00
      vertex   1.495032e+02 -3.692486e+01 -7.500000e+00
    endloop
  endfacet
  facet normal -0.000000e+00 0.000000e+00 1.000000e+00
    outer loop
      vertex   1.495032e+02 -3.692486e+01 -7.500000e+00
      vertex   1.490265e+02 -3.754618e+01 -7.500000e+00
      vertex   1.519051e+02 -3.542486e+01 -7.500000e+00
    endloop
  endfacet
  facet normal 0.000000e+00 0.000000e+00 1.000000e+00
    outer loop
      vertex   1.519051e+02 -3.542486e+01 -7.500000e+00
      vertex   1.490265e+02 -3.754618e+01 -7.500000e+00
      vertex   1.477712e+02 -4.492486e+01 -7.500000e+00
    endloop
  endfacet
  facet normal 0.000000e+00 0.000000e+00 1.000000e+00
    outer loop
      vertex   1.519051e+02 -3.542486e+01 -7.500000e+00
      vertex   1.477712e+02 -4.492486e+01 -7.500000e+00
      vertex   1.478711e+02 -4.516604e+01 -7.500000e+00
    endloop
  endfacet
  facet normal 0.000000e+00 -0.000000e+00 1.000000e+00
    outer loop
      vertex   1.477712e+02 -4.492486e+01 -7.500000e+00
      vertex   1.490265e+02 -3.754618e+01 -7.500000e+00
      vertex   1.476122e+02 -4.471775e+01 -7.500000e+00
    endloop
  endfacet
  facet normal 0.000000e+00 0.000000e+00 1.000000e+00
    outer loop
      vertex   1.476122e+02 -4.471775e+01 -7.500000e+00
      vertex   1.490265e+02 -3.754618e+01 -7.500000e+00
      vertex   1.484051e+02 -3.802294e+01 -7.500000e+00
    endloop
  endfacet
  facet normal 0.000000e+00 -0.000000e+00 1.000000e+00
    outer loop
      vertex   1.476122e+02 -4.471775e+01 -7.500000e+00
      vertex   1.484051e+02 -3.802294e+01 -7.500000e+00
      vertex   1.474051e+02 -4.455883e+01 -7.500000e+00
    endloop
  endfacet
  facet normal 0.000000e+00 0.000000e+00 1.000000e+00
    outer loop
      vertex   1.474051e+02 -4.455883e+01 -7.500000e+00
      vertex   1.484051e+02 -3.802294e+01 -7.500000e+00
      vertex   1.476816e+02 -3.832264e+01 -7.500000e+00
    endloop
  endfacet
  facet normal 0.000000e+00 -0.000000e+00 1.000000e+00
    outer loop
      vertex   1.474051e+02 -4.455883e+01 -7.500000e+00
      vertex   1.476816e+02 -3.832264e+01 -7.500000e+00
      vertex   1.471640e+02 -4.445893e+01 -7.500000e+00
    endloop
  endfacet
  facet normal 0.000000e+00 -0.000000e+00 1.000000e+00
    outer loop
      vertex   1.471640e+02 -4.445893e+01 -7.500000e+00
      vertex   1.476816e+02 -3.832264e+01 -7.500000e+00
      vertex   1.469051e+02 -3.842486e+01 -7.500000e+00
    endloop
  endfacet
  facet normal 0.000000e+00 0.000000e+00 1.000000e+00
    outer loop
      vertex   1.471640e+02 -4.445893e+01 -7.500000e+00
      vertex   1.469051e+02 -3.842486e+01 -7.500000e+00
      vertex   1.469051e+02 -4.442486e+01 -7.500000e+00
    endloop
  endfacet
  facet normal 0.000000e+00 0.000000e+00 1.000000e+00
    outer loop
      vertex   1.469051e+02 -4.442486e+01 -7.500000e+00
      vertex   1.469051e+02 -3.842486e+01 -7.500000e+00
      vertex   1.466463e+02 -4.445893e+01 -7.500000e+00
    endloop
  endfacet
  facet normal 0.000000e+00 -0.000000e+00 1.000000e+00
    outer loop
      vertex   1.466463e+02 -4.445893e+01 -7.500000e+00
      vertex   1.469051e+02 -3.842486e+01 -7.500000e+00
      vertex   1.461287e+02 -3.832264e+01 -7.500000e+00
    endloop
  endfacet
  facet normal 0.000000e+00 0.000000e+00 1.000000e+00
    outer loop
      vertex   1.466463e+02 -4.445893e+01 -7.500000e+00
      vertex   1.461287e+02 -3.832264e+01 -7.500000e+00
      vertex   1.464051e+02 -4.455883e+01 -7.500000e+00
    endloop
  endfacet
  facet normal 0.000000e+00 0.000000e+00 1.000000e+00
    outer loop
      vertex   1.464051e+02 -4.455883e+01 -7.500000e+00
      vertex   1.461287e+02 -3.832264e+01 -7.500000e+00
      vertex   1.454051e+02 -3.802294e+01 -7.500000e+00
    endloop
  endfacet
  facet normal 0.000000e+00 0.000000e+00 1.000000e+00
    outer loop
      vertex   1.464051e+02 -4.455883e+01 -7.500000e+00
      vertex   1.454051e+02 -3.802294e+01 -7.500000e+00
      vertex   1.461980e+02 -4.471775e+01 -7.500000e+00
    endloop
  endfacet
  facet normal 0.000000e+00 0.000000e+00 1.000000e+00
    outer loop
      vertex   1.461980e+02 -4.471775e+01 -7.500000e+00
      vertex   1.454051e+02 -3.802294e+01 -7.500000e+00
      vertex   1.447838e+02 -3.754618e+01 -7.500000e+00
    endloop
  endfacet
  facet normal 0.000000e+00 0.000000e+00 1.000000e+00
    outer loop
      vertex   1.461980e+02 -4.471775e+01 -7.500000e+00
      vertex   1.447838e+02 -3.754618e+01 -7.500000e+00
      vertex   1.460391e+02 -4.492486e+01 -7.500000e+00
    endloop
  endfacet
  facet normal 0.000000e+00 0.000000e+00 1.000000e+00
    outer loop
      vertex   1.460391e+02 -4.492486e+01 -7.500000e+00
      vertex   1.447838e+02 -3.754618e+01 -7.500000e+00
      vertex   1.459392e+02 -4.516604e+01 -7.500000e+00
    endloop
  endfacet
  facet normal 0.000000e+00 0.000000e+00 1.000000e+00
    outer loop
      vertex   1.459392e+02 -4.516604e+01 -7.500000e+00
      vertex   1.447838e+02 -3.754618e+01 -7.500000e+00
      vertex   1.443071e+02 -3.692486e+01 -7.500000e+00
    endloop
  endfacet
  facet normal 0.000000e+00 0.000000e+00 1.000000e+00
    outer loop
      vertex   1.459392e+02 -4.516604e+01 -7.500000e+00
      vertex   1.443071e+02 -3.692486e+01 -7.500000e+00
      vertex   1.459051e+02 -4.542486e+01 -7.500000e+00
    endloop
  endfacet
  facet normal 0.000000e+00 0.000000e+00 1.000000e+00
    outer loop
      vertex   1.459051e+02 -4.542486e+01 -7.500000e+00
      vertex   1.443071e+02 -3.692486e+01 -7.500000e+00
      vertex   1.440074e+02 -3.620132e+01 -7.500000e+00
    endloop
  endfacet
  facet normal 0.000000e+00 0.000000e+00 1.000000e+00
    outer loop
      vertex   5.320013e+00 -1.175391e+02 -7.500000e+00
      vertex   9.320013e+00 -8.498196e+01 -7.500000e+00
      vertex   5.320013e+00 -3.042486e+01 -7.500000e+00
    endloop
  endfacet
  facet normal 0.000000e+00 0.000000e+00 1.000000e+00
    outer loop
      vertex   5.320013e+00 -3.042486e+01 -7.500000e+00
      vertex   9.320013e+00 -8.498196e+01 -7.500000e+00
      vertex   9.354087e+00 -8.472314e+01 -7.500000e+00
    endloop
  endfacet
  facet normal 0.000000e+00 0.000000e+00 1.000000e+00
    outer loop
      vertex   5.320013e+00 -3.042486e+01 -7.500000e+00
      vertex   9.354087e+00 -8.472314e+01 -7.500000e+00
      vertex   9.354087e+00 -4.568368e+01 -7.500000e+00
    endloop
  endfacet
  facet normal 0.000000e+00 0.000000e+00 1.000000e+00
    outer loop
      vertex   9.354087e+00 -4.568368e+01 -7.500000e+00
      vertex   9.354087e+00 -8.472314e+01 -7.500000e+00
      vertex   9.453987e+00 -8.448196e+01 -7.500000e+00
    endloop
  endfacet
  facet normal 0.000000e+00 0.000000e+00 1.000000e+00
    outer loop
      vertex   9.354087e+00 -4.568368e+01 -7.500000e+00
      vertex   9.453987e+00 -8.448196e+01 -7.500000e+00
      vertex   9.453987e+00 -4.592486e+01 -7.500000e+00
    endloop
  endfacet
  facet normal 0.000000e+00 0.000000e+00 1.000000e+00
    outer loop
      vertex   9.453987e+00 -4.592486e+01 -7.500000e+00
      vertex   9.453987e+00 -8.448196e+01 -7.500000e+00
      vertex   9.612906e+00 -8.427485e+01 -7.500000e+00
    endloop
  endfacet
  facet normal 0.000000e+00 0.000000e+00 1.000000e+00
    outer loop
      vertex   9.453987e+00 -4.592486e+01 -7.500000e+00
      vertex   9.612906e+00 -8.427485e+01 -7.500000e+00
      vertex   9.612906e+00 -4.613197e+01 -7.500000e+00
    endloop
  endfacet
  facet normal 0.000000e+00 0.000000e+00 1.000000e+00
    outer loop
      vertex   9.612906e+00 -4.613197e+01 -7.500000e+00
      vertex   9.612906e+00 -8.427485e+01 -7.500000e+00
      vertex   9.820013e+00 -8.411593e+01 -7.500000e+00
    endloop
  endfacet
  facet normal 0.000000e+00 0.000000e+00 1.000000e+00
    outer loop
      vertex   9.612906e+00 -4.613197e+01 -7.500000e+00
      vertex   9.820013e+00 -8.411593e+01 -7.500000e+00
      vertex   9.820013e+00 -4.629089e+01 -7.500000e+00
    endloop
  endfacet
  facet normal 0.000000e+00 0.000000e+00 1.000000e+00
    outer loop
      vertex   9.820013e+00 -4.629089e+01 -7.500000e+00
      vertex   9.820013e+00 -8.411593e+01 -7.500000e+00
      vertex   1.006119e+01 -8.401603e+01 -7.500000e+00
    endloop
  endfacet
  facet normal 0.000000e+00 0.000000e+00 1.000000e+00
    outer loop
      vertex   9.820013e+00 -4.629089e+01 -7.500000e+00
      vertex   1.006119e+01 -8.401603e+01 -7.500000e+00
      vertex   1.006119e+01 -4.639079e+01 -7.500000e+00
    endloop
  endfacet
  facet normal 0.000000e+00 0.000000e+00 1.000000e+00
    outer loop
      vertex   1.006119e+01 -4.639079e+01 -7.500000e+00
      vertex   1.006119e+01 -8.401603e+01 -7.500000e+00
      vertex   1.032001e+01 -8.398196e+01 -7.500000e+00
    endloop
  endfacet
  facet normal 0.000000e+00 0.000000e+00 1.000000e+00
    outer loop
      vertex   1.006119e+01 -4.639079e+01 -7.500000e+00
      vertex   1.032001e+01 -8.398196e+01 -7.500000e+00
      vertex   1.032001e+01 -4.642486e+01 -7.500000e+00
    endloop
  endfacet
  facet normal -0.000000e+00 0.000000e+00 1.000000e+00
    outer loop
      vertex   1.032001e+01 -4.642486e+01 -7.500000e+00
      vertex   1.032001e+01 -8.398196e+01 -7.500000e+00
      vertex   1.057883e+01 -4.639079e+01 -7.500000e+00
    endloop
  endfacet
  facet normal 0.000000e+00 0.000000e+00 1.000000e+00
    outer loop
      vertex   1.057883e+01 -4.639079e+01 -7.500000e+00
      vertex   1.032001e+01 -8.398196e+01 -7.500000e+00
      vertex   1.057883e+01 -8.401603e+01 -7.500000e+00
    endloop
  endfacet
  facet normal -0.000000e+00 0.000000e+00 1.000000e+00
    outer loop
      vertex   1.057883e+01 -4.639079e+01 -7.500000e+00
      vertex   1.057883e+01 -8.401603e+01 -7.500000e+00
      vertex   1.082001e+01 -4.629089e+01 -7.500000e+00
    endloop
  endfacet
  facet normal 0.000000e+00 0.000000e+00 1.000000e+00
    outer loop
      vertex   1.082001e+01 -4.629089e+01 -7.500000e+00
      vertex   1.057883e+01 -8.401603e+01 -7.500000e+00
      vertex   1.082001e+01 -8.411593e+01 -7.500000e+00
    endloop
  endfacet
  facet normal -0.000000e+00 0.000000e+00 1.000000e+00
    outer loop
      vertex   1.082001e+01 -4.629089e+01 -7.500000e+00
      vertex   1.082001e+01 -8.411593e+01 -7.500000e+00
      vertex   1.102712e+01 -4.613197e+01 -7.500000e+00
    endloop
  endfacet
  facet normal 0.000000e+00 0.000000e+00 1.000000e+00
    outer loop
      vertex   1.102712e+01 -4.613197e+01 -7.500000e+00
      vertex   1.082001e+01 -8.411593e+01 -7.500000e+00
      vertex   1.102712e+01 -8.427485e+01 -7.500000e+00
    endloop
  endfacet
  facet normal -0.000000e+00 0.000000e+00 1.000000e+00
    outer loop
      vertex   1.102712e+01 -4.613197e+01 -7.500000e+00
      vertex   1.102712e+01 -8.427485e+01 -7.500000e+00
      vertex   1.118604e+01 -4.592486e+01 -7.500000e+00
    endloop
  endfacet
  facet normal 0.000000e+00 0.000000e+00 1.000000e+00
    outer loop
      vertex   1.118604e+01 -4.592486e+01 -7.500000e+00
      vertex   1.102712e+01 -8.427485e+01 -7.500000e+00
      vertex   1.118604e+01 -8.448196e+01 -7.500000e+00
    endloop
  endfacet
  facet normal -0.000000e+00 -0.000000e+00 1.000000e+00
    outer loop
      vertex   5.422674e+00 -1.191054e+02 -7.500000e+00
      vertex   1.211145e+01 -1.215229e+02 -7.500000e+00
      vertex   5.320013e+00 -1.175391e+02 -7.500000e+00
    endloop
  endfacet
  facet normal 0.000000e+00 0.000000e+00 1.000000e+00
    outer loop
      vertex   5.320013e+00 -1.175391e+02 -7.500000e+00
      vertex   1.211145e+01 -1.215229e+02 -7.500000e+00
      vertex   1.237027e+01 -1.214888e+02 -7.500000e+00
    endloop
  endfacet
  facet normal 0.000000e+00 0.000000e+00 1.000000e+00
    outer loop
      vertex   5.320013e+00 -1.175391e+02 -7.500000e+00
      vertex   1.237027e+01 -1.214888e+02 -7.500000e+00
      vertex   1.262908e+01 -1.215229e+02 -7.500000e+00
    endloop
  endfacet
  facet normal 0.000000e+00 0.000000e+00 1.000000e+00
    outer loop
      vertex   1.211145e+01 -1.215229e+02 -7.500000e+00
      vertex   5.422674e+00 -1.191054e+02 -7.500000e+00
      vertex   1.187027e+01 -1.216228e+02 -7.500000e+00
    endloop
  endfacet
  facet normal 0.000000e+00 0.000000e+00 1.000000e+00
    outer loop
      vertex   1.187027e+01 -1.216228e+02 -7.500000e+00
      vertex   5.422674e+00 -1.191054e+02 -7.500000e+00
      vertex   5.728903e+00 -1.206449e+02 -7.500000e+00
    endloop
  endfacet
  facet normal 0.000000e+00 0.000000e+00 1.000000e+00
    outer loop
      vertex   1.187027e+01 -1.216228e+02 -7.500000e+00
      vertex   5.728903e+00 -1.206449e+02 -7.500000e+00
      vertex   1.166316e+01 -1.217817e+02 -7.500000e+00
    endloop
  endfacet
  facet normal 0.000000e+00 0.000000e+00 1.000000e+00
    outer loop
      vertex   1.166316e+01 -1.217817e+02 -7.500000e+00
      vertex   5.728903e+00 -1.206449e+02 -7.500000e+00
      vertex   1.150424e+01 -1.219888e+02 -7.500000e+00
    endloop
  endfacet
  facet normal 0.000000e+00 0.000000e+00 1.000000e+00
    outer loop
      vertex   1.150424e+01 -1.219888e+02 -7.500000e+00
      vertex   5.728903e+00 -1.206449e+02 -7.500000e+00
      vertex   6.233458e+00 -1.221313e+02 -7.500000e+00
    endloop
  endfacet
  facet normal 0.000000e+00 0.000000e+00 1.000000e+00
    outer loop
      vertex   1.150424e+01 -1.219888e+02 -7.500000e+00
      vertex   6.233458e+00 -1.221313e+02 -7.500000e+00
      vertex   1.140434e+01 -1.222300e+02 -7.500000e+00
    endloop
  endfacet
  facet normal 0.000000e+00 0.000000e+00 1.000000e+00
    outer loop
      vertex   1.140434e+01 -1.222300e+02 -7.500000e+00
      vertex   6.233458e+00 -1.221313e+02 -7.500000e+00
      vertex   1.137027e+01 -1.224888e+02 -7.500000e+00
    endloop
  endfacet
  facet normal 0.000000e+00 0.000000e+00 1.000000e+00
    outer loop
      vertex   1.137027e+01 -1.224888e+02 -7.500000e+00
      vertex   6.233458e+00 -1.221313e+02 -7.500000e+00
      vertex   6.927708e+00 -1.235391e+02 -7.500000e+00
    endloop
  endfacet
  facet normal 0.000000e+00 0.000000e+00 1.000000e+00
    outer loop
      vertex   1.137027e+01 -1.224888e+02 -7.500000e+00
      vertex   6.927708e+00 -1.235391e+02 -7.500000e+00
      vertex   1.140434e+01 -1.227476e+02 -7.500000e+00
    endloop
  endfacet
  facet normal 0.000000e+00 0.000000e+00 1.000000e+00
    outer loop
      vertex   1.140434e+01 -1.227476e+02 -7.500000e+00
      vertex   6.927708e+00 -1.235391e+02 -7.500000e+00
      vertex   1.150424e+01 -1.229888e+02 -7.500000e+00
    endloop
  endfacet
  facet normal 0.000000e+00 0.000000e+00 1.000000e+00
    outer loop
      vertex   1.150424e+01 -1.229888e+02 -7.500000e+00
      vertex   6.927708e+00 -1.235391e+02 -7.500000e+00
      vertex   7.799773e+00 -1.248442e+02 -7.500000e+00
    endloop
  endfacet
  facet normal 0.000000e+00 0.000000e+00 1.000000e+00
    outer loop
      vertex   1.150424e+01 -1.229888e+02 -7.500000e+00
      vertex   7.799773e+00 -1.248442e+02 -7.500000e+00
      vertex   1.166316e+01 -1.231959e+02 -7.500000e+00
    endloop
  endfacet
  facet normal 0.000000e+00 0.000000e+00 1.000000e+00
    outer loop
      vertex   1.166316e+01 -1.231959e+02 -7.500000e+00
      vertex   7.799773e+00 -1.248442e+02 -7.500000e+00
      vertex   1.187027e+01 -1.233548e+02 -7.500000e+00
    endloop
  endfacet
  facet normal 0.000000e+00 0.000000e+00 1.000000e+00
    outer loop
      vertex   1.187027e+01 -1.233548e+02 -7.500000e+00
      vertex   7.799773e+00 -1.248442e+02 -7.500000e+00
      vertex   8.834731e+00 -1.260243e+02 -7.500000e+00
    endloop
  endfacet
  facet normal 0.000000e+00 0.000000e+00 1.000000e+00
    outer loop
      vertex   1.187027e+01 -1.233548e+02 -7.500000e+00
      vertex   8.834731e+00 -1.260243e+02 -7.500000e+00
      vertex   1.211145e+01 -1.234547e+02 -7.500000e+00
    endloop
  endfacet
  facet normal 0.000000e+00 0.000000e+00 1.000000e+00
    outer loop
      vertex   1.211145e+01 -1.234547e+02 -7.500000e+00
      vertex   8.834731e+00 -1.260243e+02 -7.500000e+00
      vertex   1.001488e+01 -1.270593e+02 -7.500000e+00
    endloop
  endfacet
  facet normal 0.000000e+00 0.000000e+00 1.000000e+00
    outer loop
      vertex   1.211145e+01 -1.234547e+02 -7.500000e+00
      vertex   1.001488e+01 -1.270593e+02 -7.500000e+00
      vertex   1.237027e+01 -1.234888e+02 -7.500000e+00
    endloop
  endfacet
  facet normal 0.000000e+00 0.000000e+00 1.000000e+00
    outer loop
      vertex   1.237027e+01 -1.234888e+02 -7.500000e+00
      vertex   1.001488e+01 -1.270593e+02 -7.500000e+00
      vertex   1.132001e+01 -1.279314e+02 -7.500000e+00
    endloop
  endfacet
  facet normal -0.000000e+00 0.000000e+00 1.000000e+00
    outer loop
      vertex   1.237027e+01 -1.234888e+02 -7.500000e+00
      vertex   1.132001e+01 -1.279314e+02 -7.500000e+00
      vertex   1.262908e+01 -1.234547e+02 -7.500000e+00
    endloop
  endfacet
  facet normal 0.000000e+00 0.000000e+00 1.000000e+00
    outer loop
      vertex   1.262908e+01 -1.234547e+02 -7.500000e+00
      vertex   1.132001e+01 -1.279314e+02 -7.500000e+00
      vertex   1.272781e+01 -1.286256e+02 -7.500000e+00
    endloop
  endfacet
  facet normal -0.000000e+00 0.000000e+00 1.000000e+00
    outer loop
      vertex   1.262908e+01 -1.234547e+02 -7.500000e+00
      vertex   1.272781e+01 -1.286256e+02 -7.500000e+00
      vertex   1.287027e+01 -1.233548e+02 -7.500000e+00
    endloop
  endfacet
  facet normal 0.000000e+00 0.000000e+00 1.000000e+00
    outer loop
      vertex   1.287027e+01 -1.233548e+02 -7.500000e+00
      vertex   1.272781e+01 -1.286256e+02 -7.500000e+00
      vertex   1.421418e+01 -1.291302e+02 -7.500000e+00
    endloop
  endfacet
  facet normal 0.000000e+00 0.000000e+00 1.000000e+00
    outer loop
      vertex   1.287027e+01 -1.233548e+02 -7.500000e+00
      vertex   1.421418e+01 -1.291302e+02 -7.500000e+00
      vertex   1.575370e+01 -1.294364e+02 -7.500000e+00
    endloop
  endfacet
  facet normal -0.000000e+00 -0.000000e+00 1.000000e+00
    outer loop
      vertex   1.575370e+01 -1.294364e+02 -7.500000e+00
      vertex   1.732001e+01 -1.295391e+02 -7.500000e+00
      vertex   1.287027e+01 -1.233548e+02 -7.500000e+00
    endloop
  endfacet
  facet normal -0.000000e+00 0.000000e+00 1.000000e+00
    outer loop
      vertex   1.287027e+01 -1.233548e+02 -7.500000e+00
      vertex   1.732001e+01 -1.295391e+02 -7.500000e+00
      vertex   1.307737e+01 -1.231959e+02 -7.500000e+00
    endloop
  endfacet
  facet normal -0.000000e+00 0.000000e+00 1.000000e+00
    outer loop
      vertex   1.307737e+01 -1.231959e+02 -7.500000e+00
      vertex   1.732001e+01 -1.295391e+02 -7.500000e+00
      vertex   1.323629e+01 -1.229888e+02 -7.500000e+00
    endloop
  endfacet
  facet normal -0.000000e+00 0.000000e+00 1.000000e+00
    outer loop
      vertex   1.323629e+01 -1.229888e+02 -7.500000e+00
      vertex   1.732001e+01 -1.295391e+02 -7.500000e+00
      vertex   1.333619e+01 -1.227476e+02 -7.500000e+00
    endloop
  endfacet
  facet normal -0.000000e+00 0.000000e+00 1.000000e+00
    outer loop
      vertex   1.333619e+01 -1.227476e+02 -7.500000e+00
      vertex   1.732001e+01 -1.295391e+02 -7.500000e+00
      vertex   1.337027e+01 -1.224888e+02 -7.500000e+00
    endloop
  endfacet
  facet normal -0.000000e+00 -0.000000e+00 1.000000e+00
    outer loop
      vertex   1.337027e+01 -1.224888e+02 -7.500000e+00
      vertex   1.732001e+01 -1.295391e+02 -7.500000e+00
      vertex   1.333619e+01 -1.222300e+02 -7.500000e+00
    endloop
  endfacet
  facet normal 0.000000e+00 0.000000e+00 1.000000e+00
    outer loop
      vertex   1.333619e+01 -1.222300e+02 -7.500000e+00
      vertex   1.732001e+01 -1.295391e+02 -7.500000e+00
      vertex   7.764665e+01 -1.242802e+02 -7.500000e+00
    endloop
  endfacet
  facet normal 0.000000e+00 0.000000e+00 1.000000e+00
    outer loop
      vertex   1.333619e+01 -1.222300e+02 -7.500000e+00
      vertex   7.764665e+01 -1.242802e+02 -7.500000e+00
      vertex   7.774655e+01 -1.240391e+02 -7.500000e+00
    endloop
  endfacet
  facet normal 0.000000e+00 0.000000e+00 1.000000e+00
    outer loop
      vertex   1.399051e+02 -1.295391e+02 -7.500000e+00
      vertex   7.861258e+01 -1.255391e+02 -7.500000e+00
      vertex   1.732001e+01 -1.295391e+02 -7.500000e+00
    endloop
  endfacet
  facet normal 0.000000e+00 0.000000e+00 1.000000e+00
    outer loop
      vertex   1.732001e+01 -1.295391e+02 -7.500000e+00
      vertex   7.861258e+01 -1.255391e+02 -7.500000e+00
      vertex   7.835376e+01 -1.255050e+02 -7.500000e+00
    endloop
  endfacet
  facet normal 0.000000e+00 0.000000e+00 1.000000e+00
    outer loop
      vertex   1.732001e+01 -1.295391e+02 -7.500000e+00
      vertex   7.835376e+01 -1.255050e+02 -7.500000e+00
      vertex   7.811258e+01 -1.254051e+02 -7.500000e+00
    endloop
  endfacet
  facet normal 0.000000e+00 -0.000000e+00 1.000000e+00
    outer loop
      vertex   1.414715e+02 -1.294364e+02 -7.500000e+00
      vertex   1.443549e+02 -1.233548e+02 -7.500000e+00
      vertex   1.399051e+02 -1.295391e+02 -7.500000e+00
    endloop
  endfacet
  facet normal 0.000000e+00 0.000000e+00 1.000000e+00
    outer loop
      vertex   1.399051e+02 -1.295391e+02 -7.500000e+00
      vertex   1.443549e+02 -1.233548e+02 -7.500000e+00
      vertex   1.441478e+02 -1.231959e+02 -7.500000e+00
    endloop
  endfacet
  facet normal 0.000000e+00 0.000000e+00 1.000000e+00
    outer loop
      vertex   1.399051e+02 -1.295391e+02 -7.500000e+00
      vertex   1.441478e+02 -1.231959e+02 -7.500000e+00
      vertex   1.439889e+02 -1.229888e+02 -7.500000e+00
    endloop
  endfacet
  facet normal 0.000000e+00 0.000000e+00 1.000000e+00
    outer loop
      vertex   1.414715e+02 -1.294364e+02 -7.500000e+00
      vertex   1.430110e+02 -1.291302e+02 -7.500000e+00
      vertex   1.443549e+02 -1.233548e+02 -7.500000e+00
    endloop
  endfacet
  facet normal 0.000000e+00 0.000000e+00 1.000000e+00
    outer loop
      vertex   1.443549e+02 -1.233548e+02 -7.500000e+00
      vertex   1.430110e+02 -1.291302e+02 -7.500000e+00
      vertex   1.444973e+02 -1.286256e+02 -7.500000e+00
    endloop
  endfacet
  facet normal 0.000000e+00 0.000000e+00 1.000000e+00
    outer loop
      vertex   1.443549e+02 -1.233548e+02 -7.500000e+00
      vertex   1.444973e+02 -1.286256e+02 -7.500000e+00
      vertex   1.445961e+02 -1.234547e+02 -7.500000e+00
    endloop
  endfacet
  facet normal 0.000000e+00 0.000000e+00 1.000000e+00
    outer loop
      vertex   1.445961e+02 -1.234547e+02 -7.500000e+00
      vertex   1.444973e+02 -1.286256e+02 -7.500000e+00
      vertex   1.459051e+02 -1.279314e+02 -7.500000e+00
    endloop
  endfacet
  facet normal 0.000000e+00 0.000000e+00 1.000000e+00
    outer loop
      vertex   1.445961e+02 -1.234547e+02 -7.500000e+00
      vertex   1.459051e+02 -1.279314e+02 -7.500000e+00
      vertex   1.448549e+02 -1.234888e+02 -7.500000e+00
    endloop
  endfacet
  facet normal 0.000000e+00 0.000000e+00 1.000000e+00
    outer loop
      vertex   1.448549e+02 -1.234888e+02 -7.500000e+00
      vertex   1.459051e+02 -1.279314e+02 -7.500000e+00
      vertex   1.472103e+02 -1.270593e+02 -7.500000e+00
    endloop
  endfacet
  facet normal -0.000000e+00 0.000000e+00 1.000000e+00
    outer loop
      vertex   1.448549e+02 -1.234888e+02 -7.500000e+00
      vertex   1.472103e+02 -1.270593e+02 -7.500000e+00
      vertex   1.451137e+02 -1.234547e+02 -7.500000e+00
    endloop
  endfacet
  facet normal 0.000000e+00 0.000000e+00 1.000000e+00
    outer loop
      vertex   1.451137e+02 -1.234547e+02 -7.500000e+00
      vertex   1.472103e+02 -1.270593e+02 -7.500000e+00
      vertex   1.483904e+02 -1.260243e+02 -7.500000e+00
    endloop
  endfacet
  facet normal -0.000000e+00 0.000000e+00 1.000000e+00
    outer loop
      vertex   1.451137e+02 -1.234547e+02 -7.500000e+00
      vertex   1.483904e+02 -1.260243e+02 -7.500000e+00
      vertex   1.453549e+02 -1.233548e+02 -7.500000e+00
    endloop
  endfacet
  facet normal 0.000000e+00 0.000000e+00 1.000000e+00
    outer loop
      vertex   1.453549e+02 -1.233548e+02 -7.500000e+00
      vertex   1.483904e+02 -1.260243e+02 -7.500000e+00
      vertex   1.494254e+02 -1.248442e+02 -7.500000e+00
    endloop
  endfacet
  facet normal -0.000000e+00 0.000000e+00 1.000000e+00
    outer loop
      vertex   1.453549e+02 -1.233548e+02 -7.500000e+00
      vertex   1.494254e+02 -1.248442e+02 -7.500000e+00
      vertex   1.455620e+02 -1.231959e+02 -7.500000e+00
    endloop
  endfacet
  facet normal -0.000000e+00 0.000000e+00 1.000000e+00
    outer loop
      vertex   1.455620e+02 -1.231959e+02 -7.500000e+00
      vertex   1.494254e+02 -1.248442e+02 -7.500000e+00
      vertex   1.457209e+02 -1.229888e+02 -7.500000e+00
    endloop
  endfacet
  facet normal 0.000000e+00 0.000000e+00 1.000000e+00
    outer loop
      vertex   1.457209e+02 -1.229888e+02 -7.500000e+00
      vertex   1.494254e+02 -1.248442e+02 -7.500000e+00
      vertex   1.502974e+02 -1.235391e+02 -7.500000e+00
    endloop
  endfacet
  facet normal -0.000000e+00 0.000000e+00 1.000000e+00
    outer loop
      vertex   1.457209e+02 -1.229888e+02 -7.500000e+00
      vertex   1.502974e+02 -1.235391e+02 -7.500000e+00
      vertex   1.458208e+02 -1.227476e+02 -7.500000e+00
    endloop
  endfacet
  facet normal -0.000000e+00 0.000000e+00 1.000000e+00
    outer loop
      vertex   1.458208e+02 -1.227476e+02 -7.500000e+00
      vertex   1.502974e+02 -1.235391e+02 -7.500000e+00
      vertex   1.458549e+02 -1.224888e+02 -7.500000e+00
    endloop
  endfacet
  facet normal -0.000000e+00 0.000000e+00 1.000000e+00
    outer loop
      vertex   1.458549e+02 -1.224888e+02 -7.500000e+00
      vertex   1.502974e+02 -1.235391e+02 -7.500000e+00
      vertex   1.509917e+02 -1.221313e+02 -7.500000e+00
    endloop
  endfacet
  facet normal 0.000000e+00 -0.000000e+00 1.000000e+00
    outer loop
      vertex   1.458549e+02 -1.224888e+02 -7.500000e+00
      vertex   1.509917e+02 -1.221313e+02 -7.500000e+00
      vertex   1.458208e+02 -1.222300e+02 -7.500000e+00
    endloop
  endfacet
  facet normal 0.000000e+00 -0.000000e+00 1.000000e+00
    outer loop
      vertex   1.458208e+02 -1.222300e+02 -7.500000e+00
      vertex   1.509917e+02 -1.221313e+02 -7.500000e+00
      vertex   1.457209e+02 -1.219888e+02 -7.500000e+00
    endloop
  endfacet
  facet normal -0.000000e+00 0.000000e+00 1.000000e+00
    outer loop
      vertex   1.457209e+02 -1.219888e+02 -7.500000e+00
      vertex   1.509917e+02 -1.221313e+02 -7.500000e+00
      vertex   1.514962e+02 -1.206449e+02 -7.500000e+00
    endloop
  endfacet
  facet normal 0.000000e+00 -0.000000e+00 1.000000e+00
    outer loop
      vertex   1.457209e+02 -1.219888e+02 -7.500000e+00
      vertex   1.514962e+02 -1.206449e+02 -7.500000e+00
      vertex   1.455620e+02 -1.217817e+02 -7.500000e+00
    endloop
  endfacet
  facet normal 0.000000e+00 -0.000000e+00 1.000000e+00
    outer loop
      vertex   1.455620e+02 -1.217817e+02 -7.500000e+00
      vertex   1.514962e+02 -1.206449e+02 -7.500000e+00
      vertex   1.453549e+02 -1.216228e+02 -7.500000e+00
    endloop
  endfacet
  facet normal 0.000000e+00 0.000000e+00 1.000000e+00
    outer loop
      vertex   1.453549e+02 -1.216228e+02 -7.500000e+00
      vertex   1.514962e+02 -1.206449e+02 -7.500000e+00
      vertex   1.518025e+02 -1.191054e+02 -7.500000e+00
    endloop
  endfacet
  facet normal 0.000000e+00 -0.000000e+00 1.000000e+00
    outer loop
      vertex   1.453549e+02 -1.216228e+02 -7.500000e+00
      vertex   1.518025e+02 -1.191054e+02 -7.500000e+00
      vertex   1.451137e+02 -1.215229e+02 -7.500000e+00
    endloop
  endfacet
  facet normal 0.000000e+00 0.000000e+00 1.000000e+00
    outer loop
      vertex   1.451137e+02 -1.215229e+02 -7.500000e+00
      vertex   1.518025e+02 -1.191054e+02 -7.500000e+00
      vertex   1.519051e+02 -1.175391e+02 -7.500000e+00
    endloop
  endfacet
  facet normal 0.000000e+00 -0.000000e+00 1.000000e+00
    outer loop
      vertex   1.451137e+02 -1.215229e+02 -7.500000e+00
      vertex   1.519051e+02 -1.175391e+02 -7.500000e+00
      vertex   1.448549e+02 -1.214888e+02 -7.500000e+00
    endloop
  endfacet
  facet normal 0.000000e+00 -0.000000e+00 1.000000e+00
    outer loop
      vertex   1.448549e+02 -1.214888e+02 -7.500000e+00
      vertex   1.519051e+02 -1.175391e+02 -7.500000e+00
      vertex   1.445961e+02 -1.215229e+02 -7.500000e+00
    endloop
  endfacet
  facet normal 0.000000e+00 0.000000e+00 1.000000e+00
    outer loop
      vertex   1.445961e+02 -1.215229e+02 -7.500000e+00
      vertex   1.519051e+02 -1.175391e+02 -7.500000e+00
      vertex   1.464051e+02 -8.584798e+01 -7.500000e+00
    endloop
  endfacet
  facet normal 0.000000e+00 -0.000000e+00 1.000000e+00
    outer loop
      vertex   1.445961e+02 -1.215229e+02 -7.500000e+00
      vertex   1.464051e+02 -8.584798e+01 -7.500000e+00
      vertex   1.443549e+02 -1.216228e+02 -7.500000e+00
    endloop
  endfacet
  facet normal 0.000000e+00 0.000000e+00 1.000000e+00
    outer loop
      vertex   1.443549e+02 -1.216228e+02 -7.500000e+00
      vertex   1.464051e+02 -8.584798e+01 -7.500000e+00
      vertex   1.461980e+02 -8.568907e+01 -7.500000e+00
    endloop
  endfacet
  facet normal 0.000000e+00 -0.000000e+00 1.000000e+00
    outer loop
      vertex   1.443549e+02 -1.216228e+02 -7.500000e+00
      vertex   1.461980e+02 -8.568907e+01 -7.500000e+00
      vertex   1.441478e+02 -1.217817e+02 -7.500000e+00
    endloop
  endfacet
  facet normal 0.000000e+00 -0.000000e+00 1.000000e+00
    outer loop
      vertex   1.441478e+02 -1.217817e+02 -7.500000e+00
      vertex   1.461980e+02 -8.568907e+01 -7.500000e+00
      vertex   7.911258e+01 -1.236730e+02 -7.500000e+00
    endloop
  endfacet
  facet normal 0.000000e+00 0.000000e+00 1.000000e+00
    outer loop
      vertex   1.441478e+02 -1.217817e+02 -7.500000e+00
      vertex   7.911258e+01 -1.236730e+02 -7.500000e+00
      vertex   7.931968e+01 -1.238320e+02 -7.500000e+00
    endloop
  endfacet
  facet normal 0.000000e+00 0.000000e+00 1.000000e+00
    outer loop
      vertex   1.519051e+02 -3.542486e+01 -7.500000e+00
      vertex   1.479051e+02 -8.498196e+01 -7.500000e+00
      vertex   1.519051e+02 -1.175391e+02 -7.500000e+00
    endloop
  endfacet
  facet normal 0.000000e+00 0.000000e+00 1.000000e+00
    outer loop
      vertex   1.519051e+02 -1.175391e+02 -7.500000e+00
      vertex   1.479051e+02 -8.498196e+01 -7.500000e+00
      vertex   1.478711e+02 -8.524078e+01 -7.500000e+00
    endloop
  endfacet
  facet normal 0.000000e+00 0.000000e+00 1.000000e+00
    outer loop
      vertex   1.519051e+02 -1.175391e+02 -7.500000e+00
      vertex   1.478711e+02 -8.524078e+01 -7.500000e+00
      vertex   1.477712e+02 -8.548196e+01 -7.500000e+00
    endloop
  endfacet
  facet normal -0.000000e+00 0.000000e+00 1.000000e+00
    outer loop
      vertex   1.478711e+02 -4.516604e+01 -7.500000e+00
      vertex   1.479051e+02 -4.542486e+01 -7.500000e+00
      vertex   1.519051e+02 -3.542486e+01 -7.500000e+00
    endloop
  endfacet
  facet normal 0.000000e+00 0.000000e+00 1.000000e+00
    outer loop
      vertex   1.519051e+02 -3.542486e+01 -7.500000e+00
      vertex   1.479051e+02 -4.542486e+01 -7.500000e+00
      vertex   1.478711e+02 -4.568368e+01 -7.500000e+00
    endloop
  endfacet
  facet normal 0.000000e+00 0.000000e+00 1.000000e+00
    outer loop
      vertex   1.519051e+02 -3.542486e+01 -7.500000e+00
      vertex   1.478711e+02 -4.568368e+01 -7.500000e+00
      vertex   1.478711e+02 -8.472314e+01 -7.500000e+00
    endloop
  endfacet
  facet normal 0.000000e+00 -0.000000e+00 1.000000e+00
    outer loop
      vertex   1.478711e+02 -8.472314e+01 -7.500000e+00
      vertex   1.478711e+02 -4.568368e+01 -7.500000e+00
      vertex   1.477712e+02 -8.448196e+01 -7.500000e+00
    endloop
  endfacet
  facet normal 0.000000e+00 0.000000e+00 1.000000e+00
    outer loop
      vertex   1.477712e+02 -8.448196e+01 -7.500000e+00
      vertex   1.478711e+02 -4.568368e+01 -7.500000e+00
      vertex   1.477712e+02 -4.592486e+01 -7.500000e+00
    endloop
  endfacet
  facet normal 0.000000e+00 -0.000000e+00 1.000000e+00
    outer loop
      vertex   1.477712e+02 -8.448196e+01 -7.500000e+00
      vertex   1.477712e+02 -4.592486e+01 -7.500000e+00
      vertex   1.476122e+02 -8.427485e+01 -7.500000e+00
    endloop
  endfacet
  facet normal 0.000000e+00 0.000000e+00 1.000000e+00
    outer loop
      vertex   1.476122e+02 -8.427485e+01 -7.500000e+00
      vertex   1.477712e+02 -4.592486e+01 -7.500000e+00
      vertex   1.476122e+02 -4.613197e+01 -7.500000e+00
    endloop
  endfacet
  facet normal 0.000000e+00 -0.000000e+00 1.000000e+00
    outer loop
      vertex   1.476122e+02 -8.427485e+01 -7.500000e+00
      vertex   1.476122e+02 -4.613197e+01 -7.500000e+00
      vertex   1.474051e+02 -8.411593e+01 -7.500000e+00
    endloop
  endfacet
  facet normal 0.000000e+00 0.000000e+00 1.000000e+00
    outer loop
      vertex   1.474051e+02 -8.411593e+01 -7.500000e+00
      vertex   1.476122e+02 -4.613197e+01 -7.500000e+00
      vertex   1.474051e+02 -4.629089e+01 -7.500000e+00
    endloop
  endfacet
  facet normal 0.000000e+00 -0.000000e+00 1.000000e+00
    outer loop
      vertex   1.474051e+02 -8.411593e+01 -7.500000e+00
      vertex   1.474051e+02 -4.629089e+01 -7.500000e+00
      vertex   1.471640e+02 -8.401603e+01 -7.500000e+00
    endloop
  endfacet
  facet normal 0.000000e+00 0.000000e+00 1.000000e+00
    outer loop
      vertex   1.471640e+02 -8.401603e+01 -7.500000e+00
      vertex   1.474051e+02 -4.629089e+01 -7.500000e+00
      vertex   1.471640e+02 -4.639079e+01 -7.500000e+00
    endloop
  endfacet
  facet normal 0.000000e+00 -0.000000e+00 1.000000e+00
    outer loop
      vertex   1.471640e+02 -8.401603e+01 -7.500000e+00
      vertex   1.471640e+02 -4.639079e+01 -7.500000e+00
      vertex   1.469051e+02 -8.398196e+01 -7.500000e+00
    endloop
  endfacet
  facet normal 0.000000e+00 0.000000e+00 1.000000e+00
    outer loop
      vertex   1.469051e+02 -8.398196e+01 -7.500000e+00
      vertex   1.471640e+02 -4.639079e+01 -7.500000e+00
      vertex   1.469051e+02 -4.642486e+01 -7.500000e+00
    endloop
  endfacet
  facet normal 0.000000e+00 -0.000000e+00 1.000000e+00
    outer loop
      vertex   1.469051e+02 -8.398196e+01 -7.500000e+00
      vertex   1.469051e+02 -4.642486e+01 -7.500000e+00
      vertex   1.466463e+02 -4.639079e+01 -7.500000e+00
    endloop
  endfacet
  facet normal 0.000000e+00 0.000000e+00 1.000000e+00
    outer loop
      vertex   1.469051e+02 -8.398196e+01 -7.500000e+00
      vertex   1.466463e+02 -4.639079e+01 -7.500000e+00
      vertex   1.466463e+02 -8.401603e+01 -7.500000e+00
    endloop
  endfacet
  facet normal 0.000000e+00 -0.000000e+00 1.000000e+00
    outer loop
      vertex   1.466463e+02 -8.401603e+01 -7.500000e+00
      vertex   1.466463e+02 -4.639079e+01 -7.500000e+00
      vertex   1.464051e+02 -4.629089e+01 -7.500000e+00
    endloop
  endfacet
  facet normal 0.000000e+00 0.000000e+00 1.000000e+00
    outer loop
      vertex   1.466463e+02 -8.401603e+01 -7.500000e+00
      vertex   1.464051e+02 -4.629089e+01 -7.500000e+00
      vertex   1.464051e+02 -8.411593e+01 -7.500000e+00
    endloop
  endfacet
  facet normal 0.000000e+00 -0.000000e+00 1.000000e+00
    outer loop
      vertex   1.464051e+02 -8.411593e+01 -7.500000e+00
      vertex   1.464051e+02 -4.629089e+01 -7.500000e+00
      vertex   1.461980e+02 -4.613197e+01 -7.500000e+00
    endloop
  endfacet
  facet normal 0.000000e+00 0.000000e+00 1.000000e+00
    outer loop
      vertex   1.464051e+02 -8.411593e+01 -7.500000e+00
      vertex   1.461980e+02 -4.613197e+01 -7.500000e+00
      vertex   1.461980e+02 -8.427485e+01 -7.500000e+00
    endloop
  endfacet
  facet normal 0.000000e+00 -0.000000e+00 1.000000e+00
    outer loop
      vertex   1.461980e+02 -8.427485e+01 -7.500000e+00
      vertex   1.461980e+02 -4.613197e+01 -7.500000e+00
      vertex   1.460391e+02 -4.592486e+01 -7.500000e+00
    endloop
  endfacet
  facet normal 0.000000e+00 0.000000e+00 1.000000e+00
    outer loop
      vertex   1.461980e+02 -8.427485e+01 -7.500000e+00
      vertex   1.460391e+02 -4.592486e+01 -7.500000e+00
      vertex   1.460391e+02 -8.448196e+01 -7.500000e+00
    endloop
  endfacet
  facet normal 0.000000e+00 0.000000e+00 1.000000e+00
    outer loop
      vertex   7.764665e+01 -1.247979e+02 -7.500000e+00
      vertex   7.761258e+01 -1.245391e+02 -7.500000e+00
      vertex   1.732001e+01 -1.295391e+02 -7.500000e+00
    endloop
  endfacet
  facet normal 0.000000e+00 0.000000e+00 1.000000e+00
    outer loop
      vertex   1.732001e+01 -1.295391e+02 -7.500000e+00
      vertex   7.761258e+01 -1.245391e+02 -7.500000e+00
      vertex   7.764665e+01 -1.242802e+02 -7.500000e+00
    endloop
  endfacet
  facet normal -0.000000e+00 -0.000000e+00 1.000000e+00
    outer loop
      vertex   1.333619e+01 -1.222300e+02 -7.500000e+00
      vertex   7.774655e+01 -1.240391e+02 -7.500000e+00
      vertex   1.323629e+01 -1.219888e+02 -7.500000e+00
    endloop
  endfacet
  facet normal 0.000000e+00 0.000000e+00 1.000000e+00
    outer loop
      vertex   1.323629e+01 -1.219888e+02 -7.500000e+00
      vertex   7.774655e+01 -1.240391e+02 -7.500000e+00
      vertex   7.790547e+01 -1.238320e+02 -7.500000e+00
    endloop
  endfacet
  facet normal -0.000000e+00 -0.000000e+00 1.000000e+00
    outer loop
      vertex   1.323629e+01 -1.219888e+02 -7.500000e+00
      vertex   7.790547e+01 -1.238320e+02 -7.500000e+00
      vertex   1.307737e+01 -1.217817e+02 -7.500000e+00
    endloop
  endfacet
  facet normal 0.000000e+00 0.000000e+00 1.000000e+00
    outer loop
      vertex   1.307737e+01 -1.217817e+02 -7.500000e+00
      vertex   7.790547e+01 -1.238320e+02 -7.500000e+00
      vertex   7.811258e+01 -1.236730e+02 -7.500000e+00
    endloop
  endfacet
  facet normal -0.000000e+00 -0.000000e+00 1.000000e+00
    outer loop
      vertex   1.307737e+01 -1.217817e+02 -7.500000e+00
      vertex   7.811258e+01 -1.236730e+02 -7.500000e+00
      vertex   1.102712e+01 -8.568907e+01 -7.500000e+00
    endloop
  endfacet
  facet normal -0.000000e+00 0.000000e+00 1.000000e+00
    outer loop
      vertex   1.102712e+01 -8.568907e+01 -7.500000e+00
      vertex   7.811258e+01 -1.236730e+02 -7.500000e+00
      vertex   1.118604e+01 -8.548196e+01 -7.500000e+00
    endloop
  endfacet
  facet normal 0.000000e+00 0.000000e+00 1.000000e+00
    outer loop
      vertex   1.118604e+01 -8.548196e+01 -7.500000e+00
      vertex   7.811258e+01 -1.236730e+02 -7.500000e+00
      vertex   7.835376e+01 -1.235731e+02 -7.500000e+00
    endloop
  endfacet
  facet normal 0.000000e+00 0.000000e+00 1.000000e+00
    outer loop
      vertex   1.459392e+02 -8.472314e+01 -7.500000e+00
      vertex   7.861258e+01 -1.235391e+02 -7.500000e+00
      vertex   1.459051e+02 -8.498196e+01 -7.500000e+00
    endloop
  endfacet
  facet normal 0.000000e+00 0.000000e+00 1.000000e+00
    outer loop
      vertex   1.459051e+02 -8.498196e+01 -7.500000e+00
      vertex   7.861258e+01 -1.235391e+02 -7.500000e+00
      vertex   7.887139e+01 -1.235731e+02 -7.500000e+00
    endloop
  endfacet
  facet normal 0.000000e+00 0.000000e+00 1.000000e+00
    outer loop
      vertex   1.459051e+02 -8.498196e+01 -7.500000e+00
      vertex   7.887139e+01 -1.235731e+02 -7.500000e+00
      vertex   1.459392e+02 -8.524078e+01 -7.500000e+00
    endloop
  endfacet
  facet normal 0.000000e+00 0.000000e+00 1.000000e+00
    outer loop
      vertex   1.459392e+02 -8.524078e+01 -7.500000e+00
      vertex   7.887139e+01 -1.235731e+02 -7.500000e+00
      vertex   1.460391e+02 -8.548196e+01 -7.500000e+00
    endloop
  endfacet
  facet normal 0.000000e+00 0.000000e+00 1.000000e+00
    outer loop
      vertex   1.460391e+02 -8.548196e+01 -7.500000e+00
      vertex   7.887139e+01 -1.235731e+02 -7.500000e+00
      vertex   7.911258e+01 -1.236730e+02 -7.500000e+00
    endloop
  endfacet
  facet normal 0.000000e+00 0.000000e+00 1.000000e+00
    outer loop
      vertex   1.460391e+02 -8.548196e+01 -7.500000e+00
      vertex   7.911258e+01 -1.236730e+02 -7.500000e+00
      vertex   1.461980e+02 -8.568907e+01 -7.500000e+00
    endloop
  endfacet
  facet normal 0.000000e+00 0.000000e+00 1.000000e+00
    outer loop
      vertex   1.441478e+02 -1.217817e+02 -7.500000e+00
      vertex   7.931968e+01 -1.238320e+02 -7.500000e+00
      vertex   1.439889e+02 -1.219888e+02 -7.500000e+00
    endloop
  endfacet
  facet normal 0.000000e+00 0.000000e+00 1.000000e+00
    outer loop
      vertex   1.439889e+02 -1.219888e+02 -7.500000e+00
      vertex   7.931968e+01 -1.238320e+02 -7.500000e+00
      vertex   7.947860e+01 -1.240391e+02 -7.500000e+00
    endloop
  endfacet
  facet normal 0.000000e+00 0.000000e+00 1.000000e+00
    outer loop
      vertex   1.439889e+02 -1.219888e+02 -7.500000e+00
      vertex   7.947860e+01 -1.240391e+02 -7.500000e+00
      vertex   1.438890e+02 -1.222300e+02 -7.500000e+00
    endloop
  endfacet
  facet normal 0.000000e+00 0.000000e+00 1.000000e+00
    outer loop
      vertex   1.438890e+02 -1.222300e+02 -7.500000e+00
      vertex   7.947860e+01 -1.240391e+02 -7.500000e+00
      vertex   7.957850e+01 -1.242802e+02 -7.500000e+00
    endloop
  endfacet
  facet normal 0.000000e+00 0.000000e+00 1.000000e+00
    outer loop
      vertex   1.438890e+02 -1.222300e+02 -7.500000e+00
      vertex   7.957850e+01 -1.242802e+02 -7.500000e+00
      vertex   1.399051e+02 -1.295391e+02 -7.500000e+00
    endloop
  endfacet
  facet normal 0.000000e+00 0.000000e+00 1.000000e+00
    outer loop
      vertex   1.399051e+02 -1.295391e+02 -7.500000e+00
      vertex   7.957850e+01 -1.242802e+02 -7.500000e+00
      vertex   7.961258e+01 -1.245391e+02 -7.500000e+00
    endloop
  endfacet
  facet normal 0.000000e+00 0.000000e+00 1.000000e+00
    outer loop
      vertex   1.399051e+02 -1.295391e+02 -7.500000e+00
      vertex   7.961258e+01 -1.245391e+02 -7.500000e+00
      vertex   7.957850e+01 -1.247979e+02 -7.500000e+00
    endloop
  endfacet
  facet normal 0.000000e+00 0.000000e+00 1.000000e+00
    outer loop
      vertex   7.957850e+01 -1.247979e+02 -7.500000e+00
      vertex   7.947860e+01 -1.250391e+02 -7.500000e+00
      vertex   1.399051e+02 -1.295391e+02 -7.500000e+00
    endloop
  endfacet
  facet normal 0.000000e+00 0.000000e+00 1.000000e+00
    outer loop
      vertex   1.399051e+02 -1.295391e+02 -7.500000e+00
      vertex   7.947860e+01 -1.250391e+02 -7.500000e+00
      vertex   7.931968e+01 -1.252462e+02 -7.500000e+00
    endloop
  endfacet
  facet normal 0.000000e+00 0.000000e+00 1.000000e+00
    outer loop
      vertex   1.399051e+02 -1.295391e+02 -7.500000e+00
      vertex   7.931968e+01 -1.252462e+02 -7.500000e+00
      vertex   7.911258e+01 -1.254051e+02 -7.500000e+00
    endloop
  endfacet
  facet normal 0.000000e+00 0.000000e+00 1.000000e+00
    outer loop
      vertex   7.911258e+01 -1.254051e+02 -7.500000e+00
      vertex   7.887139e+01 -1.255050e+02 -7.500000e+00
      vertex   1.399051e+02 -1.295391e+02 -7.500000e+00
    endloop
  endfacet
  facet normal 0.000000e+00 0.000000e+00 1.000000e+00
    outer loop
      vertex   1.399051e+02 -1.295391e+02 -7.500000e+00
      vertex   7.887139e+01 -1.255050e+02 -7.500000e+00
      vertex   7.861258e+01 -1.255391e+02 -7.500000e+00
    endloop
  endfacet
  facet normal 0.000000e+00 0.000000e+00 1.000000e+00
    outer loop
      vertex   7.811258e+01 -1.254051e+02 -7.500000e+00
      vertex   7.790547e+01 -1.252462e+02 -7.500000e+00
      vertex   1.732001e+01 -1.295391e+02 -7.500000e+00
    endloop
  endfacet
  facet normal 0.000000e+00 0.000000e+00 1.000000e+00
    outer loop
      vertex   1.732001e+01 -1.295391e+02 -7.500000e+00
      vertex   7.790547e+01 -1.252462e+02 -7.500000e+00
      vertex   7.774655e+01 -1.250391e+02 -7.500000e+00
    endloop
  endfacet
  facet normal 0.000000e+00 0.000000e+00 1.000000e+00
    outer loop
      vertex   1.732001e+01 -1.295391e+02 -7.500000e+00
      vertex   7.774655e+01 -1.250391e+02 -7.500000e+00
      vertex   7.764665e+01 -1.247979e+02 -7.500000e+00
    endloop
  endfacet
  facet normal -0.000000e+00 0.000000e+00 1.000000e+00
    outer loop
      vertex   1.478711e+02 -8.472314e+01 -7.500000e+00
      vertex   1.479051e+02 -8.498196e+01 -7.500000e+00
      vertex   1.519051e+02 -3.542486e+01 -7.500000e+00
    endloop
  endfacet
  facet normal 0.000000e+00 0.000000e+00 1.000000e+00
    outer loop
      vertex   1.477712e+02 -8.548196e+01 -7.500000e+00
      vertex   1.476122e+02 -8.568907e+01 -7.500000e+00
      vertex   1.519051e+02 -1.175391e+02 -7.500000e+00
    endloop
  endfacet
  facet normal 0.000000e+00 0.000000e+00 1.000000e+00
    outer loop
      vertex   1.519051e+02 -1.175391e+02 -7.500000e+00
      vertex   1.476122e+02 -8.568907e+01 -7.500000e+00
      vertex   1.474051e+02 -8.584798e+01 -7.500000e+00
    endloop
  endfacet
  facet normal 0.000000e+00 0.000000e+00 1.000000e+00
    outer loop
      vertex   1.519051e+02 -1.175391e+02 -7.500000e+00
      vertex   1.474051e+02 -8.584798e+01 -7.500000e+00
      vertex   1.471640e+02 -8.594788e+01 -7.500000e+00
    endloop
  endfacet
  facet normal 0.000000e+00 0.000000e+00 1.000000e+00
    outer loop
      vertex   1.471640e+02 -8.594788e+01 -7.500000e+00
      vertex   1.469051e+02 -8.598196e+01 -7.500000e+00
      vertex   1.519051e+02 -1.175391e+02 -7.500000e+00
    endloop
  endfacet
  facet normal 0.000000e+00 0.000000e+00 1.000000e+00
    outer loop
      vertex   1.519051e+02 -1.175391e+02 -7.500000e+00
      vertex   1.469051e+02 -8.598196e+01 -7.500000e+00
      vertex   1.466463e+02 -8.594788e+01 -7.500000e+00
    endloop
  endfacet
  facet normal 0.000000e+00 0.000000e+00 1.000000e+00
    outer loop
      vertex   1.519051e+02 -1.175391e+02 -7.500000e+00
      vertex   1.466463e+02 -8.594788e+01 -7.500000e+00
      vertex   1.464051e+02 -8.584798e+01 -7.500000e+00
    endloop
  endfacet
  facet normal 0.000000e+00 0.000000e+00 1.000000e+00
    outer loop
      vertex   9.354087e+00 -4.568368e+01 -7.500000e+00
      vertex   9.320013e+00 -4.542486e+01 -7.500000e+00
      vertex   5.320013e+00 -3.042486e+01 -7.500000e+00
    endloop
  endfacet
  facet normal 0.000000e+00 0.000000e+00 1.000000e+00
    outer loop
      vertex   5.320013e+00 -3.042486e+01 -7.500000e+00
      vertex   9.320013e+00 -4.542486e+01 -7.500000e+00
      vertex   9.354087e+00 -4.516604e+01 -7.500000e+00
    endloop
  endfacet
  facet normal 0.000000e+00 0.000000e+00 1.000000e+00
    outer loop
      vertex   5.320013e+00 -3.042486e+01 -7.500000e+00
      vertex   9.354087e+00 -4.516604e+01 -7.500000e+00
      vertex   9.453987e+00 -4.492486e+01 -7.500000e+00
    endloop
  endfacet
  facet normal 0.000000e+00 -0.000000e+00 1.000000e+00
    outer loop
      vertex   9.453987e+00 -4.492486e+01 -7.500000e+00
      vertex   9.612906e+00 -4.471775e+01 -7.500000e+00
      vertex   5.320013e+00 -3.042486e+01 -7.500000e+00
    endloop
  endfacet
  facet normal 0.000000e+00 0.000000e+00 1.000000e+00
    outer loop
      vertex   5.320013e+00 -3.042486e+01 -7.500000e+00
      vertex   9.612906e+00 -4.471775e+01 -7.500000e+00
      vertex   9.820013e+00 -4.455883e+01 -7.500000e+00
    endloop
  endfacet
  facet normal 0.000000e+00 0.000000e+00 1.000000e+00
    outer loop
      vertex   5.320013e+00 -3.042486e+01 -7.500000e+00
      vertex   9.820013e+00 -4.455883e+01 -7.500000e+00
      vertex   1.006119e+01 -4.445893e+01 -7.500000e+00
    endloop
  endfacet
  facet normal 0.000000e+00 -0.000000e+00 1.000000e+00
    outer loop
      vertex   1.006119e+01 -4.445893e+01 -7.500000e+00
      vertex   1.032001e+01 -4.442486e+01 -7.500000e+00
      vertex   5.320013e+00 -3.042486e+01 -7.500000e+00
    endloop
  endfacet
  facet normal 0.000000e+00 0.000000e+00 1.000000e+00
    outer loop
      vertex   5.320013e+00 -3.042486e+01 -7.500000e+00
      vertex   1.032001e+01 -4.442486e+01 -7.500000e+00
      vertex   1.057883e+01 -4.445893e+01 -7.500000e+00
    endloop
  endfacet
  facet normal 0.000000e+00 0.000000e+00 1.000000e+00
    outer loop
      vertex   5.320013e+00 -3.042486e+01 -7.500000e+00
      vertex   1.057883e+01 -4.445893e+01 -7.500000e+00
      vertex   1.082001e+01 -4.455883e+01 -7.500000e+00
    endloop
  endfacet
  facet normal -0.000000e+00 -0.000000e+00 1.000000e+00
    outer loop
      vertex   1.082001e+01 -4.455883e+01 -7.500000e+00
      vertex   1.102712e+01 -4.471775e+01 -7.500000e+00
      vertex   5.320013e+00 -3.042486e+01 -7.500000e+00
    endloop
  endfacet
  facet normal 0.000000e+00 0.000000e+00 1.000000e+00
    outer loop
      vertex   5.320013e+00 -3.042486e+01 -7.500000e+00
      vertex   1.102712e+01 -4.471775e+01 -7.500000e+00
      vertex   1.118604e+01 -4.492486e+01 -7.500000e+00
    endloop
  endfacet
  facet normal -0.000000e+00 0.000000e+00 1.000000e+00
    outer loop
      vertex   5.320013e+00 -1.175391e+02 -7.500000e+00
      vertex   1.262908e+01 -1.215229e+02 -7.500000e+00
      vertex   1.082001e+01 -8.584798e+01 -7.500000e+00
    endloop
  endfacet
  facet normal 0.000000e+00 0.000000e+00 1.000000e+00
    outer loop
      vertex   1.082001e+01 -8.584798e+01 -7.500000e+00
      vertex   1.262908e+01 -1.215229e+02 -7.500000e+00
      vertex   1.287027e+01 -1.216228e+02 -7.500000e+00
    endloop
  endfacet
  facet normal -0.000000e+00 0.000000e+00 1.000000e+00
    outer loop
      vertex   1.082001e+01 -8.584798e+01 -7.500000e+00
      vertex   1.287027e+01 -1.216228e+02 -7.500000e+00
      vertex   1.102712e+01 -8.568907e+01 -7.500000e+00
    endloop
  endfacet
  facet normal 0.000000e+00 0.000000e+00 1.000000e+00
    outer loop
      vertex   1.102712e+01 -8.568907e+01 -7.500000e+00
      vertex   1.287027e+01 -1.216228e+02 -7.500000e+00
      vertex   1.307737e+01 -1.217817e+02 -7.500000e+00
    endloop
  endfacet
  facet normal 0.000000e+00 0.000000e+00 1.000000e+00
    outer loop
      vertex   1.438890e+02 -1.227476e+02 -7.500000e+00
      vertex   1.438549e+02 -1.224888e+02 -7.500000e+00
      vertex   1.399051e+02 -1.295391e+02 -7.500000e+00
    endloop
  endfacet
  facet normal 0.000000e+00 0.000000e+00 1.000000e+00
    outer loop
      vertex   1.399051e+02 -1.295391e+02 -7.500000e+00
      vertex   1.438549e+02 -1.224888e+02 -7.500000e+00
      vertex   1.438890e+02 -1.222300e+02 -7.500000e+00
    endloop
  endfacet
  facet normal 0.000000e+00 0.000000e+00 1.000000e+00
    outer loop
      vertex   1.439889e+02 -1.229888e+02 -7.500000e+00
      vertex   1.438890e+02 -1.227476e+02 -7.500000e+00
      vertex   1.399051e+02 -1.295391e+02 -7.500000e+00
    endloop
  endfacet
  facet normal 0.000000e+00 0.000000e+00 1.000000e+00
    outer loop
      vertex   1.082001e+01 -8.584798e+01 -7.500000e+00
      vertex   1.057883e+01 -8.594788e+01 -7.500000e+00
      vertex   5.320013e+00 -1.175391e+02 -7.500000e+00
    endloop
  endfacet
  facet normal 0.000000e+00 0.000000e+00 1.000000e+00
    outer loop
      vertex   5.320013e+00 -1.175391e+02 -7.500000e+00
      vertex   1.057883e+01 -8.594788e+01 -7.500000e+00
      vertex   1.032001e+01 -8.598196e+01 -7.500000e+00
    endloop
  endfacet
  facet normal 0.000000e+00 0.000000e+00 1.000000e+00
    outer loop
      vertex   5.320013e+00 -1.175391e+02 -7.500000e+00
      vertex   1.032001e+01 -8.598196e+01 -7.500000e+00
      vertex   1.006119e+01 -8.594788e+01 -7.500000e+00
    endloop
  endfacet
  facet normal 0.000000e+00 0.000000e+00 1.000000e+00
    outer loop
      vertex   1.006119e+01 -8.594788e+01 -7.500000e+00
      vertex   9.820013e+00 -8.584798e+01 -7.500000e+00
      vertex   5.320013e+00 -1.175391e+02 -7.500000e+00
    endloop
  endfacet
  facet normal 0.000000e+00 0.000000e+00 1.000000e+00
    outer loop
      vertex   5.320013e+00 -1.175391e+02 -7.500000e+00
      vertex   9.820013e+00 -8.584798e+01 -7.500000e+00
      vertex   9.612906e+00 -8.568907e+01 -7.500000e+00
    endloop
  endfacet
  facet normal 0.000000e+00 0.000000e+00 1.000000e+00
    outer loop
      vertex   5.320013e+00 -1.175391e+02 -7.500000e+00
      vertex   9.612906e+00 -8.568907e+01 -7.500000e+00
      vertex   9.453987e+00 -8.548196e+01 -7.500000e+00
    endloop
  endfacet
  facet normal 0.000000e+00 0.000000e+00 1.000000e+00
    outer loop
      vertex   9.453987e+00 -8.548196e+01 -7.500000e+00
      vertex   9.354087e+00 -8.524078e+01 -7.500000e+00
      vertex   5.320013e+00 -1.175391e+02 -7.500000e+00
    endloop
  endfacet
  facet normal 0.000000e+00 0.000000e+00 1.000000e+00
    outer loop
      vertex   5.320013e+00 -1.175391e+02 -7.500000e+00
      vertex   9.354087e+00 -8.524078e+01 -7.500000e+00
      vertex   9.320013e+00 -8.498196e+01 -7.500000e+00
    endloop
  endfacet
  facet normal -3.763863e-16 1.000000e+00 0.000000e+00
    outer loop
      vertex   1.469051e+02 -3.042486e+01 -7.500000e+00
      vertex   1.469051e+02 -3.042486e+01 -9.500000e+00
      vertex   5.320013e+00 -3.042486e+01 -7.500000e+00
    endloop
  endfacet
  facet normal -3.763863e-16 1.000000e+00 0.000000e+00
    outer loop
      vertex   5.320013e+00 -3.042486e+01 -7.500000e+00
      vertex   1.469051e+02 -3.042486e+01 -9.500000e+00
      vertex   5.320013e+00 -3.042486e+01 -9.500000e+00
    endloop
  endfacet
  facet normal 9.914449e-01 -1.305262e-01 0.000000e+00
    outer loop
      vertex   1.440074e+02 -3.464840e+01 -8.500000e+00
      vertex   1.440074e+02 -3.464840e+01 -7.500000e+00
      vertex   1.439051e+02 -3.542486e+01 -8.500000e+00
    endloop
  endfacet
  facet normal 9.914449e-01 -1.305262e-01 0.000000e+00
    outer loop
      vertex   1.439051e+02 -3.542486e+01 -8.500000e+00
      vertex   1.440074e+02 -3.464840e+01 -7.500000e+00
      vertex   1.439051e+02 -3.542486e+01 -7.500000e+00
    endloop
  endfacet
  facet normal 9.914449e-01 1.305262e-01 -0.000000e+00
    outer loop
      vertex   1.439051e+02 -3.542486e+01 -8.500000e+00
      vertex   1.439051e+02 -3.542486e+01 -7.500000e+00
      vertex   1.440074e+02 -3.620132e+01 -8.500000e+00
    endloop
  endfacet
  facet normal 9.914449e-01 1.305262e-01 -0.000000e+00
    outer loop
      vertex   1.440074e+02 -3.620132e+01 -8.500000e+00
      vertex   1.439051e+02 -3.542486e+01 -7.500000e+00
      vertex   1.440074e+02 -3.620132e+01 -7.500000e+00
    endloop
  endfacet
  facet normal 9.238795e-01 3.826834e-01 -0.000000e+00
    outer loop
      vertex   1.440074e+02 -3.620132e+01 -8.500000e+00
      vertex   1.440074e+02 -3.620132e+01 -7.500000e+00
      vertex   1.443071e+02 -3.692486e+01 -8.500000e+00
    endloop
  endfacet
  facet normal 9.238795e-01 3.826834e-01 -0.000000e+00
    outer loop
      vertex   1.443071e+02 -3.692486e+01 -8.500000e+00
      vertex   1.440074e+02 -3.620132e+01 -7.500000e+00
      vertex   1.443071e+02 -3.692486e+01 -7.500000e+00
    endloop
  endfacet
  facet normal 7.933533e-01 6.087614e-01 -0.000000e+00
    outer loop
      vertex   1.443071e+02 -3.692486e+01 -8.500000e+00
      vertex   1.443071e+02 -3.692486e+01 -7.500000e+00
      vertex   1.447838e+02 -3.754618e+01 -8.500000e+00
    endloop
  endfacet
  facet normal 7.933533e-01 6.087614e-01 -0.000000e+00
    outer loop
      vertex   1.447838e+02 -3.754618e+01 -8.500000e+00
      vertex   1.443071e+02 -3.692486e+01 -7.500000e+00
      vertex   1.447838e+02 -3.754618e+01 -7.500000e+00
    endloop
  endfacet
  facet normal 6.087614e-01 7.933533e-01 -0.000000e+00
    outer loop
      vertex   1.447838e+02 -3.754618e+01 -8.500000e+00
      vertex   1.447838e+02 -3.754618e+01 -7.500000e+00
      vertex   1.454051e+02 -3.802294e+01 -8.500000e+00
    endloop
  endfacet
  facet normal 6.087614e-01 7.933533e-01 -0.000000e+00
    outer loop
      vertex   1.454051e+02 -3.802294e+01 -8.500000e+00
      vertex   1.447838e+02 -3.754618e+01 -7.500000e+00
      vertex   1.454051e+02 -3.802294e+01 -7.500000e+00
    endloop
  endfacet
  facet normal 3.826834e-01 9.238795e-01 -0.000000e+00
    outer loop
      vertex   1.454051e+02 -3.802294e+01 -8.500000e+00
      vertex   1.454051e+02 -3.802294e+01 -7.500000e+00
      vertex   1.461287e+02 -3.832264e+01 -8.500000e+00
    endloop
  endfacet
  facet normal 3.826834e-01 9.238795e-01 -0.000000e+00
    outer loop
      vertex   1.461287e+02 -3.832264e+01 -8.500000e+00
      vertex   1.454051e+02 -3.802294e+01 -7.500000e+00
      vertex   1.461287e+02 -3.832264e+01 -7.500000e+00
    endloop
  endfacet
  facet normal 1.305262e-01 9.914449e-01 -0.000000e+00
    outer loop
      vertex   1.461287e+02 -3.832264e+01 -8.500000e+00
      vertex   1.461287e+02 -3.832264e+01 -7.500000e+00
      vertex   1.469051e+02 -3.842486e+01 -8.500000e+00
    endloop
  endfacet
  facet normal 1.305262e-01 9.914449e-01 -0.000000e+00
    outer loop
      vertex   1.469051e+02 -3.842486e+01 -8.500000e+00
      vertex   1.461287e+02 -3.832264e+01 -7.500000e+00
      vertex   1.469051e+02 -3.842486e+01 -7.500000e+00
    endloop
  endfacet
  facet normal -1.305262e-01 9.914449e-01 0.000000e+00
    outer loop
      vertex   1.469051e+02 -3.842486e+01 -8.500000e+00
      vertex   1.469051e+02 -3.842486e+01 -7.500000e+00
      vertex   1.476816e+02 -3.832264e+01 -8.500000e+00
    endloop
  endfacet
  facet normal -1.305262e-01 9.914449e-01 0.000000e+00
    outer loop
      vertex   1.476816e+02 -3.832264e+01 -8.500000e+00
      vertex   1.469051e+02 -3.842486e+01 -7.500000e+00
      vertex   1.476816e+02 -3.832264e+01 -7.500000e+00
    endloop
  endfacet
  facet normal -3.826834e-01 9.238795e-01 0.000000e+00
    outer loop
      vertex   1.476816e+02 -3.832264e+01 -8.500000e+00
      vertex   1.476816e+02 -3.832264e+01 -7.500000e+00
      vertex   1.484051e+02 -3.802294e+01 -8.500000e+00
    endloop
  endfacet
  facet normal -3.826834e-01 9.238795e-01 0.000000e+00
    outer loop
      vertex   1.484051e+02 -3.802294e+01 -8.500000e+00
      vertex   1.476816e+02 -3.832264e+01 -7.500000e+00
      vertex   1.484051e+02 -3.802294e+01 -7.500000e+00
    endloop
  endfacet
  facet normal -6.087614e-01 7.933533e-01 0.000000e+00
    outer loop
      vertex   1.484051e+02 -3.802294e+01 -8.500000e+00
      vertex   1.484051e+02 -3.802294e+01 -7.500000e+00
      vertex   1.490265e+02 -3.754618e+01 -8.500000e+00
    endloop
  endfacet
  facet normal -6.087614e-01 7.933533e-01 0.000000e+00
    outer loop
      vertex   1.490265e+02 -3.754618e+01 -8.500000e+00
      vertex   1.484051e+02 -3.802294e+01 -7.500000e+00
      vertex   1.490265e+02 -3.754618e+01 -7.500000e+00
    endloop
  endfacet
  facet normal -7.933533e-01 6.087614e-01 0.000000e+00
    outer loop
      vertex   1.490265e+02 -3.754618e+01 -8.500000e+00
      vertex   1.490265e+02 -3.754618e+01 -7.500000e+00
      vertex   1.495032e+02 -3.692486e+01 -8.500000e+00
    endloop
  endfacet
  facet normal -7.933533e-01 6.087614e-01 0.000000e+00
    outer loop
      vertex   1.495032e+02 -3.692486e+01 -8.500000e+00
      vertex   1.490265e+02 -3.754618e+01 -7.500000e+00
      vertex   1.495032e+02 -3.692486e+01 -7.500000e+00
    endloop
  endfacet
  facet normal -9.238795e-01 3.826834e-01 0.000000e+00
    outer loop
      vertex   1.495032e+02 -3.692486e+01 -8.500000e+00
      vertex   1.495032e+02 -3.692486e+01 -7.500000e+00
      vertex   1.498029e+02 -3.620132e+01 -8.500000e+00
    endloop
  endfacet
  facet normal -9.238795e-01 3.826834e-01 0.000000e+00
    outer loop
      vertex   1.498029e+02 -3.620132e+01 -8.500000e+00
      vertex   1.495032e+02 -3.692486e+01 -7.500000e+00
      vertex   1.498029e+02 -3.620132e+01 -7.500000e+00
    endloop
  endfacet
  facet normal -9.914449e-01 1.305262e-01 0.000000e+00
    outer loop
      vertex   1.498029e+02 -3.620132e+01 -8.500000e+00
      vertex   1.498029e+02 -3.620132e+01 -7.500000e+00
      vertex   1.499051e+02 -3.542486e+01 -8.500000e+00
    endloop
  endfacet
  facet normal -9.914449e-01 1.305262e-01 0.000000e+00
    outer loop
      vertex   1.499051e+02 -3.542486e+01 -8.500000e+00
      vertex   1.498029e+02 -3.620132e+01 -7.500000e+00
      vertex   1.499051e+02 -3.542486e+01 -7.500000e+00
    endloop
  endfacet
  facet normal -9.914449e-01 -1.305262e-01 0.000000e+00
    outer loop
      vertex   1.499051e+02 -3.542486e+01 -8.500000e+00
      vertex   1.499051e+02 -3.542486e+01 -7.500000e+00
      vertex   1.498029e+02 -3.464840e+01 -8.500000e+00
    endloop
  endfacet
  facet normal -9.914449e-01 -1.305262e-01 0.000000e+00
    outer loop
      vertex   1.498029e+02 -3.464840e+01 -8.500000e+00
      vertex   1.499051e+02 -3.542486e+01 -7.500000e+00
      vertex   1.498029e+02 -3.464840e+01 -7.500000e+00
    endloop
  endfacet
  facet normal -9.238795e-01 -3.826834e-01 0.000000e+00
    outer loop
      vertex   1.498029e+02 -3.464840e+01 -8.500000e+00
      vertex   1.498029e+02 -3.464840e+01 -7.500000e+00
      vertex   1.495032e+02 -3.392486e+01 -8.500000e+00
    endloop
  endfacet
  facet normal -9.238795e-01 -3.826834e-01 0.000000e+00
    outer loop
      vertex   1.495032e+02 -3.392486e+01 -8.500000e+00
      vertex   1.498029e+02 -3.464840e+01 -7.500000e+00
      vertex   1.495032e+02 -3.392486e+01 -7.500000e+00
    endloop
  endfacet
  facet normal -7.933533e-01 -6.087614e-01 0.000000e+00
    outer loop
      vertex   1.495032e+02 -3.392486e+01 -8.500000e+00
      vertex   1.495032e+02 -3.392486e+01 -7.500000e+00
      vertex   1.490265e+02 -3.330354e+01 -8.500000e+00
    endloop
  endfacet
  facet normal -7.933533e-01 -6.087614e-01 0.000000e+00
    outer loop
      vertex   1.490265e+02 -3.330354e+01 -8.500000e+00
      vertex   1.495032e+02 -3.392486e+01 -7.500000e+00
      vertex   1.490265e+02 -3.330354e+01 -7.500000e+00
    endloop
  endfacet
  facet normal -6.087614e-01 -7.933533e-01 0.000000e+00
    outer loop
      vertex   1.490265e+02 -3.330354e+01 -8.500000e+00
      vertex   1.490265e+02 -3.330354e+01 -7.500000e+00
      vertex   1.484051e+02 -3.282678e+01 -8.500000e+00
    endloop
  endfacet
  facet normal -6.087614e-01 -7.933533e-01 0.000000e+00
    outer loop
      vertex   1.484051e+02 -3.282678e+01 -8.500000e+00
      vertex   1.490265e+02 -3.330354e+01 -7.500000e+00
      vertex   1.484051e+02 -3.282678e+01 -7.500000e+00
    endloop
  endfacet
  facet normal -3.826834e-01 -9.238795e-01 0.000000e+00
    outer loop
      vertex   1.484051e+02 -3.282678e+01 -8.500000e+00
      vertex   1.484051e+02 -3.282678e+01 -7.500000e+00
      vertex   1.476816e+02 -3.252708e+01 -8.500000e+00
    endloop
  endfacet
  facet normal -3.826834e-01 -9.238795e-01 0.000000e+00
    outer loop
      vertex   1.476816e+02 -3.252708e+01 -8.500000e+00
      vertex   1.484051e+02 -3.282678e+01 -7.500000e+00
      vertex   1.476816e+02 -3.252708e+01 -7.500000e+00
    endloop
  endfacet
  facet normal -1.305262e-01 -9.914449e-01 0.000000e+00
    outer loop
      vertex   1.476816e+02 -3.252708e+01 -8.500000e+00
      vertex   1.476816e+02 -3.252708e+01 -7.500000e+00
      vertex   1.469051e+02 -3.242486e+01 -8.500000e+00
    endloop
  endfacet
  facet normal -1.305262e-01 -9.914449e-01 0.000000e+00
    outer loop
      vertex   1.469051e+02 -3.242486e+01 -8.500000e+00
      vertex   1.476816e+02 -3.252708e+01 -7.500000e+00
      vertex   1.469051e+02 -3.242486e+01 -7.500000e+00
    endloop
  endfacet
  facet normal 1.305262e-01 -9.914449e-01 0.000000e+00
    outer loop
      vertex   1.469051e+02 -3.242486e+01 -8.500000e+00
      vertex   1.469051e+02 -3.242486e+01 -7.500000e+00
      vertex   1.461287e+02 -3.252708e+01 -8.500000e+00
    endloop
  endfacet
  facet normal 1.305262e-01 -9.914449e-01 0.000000e+00
    outer loop
      vertex   1.461287e+02 -3.252708e+01 -8.500000e+00
      vertex   1.469051e+02 -3.242486e+01 -7.500000e+00
      vertex   1.461287e+02 -3.252708e+01 -7.500000e+00
    endloop
  endfacet
  facet normal 3.826834e-01 -9.238795e-01 0.000000e+00
    outer loop
      vertex   1.461287e+02 -3.252708e+01 -8.500000e+00
      vertex   1.461287e+02 -3.252708e+01 -7.500000e+00
      vertex   1.454051e+02 -3.282678e+01 -8.500000e+00
    endloop
  endfacet
  facet normal 3.826834e-01 -9.238795e-01 0.000000e+00
    outer loop
      vertex   1.454051e+02 -3.282678e+01 -8.500000e+00
      vertex   1.461287e+02 -3.252708e+01 -7.500000e+00
      vertex   1.454051e+02 -3.282678e+01 -7.500000e+00
    endloop
  endfacet
  facet normal 6.087614e-01 -7.933533e-01 0.000000e+00
    outer loop
      vertex   1.454051e+02 -3.282678e+01 -8.500000e+00
      vertex   1.454051e+02 -3.282678e+01 -7.500000e+00
      vertex   1.447838e+02 -3.330354e+01 -8.500000e+00
    endloop
  endfacet
  facet normal 6.087614e-01 -7.933533e-01 0.000000e+00
    outer loop
      vertex   1.447838e+02 -3.330354e+01 -8.500000e+00
      vertex   1.454051e+02 -3.282678e+01 -7.500000e+00
      vertex   1.447838e+02 -3.330354e+01 -7.500000e+00
    endloop
  endfacet
  facet normal 7.933533e-01 -6.087614e-01 0.000000e+00
    outer loop
      vertex   1.447838e+02 -3.330354e+01 -8.500000e+00
      vertex   1.447838e+02 -3.330354e+01 -7.500000e+00
      vertex   1.443071e+02 -3.392486e+01 -8.500000e+00
    endloop
  endfacet
  facet normal 7.933533e-01 -6.087614e-01 0.000000e+00
    outer loop
      vertex   1.443071e+02 -3.392486e+01 -8.500000e+00
      vertex   1.447838e+02 -3.330354e+01 -7.500000e+00
      vertex   1.443071e+02 -3.392486e+01 -7.500000e+00
    endloop
  endfacet
  facet normal 9.238795e-01 -3.826834e-01 0.000000e+00
    outer loop
      vertex   1.443071e+02 -3.392486e+01 -8.500000e+00
      vertex   1.443071e+02 -3.392486e+01 -7.500000e+00
      vertex   1.440074e+02 -3.464840e+01 -8.500000e+00
    endloop
  endfacet
  facet normal 9.238795e-01 -3.826834e-01 0.000000e+00
    outer loop
      vertex   1.440074e+02 -3.464840e+01 -8.500000e+00
      vertex   1.443071e+02 -3.392486e+01 -7.500000e+00
      vertex   1.440074e+02 -3.464840e+01 -7.500000e+00
    endloop
  endfacet
  facet normal 0.000000e+00 -0.000000e+00 1.000000e+00
    outer loop
      vertex   1.440074e+02 -3.620132e+01 -8.500000e+00
      vertex   1.498029e+02 -3.620132e+01 -8.500000e+00
      vertex   1.439051e+02 -3.542486e+01 -8.500000e+00
    endloop
  endfacet
  facet normal -0.000000e+00 0.000000e+00 1.000000e+00
    outer loop
      vertex   1.439051e+02 -3.542486e+01 -8.500000e+00
      vertex   1.498029e+02 -3.620132e+01 -8.500000e+00
      vertex   1.499051e+02 -3.542486e+01 -8.500000e+00
    endloop
  endfacet
  facet normal 0.000000e+00 0.000000e+00 1.000000e+00
    outer loop
      vertex   1.439051e+02 -3.542486e+01 -8.500000e+00
      vertex   1.499051e+02 -3.542486e+01 -8.500000e+00
      vertex   1.440074e+02 -3.464840e+01 -8.500000e+00
    endloop
  endfacet
  facet normal -0.000000e+00 0.000000e+00 1.000000e+00
    outer loop
      vertex   1.440074e+02 -3.464840e+01 -8.500000e+00
      vertex   1.499051e+02 -3.542486e+01 -8.500000e+00
      vertex   1.498029e+02 -3.464840e+01 -8.500000e+00
    endloop
  endfacet
  facet normal 0.000000e+00 0.000000e+00 1.000000e+00
    outer loop
      vertex   1.440074e+02 -3.464840e+01 -8.500000e+00
      vertex   1.498029e+02 -3.464840e+01 -8.500000e+00
      vertex   1.443071e+02 -3.392486e+01 -8.500000e+00
    endloop
  endfacet
  facet normal -0.000000e+00 0.000000e+00 1.000000e+00
    outer loop
      vertex   1.443071e+02 -3.392486e+01 -8.500000e+00
      vertex   1.498029e+02 -3.464840e+01 -8.500000e+00
      vertex   1.495032e+02 -3.392486e+01 -8.500000e+00
    endloop
  endfacet
  facet normal 0.000000e+00 0.000000e+00 1.000000e+00
    outer loop
      vertex   1.443071e+02 -3.392486e+01 -8.500000e+00
      vertex   1.495032e+02 -3.392486e+01 -8.500000e+00
      vertex   1.447838e+02 -3.330354e+01 -8.500000e+00
    endloop
  endfacet
  facet normal -0.000000e+00 0.000000e+00 1.000000e+00
    outer loop
      vertex   1.447838e+02 -3.330354e+01 -8.500000e+00
      vertex   1.495032e+02 -3.392486e+01 -8.500000e+00
      vertex   1.490265e+02 -3.330354e+01 -8.500000e+00
    endloop
  endfacet
  facet normal 0.000000e+00 0.000000e+00 1.000000e+00
    outer loop
      vertex   1.447838e+02 -3.330354e+01 -8.500000e+00
      vertex   1.490265e+02 -3.330354e+01 -8.500000e+00
      vertex   1.454051e+02 -3.282678e+01 -8.500000e+00
    endloop
  endfacet
  facet normal -0.000000e+00 0.000000e+00 1.000000e+00
    outer loop
      vertex   1.454051e+02 -3.282678e+01 -8.500000e+00
      vertex   1.490265e+02 -3.330354e+01 -8.500000e+00
      vertex   1.484051e+02 -3.282678e+01 -8.500000e+00
    endloop
  endfacet
  facet normal 0.000000e+00 0.000000e+00 1.000000e+00
    outer loop
      vertex   1.454051e+02 -3.282678e+01 -8.500000e+00
      vertex   1.484051e+02 -3.282678e+01 -8.500000e+00
      vertex   1.461287e+02 -3.252708e+01 -8.500000e+00
    endloop
  endfacet
  facet normal -0.000000e+00 0.000000e+00 1.000000e+00
    outer loop
      vertex   1.461287e+02 -3.252708e+01 -8.500000e+00
      vertex   1.484051e+02 -3.282678e+01 -8.500000e+00
      vertex   1.476816e+02 -3.252708e+01 -8.500000e+00
    endloop
  endfacet
  facet normal 0.000000e+00 0.000000e+00 1.000000e+00
    outer loop
      vertex   1.461287e+02 -3.252708e+01 -8.500000e+00
      vertex   1.476816e+02 -3.252708e+01 -8.500000e+00
      vertex   1.469051e+02 -3.242486e+01 -8.500000e+00
    endloop
  endfacet
  facet normal 0.000000e+00 0.000000e+00 1.000000e+00
    outer loop
      vertex   1.498029e+02 -3.620132e+01 -8.500000e+00
      vertex   1.440074e+02 -3.620132e+01 -8.500000e+00
      vertex   1.495032e+02 -3.692486e+01 -8.500000e+00
    endloop
  endfacet
  facet normal 0.000000e+00 0.000000e+00 1.000000e+00
    outer loop
      vertex   1.495032e+02 -3.692486e+01 -8.500000e+00
      vertex   1.440074e+02 -3.620132e+01 -8.500000e+00
      vertex   1.443071e+02 -3.692486e+01 -8.500000e+00
    endloop
  endfacet
  facet normal 0.000000e+00 0.000000e+00 1.000000e+00
    outer loop
      vertex   1.495032e+02 -3.692486e+01 -8.500000e+00
      vertex   1.443071e+02 -3.692486e+01 -8.500000e+00
      vertex   1.490265e+02 -3.754618e+01 -8.500000e+00
    endloop
  endfacet
  facet normal 0.000000e+00 0.000000e+00 1.000000e+00
    outer loop
      vertex   1.490265e+02 -3.754618e+01 -8.500000e+00
      vertex   1.443071e+02 -3.692486e+01 -8.500000e+00
      vertex   1.447838e+02 -3.754618e+01 -8.500000e+00
    endloop
  endfacet
  facet normal 0.000000e+00 0.000000e+00 1.000000e+00
    outer loop
      vertex   1.490265e+02 -3.754618e+01 -8.500000e+00
      vertex   1.447838e+02 -3.754618e+01 -8.500000e+00
      vertex   1.484051e+02 -3.802294e+01 -8.500000e+00
    endloop
  endfacet
  facet normal 0.000000e+00 0.000000e+00 1.000000e+00
    outer loop
      vertex   1.484051e+02 -3.802294e+01 -8.500000e+00
      vertex   1.447838e+02 -3.754618e+01 -8.500000e+00
      vertex   1.454051e+02 -3.802294e+01 -8.500000e+00
    endloop
  endfacet
  facet normal 0.000000e+00 0.000000e+00 1.000000e+00
    outer loop
      vertex   1.484051e+02 -3.802294e+01 -8.500000e+00
      vertex   1.454051e+02 -3.802294e+01 -8.500000e+00
      vertex   1.476816e+02 -3.832264e+01 -8.500000e+00
    endloop
  endfacet
  facet normal 0.000000e+00 0.000000e+00 1.000000e+00
    outer loop
      vertex   1.476816e+02 -3.832264e+01 -8.500000e+00
      vertex   1.454051e+02 -3.802294e+01 -8.500000e+00
      vertex   1.461287e+02 -3.832264e+01 -8.500000e+00
    endloop
  endfacet
  facet normal 0.000000e+00 0.000000e+00 1.000000e+00
    outer loop
      vertex   1.476816e+02 -3.832264e+01 -8.500000e+00
      vertex   1.461287e+02 -3.832264e+01 -8.500000e+00
      vertex   1.469051e+02 -3.842486e+01 -8.500000e+00
    endloop
  endfacet
  facet normal 7.040626e-01 9.269160e-02 -7.040626e-01
    outer loop
      vertex   1.140434e+01 -1.227476e+02 -7.900000e+00
      vertex   9.858858e+00 -1.231617e+02 -9.500000e+00
      vertex   1.137027e+01 -1.224888e+02 -7.900000e+00
    endloop
  endfacet
  facet normal 7.040626e-01 9.269160e-02 -7.040626e-01
    outer loop
      vertex   1.137027e+01 -1.224888e+02 -7.900000e+00
      vertex   9.858858e+00 -1.231617e+02 -9.500000e+00
      vertex   9.770265e+00 -1.224888e+02 -9.500000e+00
    endloop
  endfacet
  facet normal 7.040626e-01 -9.269160e-02 -7.040626e-01
    outer loop
      vertex   1.137027e+01 -1.224888e+02 -7.900000e+00
      vertex   9.770265e+00 -1.224888e+02 -9.500000e+00
      vertex   1.140434e+01 -1.222300e+02 -7.900000e+00
    endloop
  endfacet
  facet normal 7.040626e-01 -9.269160e-02 -7.040626e-01
    outer loop
      vertex   1.140434e+01 -1.222300e+02 -7.900000e+00
      vertex   9.770265e+00 -1.224888e+02 -9.500000e+00
      vertex   9.858858e+00 -1.218159e+02 -9.500000e+00
    endloop
  endfacet
  facet normal 6.560819e-01 -2.717580e-01 -7.040626e-01
    outer loop
      vertex   1.140434e+01 -1.222300e+02 -7.900000e+00
      vertex   9.858858e+00 -1.218159e+02 -9.500000e+00
      vertex   1.150424e+01 -1.219888e+02 -7.900000e+00
    endloop
  endfacet
  facet normal 6.560819e-01 -2.717580e-01 -7.040626e-01
    outer loop
      vertex   1.150424e+01 -1.219888e+02 -7.900000e+00
      vertex   9.858858e+00 -1.218159e+02 -9.500000e+00
      vertex   1.011860e+01 -1.211888e+02 -9.500000e+00
    endloop
  endfacet
  facet normal 5.633903e-01 -4.323046e-01 -7.040626e-01
    outer loop
      vertex   1.150424e+01 -1.219888e+02 -7.900000e+00
      vertex   1.011860e+01 -1.211888e+02 -9.500000e+00
      vertex   1.166316e+01 -1.217817e+02 -7.900000e+00
    endloop
  endfacet
  facet normal 5.633903e-01 -4.323046e-01 -7.040626e-01
    outer loop
      vertex   1.166316e+01 -1.217817e+02 -7.900000e+00
      vertex   1.011860e+01 -1.211888e+02 -9.500000e+00
      vertex   1.053179e+01 -1.206503e+02 -9.500000e+00
    endloop
  endfacet
  facet normal 4.323046e-01 -5.633903e-01 -7.040626e-01
    outer loop
      vertex   1.166316e+01 -1.217817e+02 -7.900000e+00
      vertex   1.053179e+01 -1.206503e+02 -9.500000e+00
      vertex   1.187027e+01 -1.216228e+02 -7.900000e+00
    endloop
  endfacet
  facet normal 4.323046e-01 -5.633903e-01 -7.040626e-01
    outer loop
      vertex   1.187027e+01 -1.216228e+02 -7.900000e+00
      vertex   1.053179e+01 -1.206503e+02 -9.500000e+00
      vertex   1.107027e+01 -1.202371e+02 -9.500000e+00
    endloop
  endfacet
  facet normal 2.717580e-01 -6.560819e-01 -7.040626e-01
    outer loop
      vertex   1.187027e+01 -1.216228e+02 -7.900000e+00
      vertex   1.107027e+01 -1.202371e+02 -9.500000e+00
      vertex   1.211145e+01 -1.215229e+02 -7.900000e+00
    endloop
  endfacet
  facet normal 2.717580e-01 -6.560819e-01 -7.040626e-01
    outer loop
      vertex   1.211145e+01 -1.215229e+02 -7.900000e+00
      vertex   1.107027e+01 -1.202371e+02 -9.500000e+00
      vertex   1.169734e+01 -1.199774e+02 -9.500000e+00
    endloop
  endfacet
  facet normal 9.269160e-02 -7.040626e-01 -7.040626e-01
    outer loop
      vertex   1.211145e+01 -1.215229e+02 -7.900000e+00
      vertex   1.169734e+01 -1.199774e+02 -9.500000e+00
      vertex   1.237027e+01 -1.214888e+02 -7.900000e+00
    endloop
  endfacet
  facet normal 9.269160e-02 -7.040626e-01 -7.040626e-01
    outer loop
      vertex   1.237027e+01 -1.214888e+02 -7.900000e+00
      vertex   1.169734e+01 -1.199774e+02 -9.500000e+00
      vertex   1.237027e+01 -1.198888e+02 -9.500000e+00
    endloop
  endfacet
  facet normal -9.269160e-02 -7.040626e-01 -7.040626e-01
    outer loop
      vertex   1.237027e+01 -1.214888e+02 -7.900000e+00
      vertex   1.237027e+01 -1.198888e+02 -9.500000e+00
      vertex   1.262908e+01 -1.215229e+02 -7.900000e+00
    endloop
  endfacet
  facet normal -9.269160e-02 -7.040626e-01 -7.040626e-01
    outer loop
      vertex   1.262908e+01 -1.215229e+02 -7.900000e+00
      vertex   1.237027e+01 -1.198888e+02 -9.500000e+00
      vertex   1.304319e+01 -1.199774e+02 -9.500000e+00
    endloop
  endfacet
  facet normal -2.717580e-01 -6.560819e-01 -7.040626e-01
    outer loop
      vertex   1.262908e+01 -1.215229e+02 -7.900000e+00
      vertex   1.304319e+01 -1.199774e+02 -9.500000e+00
      vertex   1.287027e+01 -1.216228e+02 -7.900000e+00
    endloop
  endfacet
  facet normal -2.717580e-01 -6.560819e-01 -7.040626e-01
    outer loop
      vertex   1.287027e+01 -1.216228e+02 -7.900000e+00
      vertex   1.304319e+01 -1.199774e+02 -9.500000e+00
      vertex   1.367027e+01 -1.202371e+02 -9.500000e+00
    endloop
  endfacet
  facet normal -4.323046e-01 -5.633903e-01 -7.040626e-01
    outer loop
      vertex   1.287027e+01 -1.216228e+02 -7.900000e+00
      vertex   1.367027e+01 -1.202371e+02 -9.500000e+00
      vertex   1.307737e+01 -1.217817e+02 -7.900000e+00
    endloop
  endfacet
  facet normal -4.323046e-01 -5.633903e-01 -7.040626e-01
    outer loop
      vertex   1.307737e+01 -1.217817e+02 -7.900000e+00
      vertex   1.367027e+01 -1.202371e+02 -9.500000e+00
      vertex   1.420874e+01 -1.206503e+02 -9.500000e+00
    endloop
  endfacet
  facet normal -5.633903e-01 -4.323046e-01 -7.040626e-01
    outer loop
      vertex   1.307737e+01 -1.217817e+02 -7.900000e+00
      vertex   1.420874e+01 -1.206503e+02 -9.500000e+00
      vertex   1.323629e+01 -1.219888e+02 -7.900000e+00
    endloop
  endfacet
  facet normal -5.633903e-01 -4.323046e-01 -7.040626e-01
    outer loop
      vertex   1.323629e+01 -1.219888e+02 -7.900000e+00
      vertex   1.420874e+01 -1.206503e+02 -9.500000e+00
      vertex   1.462193e+01 -1.211888e+02 -9.500000e+00
    endloop
  endfacet
  facet normal -6.560819e-01 -2.717580e-01 -7.040626e-01
    outer loop
      vertex   1.323629e+01 -1.219888e+02 -7.900000e+00
      vertex   1.462193e+01 -1.211888e+02 -9.500000e+00
      vertex   1.333619e+01 -1.222300e+02 -7.900000e+00
    endloop
  endfacet
  facet normal -6.560819e-01 -2.717580e-01 -7.040626e-01
    outer loop
      vertex   1.333619e+01 -1.222300e+02 -7.900000e+00
      vertex   1.462193e+01 -1.211888e+02 -9.500000e+00
      vertex   1.488167e+01 -1.218159e+02 -9.500000e+00
    endloop
  endfacet
  facet normal -7.040626e-01 -9.269160e-02 -7.040626e-01
    outer loop
      vertex   1.333619e+01 -1.222300e+02 -7.900000e+00
      vertex   1.488167e+01 -1.218159e+02 -9.500000e+00
      vertex   1.337027e+01 -1.224888e+02 -7.900000e+00
    endloop
  endfacet
  facet normal -7.040626e-01 -9.269160e-02 -7.040626e-01
    outer loop
      vertex   1.337027e+01 -1.224888e+02 -7.900000e+00
      vertex   1.488167e+01 -1.218159e+02 -9.500000e+00
      vertex   1.497027e+01 -1.224888e+02 -9.500000e+00
    endloop
  endfacet
  facet normal -7.040626e-01 9.269160e-02 -7.040626e-01
    outer loop
      vertex   1.337027e+01 -1.224888e+02 -7.900000e+00
      vertex   1.497027e+01 -1.224888e+02 -9.500000e+00
      vertex   1.333619e+01 -1.227476e+02 -7.900000e+00
    endloop
  endfacet
  facet normal -7.040626e-01 9.269160e-02 -7.040626e-01
    outer loop
      vertex   1.333619e+01 -1.227476e+02 -7.900000e+00
      vertex   1.497027e+01 -1.224888e+02 -9.500000e+00
      vertex   1.488167e+01 -1.231617e+02 -9.500000e+00
    endloop
  endfacet
  facet normal -6.560819e-01 2.717580e-01 -7.040626e-01
    outer loop
      vertex   1.333619e+01 -1.227476e+02 -7.900000e+00
      vertex   1.488167e+01 -1.231617e+02 -9.500000e+00
      vertex   1.323629e+01 -1.229888e+02 -7.900000e+00
    endloop
  endfacet
  facet normal -6.560819e-01 2.717580e-01 -7.040626e-01
    outer loop
      vertex   1.323629e+01 -1.229888e+02 -7.900000e+00
      vertex   1.488167e+01 -1.231617e+02 -9.500000e+00
      vertex   1.462193e+01 -1.237888e+02 -9.500000e+00
    endloop
  endfacet
  facet normal -5.633903e-01 4.323046e-01 -7.040626e-01
    outer loop
      vertex   1.323629e+01 -1.229888e+02 -7.900000e+00
      vertex   1.462193e+01 -1.237888e+02 -9.500000e+00
      vertex   1.307737e+01 -1.231959e+02 -7.900000e+00
    endloop
  endfacet
  facet normal -5.633903e-01 4.323046e-01 -7.040626e-01
    outer loop
      vertex   1.307737e+01 -1.231959e+02 -7.900000e+00
      vertex   1.462193e+01 -1.237888e+02 -9.500000e+00
      vertex   1.420874e+01 -1.243273e+02 -9.500000e+00
    endloop
  endfacet
  facet normal -4.323046e-01 5.633903e-01 -7.040626e-01
    outer loop
      vertex   1.307737e+01 -1.231959e+02 -7.900000e+00
      vertex   1.420874e+01 -1.243273e+02 -9.500000e+00
      vertex   1.287027e+01 -1.233548e+02 -7.900000e+00
    endloop
  endfacet
  facet normal -4.323046e-01 5.633903e-01 -7.040626e-01
    outer loop
      vertex   1.287027e+01 -1.233548e+02 -7.900000e+00
      vertex   1.420874e+01 -1.243273e+02 -9.500000e+00
      vertex   1.367027e+01 -1.247405e+02 -9.500000e+00
    endloop
  endfacet
  facet normal -2.717580e-01 6.560819e-01 -7.040626e-01
    outer loop
      vertex   1.287027e+01 -1.233548e+02 -7.900000e+00
      vertex   1.367027e+01 -1.247405e+02 -9.500000e+00
      vertex   1.262908e+01 -1.234547e+02 -7.900000e+00
    endloop
  endfacet
  facet normal -2.717580e-01 6.560819e-01 -7.040626e-01
    outer loop
      vertex   1.262908e+01 -1.234547e+02 -7.900000e+00
      vertex   1.367027e+01 -1.247405e+02 -9.500000e+00
      vertex   1.304319e+01 -1.250002e+02 -9.500000e+00
    endloop
  endfacet
  facet normal -9.269160e-02 7.040626e-01 -7.040626e-01
    outer loop
      vertex   1.262908e+01 -1.234547e+02 -7.900000e+00
      vertex   1.304319e+01 -1.250002e+02 -9.500000e+00
      vertex   1.237027e+01 -1.234888e+02 -7.900000e+00
    endloop
  endfacet
  facet normal -9.269160e-02 7.040626e-01 -7.040626e-01
    outer loop
      vertex   1.237027e+01 -1.234888e+02 -7.900000e+00
      vertex   1.304319e+01 -1.250002e+02 -9.500000e+00
      vertex   1.237027e+01 -1.250888e+02 -9.500000e+00
    endloop
  endfacet
  facet normal 9.269160e-02 7.040626e-01 -7.040626e-01
    outer loop
      vertex   1.237027e+01 -1.234888e+02 -7.900000e+00
      vertex   1.237027e+01 -1.250888e+02 -9.500000e+00
      vertex   1.211145e+01 -1.234547e+02 -7.900000e+00
    endloop
  endfacet
  facet normal 9.269160e-02 7.040626e-01 -7.040626e-01
    outer loop
      vertex   1.211145e+01 -1.234547e+02 -7.900000e+00
      vertex   1.237027e+01 -1.250888e+02 -9.500000e+00
      vertex   1.169734e+01 -1.250002e+02 -9.500000e+00
    endloop
  endfacet
  facet normal 2.717580e-01 6.560819e-01 -7.040626e-01
    outer loop
      vertex   1.211145e+01 -1.234547e+02 -7.900000e+00
      vertex   1.169734e+01 -1.250002e+02 -9.500000e+00
      vertex   1.187027e+01 -1.233548e+02 -7.900000e+00
    endloop
  endfacet
  facet normal 2.717580e-01 6.560819e-01 -7.040626e-01
    outer loop
      vertex   1.187027e+01 -1.233548e+02 -7.900000e+00
      vertex   1.169734e+01 -1.250002e+02 -9.500000e+00
      vertex   1.107027e+01 -1.247405e+02 -9.500000e+00
    endloop
  endfacet
  facet normal 4.323046e-01 5.633903e-01 -7.040626e-01
    outer loop
      vertex   1.187027e+01 -1.233548e+02 -7.900000e+00
      vertex   1.107027e+01 -1.247405e+02 -9.500000e+00
      vertex   1.166316e+01 -1.231959e+02 -7.900000e+00
    endloop
  endfacet
  facet normal 4.323046e-01 5.633903e-01 -7.040626e-01
    outer loop
      vertex   1.166316e+01 -1.231959e+02 -7.900000e+00
      vertex   1.107027e+01 -1.247405e+02 -9.500000e+00
      vertex   1.053179e+01 -1.243273e+02 -9.500000e+00
    endloop
  endfacet
  facet normal 5.633903e-01 4.323046e-01 -7.040626e-01
    outer loop
      vertex   1.166316e+01 -1.231959e+02 -7.900000e+00
      vertex   1.053179e+01 -1.243273e+02 -9.500000e+00
      vertex   1.150424e+01 -1.229888e+02 -7.900000e+00
    endloop
  endfacet
  facet normal 5.633903e-01 4.323046e-01 -7.040626e-01
    outer loop
      vertex   1.150424e+01 -1.229888e+02 -7.900000e+00
      vertex   1.053179e+01 -1.243273e+02 -9.500000e+00
      vertex   1.011860e+01 -1.237888e+02 -9.500000e+00
    endloop
  endfacet
  facet normal 6.560819e-01 2.717580e-01 -7.040626e-01
    outer loop
      vertex   1.150424e+01 -1.229888e+02 -7.900000e+00
      vertex   1.011860e+01 -1.237888e+02 -9.500000e+00
      vertex   1.140434e+01 -1.227476e+02 -7.900000e+00
    endloop
  endfacet
  facet normal 6.560819e-01 2.717580e-01 -7.040626e-01
    outer loop
      vertex   1.140434e+01 -1.227476e+02 -7.900000e+00
      vertex   1.011860e+01 -1.237888e+02 -9.500000e+00
      vertex   9.858858e+00 -1.231617e+02 -9.500000e+00
    endloop
  endfacet
  facet normal 0.000000e+00 0.000000e+00 -1.000000e+00
    outer loop
      vertex   4.701404e+01 -9.036966e+01 -9.500000e+00
      vertex   1.283142e+01 -8.565489e+01 -9.500000e+00
      vertex   4.758086e+01 -8.696786e+01 -9.500000e+00
    endloop
  endfacet
  facet normal 0.000000e+00 0.000000e+00 -1.000000e+00
    outer loop
      vertex   4.758086e+01 -8.696786e+01 -9.500000e+00
      vertex   1.283142e+01 -8.565489e+01 -9.500000e+00
      vertex   1.292001e+01 -8.498196e+01 -9.500000e+00
    endloop
  endfacet
  facet normal 0.000000e+00 0.000000e+00 -1.000000e+00
    outer loop
      vertex   4.758086e+01 -8.696786e+01 -9.500000e+00
      vertex   1.292001e+01 -8.498196e+01 -9.500000e+00
      vertex   4.760716e+01 -8.685830e+01 -9.500000e+00
    endloop
  endfacet
  facet normal 0.000000e+00 0.000000e+00 -1.000000e+00
    outer loop
      vertex   4.760716e+01 -8.685830e+01 -9.500000e+00
      vertex   1.292001e+01 -8.498196e+01 -9.500000e+00
      vertex   4.764860e+01 -8.675352e+01 -9.500000e+00
    endloop
  endfacet
  facet normal 0.000000e+00 0.000000e+00 -1.000000e+00
    outer loop
      vertex   4.764860e+01 -8.675352e+01 -9.500000e+00
      vertex   1.292001e+01 -8.498196e+01 -9.500000e+00
      vertex   1.283142e+01 -8.430903e+01 -9.500000e+00
    endloop
  endfacet
  facet normal 0.000000e+00 0.000000e+00 -1.000000e+00
    outer loop
      vertex   4.764860e+01 -8.675352e+01 -9.500000e+00
      vertex   1.283142e+01 -8.430903e+01 -9.500000e+00
      vertex   4.770434e+01 -8.665560e+01 -9.500000e+00
    endloop
  endfacet
  facet normal 0.000000e+00 0.000000e+00 -1.000000e+00
    outer loop
      vertex   4.770434e+01 -8.665560e+01 -9.500000e+00
      vertex   1.283142e+01 -8.430903e+01 -9.500000e+00
      vertex   4.883823e+01 -8.495470e+01 -9.500000e+00
    endloop
  endfacet
  facet normal 0.000000e+00 0.000000e+00 -1.000000e+00
    outer loop
      vertex   4.883823e+01 -8.495470e+01 -9.500000e+00
      vertex   1.283142e+01 -8.430903e+01 -9.500000e+00
      vertex   1.257168e+01 -8.368196e+01 -9.500000e+00
    endloop
  endfacet
  facet normal 0.000000e+00 0.000000e+00 -1.000000e+00
    outer loop
      vertex   4.883823e+01 -8.495470e+01 -9.500000e+00
      vertex   1.257168e+01 -8.368196e+01 -9.500000e+00
      vertex   4.896616e+01 -8.480611e+01 -9.500000e+00
    endloop
  endfacet
  facet normal 0.000000e+00 0.000000e+00 -1.000000e+00
    outer loop
      vertex   4.896616e+01 -8.480611e+01 -9.500000e+00
      vertex   1.257168e+01 -8.368196e+01 -9.500000e+00
      vertex   1.215849e+01 -8.314348e+01 -9.500000e+00
    endloop
  endfacet
  facet normal 0.000000e+00 0.000000e+00 -1.000000e+00
    outer loop
      vertex   4.896616e+01 -8.480611e+01 -9.500000e+00
      vertex   1.215849e+01 -8.314348e+01 -9.500000e+00
      vertex   4.912639e+01 -8.469311e+01 -9.500000e+00
    endloop
  endfacet
  facet normal 0.000000e+00 0.000000e+00 -1.000000e+00
    outer loop
      vertex   4.912639e+01 -8.469311e+01 -9.500000e+00
      vertex   1.215849e+01 -8.314348e+01 -9.500000e+00
      vertex   5.607431e+01 -7.349220e+01 -9.500000e+00
    endloop
  endfacet
  facet normal 0.000000e+00 0.000000e+00 -1.000000e+00
    outer loop
      vertex   4.912639e+01 -8.469311e+01 -9.500000e+00
      vertex   5.607431e+01 -7.349220e+01 -9.500000e+00
      vertex   5.610157e+01 -7.369925e+01 -9.500000e+00
    endloop
  endfacet
  facet normal 0.000000e+00 -0.000000e+00 -1.000000e+00
    outer loop
      vertex   1.283142e+01 -8.565489e+01 -9.500000e+00
      vertex   4.701404e+01 -9.036966e+01 -9.500000e+00
      vertex   1.257168e+01 -8.628196e+01 -9.500000e+00
    endloop
  endfacet
  facet normal 0.000000e+00 0.000000e+00 -1.000000e+00
    outer loop
      vertex   1.257168e+01 -8.628196e+01 -9.500000e+00
      vertex   4.701404e+01 -9.036966e+01 -9.500000e+00
      vertex   4.700800e+01 -9.041327e+01 -9.500000e+00
    endloop
  endfacet
  facet normal 0.000000e+00 0.000000e+00 -1.000000e+00
    outer loop
      vertex   1.257168e+01 -8.628196e+01 -9.500000e+00
      vertex   4.700800e+01 -9.041327e+01 -9.500000e+00
      vertex   4.700437e+01 -9.045714e+01 -9.500000e+00
    endloop
  endfacet
  facet normal -0.000000e+00 0.000000e+00 -1.000000e+00
    outer loop
      vertex   4.700437e+01 -9.045714e+01 -9.500000e+00
      vertex   4.700316e+01 -9.050114e+01 -9.500000e+00
      vertex   1.257168e+01 -8.628196e+01 -9.500000e+00
    endloop
  endfacet
  facet normal 0.000000e+00 -0.000000e+00 -1.000000e+00
    outer loop
      vertex   1.257168e+01 -8.628196e+01 -9.500000e+00
      vertex   4.700316e+01 -9.050114e+01 -9.500000e+00
      vertex   1.215849e+01 -8.682044e+01 -9.500000e+00
    endloop
  endfacet
  facet normal 0.000000e+00 -0.000000e+00 -1.000000e+00
    outer loop
      vertex   1.215849e+01 -8.682044e+01 -9.500000e+00
      vertex   4.700316e+01 -9.050114e+01 -9.500000e+00
      vertex   1.162001e+01 -8.723362e+01 -9.500000e+00
    endloop
  endfacet
  facet normal 0.000000e+00 0.000000e+00 -1.000000e+00
    outer loop
      vertex   1.162001e+01 -8.723362e+01 -9.500000e+00
      vertex   4.700316e+01 -9.050114e+01 -9.500000e+00
      vertex   4.700292e+01 -1.092109e+02 -9.500000e+00
    endloop
  endfacet
  facet normal 0.000000e+00 -0.000000e+00 -1.000000e+00
    outer loop
      vertex   1.162001e+01 -8.723362e+01 -9.500000e+00
      vertex   4.700292e+01 -1.092109e+02 -9.500000e+00
      vertex   1.099294e+01 -8.749337e+01 -9.500000e+00
    endloop
  endfacet
  facet normal 0.000000e+00 0.000000e+00 -1.000000e+00
    outer loop
      vertex   1.099294e+01 -8.749337e+01 -9.500000e+00
      vertex   4.700292e+01 -1.092109e+02 -9.500000e+00
      vertex   1.304319e+01 -1.199774e+02 -9.500000e+00
    endloop
  endfacet
  facet normal 0.000000e+00 -0.000000e+00 -1.000000e+00
    outer loop
      vertex   1.099294e+01 -8.749337e+01 -9.500000e+00
      vertex   1.304319e+01 -1.199774e+02 -9.500000e+00
      vertex   5.320013e+00 -1.175391e+02 -9.500000e+00
    endloop
  endfacet
  facet normal 0.000000e+00 0.000000e+00 -1.000000e+00
    outer loop
      vertex   5.320013e+00 -1.175391e+02 -9.500000e+00
      vertex   1.304319e+01 -1.199774e+02 -9.500000e+00
      vertex   1.237027e+01 -1.198888e+02 -9.500000e+00
    endloop
  endfacet
  facet normal 0.000000e+00 0.000000e+00 -1.000000e+00
    outer loop
      vertex   5.320013e+00 -1.175391e+02 -9.500000e+00
      vertex   1.237027e+01 -1.198888e+02 -9.500000e+00
      vertex   1.169734e+01 -1.199774e+02 -9.500000e+00
    endloop
  endfacet
  facet normal 0.000000e+00 0.000000e+00 -1.000000e+00
    outer loop
      vertex   1.304319e+01 -1.199774e+02 -9.500000e+00
      vertex   4.700292e+01 -1.092109e+02 -9.500000e+00
      vertex   1.367027e+01 -1.202371e+02 -9.500000e+00
    endloop
  endfacet
  facet normal 0.000000e+00 0.000000e+00 -1.000000e+00
    outer loop
      vertex   1.367027e+01 -1.202371e+02 -9.500000e+00
      vertex   4.700292e+01 -1.092109e+02 -9.500000e+00
      vertex   4.703017e+01 -1.094179e+02 -9.500000e+00
    endloop
  endfacet
  facet normal 0.000000e+00 0.000000e+00 -1.000000e+00
    outer loop
      vertex   1.367027e+01 -1.202371e+02 -9.500000e+00
      vertex   4.703017e+01 -1.094179e+02 -9.500000e+00
      vertex   1.420874e+01 -1.206503e+02 -9.500000e+00
    endloop
  endfacet
  facet normal 0.000000e+00 0.000000e+00 -1.000000e+00
    outer loop
      vertex   1.420874e+01 -1.206503e+02 -9.500000e+00
      vertex   4.703017e+01 -1.094179e+02 -9.500000e+00
      vertex   4.711009e+01 -1.096109e+02 -9.500000e+00
    endloop
  endfacet
  facet normal 0.000000e+00 0.000000e+00 -1.000000e+00
    outer loop
      vertex   1.420874e+01 -1.206503e+02 -9.500000e+00
      vertex   4.711009e+01 -1.096109e+02 -9.500000e+00
      vertex   1.462193e+01 -1.211888e+02 -9.500000e+00
    endloop
  endfacet
  facet normal 0.000000e+00 0.000000e+00 -1.000000e+00
    outer loop
      vertex   1.462193e+01 -1.211888e+02 -9.500000e+00
      vertex   4.711009e+01 -1.096109e+02 -9.500000e+00
      vertex   4.723722e+01 -1.097766e+02 -9.500000e+00
    endloop
  endfacet
  facet normal 0.000000e+00 0.000000e+00 -1.000000e+00
    outer loop
      vertex   1.462193e+01 -1.211888e+02 -9.500000e+00
      vertex   4.723722e+01 -1.097766e+02 -9.500000e+00
      vertex   1.488167e+01 -1.218159e+02 -9.500000e+00
    endloop
  endfacet
  facet normal 0.000000e+00 0.000000e+00 -1.000000e+00
    outer loop
      vertex   1.488167e+01 -1.218159e+02 -9.500000e+00
      vertex   4.723722e+01 -1.097766e+02 -9.500000e+00
      vertex   4.740291e+01 -1.099037e+02 -9.500000e+00
    endloop
  endfacet
  facet normal 0.000000e+00 0.000000e+00 -1.000000e+00
    outer loop
      vertex   1.488167e+01 -1.218159e+02 -9.500000e+00
      vertex   4.740291e+01 -1.099037e+02 -9.500000e+00
      vertex   1.497027e+01 -1.224888e+02 -9.500000e+00
    endloop
  endfacet
  facet normal 0.000000e+00 0.000000e+00 -1.000000e+00
    outer loop
      vertex   1.497027e+01 -1.224888e+02 -9.500000e+00
      vertex   4.740291e+01 -1.099037e+02 -9.500000e+00
      vertex   4.759585e+01 -1.099836e+02 -9.500000e+00
    endloop
  endfacet
  facet normal 0.000000e+00 0.000000e+00 -1.000000e+00
    outer loop
      vertex   1.497027e+01 -1.224888e+02 -9.500000e+00
      vertex   4.759585e+01 -1.099836e+02 -9.500000e+00
      vertex   1.732001e+01 -1.295391e+02 -9.500000e+00
    endloop
  endfacet
  facet normal 0.000000e+00 0.000000e+00 -1.000000e+00
    outer loop
      vertex   1.732001e+01 -1.295391e+02 -9.500000e+00
      vertex   4.759585e+01 -1.099836e+02 -9.500000e+00
      vertex   4.780291e+01 -1.100109e+02 -9.500000e+00
    endloop
  endfacet
  facet normal 0.000000e+00 0.000000e+00 -1.000000e+00
    outer loop
      vertex   1.732001e+01 -1.295391e+02 -9.500000e+00
      vertex   4.780291e+01 -1.100109e+02 -9.500000e+00
      vertex   7.610117e+01 -1.252120e+02 -9.500000e+00
    endloop
  endfacet
  facet normal 0.000000e+00 0.000000e+00 -1.000000e+00
    outer loop
      vertex   7.610117e+01 -1.252120e+02 -9.500000e+00
      vertex   4.780291e+01 -1.100109e+02 -9.500000e+00
      vertex   5.290568e+01 -1.100109e+02 -9.500000e+00
    endloop
  endfacet
  facet normal 0.000000e+00 0.000000e+00 -1.000000e+00
    outer loop
      vertex   7.610117e+01 -1.252120e+02 -9.500000e+00
      vertex   5.290568e+01 -1.100109e+02 -9.500000e+00
      vertex   7.601258e+01 -1.245391e+02 -9.500000e+00
    endloop
  endfacet
  facet normal 0.000000e+00 0.000000e+00 -1.000000e+00
    outer loop
      vertex   7.601258e+01 -1.245391e+02 -9.500000e+00
      vertex   5.290568e+01 -1.100109e+02 -9.500000e+00
      vertex   7.610117e+01 -1.238661e+02 -9.500000e+00
    endloop
  endfacet
  facet normal 0.000000e+00 0.000000e+00 -1.000000e+00
    outer loop
      vertex   7.610117e+01 -1.238661e+02 -9.500000e+00
      vertex   5.290568e+01 -1.100109e+02 -9.500000e+00
      vertex   6.027611e+01 -1.100109e+02 -9.500000e+00
    endloop
  endfacet
  facet normal 0.000000e+00 0.000000e+00 -1.000000e+00
    outer loop
      vertex   7.610117e+01 -1.238661e+02 -9.500000e+00
      vertex   6.027611e+01 -1.100109e+02 -9.500000e+00
      vertex   7.636091e+01 -1.232391e+02 -9.500000e+00
    endloop
  endfacet
  facet normal 0.000000e+00 0.000000e+00 -1.000000e+00
    outer loop
      vertex   7.636091e+01 -1.232391e+02 -9.500000e+00
      vertex   6.027611e+01 -1.100109e+02 -9.500000e+00
      vertex   6.048317e+01 -1.099837e+02 -9.500000e+00
    endloop
  endfacet
  facet normal 0.000000e+00 0.000000e+00 -1.000000e+00
    outer loop
      vertex   7.636091e+01 -1.232391e+02 -9.500000e+00
      vertex   6.048317e+01 -1.099837e+02 -9.500000e+00
      vertex   7.677410e+01 -1.227006e+02 -9.500000e+00
    endloop
  endfacet
  facet normal 0.000000e+00 0.000000e+00 -1.000000e+00
    outer loop
      vertex   7.677410e+01 -1.227006e+02 -9.500000e+00
      vertex   6.048317e+01 -1.099837e+02 -9.500000e+00
      vertex   6.914057e+01 -1.099837e+02 -9.500000e+00
    endloop
  endfacet
  facet normal 0.000000e+00 0.000000e+00 -1.000000e+00
    outer loop
      vertex   7.677410e+01 -1.227006e+02 -9.500000e+00
      vertex   6.914057e+01 -1.099837e+02 -9.500000e+00
      vertex   6.934763e+01 -1.100109e+02 -9.500000e+00
    endloop
  endfacet
  facet normal 0.000000e+00 0.000000e+00 -1.000000e+00
    outer loop
      vertex   5.290568e+01 -1.100109e+02 -9.500000e+00
      vertex   4.780291e+01 -1.100109e+02 -9.500000e+00
      vertex   5.269863e+01 -1.099837e+02 -9.500000e+00
    endloop
  endfacet
  facet normal -0.000000e+00 0.000000e+00 -1.000000e+00
    outer loop
      vertex   5.269863e+01 -1.099837e+02 -9.500000e+00
      vertex   4.780291e+01 -1.100109e+02 -9.500000e+00
      vertex   4.800996e+01 -1.099836e+02 -9.500000e+00
    endloop
  endfacet
  facet normal 0.000000e+00 0.000000e+00 -1.000000e+00
    outer loop
      vertex   5.269863e+01 -1.099837e+02 -9.500000e+00
      vertex   4.800996e+01 -1.099836e+02 -9.500000e+00
      vertex   5.250568e+01 -1.099038e+02 -9.500000e+00
    endloop
  endfacet
  facet normal -0.000000e+00 0.000000e+00 -1.000000e+00
    outer loop
      vertex   5.250568e+01 -1.099038e+02 -9.500000e+00
      vertex   4.800996e+01 -1.099836e+02 -9.500000e+00
      vertex   4.820291e+01 -1.099037e+02 -9.500000e+00
    endloop
  endfacet
  facet normal 0.000000e+00 0.000000e+00 -1.000000e+00
    outer loop
      vertex   5.250568e+01 -1.099038e+02 -9.500000e+00
      vertex   4.820291e+01 -1.099037e+02 -9.500000e+00
      vertex   5.234000e+01 -1.097766e+02 -9.500000e+00
    endloop
  endfacet
  facet normal -0.000000e+00 0.000000e+00 -1.000000e+00
    outer loop
      vertex   5.234000e+01 -1.097766e+02 -9.500000e+00
      vertex   4.820291e+01 -1.099037e+02 -9.500000e+00
      vertex   4.836860e+01 -1.097766e+02 -9.500000e+00
    endloop
  endfacet
  facet normal 0.000000e+00 0.000000e+00 -1.000000e+00
    outer loop
      vertex   5.234000e+01 -1.097766e+02 -9.500000e+00
      vertex   4.836860e+01 -1.097766e+02 -9.500000e+00
      vertex   5.221286e+01 -1.096109e+02 -9.500000e+00
    endloop
  endfacet
  facet normal -0.000000e+00 0.000000e+00 -1.000000e+00
    outer loop
      vertex   5.221286e+01 -1.096109e+02 -9.500000e+00
      vertex   4.836860e+01 -1.097766e+02 -9.500000e+00
      vertex   4.849573e+01 -1.096109e+02 -9.500000e+00
    endloop
  endfacet
  facet normal 0.000000e+00 0.000000e+00 -1.000000e+00
    outer loop
      vertex   5.221286e+01 -1.096109e+02 -9.500000e+00
      vertex   4.849573e+01 -1.096109e+02 -9.500000e+00
      vertex   5.213294e+01 -1.094180e+02 -9.500000e+00
    endloop
  endfacet
  facet normal -0.000000e+00 0.000000e+00 -1.000000e+00
    outer loop
      vertex   5.213294e+01 -1.094180e+02 -9.500000e+00
      vertex   4.849573e+01 -1.096109e+02 -9.500000e+00
      vertex   4.857566e+01 -1.094180e+02 -9.500000e+00
    endloop
  endfacet
  facet normal 0.000000e+00 0.000000e+00 -1.000000e+00
    outer loop
      vertex   5.213294e+01 -1.094180e+02 -9.500000e+00
      vertex   4.857566e+01 -1.094180e+02 -9.500000e+00
      vertex   5.210568e+01 -1.092109e+02 -9.500000e+00
    endloop
  endfacet
  facet normal -0.000000e+00 0.000000e+00 -1.000000e+00
    outer loop
      vertex   5.210568e+01 -1.092109e+02 -9.500000e+00
      vertex   4.857566e+01 -1.094180e+02 -9.500000e+00
      vertex   4.860292e+01 -1.092109e+02 -9.500000e+00
    endloop
  endfacet
  facet normal 0.000000e+00 0.000000e+00 -1.000000e+00
    outer loop
      vertex   5.210568e+01 -1.092109e+02 -9.500000e+00
      vertex   4.860292e+01 -1.092109e+02 -9.500000e+00
      vertex   4.860316e+01 -9.056735e+01 -9.500000e+00
    endloop
  endfacet
  facet normal 0.000000e+00 0.000000e+00 -1.000000e+00
    outer loop
      vertex   5.210568e+01 -1.092109e+02 -9.500000e+00
      vertex   4.860316e+01 -9.056735e+01 -9.500000e+00
      vertex   5.210568e+01 -8.893002e+01 -9.500000e+00
    endloop
  endfacet
  facet normal -0.000000e+00 0.000000e+00 -1.000000e+00
    outer loop
      vertex   5.210568e+01 -8.893002e+01 -9.500000e+00
      vertex   4.860316e+01 -9.056735e+01 -9.500000e+00
      vertex   4.913088e+01 -8.740022e+01 -9.500000e+00
    endloop
  endfacet
  facet normal 0.000000e+00 0.000000e+00 -1.000000e+00
    outer loop
      vertex   5.210568e+01 -8.893002e+01 -9.500000e+00
      vertex   4.913088e+01 -8.740022e+01 -9.500000e+00
      vertex   5.161390e+01 -8.745397e+01 -9.500000e+00
    endloop
  endfacet
  facet normal 0.000000e+00 0.000000e+00 -1.000000e+00
    outer loop
      vertex   5.161390e+01 -8.745397e+01 -9.500000e+00
      vertex   4.913088e+01 -8.740022e+01 -9.500000e+00
      vertex   5.077664e+01 -8.619845e+01 -9.500000e+00
    endloop
  endfacet
  facet normal -0.000000e+00 0.000000e+00 -1.000000e+00
    outer loop
      vertex   5.077664e+01 -8.619845e+01 -9.500000e+00
      vertex   4.913088e+01 -8.740022e+01 -9.500000e+00
      vertex   4.993203e+01 -8.619845e+01 -9.500000e+00
    endloop
  endfacet
  facet normal 0.000000e+00 0.000000e+00 -1.000000e+00
    outer loop
      vertex   6.027611e+01 -1.100109e+02 -9.500000e+00
      vertex   5.290568e+01 -1.100109e+02 -9.500000e+00
      vertex   6.006906e+01 -1.099837e+02 -9.500000e+00
    endloop
  endfacet
  facet normal -0.000000e+00 0.000000e+00 -1.000000e+00
    outer loop
      vertex   6.006906e+01 -1.099837e+02 -9.500000e+00
      vertex   5.290568e+01 -1.100109e+02 -9.500000e+00
      vertex   5.311274e+01 -1.099837e+02 -9.500000e+00
    endloop
  endfacet
  facet normal 0.000000e+00 0.000000e+00 -1.000000e+00
    outer loop
      vertex   6.006906e+01 -1.099837e+02 -9.500000e+00
      vertex   5.311274e+01 -1.099837e+02 -9.500000e+00
      vertex   5.987611e+01 -1.099038e+02 -9.500000e+00
    endloop
  endfacet
  facet normal -0.000000e+00 0.000000e+00 -1.000000e+00
    outer loop
      vertex   5.987611e+01 -1.099038e+02 -9.500000e+00
      vertex   5.311274e+01 -1.099837e+02 -9.500000e+00
      vertex   5.330568e+01 -1.099038e+02 -9.500000e+00
    endloop
  endfacet
  facet normal 0.000000e+00 0.000000e+00 -1.000000e+00
    outer loop
      vertex   5.987611e+01 -1.099038e+02 -9.500000e+00
      vertex   5.330568e+01 -1.099038e+02 -9.500000e+00
      vertex   5.971043e+01 -1.097766e+02 -9.500000e+00
    endloop
  endfacet
  facet normal -0.000000e+00 0.000000e+00 -1.000000e+00
    outer loop
      vertex   5.971043e+01 -1.097766e+02 -9.500000e+00
      vertex   5.330568e+01 -1.099038e+02 -9.500000e+00
      vertex   5.347137e+01 -1.097766e+02 -9.500000e+00
    endloop
  endfacet
  facet normal 0.000000e+00 0.000000e+00 -1.000000e+00
    outer loop
      vertex   5.971043e+01 -1.097766e+02 -9.500000e+00
      vertex   5.347137e+01 -1.097766e+02 -9.500000e+00
      vertex   5.958329e+01 -1.096109e+02 -9.500000e+00
    endloop
  endfacet
  facet normal 0.000000e+00 0.000000e+00 -1.000000e+00
    outer loop
      vertex   5.958329e+01 -1.096109e+02 -9.500000e+00
      vertex   5.347137e+01 -1.097766e+02 -9.500000e+00
      vertex   5.359850e+01 -1.096109e+02 -9.500000e+00
    endloop
  endfacet
  facet normal -0.000000e+00 0.000000e+00 -1.000000e+00
    outer loop
      vertex   5.958329e+01 -1.096109e+02 -9.500000e+00
      vertex   5.359850e+01 -1.096109e+02 -9.500000e+00
      vertex   5.950337e+01 -1.094180e+02 -9.500000e+00
    endloop
  endfacet
  facet normal -0.000000e+00 0.000000e+00 -1.000000e+00
    outer loop
      vertex   5.950337e+01 -1.094180e+02 -9.500000e+00
      vertex   5.359850e+01 -1.096109e+02 -9.500000e+00
      vertex   5.367842e+01 -1.094180e+02 -9.500000e+00
    endloop
  endfacet
  facet normal 0.000000e+00 0.000000e+00 -1.000000e+00
    outer loop
      vertex   5.950337e+01 -1.094180e+02 -9.500000e+00
      vertex   5.367842e+01 -1.094180e+02 -9.500000e+00
      vertex   5.947611e+01 -1.092109e+02 -9.500000e+00
    endloop
  endfacet
  facet normal -0.000000e+00 0.000000e+00 -1.000000e+00
    outer loop
      vertex   5.947611e+01 -1.092109e+02 -9.500000e+00
      vertex   5.367842e+01 -1.094180e+02 -9.500000e+00
      vertex   5.370568e+01 -1.092109e+02 -9.500000e+00
    endloop
  endfacet
  facet normal 0.000000e+00 0.000000e+00 -1.000000e+00
    outer loop
      vertex   5.947611e+01 -1.092109e+02 -9.500000e+00
      vertex   5.370568e+01 -1.092109e+02 -9.500000e+00
      vertex   5.370568e+01 -8.539845e+01 -9.500000e+00
    endloop
  endfacet
  facet normal 0.000000e+00 0.000000e+00 -1.000000e+00
    outer loop
      vertex   5.947611e+01 -1.092109e+02 -9.500000e+00
      vertex   5.370568e+01 -8.539845e+01 -9.500000e+00
      vertex   5.947611e+01 -7.429220e+01 -9.500000e+00
    endloop
  endfacet
  facet normal 0.000000e+00 0.000000e+00 -1.000000e+00
    outer loop
      vertex   5.947611e+01 -7.429220e+01 -9.500000e+00
      vertex   5.370568e+01 -8.539845e+01 -9.500000e+00
      vertex   5.368021e+01 -8.519819e+01 -9.500000e+00
    endloop
  endfacet
  facet normal 0.000000e+00 0.000000e+00 -1.000000e+00
    outer loop
      vertex   5.947611e+01 -7.429220e+01 -9.500000e+00
      vertex   5.368021e+01 -8.519819e+01 -9.500000e+00
      vertex   5.360543e+01 -8.501069e+01 -9.500000e+00
    endloop
  endfacet
  facet normal 0.000000e+00 0.000000e+00 -1.000000e+00
    outer loop
      vertex   5.360543e+01 -8.501069e+01 -9.500000e+00
      vertex   5.348608e+01 -8.484787e+01 -9.500000e+00
      vertex   5.947611e+01 -7.429220e+01 -9.500000e+00
    endloop
  endfacet
  facet normal 0.000000e+00 0.000000e+00 -1.000000e+00
    outer loop
      vertex   5.947611e+01 -7.429220e+01 -9.500000e+00
      vertex   5.348608e+01 -8.484787e+01 -9.500000e+00
      vertex   5.332979e+01 -8.472011e+01 -9.500000e+00
    endloop
  endfacet
  facet normal -0.000000e+00 0.000000e+00 -1.000000e+00
    outer loop
      vertex   5.947611e+01 -7.429220e+01 -9.500000e+00
      vertex   5.332979e+01 -8.472011e+01 -9.500000e+00
      vertex   5.687431e+01 -7.429220e+01 -9.500000e+00
    endloop
  endfacet
  facet normal 0.000000e+00 0.000000e+00 -1.000000e+00
    outer loop
      vertex   5.687431e+01 -7.429220e+01 -9.500000e+00
      vertex   5.332979e+01 -8.472011e+01 -9.500000e+00
      vertex   5.314648e+01 -8.463555e+01 -9.500000e+00
    endloop
  endfacet
  facet normal -0.000000e+00 0.000000e+00 -1.000000e+00
    outer loop
      vertex   5.687431e+01 -7.429220e+01 -9.500000e+00
      vertex   5.314648e+01 -8.463555e+01 -9.500000e+00
      vertex   5.666726e+01 -7.426494e+01 -9.500000e+00
    endloop
  endfacet
  facet normal 0.000000e+00 0.000000e+00 -1.000000e+00
    outer loop
      vertex   5.666726e+01 -7.426494e+01 -9.500000e+00
      vertex   5.314648e+01 -8.463555e+01 -9.500000e+00
      vertex   5.294785e+01 -8.459956e+01 -9.500000e+00
    endloop
  endfacet
  facet normal -0.000000e+00 0.000000e+00 -1.000000e+00
    outer loop
      vertex   5.666726e+01 -7.426494e+01 -9.500000e+00
      vertex   5.294785e+01 -8.459956e+01 -9.500000e+00
      vertex   5.647431e+01 -7.418502e+01 -9.500000e+00
    endloop
  endfacet
  facet normal 0.000000e+00 0.000000e+00 -1.000000e+00
    outer loop
      vertex   5.647431e+01 -7.418502e+01 -9.500000e+00
      vertex   5.294785e+01 -8.459956e+01 -9.500000e+00
      vertex   5.120472e+01 -8.459845e+01 -9.500000e+00
    endloop
  endfacet
  facet normal 0.000000e+00 0.000000e+00 -1.000000e+00
    outer loop
      vertex   5.647431e+01 -7.418502e+01 -9.500000e+00
      vertex   5.120472e+01 -8.459845e+01 -9.500000e+00
      vertex   4.950388e+01 -8.459845e+01 -9.500000e+00
    endloop
  endfacet
  facet normal -0.000000e+00 0.000000e+00 -1.000000e+00
    outer loop
      vertex   5.294785e+01 -8.459956e+01 -9.500000e+00
      vertex   5.274653e+01 -8.461444e+01 -9.500000e+00
      vertex   5.120472e+01 -8.459845e+01 -9.500000e+00
    endloop
  endfacet
  facet normal 0.000000e+00 0.000000e+00 -1.000000e+00
    outer loop
      vertex   5.120472e+01 -8.459845e+01 -9.500000e+00
      vertex   5.274653e+01 -8.461444e+01 -9.500000e+00
      vertex   5.139928e+01 -8.462247e+01 -9.500000e+00
    endloop
  endfacet
  facet normal 0.000000e+00 0.000000e+00 -1.000000e+00
    outer loop
      vertex   5.139928e+01 -8.462247e+01 -9.500000e+00
      vertex   5.274653e+01 -8.461444e+01 -9.500000e+00
      vertex   5.255534e+01 -8.467924e+01 -9.500000e+00
    endloop
  endfacet
  facet normal 0.000000e+00 0.000000e+00 -1.000000e+00
    outer loop
      vertex   5.139928e+01 -8.462247e+01 -9.500000e+00
      vertex   5.255534e+01 -8.467924e+01 -9.500000e+00
      vertex   5.158216e+01 -8.469308e+01 -9.500000e+00
    endloop
  endfacet
  facet normal 0.000000e+00 0.000000e+00 -1.000000e+00
    outer loop
      vertex   5.158216e+01 -8.469308e+01 -9.500000e+00
      vertex   5.255534e+01 -8.467924e+01 -9.500000e+00
      vertex   5.238646e+01 -8.478983e+01 -9.500000e+00
    endloop
  endfacet
  facet normal 0.000000e+00 0.000000e+00 -1.000000e+00
    outer loop
      vertex   5.158216e+01 -8.469308e+01 -9.500000e+00
      vertex   5.238646e+01 -8.478983e+01 -9.500000e+00
      vertex   5.174237e+01 -8.480605e+01 -9.500000e+00
    endloop
  endfacet
  facet normal 0.000000e+00 0.000000e+00 -1.000000e+00
    outer loop
      vertex   5.174237e+01 -8.480605e+01 -9.500000e+00
      vertex   5.238646e+01 -8.478983e+01 -9.500000e+00
      vertex   5.225064e+01 -8.493918e+01 -9.500000e+00
    endloop
  endfacet
  facet normal 0.000000e+00 0.000000e+00 -1.000000e+00
    outer loop
      vertex   5.174237e+01 -8.480605e+01 -9.500000e+00
      vertex   5.225064e+01 -8.493918e+01 -9.500000e+00
      vertex   5.187030e+01 -8.495460e+01 -9.500000e+00
    endloop
  endfacet
  facet normal 0.000000e+00 0.000000e+00 -1.000000e+00
    outer loop
      vertex   5.187030e+01 -8.495460e+01 -9.500000e+00
      vertex   5.225064e+01 -8.493918e+01 -9.500000e+00
      vertex   5.215654e+01 -8.511777e+01 -9.500000e+00
    endloop
  endfacet
  facet normal 0.000000e+00 0.000000e+00 -1.000000e+00
    outer loop
      vertex   5.187030e+01 -8.495460e+01 -9.500000e+00
      vertex   5.215654e+01 -8.511777e+01 -9.500000e+00
      vertex   5.211013e+01 -8.531423e+01 -9.500000e+00
    endloop
  endfacet
  facet normal -0.000000e+00 0.000000e+00 -1.000000e+00
    outer loop
      vertex   5.647431e+01 -7.418502e+01 -9.500000e+00
      vertex   4.950388e+01 -8.459845e+01 -9.500000e+00
      vertex   5.630863e+01 -7.405788e+01 -9.500000e+00
    endloop
  endfacet
  facet normal 0.000000e+00 0.000000e+00 -1.000000e+00
    outer loop
      vertex   5.630863e+01 -7.405788e+01 -9.500000e+00
      vertex   4.950388e+01 -8.459845e+01 -9.500000e+00
      vertex   4.930929e+01 -8.462247e+01 -9.500000e+00
    endloop
  endfacet
  facet normal -0.000000e+00 0.000000e+00 -1.000000e+00
    outer loop
      vertex   5.630863e+01 -7.405788e+01 -9.500000e+00
      vertex   4.930929e+01 -8.462247e+01 -9.500000e+00
      vertex   5.618149e+01 -7.389220e+01 -9.500000e+00
    endloop
  endfacet
  facet normal -0.000000e+00 0.000000e+00 -1.000000e+00
    outer loop
      vertex   5.618149e+01 -7.389220e+01 -9.500000e+00
      vertex   4.930929e+01 -8.462247e+01 -9.500000e+00
      vertex   5.610157e+01 -7.369925e+01 -9.500000e+00
    endloop
  endfacet
  facet normal 0.000000e+00 0.000000e+00 -1.000000e+00
    outer loop
      vertex   5.610157e+01 -7.369925e+01 -9.500000e+00
      vertex   4.930929e+01 -8.462247e+01 -9.500000e+00
      vertex   4.912639e+01 -8.469311e+01 -9.500000e+00
    endloop
  endfacet
  facet normal -0.000000e+00 -0.000000e+00 -1.000000e+00
    outer loop
      vertex   6.854763e+01 -7.429220e+01 -9.500000e+00
      vertex   6.854763e+01 -1.092109e+02 -9.500000e+00
      vertex   6.594583e+01 -7.429220e+01 -9.500000e+00
    endloop
  endfacet
  facet normal 0.000000e+00 -0.000000e+00 -1.000000e+00
    outer loop
      vertex   6.594583e+01 -7.429220e+01 -9.500000e+00
      vertex   6.854763e+01 -1.092109e+02 -9.500000e+00
      vertex   6.107611e+01 -1.092109e+02 -9.500000e+00
    endloop
  endfacet
  facet normal -0.000000e+00 0.000000e+00 -1.000000e+00
    outer loop
      vertex   6.594583e+01 -7.429220e+01 -9.500000e+00
      vertex   6.107611e+01 -1.092109e+02 -9.500000e+00
      vertex   6.367792e+01 -7.429220e+01 -9.500000e+00
    endloop
  endfacet
  facet normal -0.000000e+00 0.000000e+00 -1.000000e+00
    outer loop
      vertex   6.367792e+01 -7.429220e+01 -9.500000e+00
      vertex   6.107611e+01 -1.092109e+02 -9.500000e+00
      vertex   6.107611e+01 -7.429220e+01 -9.500000e+00
    endloop
  endfacet
  facet normal 0.000000e+00 -0.000000e+00 -1.000000e+00
    outer loop
      vertex   6.107611e+01 -1.092109e+02 -9.500000e+00
      vertex   6.854763e+01 -1.092109e+02 -9.500000e+00
      vertex   6.104885e+01 -1.094180e+02 -9.500000e+00
    endloop
  endfacet
  facet normal 0.000000e+00 0.000000e+00 -1.000000e+00
    outer loop
      vertex   6.104885e+01 -1.094180e+02 -9.500000e+00
      vertex   6.854763e+01 -1.092109e+02 -9.500000e+00
      vertex   6.857489e+01 -1.094180e+02 -9.500000e+00
    endloop
  endfacet
  facet normal 0.000000e+00 -0.000000e+00 -1.000000e+00
    outer loop
      vertex   6.104885e+01 -1.094180e+02 -9.500000e+00
      vertex   6.857489e+01 -1.094180e+02 -9.500000e+00
      vertex   6.096893e+01 -1.096109e+02 -9.500000e+00
    endloop
  endfacet
  facet normal 0.000000e+00 0.000000e+00 -1.000000e+00
    outer loop
      vertex   6.096893e+01 -1.096109e+02 -9.500000e+00
      vertex   6.857489e+01 -1.094180e+02 -9.500000e+00
      vertex   6.865481e+01 -1.096109e+02 -9.500000e+00
    endloop
  endfacet
  facet normal 0.000000e+00 -0.000000e+00 -1.000000e+00
    outer loop
      vertex   6.096893e+01 -1.096109e+02 -9.500000e+00
      vertex   6.865481e+01 -1.096109e+02 -9.500000e+00
      vertex   6.084180e+01 -1.097766e+02 -9.500000e+00
    endloop
  endfacet
  facet normal 0.000000e+00 0.000000e+00 -1.000000e+00
    outer loop
      vertex   6.084180e+01 -1.097766e+02 -9.500000e+00
      vertex   6.865481e+01 -1.096109e+02 -9.500000e+00
      vertex   6.878194e+01 -1.097766e+02 -9.500000e+00
    endloop
  endfacet
  facet normal 0.000000e+00 -0.000000e+00 -1.000000e+00
    outer loop
      vertex   6.084180e+01 -1.097766e+02 -9.500000e+00
      vertex   6.878194e+01 -1.097766e+02 -9.500000e+00
      vertex   6.067611e+01 -1.099038e+02 -9.500000e+00
    endloop
  endfacet
  facet normal 0.000000e+00 0.000000e+00 -1.000000e+00
    outer loop
      vertex   6.067611e+01 -1.099038e+02 -9.500000e+00
      vertex   6.878194e+01 -1.097766e+02 -9.500000e+00
      vertex   6.894763e+01 -1.099038e+02 -9.500000e+00
    endloop
  endfacet
  facet normal 0.000000e+00 -0.000000e+00 -1.000000e+00
    outer loop
      vertex   6.067611e+01 -1.099038e+02 -9.500000e+00
      vertex   6.894763e+01 -1.099038e+02 -9.500000e+00
      vertex   6.048317e+01 -1.099837e+02 -9.500000e+00
    endloop
  endfacet
  facet normal 0.000000e+00 0.000000e+00 -1.000000e+00
    outer loop
      vertex   6.048317e+01 -1.099837e+02 -9.500000e+00
      vertex   6.894763e+01 -1.099038e+02 -9.500000e+00
      vertex   6.914057e+01 -1.099837e+02 -9.500000e+00
    endloop
  endfacet
  facet normal 0.000000e+00 0.000000e+00 -1.000000e+00
    outer loop
      vertex   7.677410e+01 -1.227006e+02 -9.500000e+00
      vertex   6.934763e+01 -1.100109e+02 -9.500000e+00
      vertex   7.731258e+01 -1.222874e+02 -9.500000e+00
    endloop
  endfacet
  facet normal 0.000000e+00 0.000000e+00 -1.000000e+00
    outer loop
      vertex   7.731258e+01 -1.222874e+02 -9.500000e+00
      vertex   6.934763e+01 -1.100109e+02 -9.500000e+00
      vertex   6.955468e+01 -1.099837e+02 -9.500000e+00
    endloop
  endfacet
  facet normal 0.000000e+00 0.000000e+00 -1.000000e+00
    outer loop
      vertex   7.731258e+01 -1.222874e+02 -9.500000e+00
      vertex   6.955468e+01 -1.099837e+02 -9.500000e+00
      vertex   7.793965e+01 -1.220277e+02 -9.500000e+00
    endloop
  endfacet
  facet normal 0.000000e+00 0.000000e+00 -1.000000e+00
    outer loop
      vertex   7.793965e+01 -1.220277e+02 -9.500000e+00
      vertex   6.955468e+01 -1.099837e+02 -9.500000e+00
      vertex   7.651113e+01 -1.099837e+02 -9.500000e+00
    endloop
  endfacet
  facet normal 0.000000e+00 0.000000e+00 -1.000000e+00
    outer loop
      vertex   7.793965e+01 -1.220277e+02 -9.500000e+00
      vertex   7.651113e+01 -1.099837e+02 -9.500000e+00
      vertex   7.671818e+01 -1.100109e+02 -9.500000e+00
    endloop
  endfacet
  facet normal 0.000000e+00 0.000000e+00 -1.000000e+00
    outer loop
      vertex   7.651113e+01 -1.099837e+02 -9.500000e+00
      vertex   6.955468e+01 -1.099837e+02 -9.500000e+00
      vertex   7.631818e+01 -1.099038e+02 -9.500000e+00
    endloop
  endfacet
  facet normal -0.000000e+00 0.000000e+00 -1.000000e+00
    outer loop
      vertex   7.631818e+01 -1.099038e+02 -9.500000e+00
      vertex   6.955468e+01 -1.099837e+02 -9.500000e+00
      vertex   6.974763e+01 -1.099038e+02 -9.500000e+00
    endloop
  endfacet
  facet normal 0.000000e+00 0.000000e+00 -1.000000e+00
    outer loop
      vertex   7.631818e+01 -1.099038e+02 -9.500000e+00
      vertex   6.974763e+01 -1.099038e+02 -9.500000e+00
      vertex   7.615250e+01 -1.097766e+02 -9.500000e+00
    endloop
  endfacet
  facet normal -0.000000e+00 0.000000e+00 -1.000000e+00
    outer loop
      vertex   7.615250e+01 -1.097766e+02 -9.500000e+00
      vertex   6.974763e+01 -1.099038e+02 -9.500000e+00
      vertex   6.991331e+01 -1.097766e+02 -9.500000e+00
    endloop
  endfacet
  facet normal 0.000000e+00 0.000000e+00 -1.000000e+00
    outer loop
      vertex   7.615250e+01 -1.097766e+02 -9.500000e+00
      vertex   6.991331e+01 -1.097766e+02 -9.500000e+00
      vertex   7.602536e+01 -1.096109e+02 -9.500000e+00
    endloop
  endfacet
  facet normal 0.000000e+00 0.000000e+00 -1.000000e+00
    outer loop
      vertex   7.602536e+01 -1.096109e+02 -9.500000e+00
      vertex   6.991331e+01 -1.097766e+02 -9.500000e+00
      vertex   7.004045e+01 -1.096109e+02 -9.500000e+00
    endloop
  endfacet
  facet normal -0.000000e+00 0.000000e+00 -1.000000e+00
    outer loop
      vertex   7.602536e+01 -1.096109e+02 -9.500000e+00
      vertex   7.004045e+01 -1.096109e+02 -9.500000e+00
      vertex   7.594544e+01 -1.094180e+02 -9.500000e+00
    endloop
  endfacet
  facet normal -0.000000e+00 0.000000e+00 -1.000000e+00
    outer loop
      vertex   7.594544e+01 -1.094180e+02 -9.500000e+00
      vertex   7.004045e+01 -1.096109e+02 -9.500000e+00
      vertex   7.012037e+01 -1.094180e+02 -9.500000e+00
    endloop
  endfacet
  facet normal 0.000000e+00 0.000000e+00 -1.000000e+00
    outer loop
      vertex   7.594544e+01 -1.094180e+02 -9.500000e+00
      vertex   7.012037e+01 -1.094180e+02 -9.500000e+00
      vertex   7.591818e+01 -1.092109e+02 -9.500000e+00
    endloop
  endfacet
  facet normal -0.000000e+00 0.000000e+00 -1.000000e+00
    outer loop
      vertex   7.591818e+01 -1.092109e+02 -9.500000e+00
      vertex   7.012037e+01 -1.094180e+02 -9.500000e+00
      vertex   7.014763e+01 -1.092109e+02 -9.500000e+00
    endloop
  endfacet
  facet normal 0.000000e+00 0.000000e+00 -1.000000e+00
    outer loop
      vertex   7.591818e+01 -1.092109e+02 -9.500000e+00
      vertex   7.014763e+01 -1.092109e+02 -9.500000e+00
      vertex   7.591818e+01 -9.050109e+01 -9.500000e+00
    endloop
  endfacet
  facet normal -0.000000e+00 0.000000e+00 -1.000000e+00
    outer loop
      vertex   7.591818e+01 -9.050109e+01 -9.500000e+00
      vertex   7.014763e+01 -1.092109e+02 -9.500000e+00
      vertex   7.014763e+01 -7.429220e+01 -9.500000e+00
    endloop
  endfacet
  facet normal 0.000000e+00 0.000000e+00 -1.000000e+00
    outer loop
      vertex   7.591818e+01 -9.050109e+01 -9.500000e+00
      vertex   7.014763e+01 -7.429220e+01 -9.500000e+00
      vertex   7.591939e+01 -9.045709e+01 -9.500000e+00
    endloop
  endfacet
  facet normal 0.000000e+00 0.000000e+00 -1.000000e+00
    outer loop
      vertex   7.591939e+01 -9.045709e+01 -9.500000e+00
      vertex   7.014763e+01 -7.429220e+01 -9.500000e+00
      vertex   7.592302e+01 -9.041323e+01 -9.500000e+00
    endloop
  endfacet
  facet normal 0.000000e+00 0.000000e+00 -1.000000e+00
    outer loop
      vertex   7.592302e+01 -9.041323e+01 -9.500000e+00
      vertex   7.014763e+01 -7.429220e+01 -9.500000e+00
      vertex   7.592906e+01 -9.036963e+01 -9.500000e+00
    endloop
  endfacet
  facet normal 0.000000e+00 0.000000e+00 -1.000000e+00
    outer loop
      vertex   7.592906e+01 -9.036963e+01 -9.500000e+00
      vertex   7.014763e+01 -7.429220e+01 -9.500000e+00
      vertex   7.649576e+01 -8.696783e+01 -9.500000e+00
    endloop
  endfacet
  facet normal 0.000000e+00 0.000000e+00 -1.000000e+00
    outer loop
      vertex   7.649576e+01 -8.696783e+01 -9.500000e+00
      vertex   7.014763e+01 -7.429220e+01 -9.500000e+00
      vertex   7.652207e+01 -8.685823e+01 -9.500000e+00
    endloop
  endfacet
  facet normal 0.000000e+00 0.000000e+00 -1.000000e+00
    outer loop
      vertex   7.652207e+01 -8.685823e+01 -9.500000e+00
      vertex   7.014763e+01 -7.429220e+01 -9.500000e+00
      vertex   7.656352e+01 -8.675341e+01 -9.500000e+00
    endloop
  endfacet
  facet normal 0.000000e+00 0.000000e+00 -1.000000e+00
    outer loop
      vertex   7.656352e+01 -8.675341e+01 -9.500000e+00
      vertex   7.014763e+01 -7.429220e+01 -9.500000e+00
      vertex   7.661929e+01 -8.665546e+01 -9.500000e+00
    endloop
  endfacet
  facet normal 0.000000e+00 0.000000e+00 -1.000000e+00
    outer loop
      vertex   7.661929e+01 -8.665546e+01 -9.500000e+00
      vertex   7.014763e+01 -7.429220e+01 -9.500000e+00
      vertex   7.775343e+01 -8.495462e+01 -9.500000e+00
    endloop
  endfacet
  facet normal 0.000000e+00 0.000000e+00 -1.000000e+00
    outer loop
      vertex   7.775343e+01 -8.495462e+01 -9.500000e+00
      vertex   7.014763e+01 -7.429220e+01 -9.500000e+00
      vertex   7.788136e+01 -8.480607e+01 -9.500000e+00
    endloop
  endfacet
  facet normal 0.000000e+00 0.000000e+00 -1.000000e+00
    outer loop
      vertex   7.788136e+01 -8.480607e+01 -9.500000e+00
      vertex   7.014763e+01 -7.429220e+01 -9.500000e+00
      vertex   7.804157e+01 -8.469309e+01 -9.500000e+00
    endloop
  endfacet
  facet normal 0.000000e+00 0.000000e+00 -1.000000e+00
    outer loop
      vertex   7.804157e+01 -8.469309e+01 -9.500000e+00
      vertex   7.014763e+01 -7.429220e+01 -9.500000e+00
      vertex   7.274943e+01 -7.429220e+01 -9.500000e+00
    endloop
  endfacet
  facet normal 0.000000e+00 0.000000e+00 -1.000000e+00
    outer loop
      vertex   7.804157e+01 -8.469309e+01 -9.500000e+00
      vertex   7.274943e+01 -7.429220e+01 -9.500000e+00
      vertex   7.822446e+01 -8.462247e+01 -9.500000e+00
    endloop
  endfacet
  facet normal 0.000000e+00 0.000000e+00 -1.000000e+00
    outer loop
      vertex   7.822446e+01 -8.462247e+01 -9.500000e+00
      vertex   7.274943e+01 -7.429220e+01 -9.500000e+00
      vertex   7.295649e+01 -7.426494e+01 -9.500000e+00
    endloop
  endfacet
  facet normal 0.000000e+00 0.000000e+00 -1.000000e+00
    outer loop
      vertex   7.822446e+01 -8.462247e+01 -9.500000e+00
      vertex   7.295649e+01 -7.426494e+01 -9.500000e+00
      vertex   7.841902e+01 -8.459845e+01 -9.500000e+00
    endloop
  endfacet
  facet normal 0.000000e+00 0.000000e+00 -1.000000e+00
    outer loop
      vertex   7.841902e+01 -8.459845e+01 -9.500000e+00
      vertex   7.295649e+01 -7.426494e+01 -9.500000e+00
      vertex   7.314943e+01 -7.418502e+01 -9.500000e+00
    endloop
  endfacet
  facet normal 0.000000e+00 0.000000e+00 -1.000000e+00
    outer loop
      vertex   7.841902e+01 -8.459845e+01 -9.500000e+00
      vertex   7.314943e+01 -7.418502e+01 -9.500000e+00
      vertex   8.102083e+01 -7.349220e+01 -9.500000e+00
    endloop
  endfacet
  facet normal 0.000000e+00 0.000000e+00 -1.000000e+00
    outer loop
      vertex   8.102083e+01 -7.349220e+01 -9.500000e+00
      vertex   7.314943e+01 -7.418502e+01 -9.500000e+00
      vertex   7.331512e+01 -7.405788e+01 -9.500000e+00
    endloop
  endfacet
  facet normal 0.000000e+00 0.000000e+00 -1.000000e+00
    outer loop
      vertex   8.102083e+01 -7.349220e+01 -9.500000e+00
      vertex   7.331512e+01 -7.405788e+01 -9.500000e+00
      vertex   7.344225e+01 -7.389220e+01 -9.500000e+00
    endloop
  endfacet
  facet normal 0.000000e+00 0.000000e+00 -1.000000e+00
    outer loop
      vertex   7.344225e+01 -7.389220e+01 -9.500000e+00
      vertex   7.352217e+01 -7.369925e+01 -9.500000e+00
      vertex   8.102083e+01 -7.349220e+01 -9.500000e+00
    endloop
  endfacet
  facet normal -0.000000e+00 0.000000e+00 -1.000000e+00
    outer loop
      vertex   8.102083e+01 -7.349220e+01 -9.500000e+00
      vertex   7.352217e+01 -7.369925e+01 -9.500000e+00
      vertex   7.354943e+01 -7.349220e+01 -9.500000e+00
    endloop
  endfacet
  facet normal 0.000000e+00 0.000000e+00 -1.000000e+00
    outer loop
      vertex   8.102083e+01 -7.349220e+01 -9.500000e+00
      vertex   7.354943e+01 -7.349220e+01 -9.500000e+00
      vertex   8.104809e+01 -7.328514e+01 -9.500000e+00
    endloop
  endfacet
  facet normal -0.000000e+00 0.000000e+00 -1.000000e+00
    outer loop
      vertex   8.104809e+01 -7.328514e+01 -9.500000e+00
      vertex   7.354943e+01 -7.349220e+01 -9.500000e+00
      vertex   7.352217e+01 -7.328514e+01 -9.500000e+00
    endloop
  endfacet
  facet normal 0.000000e+00 0.000000e+00 -1.000000e+00
    outer loop
      vertex   8.104809e+01 -7.328514e+01 -9.500000e+00
      vertex   7.352217e+01 -7.328514e+01 -9.500000e+00
      vertex   8.112801e+01 -7.309220e+01 -9.500000e+00
    endloop
  endfacet
  facet normal -0.000000e+00 0.000000e+00 -1.000000e+00
    outer loop
      vertex   8.112801e+01 -7.309220e+01 -9.500000e+00
      vertex   7.352217e+01 -7.328514e+01 -9.500000e+00
      vertex   7.344225e+01 -7.309220e+01 -9.500000e+00
    endloop
  endfacet
  facet normal 0.000000e+00 0.000000e+00 -1.000000e+00
    outer loop
      vertex   8.112801e+01 -7.309220e+01 -9.500000e+00
      vertex   7.344225e+01 -7.309220e+01 -9.500000e+00
      vertex   8.125514e+01 -7.292651e+01 -9.500000e+00
    endloop
  endfacet
  facet normal -0.000000e+00 0.000000e+00 -1.000000e+00
    outer loop
      vertex   8.125514e+01 -7.292651e+01 -9.500000e+00
      vertex   7.344225e+01 -7.309220e+01 -9.500000e+00
      vertex   7.331512e+01 -7.292651e+01 -9.500000e+00
    endloop
  endfacet
  facet normal 0.000000e+00 0.000000e+00 -1.000000e+00
    outer loop
      vertex   8.125514e+01 -7.292651e+01 -9.500000e+00
      vertex   7.331512e+01 -7.292651e+01 -9.500000e+00
      vertex   8.142083e+01 -7.279938e+01 -9.500000e+00
    endloop
  endfacet
  facet normal -0.000000e+00 0.000000e+00 -1.000000e+00
    outer loop
      vertex   8.142083e+01 -7.279938e+01 -9.500000e+00
      vertex   7.331512e+01 -7.292651e+01 -9.500000e+00
      vertex   7.314943e+01 -7.279938e+01 -9.500000e+00
    endloop
  endfacet
  facet normal 0.000000e+00 0.000000e+00 -1.000000e+00
    outer loop
      vertex   8.142083e+01 -7.279938e+01 -9.500000e+00
      vertex   7.314943e+01 -7.279938e+01 -9.500000e+00
      vertex   8.161377e+01 -7.271946e+01 -9.500000e+00
    endloop
  endfacet
  facet normal -0.000000e+00 0.000000e+00 -1.000000e+00
    outer loop
      vertex   8.161377e+01 -7.271946e+01 -9.500000e+00
      vertex   7.314943e+01 -7.279938e+01 -9.500000e+00
      vertex   7.295649e+01 -7.271946e+01 -9.500000e+00
    endloop
  endfacet
  facet normal 0.000000e+00 0.000000e+00 -1.000000e+00
    outer loop
      vertex   8.161377e+01 -7.271946e+01 -9.500000e+00
      vertex   7.295649e+01 -7.271946e+01 -9.500000e+00
      vertex   8.182083e+01 -7.269220e+01 -9.500000e+00
    endloop
  endfacet
  facet normal -0.000000e+00 0.000000e+00 -1.000000e+00
    outer loop
      vertex   8.182083e+01 -7.269220e+01 -9.500000e+00
      vertex   7.295649e+01 -7.271946e+01 -9.500000e+00
      vertex   7.274943e+01 -7.269220e+01 -9.500000e+00
    endloop
  endfacet
  facet normal 0.000000e+00 0.000000e+00 -1.000000e+00
    outer loop
      vertex   8.182083e+01 -7.269220e+01 -9.500000e+00
      vertex   7.274943e+01 -7.269220e+01 -9.500000e+00
      vertex   1.469051e+02 -3.042486e+01 -9.500000e+00
    endloop
  endfacet
  facet normal 0.000000e+00 0.000000e+00 -1.000000e+00
    outer loop
      vertex   1.469051e+02 -3.042486e+01 -9.500000e+00
      vertex   7.274943e+01 -7.269220e+01 -9.500000e+00
      vertex   1.257168e+01 -4.412486e+01 -9.500000e+00
    endloop
  endfacet
  facet normal 0.000000e+00 0.000000e+00 -1.000000e+00
    outer loop
      vertex   1.469051e+02 -3.042486e+01 -9.500000e+00
      vertex   1.257168e+01 -4.412486e+01 -9.500000e+00
      vertex   1.215849e+01 -4.358638e+01 -9.500000e+00
    endloop
  endfacet
  facet normal 0.000000e+00 0.000000e+00 -1.000000e+00
    outer loop
      vertex   7.274943e+01 -7.269220e+01 -9.500000e+00
      vertex   6.594583e+01 -7.269220e+01 -9.500000e+00
      vertex   1.257168e+01 -4.412486e+01 -9.500000e+00
    endloop
  endfacet
  facet normal 0.000000e+00 0.000000e+00 -1.000000e+00
    outer loop
      vertex   1.257168e+01 -4.412486e+01 -9.500000e+00
      vertex   6.594583e+01 -7.269220e+01 -9.500000e+00
      vertex   1.283142e+01 -4.475193e+01 -9.500000e+00
    endloop
  endfacet
  facet normal 0.000000e+00 0.000000e+00 -1.000000e+00
    outer loop
      vertex   1.283142e+01 -4.475193e+01 -9.500000e+00
      vertex   6.594583e+01 -7.269220e+01 -9.500000e+00
      vertex   6.367792e+01 -7.269220e+01 -9.500000e+00
    endloop
  endfacet
  facet normal 0.000000e+00 0.000000e+00 -1.000000e+00
    outer loop
      vertex   1.283142e+01 -4.475193e+01 -9.500000e+00
      vertex   6.367792e+01 -7.269220e+01 -9.500000e+00
      vertex   5.687431e+01 -7.269220e+01 -9.500000e+00
    endloop
  endfacet
  facet normal 0.000000e+00 0.000000e+00 -1.000000e+00
    outer loop
      vertex   6.367792e+01 -7.269220e+01 -9.500000e+00
      vertex   6.594583e+01 -7.269220e+01 -9.500000e+00
      vertex   6.388497e+01 -7.271946e+01 -9.500000e+00
    endloop
  endfacet
  facet normal 0.000000e+00 0.000000e+00 -1.000000e+00
    outer loop
      vertex   6.388497e+01 -7.271946e+01 -9.500000e+00
      vertex   6.594583e+01 -7.269220e+01 -9.500000e+00
      vertex   6.573877e+01 -7.271946e+01 -9.500000e+00
    endloop
  endfacet
  facet normal 0.000000e+00 0.000000e+00 -1.000000e+00
    outer loop
      vertex   6.388497e+01 -7.271946e+01 -9.500000e+00
      vertex   6.573877e+01 -7.271946e+01 -9.500000e+00
      vertex   6.407792e+01 -7.279938e+01 -9.500000e+00
    endloop
  endfacet
  facet normal 0.000000e+00 0.000000e+00 -1.000000e+00
    outer loop
      vertex   6.407792e+01 -7.279938e+01 -9.500000e+00
      vertex   6.573877e+01 -7.271946e+01 -9.500000e+00
      vertex   6.554583e+01 -7.279938e+01 -9.500000e+00
    endloop
  endfacet
  facet normal 0.000000e+00 0.000000e+00 -1.000000e+00
    outer loop
      vertex   6.407792e+01 -7.279938e+01 -9.500000e+00
      vertex   6.554583e+01 -7.279938e+01 -9.500000e+00
      vertex   6.424360e+01 -7.292651e+01 -9.500000e+00
    endloop
  endfacet
  facet normal 0.000000e+00 0.000000e+00 -1.000000e+00
    outer loop
      vertex   6.424360e+01 -7.292651e+01 -9.500000e+00
      vertex   6.554583e+01 -7.279938e+01 -9.500000e+00
      vertex   6.538014e+01 -7.292651e+01 -9.500000e+00
    endloop
  endfacet
  facet normal 0.000000e+00 0.000000e+00 -1.000000e+00
    outer loop
      vertex   6.424360e+01 -7.292651e+01 -9.500000e+00
      vertex   6.538014e+01 -7.292651e+01 -9.500000e+00
      vertex   6.437074e+01 -7.309220e+01 -9.500000e+00
    endloop
  endfacet
  facet normal 0.000000e+00 0.000000e+00 -1.000000e+00
    outer loop
      vertex   6.437074e+01 -7.309220e+01 -9.500000e+00
      vertex   6.538014e+01 -7.292651e+01 -9.500000e+00
      vertex   6.525301e+01 -7.309220e+01 -9.500000e+00
    endloop
  endfacet
  facet normal 0.000000e+00 0.000000e+00 -1.000000e+00
    outer loop
      vertex   6.437074e+01 -7.309220e+01 -9.500000e+00
      vertex   6.525301e+01 -7.309220e+01 -9.500000e+00
      vertex   6.445066e+01 -7.328514e+01 -9.500000e+00
    endloop
  endfacet
  facet normal 0.000000e+00 0.000000e+00 -1.000000e+00
    outer loop
      vertex   6.445066e+01 -7.328514e+01 -9.500000e+00
      vertex   6.525301e+01 -7.309220e+01 -9.500000e+00
      vertex   6.517309e+01 -7.328514e+01 -9.500000e+00
    endloop
  endfacet
  facet normal 0.000000e+00 0.000000e+00 -1.000000e+00
    outer loop
      vertex   6.445066e+01 -7.328514e+01 -9.500000e+00
      vertex   6.517309e+01 -7.328514e+01 -9.500000e+00
      vertex   6.447792e+01 -7.349220e+01 -9.500000e+00
    endloop
  endfacet
  facet normal 0.000000e+00 0.000000e+00 -1.000000e+00
    outer loop
      vertex   6.447792e+01 -7.349220e+01 -9.500000e+00
      vertex   6.517309e+01 -7.328514e+01 -9.500000e+00
      vertex   6.514583e+01 -7.349220e+01 -9.500000e+00
    endloop
  endfacet
  facet normal 0.000000e+00 -0.000000e+00 -1.000000e+00
    outer loop
      vertex   6.447792e+01 -7.349220e+01 -9.500000e+00
      vertex   6.514583e+01 -7.349220e+01 -9.500000e+00
      vertex   6.445066e+01 -7.369925e+01 -9.500000e+00
    endloop
  endfacet
  facet normal 0.000000e+00 0.000000e+00 -1.000000e+00
    outer loop
      vertex   6.445066e+01 -7.369925e+01 -9.500000e+00
      vertex   6.514583e+01 -7.349220e+01 -9.500000e+00
      vertex   6.517309e+01 -7.369925e+01 -9.500000e+00
    endloop
  endfacet
  facet normal 0.000000e+00 -0.000000e+00 -1.000000e+00
    outer loop
      vertex   6.445066e+01 -7.369925e+01 -9.500000e+00
      vertex   6.517309e+01 -7.369925e+01 -9.500000e+00
      vertex   6.437074e+01 -7.389220e+01 -9.500000e+00
    endloop
  endfacet
  facet normal 0.000000e+00 0.000000e+00 -1.000000e+00
    outer loop
      vertex   6.437074e+01 -7.389220e+01 -9.500000e+00
      vertex   6.517309e+01 -7.369925e+01 -9.500000e+00
      vertex   6.525301e+01 -7.389220e+01 -9.500000e+00
    endloop
  endfacet
  facet normal 0.000000e+00 -0.000000e+00 -1.000000e+00
    outer loop
      vertex   6.437074e+01 -7.389220e+01 -9.500000e+00
      vertex   6.525301e+01 -7.389220e+01 -9.500000e+00
      vertex   6.424360e+01 -7.405788e+01 -9.500000e+00
    endloop
  endfacet
  facet normal 0.000000e+00 0.000000e+00 -1.000000e+00
    outer loop
      vertex   6.424360e+01 -7.405788e+01 -9.500000e+00
      vertex   6.525301e+01 -7.389220e+01 -9.500000e+00
      vertex   6.538014e+01 -7.405788e+01 -9.500000e+00
    endloop
  endfacet
  facet normal 0.000000e+00 -0.000000e+00 -1.000000e+00
    outer loop
      vertex   6.424360e+01 -7.405788e+01 -9.500000e+00
      vertex   6.538014e+01 -7.405788e+01 -9.500000e+00
      vertex   6.407792e+01 -7.418502e+01 -9.500000e+00
    endloop
  endfacet
  facet normal 0.000000e+00 0.000000e+00 -1.000000e+00
    outer loop
      vertex   6.407792e+01 -7.418502e+01 -9.500000e+00
      vertex   6.538014e+01 -7.405788e+01 -9.500000e+00
      vertex   6.554583e+01 -7.418502e+01 -9.500000e+00
    endloop
  endfacet
  facet normal 0.000000e+00 -0.000000e+00 -1.000000e+00
    outer loop
      vertex   6.407792e+01 -7.418502e+01 -9.500000e+00
      vertex   6.554583e+01 -7.418502e+01 -9.500000e+00
      vertex   6.388497e+01 -7.426494e+01 -9.500000e+00
    endloop
  endfacet
  facet normal 0.000000e+00 0.000000e+00 -1.000000e+00
    outer loop
      vertex   6.388497e+01 -7.426494e+01 -9.500000e+00
      vertex   6.554583e+01 -7.418502e+01 -9.500000e+00
      vertex   6.573877e+01 -7.426494e+01 -9.500000e+00
    endloop
  endfacet
  facet normal 0.000000e+00 -0.000000e+00 -1.000000e+00
    outer loop
      vertex   6.388497e+01 -7.426494e+01 -9.500000e+00
      vertex   6.573877e+01 -7.426494e+01 -9.500000e+00
      vertex   6.367792e+01 -7.429220e+01 -9.500000e+00
    endloop
  endfacet
  facet normal 0.000000e+00 0.000000e+00 -1.000000e+00
    outer loop
      vertex   6.367792e+01 -7.429220e+01 -9.500000e+00
      vertex   6.573877e+01 -7.426494e+01 -9.500000e+00
      vertex   6.594583e+01 -7.429220e+01 -9.500000e+00
    endloop
  endfacet
  facet normal 0.000000e+00 0.000000e+00 -1.000000e+00
    outer loop
      vertex   7.793965e+01 -1.220277e+02 -9.500000e+00
      vertex   7.671818e+01 -1.100109e+02 -9.500000e+00
      vertex   7.861258e+01 -1.219391e+02 -9.500000e+00
    endloop
  endfacet
  facet normal 0.000000e+00 0.000000e+00 -1.000000e+00
    outer loop
      vertex   7.861258e+01 -1.219391e+02 -9.500000e+00
      vertex   7.671818e+01 -1.100109e+02 -9.500000e+00
      vertex   7.692524e+01 -1.099837e+02 -9.500000e+00
    endloop
  endfacet
  facet normal 0.000000e+00 0.000000e+00 -1.000000e+00
    outer loop
      vertex   7.861258e+01 -1.219391e+02 -9.500000e+00
      vertex   7.692524e+01 -1.099837e+02 -9.500000e+00
      vertex   8.161377e+01 -1.099837e+02 -9.500000e+00
    endloop
  endfacet
  facet normal 0.000000e+00 0.000000e+00 -1.000000e+00
    outer loop
      vertex   8.161377e+01 -1.099837e+02 -9.500000e+00
      vertex   7.692524e+01 -1.099837e+02 -9.500000e+00
      vertex   8.142083e+01 -1.099038e+02 -9.500000e+00
    endloop
  endfacet
  facet normal -0.000000e+00 0.000000e+00 -1.000000e+00
    outer loop
      vertex   8.142083e+01 -1.099038e+02 -9.500000e+00
      vertex   7.692524e+01 -1.099837e+02 -9.500000e+00
      vertex   7.711818e+01 -1.099038e+02 -9.500000e+00
    endloop
  endfacet
  facet normal 0.000000e+00 0.000000e+00 -1.000000e+00
    outer loop
      vertex   8.142083e+01 -1.099038e+02 -9.500000e+00
      vertex   7.711818e+01 -1.099038e+02 -9.500000e+00
      vertex   8.125514e+01 -1.097766e+02 -9.500000e+00
    endloop
  endfacet
  facet normal -0.000000e+00 0.000000e+00 -1.000000e+00
    outer loop
      vertex   8.125514e+01 -1.097766e+02 -9.500000e+00
      vertex   7.711818e+01 -1.099038e+02 -9.500000e+00
      vertex   7.728387e+01 -1.097766e+02 -9.500000e+00
    endloop
  endfacet
  facet normal 0.000000e+00 0.000000e+00 -1.000000e+00
    outer loop
      vertex   8.125514e+01 -1.097766e+02 -9.500000e+00
      vertex   7.728387e+01 -1.097766e+02 -9.500000e+00
      vertex   8.112801e+01 -1.096109e+02 -9.500000e+00
    endloop
  endfacet
  facet normal 0.000000e+00 0.000000e+00 -1.000000e+00
    outer loop
      vertex   8.112801e+01 -1.096109e+02 -9.500000e+00
      vertex   7.728387e+01 -1.097766e+02 -9.500000e+00
      vertex   7.741100e+01 -1.096109e+02 -9.500000e+00
    endloop
  endfacet
  facet normal -0.000000e+00 0.000000e+00 -1.000000e+00
    outer loop
      vertex   8.112801e+01 -1.096109e+02 -9.500000e+00
      vertex   7.741100e+01 -1.096109e+02 -9.500000e+00
      vertex   8.104809e+01 -1.094180e+02 -9.500000e+00
    endloop
  endfacet
  facet normal -0.000000e+00 0.000000e+00 -1.000000e+00
    outer loop
      vertex   8.104809e+01 -1.094180e+02 -9.500000e+00
      vertex   7.741100e+01 -1.096109e+02 -9.500000e+00
      vertex   7.749092e+01 -1.094180e+02 -9.500000e+00
    endloop
  endfacet
  facet normal 0.000000e+00 0.000000e+00 -1.000000e+00
    outer loop
      vertex   8.104809e+01 -1.094180e+02 -9.500000e+00
      vertex   7.749092e+01 -1.094180e+02 -9.500000e+00
      vertex   8.102083e+01 -1.092109e+02 -9.500000e+00
    endloop
  endfacet
  facet normal -0.000000e+00 0.000000e+00 -1.000000e+00
    outer loop
      vertex   8.102083e+01 -1.092109e+02 -9.500000e+00
      vertex   7.749092e+01 -1.094180e+02 -9.500000e+00
      vertex   7.751818e+01 -1.092109e+02 -9.500000e+00
    endloop
  endfacet
  facet normal 0.000000e+00 0.000000e+00 -1.000000e+00
    outer loop
      vertex   8.102083e+01 -1.092109e+02 -9.500000e+00
      vertex   7.751818e+01 -1.092109e+02 -9.500000e+00
      vertex   7.751818e+01 -9.056727e+01 -9.500000e+00
    endloop
  endfacet
  facet normal 0.000000e+00 0.000000e+00 -1.000000e+00
    outer loop
      vertex   8.102083e+01 -1.092109e+02 -9.500000e+00
      vertex   7.751818e+01 -9.056727e+01 -9.500000e+00
      vertex   8.102083e+01 -8.893077e+01 -9.500000e+00
    endloop
  endfacet
  facet normal -0.000000e+00 0.000000e+00 -1.000000e+00
    outer loop
      vertex   8.102083e+01 -8.893077e+01 -9.500000e+00
      vertex   7.751818e+01 -9.056727e+01 -9.500000e+00
      vertex   7.804578e+01 -8.740019e+01 -9.500000e+00
    endloop
  endfacet
  facet normal 0.000000e+00 0.000000e+00 -1.000000e+00
    outer loop
      vertex   8.102083e+01 -8.893077e+01 -9.500000e+00
      vertex   7.804578e+01 -8.740019e+01 -9.500000e+00
      vertex   8.052867e+01 -8.745394e+01 -9.500000e+00
    endloop
  endfacet
  facet normal 0.000000e+00 0.000000e+00 -1.000000e+00
    outer loop
      vertex   8.052867e+01 -8.745394e+01 -9.500000e+00
      vertex   7.804578e+01 -8.740019e+01 -9.500000e+00
      vertex   7.969171e+01 -8.619845e+01 -9.500000e+00
    endloop
  endfacet
  facet normal -0.000000e+00 0.000000e+00 -1.000000e+00
    outer loop
      vertex   7.969171e+01 -8.619845e+01 -9.500000e+00
      vertex   7.804578e+01 -8.740019e+01 -9.500000e+00
      vertex   7.884712e+01 -8.619845e+01 -9.500000e+00
    endloop
  endfacet
  facet normal 0.000000e+00 -0.000000e+00 -1.000000e+00
    outer loop
      vertex   8.161377e+01 -1.099837e+02 -9.500000e+00
      vertex   8.182083e+01 -1.100109e+02 -9.500000e+00
      vertex   7.861258e+01 -1.219391e+02 -9.500000e+00
    endloop
  endfacet
  facet normal 0.000000e+00 0.000000e+00 -1.000000e+00
    outer loop
      vertex   7.861258e+01 -1.219391e+02 -9.500000e+00
      vertex   8.182083e+01 -1.100109e+02 -9.500000e+00
      vertex   7.928551e+01 -1.220277e+02 -9.500000e+00
    endloop
  endfacet
  facet normal 0.000000e+00 0.000000e+00 -1.000000e+00
    outer loop
      vertex   7.928551e+01 -1.220277e+02 -9.500000e+00
      vertex   8.182083e+01 -1.100109e+02 -9.500000e+00
      vertex   8.202788e+01 -1.099837e+02 -9.500000e+00
    endloop
  endfacet
  facet normal 0.000000e+00 0.000000e+00 -1.000000e+00
    outer loop
      vertex   7.928551e+01 -1.220277e+02 -9.500000e+00
      vertex   8.202788e+01 -1.099837e+02 -9.500000e+00
      vertex   8.728335e+01 -1.099836e+02 -9.500000e+00
    endloop
  endfacet
  facet normal -0.000000e+00 0.000000e+00 -1.000000e+00
    outer loop
      vertex   8.728335e+01 -1.099836e+02 -9.500000e+00
      vertex   8.202788e+01 -1.099837e+02 -9.500000e+00
      vertex   8.222083e+01 -1.099038e+02 -9.500000e+00
    endloop
  endfacet
  facet normal 0.000000e+00 0.000000e+00 -1.000000e+00
    outer loop
      vertex   8.728335e+01 -1.099836e+02 -9.500000e+00
      vertex   8.222083e+01 -1.099038e+02 -9.500000e+00
      vertex   8.709041e+01 -1.099037e+02 -9.500000e+00
    endloop
  endfacet
  facet normal -0.000000e+00 0.000000e+00 -1.000000e+00
    outer loop
      vertex   8.709041e+01 -1.099037e+02 -9.500000e+00
      vertex   8.222083e+01 -1.099038e+02 -9.500000e+00
      vertex   8.238651e+01 -1.097766e+02 -9.500000e+00
    endloop
  endfacet
  facet normal 0.000000e+00 0.000000e+00 -1.000000e+00
    outer loop
      vertex   8.709041e+01 -1.099037e+02 -9.500000e+00
      vertex   8.238651e+01 -1.097766e+02 -9.500000e+00
      vertex   8.692472e+01 -1.097766e+02 -9.500000e+00
    endloop
  endfacet
  facet normal -0.000000e+00 0.000000e+00 -1.000000e+00
    outer loop
      vertex   8.692472e+01 -1.097766e+02 -9.500000e+00
      vertex   8.238651e+01 -1.097766e+02 -9.500000e+00
      vertex   8.251365e+01 -1.096109e+02 -9.500000e+00
    endloop
  endfacet
  facet normal 0.000000e+00 0.000000e+00 -1.000000e+00
    outer loop
      vertex   8.692472e+01 -1.097766e+02 -9.500000e+00
      vertex   8.251365e+01 -1.096109e+02 -9.500000e+00
      vertex   8.679759e+01 -1.096109e+02 -9.500000e+00
    endloop
  endfacet
  facet normal -0.000000e+00 0.000000e+00 -1.000000e+00
    outer loop
      vertex   8.679759e+01 -1.096109e+02 -9.500000e+00
      vertex   8.251365e+01 -1.096109e+02 -9.500000e+00
      vertex   8.259357e+01 -1.094180e+02 -9.500000e+00
    endloop
  endfacet
  facet normal 0.000000e+00 0.000000e+00 -1.000000e+00
    outer loop
      vertex   8.679759e+01 -1.096109e+02 -9.500000e+00
      vertex   8.259357e+01 -1.094180e+02 -9.500000e+00
      vertex   8.671767e+01 -1.094179e+02 -9.500000e+00
    endloop
  endfacet
  facet normal -0.000000e+00 0.000000e+00 -1.000000e+00
    outer loop
      vertex   8.671767e+01 -1.094179e+02 -9.500000e+00
      vertex   8.259357e+01 -1.094180e+02 -9.500000e+00
      vertex   8.262083e+01 -1.092109e+02 -9.500000e+00
    endloop
  endfacet
  facet normal 0.000000e+00 0.000000e+00 -1.000000e+00
    outer loop
      vertex   8.671767e+01 -1.094179e+02 -9.500000e+00
      vertex   8.262083e+01 -1.092109e+02 -9.500000e+00
      vertex   8.669042e+01 -1.092109e+02 -9.500000e+00
    endloop
  endfacet
  facet normal -0.000000e+00 0.000000e+00 -1.000000e+00
    outer loop
      vertex   8.669042e+01 -1.092109e+02 -9.500000e+00
      vertex   8.262083e+01 -1.092109e+02 -9.500000e+00
      vertex   8.669066e+01 -9.050114e+01 -9.500000e+00
    endloop
  endfacet
  facet normal -0.000000e+00 0.000000e+00 -1.000000e+00
    outer loop
      vertex   8.669066e+01 -9.050114e+01 -9.500000e+00
      vertex   8.262083e+01 -1.092109e+02 -9.500000e+00
      vertex   8.262083e+01 -7.349220e+01 -9.500000e+00
    endloop
  endfacet
  facet normal 0.000000e+00 0.000000e+00 -1.000000e+00
    outer loop
      vertex   8.669066e+01 -9.050114e+01 -9.500000e+00
      vertex   8.262083e+01 -7.349220e+01 -9.500000e+00
      vertex   8.669187e+01 -9.045714e+01 -9.500000e+00
    endloop
  endfacet
  facet normal 0.000000e+00 0.000000e+00 -1.000000e+00
    outer loop
      vertex   8.669187e+01 -9.045714e+01 -9.500000e+00
      vertex   8.262083e+01 -7.349220e+01 -9.500000e+00
      vertex   8.669550e+01 -9.041327e+01 -9.500000e+00
    endloop
  endfacet
  facet normal 0.000000e+00 0.000000e+00 -1.000000e+00
    outer loop
      vertex   8.669550e+01 -9.041327e+01 -9.500000e+00
      vertex   8.262083e+01 -7.349220e+01 -9.500000e+00
      vertex   8.670154e+01 -9.036966e+01 -9.500000e+00
    endloop
  endfacet
  facet normal 0.000000e+00 0.000000e+00 -1.000000e+00
    outer loop
      vertex   8.670154e+01 -9.036966e+01 -9.500000e+00
      vertex   8.262083e+01 -7.349220e+01 -9.500000e+00
      vertex   8.726836e+01 -8.696786e+01 -9.500000e+00
    endloop
  endfacet
  facet normal 0.000000e+00 0.000000e+00 -1.000000e+00
    outer loop
      vertex   8.726836e+01 -8.696786e+01 -9.500000e+00
      vertex   8.262083e+01 -7.349220e+01 -9.500000e+00
      vertex   8.729466e+01 -8.685830e+01 -9.500000e+00
    endloop
  endfacet
  facet normal 0.000000e+00 0.000000e+00 -1.000000e+00
    outer loop
      vertex   8.729466e+01 -8.685830e+01 -9.500000e+00
      vertex   8.262083e+01 -7.349220e+01 -9.500000e+00
      vertex   8.733610e+01 -8.675352e+01 -9.500000e+00
    endloop
  endfacet
  facet normal 0.000000e+00 0.000000e+00 -1.000000e+00
    outer loop
      vertex   8.733610e+01 -8.675352e+01 -9.500000e+00
      vertex   8.262083e+01 -7.349220e+01 -9.500000e+00
      vertex   8.739184e+01 -8.665560e+01 -9.500000e+00
    endloop
  endfacet
  facet normal 0.000000e+00 0.000000e+00 -1.000000e+00
    outer loop
      vertex   8.739184e+01 -8.665560e+01 -9.500000e+00
      vertex   8.262083e+01 -7.349220e+01 -9.500000e+00
      vertex   8.852573e+01 -8.495470e+01 -9.500000e+00
    endloop
  endfacet
  facet normal 0.000000e+00 0.000000e+00 -1.000000e+00
    outer loop
      vertex   8.852573e+01 -8.495470e+01 -9.500000e+00
      vertex   8.262083e+01 -7.349220e+01 -9.500000e+00
      vertex   8.865366e+01 -8.480611e+01 -9.500000e+00
    endloop
  endfacet
  facet normal 0.000000e+00 0.000000e+00 -1.000000e+00
    outer loop
      vertex   8.865366e+01 -8.480611e+01 -9.500000e+00
      vertex   8.262083e+01 -7.349220e+01 -9.500000e+00
      vertex   8.881389e+01 -8.469311e+01 -9.500000e+00
    endloop
  endfacet
  facet normal 0.000000e+00 0.000000e+00 -1.000000e+00
    outer loop
      vertex   8.881389e+01 -8.469311e+01 -9.500000e+00
      vertex   8.262083e+01 -7.349220e+01 -9.500000e+00
      vertex   8.899679e+01 -8.462247e+01 -9.500000e+00
    endloop
  endfacet
  facet normal 0.000000e+00 0.000000e+00 -1.000000e+00
    outer loop
      vertex   8.899679e+01 -8.462247e+01 -9.500000e+00
      vertex   8.262083e+01 -7.349220e+01 -9.500000e+00
      vertex   8.919138e+01 -8.459845e+01 -9.500000e+00
    endloop
  endfacet
  facet normal 0.000000e+00 0.000000e+00 -1.000000e+00
    outer loop
      vertex   8.919138e+01 -8.459845e+01 -9.500000e+00
      vertex   8.262083e+01 -7.349220e+01 -9.500000e+00
      vertex   9.089222e+01 -8.459845e+01 -9.500000e+00
    endloop
  endfacet
  facet normal 0.000000e+00 0.000000e+00 -1.000000e+00
    outer loop
      vertex   9.089222e+01 -8.459845e+01 -9.500000e+00
      vertex   8.262083e+01 -7.349220e+01 -9.500000e+00
      vertex   9.263535e+01 -8.459956e+01 -9.500000e+00
    endloop
  endfacet
  facet normal 0.000000e+00 0.000000e+00 -1.000000e+00
    outer loop
      vertex   9.089222e+01 -8.459845e+01 -9.500000e+00
      vertex   9.263535e+01 -8.459956e+01 -9.500000e+00
      vertex   9.243403e+01 -8.461444e+01 -9.500000e+00
    endloop
  endfacet
  facet normal 0.000000e+00 0.000000e+00 -1.000000e+00
    outer loop
      vertex   8.259357e+01 -7.328514e+01 -9.500000e+00
      vertex   9.996361e+01 -8.459845e+01 -9.500000e+00
      vertex   8.262083e+01 -7.349220e+01 -9.500000e+00
    endloop
  endfacet
  facet normal 0.000000e+00 0.000000e+00 -1.000000e+00
    outer loop
      vertex   8.262083e+01 -7.349220e+01 -9.500000e+00
      vertex   9.996361e+01 -8.459845e+01 -9.500000e+00
      vertex   9.976902e+01 -8.462247e+01 -9.500000e+00
    endloop
  endfacet
  facet normal 0.000000e+00 0.000000e+00 -1.000000e+00
    outer loop
      vertex   8.262083e+01 -7.349220e+01 -9.500000e+00
      vertex   9.976902e+01 -8.462247e+01 -9.500000e+00
      vertex   9.263535e+01 -8.459956e+01 -9.500000e+00
    endloop
  endfacet
  facet normal 0.000000e+00 0.000000e+00 -1.000000e+00
    outer loop
      vertex   9.263535e+01 -8.459956e+01 -9.500000e+00
      vertex   9.976902e+01 -8.462247e+01 -9.500000e+00
      vertex   9.283398e+01 -8.463555e+01 -9.500000e+00
    endloop
  endfacet
  facet normal 0.000000e+00 0.000000e+00 -1.000000e+00
    outer loop
      vertex   9.283398e+01 -8.463555e+01 -9.500000e+00
      vertex   9.976902e+01 -8.462247e+01 -9.500000e+00
      vertex   9.958612e+01 -8.469311e+01 -9.500000e+00
    endloop
  endfacet
  facet normal 0.000000e+00 0.000000e+00 -1.000000e+00
    outer loop
      vertex   9.283398e+01 -8.463555e+01 -9.500000e+00
      vertex   9.958612e+01 -8.469311e+01 -9.500000e+00
      vertex   9.301729e+01 -8.472011e+01 -9.500000e+00
    endloop
  endfacet
  facet normal 0.000000e+00 0.000000e+00 -1.000000e+00
    outer loop
      vertex   9.301729e+01 -8.472011e+01 -9.500000e+00
      vertex   9.958612e+01 -8.469311e+01 -9.500000e+00
      vertex   9.942589e+01 -8.480611e+01 -9.500000e+00
    endloop
  endfacet
  facet normal 0.000000e+00 0.000000e+00 -1.000000e+00
    outer loop
      vertex   9.301729e+01 -8.472011e+01 -9.500000e+00
      vertex   9.942589e+01 -8.480611e+01 -9.500000e+00
      vertex   9.317358e+01 -8.484787e+01 -9.500000e+00
    endloop
  endfacet
  facet normal 0.000000e+00 0.000000e+00 -1.000000e+00
    outer loop
      vertex   9.317358e+01 -8.484787e+01 -9.500000e+00
      vertex   9.942589e+01 -8.480611e+01 -9.500000e+00
      vertex   9.929797e+01 -8.495470e+01 -9.500000e+00
    endloop
  endfacet
  facet normal 0.000000e+00 0.000000e+00 -1.000000e+00
    outer loop
      vertex   9.317358e+01 -8.484787e+01 -9.500000e+00
      vertex   9.929797e+01 -8.495470e+01 -9.500000e+00
      vertex   9.329293e+01 -8.501069e+01 -9.500000e+00
    endloop
  endfacet
  facet normal 0.000000e+00 0.000000e+00 -1.000000e+00
    outer loop
      vertex   9.329293e+01 -8.501069e+01 -9.500000e+00
      vertex   9.929797e+01 -8.495470e+01 -9.500000e+00
      vertex   9.336771e+01 -8.519819e+01 -9.500000e+00
    endloop
  endfacet
  facet normal 0.000000e+00 0.000000e+00 -1.000000e+00
    outer loop
      vertex   9.336771e+01 -8.519819e+01 -9.500000e+00
      vertex   9.929797e+01 -8.495470e+01 -9.500000e+00
      vertex   9.816407e+01 -8.665560e+01 -9.500000e+00
    endloop
  endfacet
  facet normal 0.000000e+00 0.000000e+00 -1.000000e+00
    outer loop
      vertex   9.336771e+01 -8.519819e+01 -9.500000e+00
      vertex   9.816407e+01 -8.665560e+01 -9.500000e+00
      vertex   9.339318e+01 -8.539845e+01 -9.500000e+00
    endloop
  endfacet
  facet normal 0.000000e+00 0.000000e+00 -1.000000e+00
    outer loop
      vertex   9.339318e+01 -8.539845e+01 -9.500000e+00
      vertex   9.816407e+01 -8.665560e+01 -9.500000e+00
      vertex   9.810833e+01 -8.675353e+01 -9.500000e+00
    endloop
  endfacet
  facet normal 0.000000e+00 0.000000e+00 -1.000000e+00
    outer loop
      vertex   9.339318e+01 -8.539845e+01 -9.500000e+00
      vertex   9.810833e+01 -8.675353e+01 -9.500000e+00
      vertex   9.806689e+01 -8.685832e+01 -9.500000e+00
    endloop
  endfacet
  facet normal 0.000000e+00 0.000000e+00 -1.000000e+00
    outer loop
      vertex   8.251365e+01 -7.309220e+01 -9.500000e+00
      vertex   1.050664e+02 -8.459845e+01 -9.500000e+00
      vertex   8.259357e+01 -7.328514e+01 -9.500000e+00
    endloop
  endfacet
  facet normal 0.000000e+00 0.000000e+00 -1.000000e+00
    outer loop
      vertex   8.259357e+01 -7.328514e+01 -9.500000e+00
      vertex   1.050664e+02 -8.459845e+01 -9.500000e+00
      vertex   1.016646e+02 -8.459845e+01 -9.500000e+00
    endloop
  endfacet
  facet normal 0.000000e+00 0.000000e+00 -1.000000e+00
    outer loop
      vertex   8.259357e+01 -7.328514e+01 -9.500000e+00
      vertex   1.016646e+02 -8.459845e+01 -9.500000e+00
      vertex   9.996361e+01 -8.459845e+01 -9.500000e+00
    endloop
  endfacet
  facet normal 0.000000e+00 0.000000e+00 -1.000000e+00
    outer loop
      vertex   8.238651e+01 -7.292651e+01 -9.500000e+00
      vertex   1.085103e+02 -8.459956e+01 -9.500000e+00
      vertex   8.251365e+01 -7.309220e+01 -9.500000e+00
    endloop
  endfacet
  facet normal 0.000000e+00 0.000000e+00 -1.000000e+00
    outer loop
      vertex   8.251365e+01 -7.309220e+01 -9.500000e+00
      vertex   1.085103e+02 -8.459956e+01 -9.500000e+00
      vertex   1.067672e+02 -8.459845e+01 -9.500000e+00
    endloop
  endfacet
  facet normal 0.000000e+00 0.000000e+00 -1.000000e+00
    outer loop
      vertex   8.251365e+01 -7.309220e+01 -9.500000e+00
      vertex   1.067672e+02 -8.459845e+01 -9.500000e+00
      vertex   1.050664e+02 -8.459845e+01 -9.500000e+00
    endloop
  endfacet
  facet normal 0.000000e+00 0.000000e+00 -1.000000e+00
    outer loop
      vertex   8.222083e+01 -7.279938e+01 -9.500000e+00
      vertex   1.446535e+02 -4.672486e+01 -9.500000e+00
      vertex   8.238651e+01 -7.292651e+01 -9.500000e+00
    endloop
  endfacet
  facet normal 0.000000e+00 0.000000e+00 -1.000000e+00
    outer loop
      vertex   8.238651e+01 -7.292651e+01 -9.500000e+00
      vertex   1.446535e+02 -4.672486e+01 -9.500000e+00
      vertex   1.450667e+02 -4.726334e+01 -9.500000e+00
    endloop
  endfacet
  facet normal 0.000000e+00 0.000000e+00 -1.000000e+00
    outer loop
      vertex   8.238651e+01 -7.292651e+01 -9.500000e+00
      vertex   1.450667e+02 -4.726334e+01 -9.500000e+00
      vertex   1.085103e+02 -8.459956e+01 -9.500000e+00
    endloop
  endfacet
  facet normal 0.000000e+00 0.000000e+00 -1.000000e+00
    outer loop
      vertex   1.085103e+02 -8.459956e+01 -9.500000e+00
      vertex   1.450667e+02 -4.726334e+01 -9.500000e+00
      vertex   1.087090e+02 -8.463555e+01 -9.500000e+00
    endloop
  endfacet
  facet normal 0.000000e+00 0.000000e+00 -1.000000e+00
    outer loop
      vertex   1.087090e+02 -8.463555e+01 -9.500000e+00
      vertex   1.450667e+02 -4.726334e+01 -9.500000e+00
      vertex   1.456051e+02 -4.767653e+01 -9.500000e+00
    endloop
  endfacet
  facet normal 0.000000e+00 0.000000e+00 -1.000000e+00
    outer loop
      vertex   1.087090e+02 -8.463555e+01 -9.500000e+00
      vertex   1.456051e+02 -4.767653e+01 -9.500000e+00
      vertex   1.456051e+02 -8.273029e+01 -9.500000e+00
    endloop
  endfacet
  facet normal 0.000000e+00 0.000000e+00 -1.000000e+00
    outer loop
      vertex   1.456051e+02 -8.273029e+01 -9.500000e+00
      vertex   1.456051e+02 -4.767653e+01 -9.500000e+00
      vertex   1.462322e+02 -8.247055e+01 -9.500000e+00
    endloop
  endfacet
  facet normal 0.000000e+00 0.000000e+00 -1.000000e+00
    outer loop
      vertex   1.462322e+02 -8.247055e+01 -9.500000e+00
      vertex   1.456051e+02 -4.767653e+01 -9.500000e+00
      vertex   1.462322e+02 -4.793627e+01 -9.500000e+00
    endloop
  endfacet
  facet normal 0.000000e+00 0.000000e+00 -1.000000e+00
    outer loop
      vertex   1.462322e+02 -8.247055e+01 -9.500000e+00
      vertex   1.462322e+02 -4.793627e+01 -9.500000e+00
      vertex   1.469051e+02 -8.238196e+01 -9.500000e+00
    endloop
  endfacet
  facet normal 0.000000e+00 0.000000e+00 -1.000000e+00
    outer loop
      vertex   1.469051e+02 -8.238196e+01 -9.500000e+00
      vertex   1.462322e+02 -4.793627e+01 -9.500000e+00
      vertex   1.469051e+02 -4.802486e+01 -9.500000e+00
    endloop
  endfacet
  facet normal 0.000000e+00 0.000000e+00 -1.000000e+00
    outer loop
      vertex   1.469051e+02 -8.238196e+01 -9.500000e+00
      vertex   1.469051e+02 -4.802486e+01 -9.500000e+00
      vertex   1.475781e+02 -4.793627e+01 -9.500000e+00
    endloop
  endfacet
  facet normal -0.000000e+00 0.000000e+00 -1.000000e+00
    outer loop
      vertex   1.446535e+02 -4.672486e+01 -9.500000e+00
      vertex   8.222083e+01 -7.279938e+01 -9.500000e+00
      vertex   1.443937e+02 -4.609779e+01 -9.500000e+00
    endloop
  endfacet
  facet normal 0.000000e+00 0.000000e+00 -1.000000e+00
    outer loop
      vertex   1.443937e+02 -4.609779e+01 -9.500000e+00
      vertex   8.222083e+01 -7.279938e+01 -9.500000e+00
      vertex   8.202788e+01 -7.271946e+01 -9.500000e+00
    endloop
  endfacet
  facet normal -0.000000e+00 0.000000e+00 -1.000000e+00
    outer loop
      vertex   1.443937e+02 -4.609779e+01 -9.500000e+00
      vertex   8.202788e+01 -7.271946e+01 -9.500000e+00
      vertex   1.443051e+02 -4.542486e+01 -9.500000e+00
    endloop
  endfacet
  facet normal -0.000000e+00 0.000000e+00 -1.000000e+00
    outer loop
      vertex   1.443051e+02 -4.542486e+01 -9.500000e+00
      vertex   8.202788e+01 -7.271946e+01 -9.500000e+00
      vertex   1.443937e+02 -4.475193e+01 -9.500000e+00
    endloop
  endfacet
  facet normal 0.000000e+00 0.000000e+00 -1.000000e+00
    outer loop
      vertex   1.443937e+02 -4.475193e+01 -9.500000e+00
      vertex   8.202788e+01 -7.271946e+01 -9.500000e+00
      vertex   8.182083e+01 -7.269220e+01 -9.500000e+00
    endloop
  endfacet
  facet normal -0.000000e+00 0.000000e+00 -1.000000e+00
    outer loop
      vertex   1.443937e+02 -4.475193e+01 -9.500000e+00
      vertex   8.182083e+01 -7.269220e+01 -9.500000e+00
      vertex   1.446535e+02 -4.412486e+01 -9.500000e+00
    endloop
  endfacet
  facet normal -0.000000e+00 0.000000e+00 -1.000000e+00
    outer loop
      vertex   1.446535e+02 -4.412486e+01 -9.500000e+00
      vertex   8.182083e+01 -7.269220e+01 -9.500000e+00
      vertex   1.469051e+02 -3.042486e+01 -9.500000e+00
    endloop
  endfacet
  facet normal 0.000000e+00 0.000000e+00 -1.000000e+00
    outer loop
      vertex   1.446535e+02 -4.412486e+01 -9.500000e+00
      vertex   1.469051e+02 -3.042486e+01 -9.500000e+00
      vertex   1.450667e+02 -4.358638e+01 -9.500000e+00
    endloop
  endfacet
  facet normal 0.000000e+00 0.000000e+00 -1.000000e+00
    outer loop
      vertex   1.450667e+02 -4.358638e+01 -9.500000e+00
      vertex   1.469051e+02 -3.042486e+01 -9.500000e+00
      vertex   1.456051e+02 -4.317319e+01 -9.500000e+00
    endloop
  endfacet
  facet normal 0.000000e+00 0.000000e+00 -1.000000e+00
    outer loop
      vertex   1.456051e+02 -4.317319e+01 -9.500000e+00
      vertex   1.469051e+02 -3.042486e+01 -9.500000e+00
      vertex   1.462322e+02 -4.291345e+01 -9.500000e+00
    endloop
  endfacet
  facet normal 0.000000e+00 0.000000e+00 -1.000000e+00
    outer loop
      vertex   1.462322e+02 -4.291345e+01 -9.500000e+00
      vertex   1.469051e+02 -3.042486e+01 -9.500000e+00
      vertex   1.519051e+02 -3.542486e+01 -9.500000e+00
    endloop
  endfacet
  facet normal 0.000000e+00 0.000000e+00 -1.000000e+00
    outer loop
      vertex   1.462322e+02 -4.291345e+01 -9.500000e+00
      vertex   1.519051e+02 -3.542486e+01 -9.500000e+00
      vertex   1.469051e+02 -4.282486e+01 -9.500000e+00
    endloop
  endfacet
  facet normal 0.000000e+00 0.000000e+00 -1.000000e+00
    outer loop
      vertex   1.469051e+02 -4.282486e+01 -9.500000e+00
      vertex   1.519051e+02 -3.542486e+01 -9.500000e+00
      vertex   1.475781e+02 -4.291345e+01 -9.500000e+00
    endloop
  endfacet
  facet normal 0.000000e+00 0.000000e+00 -1.000000e+00
    outer loop
      vertex   1.475781e+02 -4.291345e+01 -9.500000e+00
      vertex   1.519051e+02 -3.542486e+01 -9.500000e+00
      vertex   1.482051e+02 -4.317319e+01 -9.500000e+00
    endloop
  endfacet
  facet normal 0.000000e+00 0.000000e+00 -1.000000e+00
    outer loop
      vertex   1.482051e+02 -4.317319e+01 -9.500000e+00
      vertex   1.519051e+02 -3.542486e+01 -9.500000e+00
      vertex   1.487436e+02 -4.358638e+01 -9.500000e+00
    endloop
  endfacet
  facet normal 0.000000e+00 0.000000e+00 -1.000000e+00
    outer loop
      vertex   1.487436e+02 -4.358638e+01 -9.500000e+00
      vertex   1.519051e+02 -3.542486e+01 -9.500000e+00
      vertex   1.491568e+02 -4.412486e+01 -9.500000e+00
    endloop
  endfacet
  facet normal 0.000000e+00 0.000000e+00 -1.000000e+00
    outer loop
      vertex   1.491568e+02 -4.412486e+01 -9.500000e+00
      vertex   1.519051e+02 -3.542486e+01 -9.500000e+00
      vertex   1.494165e+02 -4.475193e+01 -9.500000e+00
    endloop
  endfacet
  facet normal 0.000000e+00 0.000000e+00 -1.000000e+00
    outer loop
      vertex   1.494165e+02 -4.475193e+01 -9.500000e+00
      vertex   1.519051e+02 -3.542486e+01 -9.500000e+00
      vertex   1.495051e+02 -4.542486e+01 -9.500000e+00
    endloop
  endfacet
  facet normal 0.000000e+00 -0.000000e+00 -1.000000e+00
    outer loop
      vertex   1.495051e+02 -4.542486e+01 -9.500000e+00
      vertex   1.519051e+02 -3.542486e+01 -9.500000e+00
      vertex   1.494165e+02 -4.609779e+01 -9.500000e+00
    endloop
  endfacet
  facet normal 0.000000e+00 0.000000e+00 -1.000000e+00
    outer loop
      vertex   1.494165e+02 -4.609779e+01 -9.500000e+00
      vertex   1.519051e+02 -3.542486e+01 -9.500000e+00
      vertex   1.494165e+02 -8.430903e+01 -9.500000e+00
    endloop
  endfacet
  facet normal 0.000000e+00 -0.000000e+00 -1.000000e+00
    outer loop
      vertex   1.494165e+02 -4.609779e+01 -9.500000e+00
      vertex   1.494165e+02 -8.430903e+01 -9.500000e+00
      vertex   1.491568e+02 -8.368196e+01 -9.500000e+00
    endloop
  endfacet
  facet normal 0.000000e+00 0.000000e+00 -1.000000e+00
    outer loop
      vertex   8.102083e+01 -8.530768e+01 -9.500000e+00
      vertex   8.078551e+01 -8.495470e+01 -9.500000e+00
      vertex   8.102083e+01 -7.349220e+01 -9.500000e+00
    endloop
  endfacet
  facet normal 0.000000e+00 0.000000e+00 -1.000000e+00
    outer loop
      vertex   8.102083e+01 -7.349220e+01 -9.500000e+00
      vertex   8.078551e+01 -8.495470e+01 -9.500000e+00
      vertex   8.065758e+01 -8.480611e+01 -9.500000e+00
    endloop
  endfacet
  facet normal 0.000000e+00 0.000000e+00 -1.000000e+00
    outer loop
      vertex   8.102083e+01 -7.349220e+01 -9.500000e+00
      vertex   8.065758e+01 -8.480611e+01 -9.500000e+00
      vertex   8.049736e+01 -8.469311e+01 -9.500000e+00
    endloop
  endfacet
  facet normal 0.000000e+00 0.000000e+00 -1.000000e+00
    outer loop
      vertex   8.049736e+01 -8.469311e+01 -9.500000e+00
      vertex   8.031445e+01 -8.462247e+01 -9.500000e+00
      vertex   8.102083e+01 -7.349220e+01 -9.500000e+00
    endloop
  endfacet
  facet normal 0.000000e+00 0.000000e+00 -1.000000e+00
    outer loop
      vertex   8.102083e+01 -7.349220e+01 -9.500000e+00
      vertex   8.031445e+01 -8.462247e+01 -9.500000e+00
      vertex   8.011986e+01 -8.459845e+01 -9.500000e+00
    endloop
  endfacet
  facet normal 0.000000e+00 0.000000e+00 -1.000000e+00
    outer loop
      vertex   8.102083e+01 -7.349220e+01 -9.500000e+00
      vertex   8.011986e+01 -8.459845e+01 -9.500000e+00
      vertex   7.841902e+01 -8.459845e+01 -9.500000e+00
    endloop
  endfacet
  facet normal 0.000000e+00 0.000000e+00 -1.000000e+00
    outer loop
      vertex   7.928551e+01 -1.220277e+02 -9.500000e+00
      vertex   8.728335e+01 -1.099836e+02 -9.500000e+00
      vertex   7.991258e+01 -1.222874e+02 -9.500000e+00
    endloop
  endfacet
  facet normal 0.000000e+00 0.000000e+00 -1.000000e+00
    outer loop
      vertex   7.991258e+01 -1.222874e+02 -9.500000e+00
      vertex   8.728335e+01 -1.099836e+02 -9.500000e+00
      vertex   8.749041e+01 -1.100109e+02 -9.500000e+00
    endloop
  endfacet
  facet normal 0.000000e+00 0.000000e+00 -1.000000e+00
    outer loop
      vertex   7.991258e+01 -1.222874e+02 -9.500000e+00
      vertex   8.749041e+01 -1.100109e+02 -9.500000e+00
      vertex   8.045105e+01 -1.227006e+02 -9.500000e+00
    endloop
  endfacet
  facet normal 0.000000e+00 0.000000e+00 -1.000000e+00
    outer loop
      vertex   8.045105e+01 -1.227006e+02 -9.500000e+00
      vertex   8.749041e+01 -1.100109e+02 -9.500000e+00
      vertex   8.769746e+01 -1.099836e+02 -9.500000e+00
    endloop
  endfacet
  facet normal 0.000000e+00 0.000000e+00 -1.000000e+00
    outer loop
      vertex   8.045105e+01 -1.227006e+02 -9.500000e+00
      vertex   8.769746e+01 -1.099836e+02 -9.500000e+00
      vertex   9.238613e+01 -1.099837e+02 -9.500000e+00
    endloop
  endfacet
  facet normal 0.000000e+00 0.000000e+00 -1.000000e+00
    outer loop
      vertex   9.238613e+01 -1.099837e+02 -9.500000e+00
      vertex   8.769746e+01 -1.099836e+02 -9.500000e+00
      vertex   9.219318e+01 -1.099038e+02 -9.500000e+00
    endloop
  endfacet
  facet normal -0.000000e+00 0.000000e+00 -1.000000e+00
    outer loop
      vertex   9.219318e+01 -1.099038e+02 -9.500000e+00
      vertex   8.769746e+01 -1.099836e+02 -9.500000e+00
      vertex   8.789041e+01 -1.099037e+02 -9.500000e+00
    endloop
  endfacet
  facet normal 0.000000e+00 0.000000e+00 -1.000000e+00
    outer loop
      vertex   9.219318e+01 -1.099038e+02 -9.500000e+00
      vertex   8.789041e+01 -1.099037e+02 -9.500000e+00
      vertex   9.202750e+01 -1.097766e+02 -9.500000e+00
    endloop
  endfacet
  facet normal -0.000000e+00 0.000000e+00 -1.000000e+00
    outer loop
      vertex   9.202750e+01 -1.097766e+02 -9.500000e+00
      vertex   8.789041e+01 -1.099037e+02 -9.500000e+00
      vertex   8.805610e+01 -1.097766e+02 -9.500000e+00
    endloop
  endfacet
  facet normal 0.000000e+00 0.000000e+00 -1.000000e+00
    outer loop
      vertex   9.202750e+01 -1.097766e+02 -9.500000e+00
      vertex   8.805610e+01 -1.097766e+02 -9.500000e+00
      vertex   9.190036e+01 -1.096109e+02 -9.500000e+00
    endloop
  endfacet
  facet normal -0.000000e+00 0.000000e+00 -1.000000e+00
    outer loop
      vertex   9.190036e+01 -1.096109e+02 -9.500000e+00
      vertex   8.805610e+01 -1.097766e+02 -9.500000e+00
      vertex   8.818323e+01 -1.096109e+02 -9.500000e+00
    endloop
  endfacet
  facet normal 0.000000e+00 0.000000e+00 -1.000000e+00
    outer loop
      vertex   9.190036e+01 -1.096109e+02 -9.500000e+00
      vertex   8.818323e+01 -1.096109e+02 -9.500000e+00
      vertex   9.182044e+01 -1.094180e+02 -9.500000e+00
    endloop
  endfacet
  facet normal -0.000000e+00 0.000000e+00 -1.000000e+00
    outer loop
      vertex   9.182044e+01 -1.094180e+02 -9.500000e+00
      vertex   8.818323e+01 -1.096109e+02 -9.500000e+00
      vertex   8.826316e+01 -1.094180e+02 -9.500000e+00
    endloop
  endfacet
  facet normal 0.000000e+00 0.000000e+00 -1.000000e+00
    outer loop
      vertex   9.182044e+01 -1.094180e+02 -9.500000e+00
      vertex   8.826316e+01 -1.094180e+02 -9.500000e+00
      vertex   9.179318e+01 -1.092109e+02 -9.500000e+00
    endloop
  endfacet
  facet normal -0.000000e+00 0.000000e+00 -1.000000e+00
    outer loop
      vertex   9.179318e+01 -1.092109e+02 -9.500000e+00
      vertex   8.826316e+01 -1.094180e+02 -9.500000e+00
      vertex   8.829042e+01 -1.092109e+02 -9.500000e+00
    endloop
  endfacet
  facet normal 0.000000e+00 0.000000e+00 -1.000000e+00
    outer loop
      vertex   9.179318e+01 -1.092109e+02 -9.500000e+00
      vertex   8.829042e+01 -1.092109e+02 -9.500000e+00
      vertex   8.829066e+01 -9.056735e+01 -9.500000e+00
    endloop
  endfacet
  facet normal 0.000000e+00 0.000000e+00 -1.000000e+00
    outer loop
      vertex   9.179318e+01 -1.092109e+02 -9.500000e+00
      vertex   8.829066e+01 -9.056735e+01 -9.500000e+00
      vertex   9.179318e+01 -8.893002e+01 -9.500000e+00
    endloop
  endfacet
  facet normal -0.000000e+00 0.000000e+00 -1.000000e+00
    outer loop
      vertex   9.179318e+01 -8.893002e+01 -9.500000e+00
      vertex   8.829066e+01 -9.056735e+01 -9.500000e+00
      vertex   8.881838e+01 -8.740022e+01 -9.500000e+00
    endloop
  endfacet
  facet normal 0.000000e+00 0.000000e+00 -1.000000e+00
    outer loop
      vertex   9.179318e+01 -8.893002e+01 -9.500000e+00
      vertex   8.881838e+01 -8.740022e+01 -9.500000e+00
      vertex   9.130140e+01 -8.745397e+01 -9.500000e+00
    endloop
  endfacet
  facet normal 0.000000e+00 0.000000e+00 -1.000000e+00
    outer loop
      vertex   9.130140e+01 -8.745397e+01 -9.500000e+00
      vertex   8.881838e+01 -8.740022e+01 -9.500000e+00
      vertex   9.046414e+01 -8.619845e+01 -9.500000e+00
    endloop
  endfacet
  facet normal -0.000000e+00 0.000000e+00 -1.000000e+00
    outer loop
      vertex   9.046414e+01 -8.619845e+01 -9.500000e+00
      vertex   8.881838e+01 -8.740022e+01 -9.500000e+00
      vertex   8.961953e+01 -8.619845e+01 -9.500000e+00
    endloop
  endfacet
  facet normal 0.000000e+00 -0.000000e+00 -1.000000e+00
    outer loop
      vertex   9.238613e+01 -1.099837e+02 -9.500000e+00
      vertex   9.259318e+01 -1.100109e+02 -9.500000e+00
      vertex   8.045105e+01 -1.227006e+02 -9.500000e+00
    endloop
  endfacet
  facet normal 0.000000e+00 0.000000e+00 -1.000000e+00
    outer loop
      vertex   8.045105e+01 -1.227006e+02 -9.500000e+00
      vertex   9.259318e+01 -1.100109e+02 -9.500000e+00
      vertex   8.086424e+01 -1.232391e+02 -9.500000e+00
    endloop
  endfacet
  facet normal 0.000000e+00 0.000000e+00 -1.000000e+00
    outer loop
      vertex   8.086424e+01 -1.232391e+02 -9.500000e+00
      vertex   9.259318e+01 -1.100109e+02 -9.500000e+00
      vertex   9.826276e+01 -1.100109e+02 -9.500000e+00
    endloop
  endfacet
  facet normal 0.000000e+00 0.000000e+00 -1.000000e+00
    outer loop
      vertex   8.086424e+01 -1.232391e+02 -9.500000e+00
      vertex   9.826276e+01 -1.100109e+02 -9.500000e+00
      vertex   8.112398e+01 -1.238661e+02 -9.500000e+00
    endloop
  endfacet
  facet normal 0.000000e+00 0.000000e+00 -1.000000e+00
    outer loop
      vertex   8.112398e+01 -1.238661e+02 -9.500000e+00
      vertex   9.826276e+01 -1.100109e+02 -9.500000e+00
      vertex   8.121258e+01 -1.245391e+02 -9.500000e+00
    endloop
  endfacet
  facet normal 0.000000e+00 0.000000e+00 -1.000000e+00
    outer loop
      vertex   8.121258e+01 -1.245391e+02 -9.500000e+00
      vertex   9.826276e+01 -1.100109e+02 -9.500000e+00
      vertex   1.033654e+02 -1.100109e+02 -9.500000e+00
    endloop
  endfacet
  facet normal 0.000000e+00 -0.000000e+00 -1.000000e+00
    outer loop
      vertex   8.121258e+01 -1.245391e+02 -9.500000e+00
      vertex   1.033654e+02 -1.100109e+02 -9.500000e+00
      vertex   8.112398e+01 -1.252120e+02 -9.500000e+00
    endloop
  endfacet
  facet normal 0.000000e+00 0.000000e+00 -1.000000e+00
    outer loop
      vertex   8.112398e+01 -1.252120e+02 -9.500000e+00
      vertex   1.033654e+02 -1.100109e+02 -9.500000e+00
      vertex   1.084682e+02 -1.100109e+02 -9.500000e+00
    endloop
  endfacet
  facet normal 0.000000e+00 0.000000e+00 -1.000000e+00
    outer loop
      vertex   8.112398e+01 -1.252120e+02 -9.500000e+00
      vertex   1.084682e+02 -1.100109e+02 -9.500000e+00
      vertex   1.399051e+02 -1.295391e+02 -9.500000e+00
    endloop
  endfacet
  facet normal 0.000000e+00 0.000000e+00 -1.000000e+00
    outer loop
      vertex   1.399051e+02 -1.295391e+02 -9.500000e+00
      vertex   1.084682e+02 -1.100109e+02 -9.500000e+00
      vertex   1.086752e+02 -1.099837e+02 -9.500000e+00
    endloop
  endfacet
  facet normal 0.000000e+00 0.000000e+00 -1.000000e+00
    outer loop
      vertex   1.399051e+02 -1.295391e+02 -9.500000e+00
      vertex   1.086752e+02 -1.099837e+02 -9.500000e+00
      vertex   1.422549e+02 -1.224888e+02 -9.500000e+00
    endloop
  endfacet
  facet normal 0.000000e+00 0.000000e+00 -1.000000e+00
    outer loop
      vertex   1.422549e+02 -1.224888e+02 -9.500000e+00
      vertex   1.086752e+02 -1.099837e+02 -9.500000e+00
      vertex   1.088682e+02 -1.099038e+02 -9.500000e+00
    endloop
  endfacet
  facet normal 0.000000e+00 0.000000e+00 -1.000000e+00
    outer loop
      vertex   1.422549e+02 -1.224888e+02 -9.500000e+00
      vertex   1.088682e+02 -1.099038e+02 -9.500000e+00
      vertex   1.423435e+02 -1.218159e+02 -9.500000e+00
    endloop
  endfacet
  facet normal 0.000000e+00 0.000000e+00 -1.000000e+00
    outer loop
      vertex   1.423435e+02 -1.218159e+02 -9.500000e+00
      vertex   1.088682e+02 -1.099038e+02 -9.500000e+00
      vertex   1.090339e+02 -1.097766e+02 -9.500000e+00
    endloop
  endfacet
  facet normal 0.000000e+00 0.000000e+00 -1.000000e+00
    outer loop
      vertex   1.423435e+02 -1.218159e+02 -9.500000e+00
      vertex   1.090339e+02 -1.097766e+02 -9.500000e+00
      vertex   1.426032e+02 -1.211888e+02 -9.500000e+00
    endloop
  endfacet
  facet normal 0.000000e+00 0.000000e+00 -1.000000e+00
    outer loop
      vertex   1.426032e+02 -1.211888e+02 -9.500000e+00
      vertex   1.090339e+02 -1.097766e+02 -9.500000e+00
      vertex   1.091610e+02 -1.096109e+02 -9.500000e+00
    endloop
  endfacet
  facet normal 0.000000e+00 0.000000e+00 -1.000000e+00
    outer loop
      vertex   1.426032e+02 -1.211888e+02 -9.500000e+00
      vertex   1.091610e+02 -1.096109e+02 -9.500000e+00
      vertex   1.430164e+02 -1.206503e+02 -9.500000e+00
    endloop
  endfacet
  facet normal 0.000000e+00 0.000000e+00 -1.000000e+00
    outer loop
      vertex   1.430164e+02 -1.206503e+02 -9.500000e+00
      vertex   1.091610e+02 -1.096109e+02 -9.500000e+00
      vertex   1.092409e+02 -1.094180e+02 -9.500000e+00
    endloop
  endfacet
  facet normal 0.000000e+00 0.000000e+00 -1.000000e+00
    outer loop
      vertex   1.430164e+02 -1.206503e+02 -9.500000e+00
      vertex   1.092409e+02 -1.094180e+02 -9.500000e+00
      vertex   1.435549e+02 -1.202371e+02 -9.500000e+00
    endloop
  endfacet
  facet normal 0.000000e+00 0.000000e+00 -1.000000e+00
    outer loop
      vertex   1.435549e+02 -1.202371e+02 -9.500000e+00
      vertex   1.092409e+02 -1.094180e+02 -9.500000e+00
      vertex   1.092682e+02 -1.092109e+02 -9.500000e+00
    endloop
  endfacet
  facet normal 0.000000e+00 0.000000e+00 -1.000000e+00
    outer loop
      vertex   1.435549e+02 -1.202371e+02 -9.500000e+00
      vertex   1.092682e+02 -1.092109e+02 -9.500000e+00
      vertex   1.441820e+02 -1.199774e+02 -9.500000e+00
    endloop
  endfacet
  facet normal 0.000000e+00 0.000000e+00 -1.000000e+00
    outer loop
      vertex   1.441820e+02 -1.199774e+02 -9.500000e+00
      vertex   1.092682e+02 -1.092109e+02 -9.500000e+00
      vertex   1.462322e+02 -8.749337e+01 -9.500000e+00
    endloop
  endfacet
  facet normal 0.000000e+00 0.000000e+00 -1.000000e+00
    outer loop
      vertex   1.441820e+02 -1.199774e+02 -9.500000e+00
      vertex   1.462322e+02 -8.749337e+01 -9.500000e+00
      vertex   1.519051e+02 -1.175391e+02 -9.500000e+00
    endloop
  endfacet
  facet normal 0.000000e+00 0.000000e+00 -1.000000e+00
    outer loop
      vertex   1.519051e+02 -1.175391e+02 -9.500000e+00
      vertex   1.462322e+02 -8.749337e+01 -9.500000e+00
      vertex   1.469051e+02 -8.758196e+01 -9.500000e+00
    endloop
  endfacet
  facet normal 0.000000e+00 0.000000e+00 -1.000000e+00
    outer loop
      vertex   1.519051e+02 -1.175391e+02 -9.500000e+00
      vertex   1.469051e+02 -8.758196e+01 -9.500000e+00
      vertex   1.475781e+02 -8.749337e+01 -9.500000e+00
    endloop
  endfacet
  facet normal 0.000000e+00 0.000000e+00 -1.000000e+00
    outer loop
      vertex   9.259318e+01 -1.100109e+02 -9.500000e+00
      vertex   9.280024e+01 -1.099837e+02 -9.500000e+00
      vertex   9.826276e+01 -1.100109e+02 -9.500000e+00
    endloop
  endfacet
  facet normal 0.000000e+00 0.000000e+00 -1.000000e+00
    outer loop
      vertex   9.826276e+01 -1.100109e+02 -9.500000e+00
      vertex   9.280024e+01 -1.099837e+02 -9.500000e+00
      vertex   9.805571e+01 -1.099836e+02 -9.500000e+00
    endloop
  endfacet
  facet normal -0.000000e+00 0.000000e+00 -1.000000e+00
    outer loop
      vertex   9.805571e+01 -1.099836e+02 -9.500000e+00
      vertex   9.280024e+01 -1.099837e+02 -9.500000e+00
      vertex   9.299318e+01 -1.099038e+02 -9.500000e+00
    endloop
  endfacet
  facet normal 0.000000e+00 0.000000e+00 -1.000000e+00
    outer loop
      vertex   9.805571e+01 -1.099836e+02 -9.500000e+00
      vertex   9.299318e+01 -1.099038e+02 -9.500000e+00
      vertex   9.786276e+01 -1.099037e+02 -9.500000e+00
    endloop
  endfacet
  facet normal -0.000000e+00 0.000000e+00 -1.000000e+00
    outer loop
      vertex   9.786276e+01 -1.099037e+02 -9.500000e+00
      vertex   9.299318e+01 -1.099038e+02 -9.500000e+00
      vertex   9.315887e+01 -1.097766e+02 -9.500000e+00
    endloop
  endfacet
  facet normal 0.000000e+00 0.000000e+00 -1.000000e+00
    outer loop
      vertex   9.786276e+01 -1.099037e+02 -9.500000e+00
      vertex   9.315887e+01 -1.097766e+02 -9.500000e+00
      vertex   9.769708e+01 -1.097766e+02 -9.500000e+00
    endloop
  endfacet
  facet normal -0.000000e+00 0.000000e+00 -1.000000e+00
    outer loop
      vertex   9.769708e+01 -1.097766e+02 -9.500000e+00
      vertex   9.315887e+01 -1.097766e+02 -9.500000e+00
      vertex   9.328600e+01 -1.096109e+02 -9.500000e+00
    endloop
  endfacet
  facet normal 0.000000e+00 0.000000e+00 -1.000000e+00
    outer loop
      vertex   9.769708e+01 -1.097766e+02 -9.500000e+00
      vertex   9.328600e+01 -1.096109e+02 -9.500000e+00
      vertex   9.756995e+01 -1.096109e+02 -9.500000e+00
    endloop
  endfacet
  facet normal -0.000000e+00 0.000000e+00 -1.000000e+00
    outer loop
      vertex   9.756995e+01 -1.096109e+02 -9.500000e+00
      vertex   9.328600e+01 -1.096109e+02 -9.500000e+00
      vertex   9.336592e+01 -1.094180e+02 -9.500000e+00
    endloop
  endfacet
  facet normal 0.000000e+00 0.000000e+00 -1.000000e+00
    outer loop
      vertex   9.756995e+01 -1.096109e+02 -9.500000e+00
      vertex   9.336592e+01 -1.094180e+02 -9.500000e+00
      vertex   9.749003e+01 -1.094179e+02 -9.500000e+00
    endloop
  endfacet
  facet normal -0.000000e+00 0.000000e+00 -1.000000e+00
    outer loop
      vertex   9.749003e+01 -1.094179e+02 -9.500000e+00
      vertex   9.336592e+01 -1.094180e+02 -9.500000e+00
      vertex   9.339318e+01 -1.092109e+02 -9.500000e+00
    endloop
  endfacet
  facet normal 0.000000e+00 0.000000e+00 -1.000000e+00
    outer loop
      vertex   9.749003e+01 -1.094179e+02 -9.500000e+00
      vertex   9.339318e+01 -1.092109e+02 -9.500000e+00
      vertex   9.746277e+01 -1.092109e+02 -9.500000e+00
    endloop
  endfacet
  facet normal -0.000000e+00 0.000000e+00 -1.000000e+00
    outer loop
      vertex   9.746277e+01 -1.092109e+02 -9.500000e+00
      vertex   9.339318e+01 -1.092109e+02 -9.500000e+00
      vertex   9.746302e+01 -9.050114e+01 -9.500000e+00
    endloop
  endfacet
  facet normal -0.000000e+00 0.000000e+00 -1.000000e+00
    outer loop
      vertex   9.746302e+01 -9.050114e+01 -9.500000e+00
      vertex   9.339318e+01 -1.092109e+02 -9.500000e+00
      vertex   9.339318e+01 -8.539845e+01 -9.500000e+00
    endloop
  endfacet
  facet normal 0.000000e+00 0.000000e+00 -1.000000e+00
    outer loop
      vertex   9.746302e+01 -9.050114e+01 -9.500000e+00
      vertex   9.339318e+01 -8.539845e+01 -9.500000e+00
      vertex   9.746423e+01 -9.045715e+01 -9.500000e+00
    endloop
  endfacet
  facet normal 0.000000e+00 0.000000e+00 -1.000000e+00
    outer loop
      vertex   9.746423e+01 -9.045715e+01 -9.500000e+00
      vertex   9.339318e+01 -8.539845e+01 -9.500000e+00
      vertex   9.746786e+01 -9.041329e+01 -9.500000e+00
    endloop
  endfacet
  facet normal 0.000000e+00 0.000000e+00 -1.000000e+00
    outer loop
      vertex   9.746786e+01 -9.041329e+01 -9.500000e+00
      vertex   9.339318e+01 -8.539845e+01 -9.500000e+00
      vertex   9.747389e+01 -9.036969e+01 -9.500000e+00
    endloop
  endfacet
  facet normal 0.000000e+00 0.000000e+00 -1.000000e+00
    outer loop
      vertex   9.747389e+01 -9.036969e+01 -9.500000e+00
      vertex   9.339318e+01 -8.539845e+01 -9.500000e+00
      vertex   9.804060e+01 -8.696789e+01 -9.500000e+00
    endloop
  endfacet
  facet normal 0.000000e+00 0.000000e+00 -1.000000e+00
    outer loop
      vertex   9.804060e+01 -8.696789e+01 -9.500000e+00
      vertex   9.339318e+01 -8.539845e+01 -9.500000e+00
      vertex   9.806689e+01 -8.685832e+01 -9.500000e+00
    endloop
  endfacet
  facet normal 0.000000e+00 0.000000e+00 -1.000000e+00
    outer loop
      vertex   9.089222e+01 -8.459845e+01 -9.500000e+00
      vertex   9.243403e+01 -8.461444e+01 -9.500000e+00
      vertex   9.108678e+01 -8.462247e+01 -9.500000e+00
    endloop
  endfacet
  facet normal 0.000000e+00 0.000000e+00 -1.000000e+00
    outer loop
      vertex   9.108678e+01 -8.462247e+01 -9.500000e+00
      vertex   9.243403e+01 -8.461444e+01 -9.500000e+00
      vertex   9.224284e+01 -8.467924e+01 -9.500000e+00
    endloop
  endfacet
  facet normal 0.000000e+00 0.000000e+00 -1.000000e+00
    outer loop
      vertex   9.108678e+01 -8.462247e+01 -9.500000e+00
      vertex   9.224284e+01 -8.467924e+01 -9.500000e+00
      vertex   9.126966e+01 -8.469308e+01 -9.500000e+00
    endloop
  endfacet
  facet normal 0.000000e+00 0.000000e+00 -1.000000e+00
    outer loop
      vertex   9.126966e+01 -8.469308e+01 -9.500000e+00
      vertex   9.224284e+01 -8.467924e+01 -9.500000e+00
      vertex   9.207396e+01 -8.478983e+01 -9.500000e+00
    endloop
  endfacet
  facet normal 0.000000e+00 0.000000e+00 -1.000000e+00
    outer loop
      vertex   9.126966e+01 -8.469308e+01 -9.500000e+00
      vertex   9.207396e+01 -8.478983e+01 -9.500000e+00
      vertex   9.142987e+01 -8.480605e+01 -9.500000e+00
    endloop
  endfacet
  facet normal 0.000000e+00 0.000000e+00 -1.000000e+00
    outer loop
      vertex   9.142987e+01 -8.480605e+01 -9.500000e+00
      vertex   9.207396e+01 -8.478983e+01 -9.500000e+00
      vertex   9.193814e+01 -8.493918e+01 -9.500000e+00
    endloop
  endfacet
  facet normal 0.000000e+00 0.000000e+00 -1.000000e+00
    outer loop
      vertex   9.142987e+01 -8.480605e+01 -9.500000e+00
      vertex   9.193814e+01 -8.493918e+01 -9.500000e+00
      vertex   9.155780e+01 -8.495460e+01 -9.500000e+00
    endloop
  endfacet
  facet normal 0.000000e+00 0.000000e+00 -1.000000e+00
    outer loop
      vertex   9.155780e+01 -8.495460e+01 -9.500000e+00
      vertex   9.193814e+01 -8.493918e+01 -9.500000e+00
      vertex   9.184404e+01 -8.511777e+01 -9.500000e+00
    endloop
  endfacet
  facet normal 0.000000e+00 0.000000e+00 -1.000000e+00
    outer loop
      vertex   9.155780e+01 -8.495460e+01 -9.500000e+00
      vertex   9.184404e+01 -8.511777e+01 -9.500000e+00
      vertex   9.179763e+01 -8.531423e+01 -9.500000e+00
    endloop
  endfacet
  facet normal 0.000000e+00 0.000000e+00 -1.000000e+00
    outer loop
      vertex   5.666726e+01 -7.271946e+01 -9.500000e+00
      vertex   1.283142e+01 -4.609779e+01 -9.500000e+00
      vertex   5.687431e+01 -7.269220e+01 -9.500000e+00
    endloop
  endfacet
  facet normal 0.000000e+00 0.000000e+00 -1.000000e+00
    outer loop
      vertex   5.687431e+01 -7.269220e+01 -9.500000e+00
      vertex   1.283142e+01 -4.609779e+01 -9.500000e+00
      vertex   1.292001e+01 -4.542486e+01 -9.500000e+00
    endloop
  endfacet
  facet normal 0.000000e+00 0.000000e+00 -1.000000e+00
    outer loop
      vertex   5.687431e+01 -7.269220e+01 -9.500000e+00
      vertex   1.292001e+01 -4.542486e+01 -9.500000e+00
      vertex   1.283142e+01 -4.475193e+01 -9.500000e+00
    endloop
  endfacet
  facet normal 0.000000e+00 -0.000000e+00 -1.000000e+00
    outer loop
      vertex   1.283142e+01 -4.609779e+01 -9.500000e+00
      vertex   5.666726e+01 -7.271946e+01 -9.500000e+00
      vertex   1.257168e+01 -4.672486e+01 -9.500000e+00
    endloop
  endfacet
  facet normal 0.000000e+00 0.000000e+00 -1.000000e+00
    outer loop
      vertex   1.257168e+01 -4.672486e+01 -9.500000e+00
      vertex   5.666726e+01 -7.271946e+01 -9.500000e+00
      vertex   5.647431e+01 -7.279938e+01 -9.500000e+00
    endloop
  endfacet
  facet normal 0.000000e+00 -0.000000e+00 -1.000000e+00
    outer loop
      vertex   1.257168e+01 -4.672486e+01 -9.500000e+00
      vertex   5.647431e+01 -7.279938e+01 -9.500000e+00
      vertex   1.215849e+01 -4.726334e+01 -9.500000e+00
    endloop
  endfacet
  facet normal 0.000000e+00 0.000000e+00 -1.000000e+00
    outer loop
      vertex   1.215849e+01 -4.726334e+01 -9.500000e+00
      vertex   5.647431e+01 -7.279938e+01 -9.500000e+00
      vertex   5.630863e+01 -7.292651e+01 -9.500000e+00
    endloop
  endfacet
  facet normal 0.000000e+00 -0.000000e+00 -1.000000e+00
    outer loop
      vertex   1.215849e+01 -4.726334e+01 -9.500000e+00
      vertex   5.630863e+01 -7.292651e+01 -9.500000e+00
      vertex   1.162001e+01 -4.767653e+01 -9.500000e+00
    endloop
  endfacet
  facet normal 0.000000e+00 0.000000e+00 -1.000000e+00
    outer loop
      vertex   1.162001e+01 -4.767653e+01 -9.500000e+00
      vertex   5.630863e+01 -7.292651e+01 -9.500000e+00
      vertex   5.618149e+01 -7.309220e+01 -9.500000e+00
    endloop
  endfacet
  facet normal 0.000000e+00 -0.000000e+00 -1.000000e+00
    outer loop
      vertex   1.162001e+01 -4.767653e+01 -9.500000e+00
      vertex   5.618149e+01 -7.309220e+01 -9.500000e+00
      vertex   1.162001e+01 -8.273029e+01 -9.500000e+00
    endloop
  endfacet
  facet normal 0.000000e+00 0.000000e+00 -1.000000e+00
    outer loop
      vertex   1.162001e+01 -8.273029e+01 -9.500000e+00
      vertex   5.618149e+01 -7.309220e+01 -9.500000e+00
      vertex   5.610157e+01 -7.328514e+01 -9.500000e+00
    endloop
  endfacet
  facet normal 0.000000e+00 0.000000e+00 -1.000000e+00
    outer loop
      vertex   1.162001e+01 -8.273029e+01 -9.500000e+00
      vertex   5.610157e+01 -7.328514e+01 -9.500000e+00
      vertex   1.215849e+01 -8.314348e+01 -9.500000e+00
    endloop
  endfacet
  facet normal 0.000000e+00 0.000000e+00 -1.000000e+00
    outer loop
      vertex   1.215849e+01 -8.314348e+01 -9.500000e+00
      vertex   5.610157e+01 -7.328514e+01 -9.500000e+00
      vertex   5.607431e+01 -7.349220e+01 -9.500000e+00
    endloop
  endfacet
  facet normal 0.000000e+00 0.000000e+00 -1.000000e+00
    outer loop
      vertex   9.826276e+01 -1.100109e+02 -9.500000e+00
      vertex   9.846982e+01 -1.099836e+02 -9.500000e+00
      vertex   1.033654e+02 -1.100109e+02 -9.500000e+00
    endloop
  endfacet
  facet normal 0.000000e+00 0.000000e+00 -1.000000e+00
    outer loop
      vertex   1.033654e+02 -1.100109e+02 -9.500000e+00
      vertex   9.846982e+01 -1.099836e+02 -9.500000e+00
      vertex   1.031584e+02 -1.099836e+02 -9.500000e+00
    endloop
  endfacet
  facet normal -0.000000e+00 0.000000e+00 -1.000000e+00
    outer loop
      vertex   1.031584e+02 -1.099836e+02 -9.500000e+00
      vertex   9.846982e+01 -1.099836e+02 -9.500000e+00
      vertex   9.866276e+01 -1.099037e+02 -9.500000e+00
    endloop
  endfacet
  facet normal 0.000000e+00 0.000000e+00 -1.000000e+00
    outer loop
      vertex   1.031584e+02 -1.099836e+02 -9.500000e+00
      vertex   9.866276e+01 -1.099037e+02 -9.500000e+00
      vertex   1.029654e+02 -1.099037e+02 -9.500000e+00
    endloop
  endfacet
  facet normal -0.000000e+00 0.000000e+00 -1.000000e+00
    outer loop
      vertex   1.029654e+02 -1.099037e+02 -9.500000e+00
      vertex   9.866276e+01 -1.099037e+02 -9.500000e+00
      vertex   9.882845e+01 -1.097766e+02 -9.500000e+00
    endloop
  endfacet
  facet normal 0.000000e+00 0.000000e+00 -1.000000e+00
    outer loop
      vertex   1.029654e+02 -1.099037e+02 -9.500000e+00
      vertex   9.882845e+01 -1.097766e+02 -9.500000e+00
      vertex   1.027997e+02 -1.097766e+02 -9.500000e+00
    endloop
  endfacet
  facet normal -0.000000e+00 0.000000e+00 -1.000000e+00
    outer loop
      vertex   1.027997e+02 -1.097766e+02 -9.500000e+00
      vertex   9.882845e+01 -1.097766e+02 -9.500000e+00
      vertex   9.895559e+01 -1.096109e+02 -9.500000e+00
    endloop
  endfacet
  facet normal 0.000000e+00 0.000000e+00 -1.000000e+00
    outer loop
      vertex   1.027997e+02 -1.097766e+02 -9.500000e+00
      vertex   9.895559e+01 -1.096109e+02 -9.500000e+00
      vertex   1.026726e+02 -1.096109e+02 -9.500000e+00
    endloop
  endfacet
  facet normal -0.000000e+00 0.000000e+00 -1.000000e+00
    outer loop
      vertex   1.026726e+02 -1.096109e+02 -9.500000e+00
      vertex   9.895559e+01 -1.096109e+02 -9.500000e+00
      vertex   9.903551e+01 -1.094180e+02 -9.500000e+00
    endloop
  endfacet
  facet normal 0.000000e+00 0.000000e+00 -1.000000e+00
    outer loop
      vertex   1.026726e+02 -1.096109e+02 -9.500000e+00
      vertex   9.903551e+01 -1.094180e+02 -9.500000e+00
      vertex   1.025927e+02 -1.094179e+02 -9.500000e+00
    endloop
  endfacet
  facet normal -0.000000e+00 0.000000e+00 -1.000000e+00
    outer loop
      vertex   1.025927e+02 -1.094179e+02 -9.500000e+00
      vertex   9.903551e+01 -1.094180e+02 -9.500000e+00
      vertex   9.906277e+01 -1.092109e+02 -9.500000e+00
    endloop
  endfacet
  facet normal 0.000000e+00 0.000000e+00 -1.000000e+00
    outer loop
      vertex   1.025927e+02 -1.094179e+02 -9.500000e+00
      vertex   9.906277e+01 -1.092109e+02 -9.500000e+00
      vertex   1.025654e+02 -1.092109e+02 -9.500000e+00
    endloop
  endfacet
  facet normal -0.000000e+00 0.000000e+00 -1.000000e+00
    outer loop
      vertex   1.025654e+02 -1.092109e+02 -9.500000e+00
      vertex   9.906277e+01 -1.092109e+02 -9.500000e+00
      vertex   9.906301e+01 -9.056734e+01 -9.500000e+00
    endloop
  endfacet
  facet normal 0.000000e+00 0.000000e+00 -1.000000e+00
    outer loop
      vertex   1.025654e+02 -1.092109e+02 -9.500000e+00
      vertex   9.906301e+01 -9.056734e+01 -9.500000e+00
      vertex   1.025657e+02 -9.056735e+01 -9.500000e+00
    endloop
  endfacet
  facet normal 0.000000e+00 0.000000e+00 -1.000000e+00
    outer loop
      vertex   1.025657e+02 -9.056735e+01 -9.500000e+00
      vertex   9.906301e+01 -9.056734e+01 -9.500000e+00
      vertex   1.020378e+02 -8.740022e+01 -9.500000e+00
    endloop
  endfacet
  facet normal -0.000000e+00 0.000000e+00 -1.000000e+00
    outer loop
      vertex   1.020378e+02 -8.740022e+01 -9.500000e+00
      vertex   9.906301e+01 -9.056734e+01 -9.500000e+00
      vertex   9.959063e+01 -8.740021e+01 -9.500000e+00
    endloop
  endfacet
  facet normal 0.000000e+00 0.000000e+00 -1.000000e+00
    outer loop
      vertex   1.020378e+02 -8.740022e+01 -9.500000e+00
      vertex   9.959063e+01 -8.740021e+01 -9.500000e+00
      vertex   1.012365e+02 -8.619845e+01 -9.500000e+00
    endloop
  endfacet
  facet normal -0.000000e+00 0.000000e+00 -1.000000e+00
    outer loop
      vertex   1.012365e+02 -8.619845e+01 -9.500000e+00
      vertex   9.959063e+01 -8.740021e+01 -9.500000e+00
      vertex   1.003918e+02 -8.619845e+01 -9.500000e+00
    endloop
  endfacet
  facet normal 0.000000e+00 0.000000e+00 -1.000000e+00
    outer loop
      vertex   1.084682e+02 -1.100109e+02 -9.500000e+00
      vertex   1.033654e+02 -1.100109e+02 -9.500000e+00
      vertex   1.082611e+02 -1.099837e+02 -9.500000e+00
    endloop
  endfacet
  facet normal -0.000000e+00 0.000000e+00 -1.000000e+00
    outer loop
      vertex   1.082611e+02 -1.099837e+02 -9.500000e+00
      vertex   1.033654e+02 -1.100109e+02 -9.500000e+00
      vertex   1.035725e+02 -1.099836e+02 -9.500000e+00
    endloop
  endfacet
  facet normal 0.000000e+00 0.000000e+00 -1.000000e+00
    outer loop
      vertex   1.082611e+02 -1.099837e+02 -9.500000e+00
      vertex   1.035725e+02 -1.099836e+02 -9.500000e+00
      vertex   1.080682e+02 -1.099038e+02 -9.500000e+00
    endloop
  endfacet
  facet normal -0.000000e+00 0.000000e+00 -1.000000e+00
    outer loop
      vertex   1.080682e+02 -1.099038e+02 -9.500000e+00
      vertex   1.035725e+02 -1.099836e+02 -9.500000e+00
      vertex   1.037654e+02 -1.099037e+02 -9.500000e+00
    endloop
  endfacet
  facet normal 0.000000e+00 0.000000e+00 -1.000000e+00
    outer loop
      vertex   1.080682e+02 -1.099038e+02 -9.500000e+00
      vertex   1.037654e+02 -1.099037e+02 -9.500000e+00
      vertex   1.079025e+02 -1.097766e+02 -9.500000e+00
    endloop
  endfacet
  facet normal -0.000000e+00 0.000000e+00 -1.000000e+00
    outer loop
      vertex   1.079025e+02 -1.097766e+02 -9.500000e+00
      vertex   1.037654e+02 -1.099037e+02 -9.500000e+00
      vertex   1.039311e+02 -1.097766e+02 -9.500000e+00
    endloop
  endfacet
  facet normal 0.000000e+00 0.000000e+00 -1.000000e+00
    outer loop
      vertex   1.079025e+02 -1.097766e+02 -9.500000e+00
      vertex   1.039311e+02 -1.097766e+02 -9.500000e+00
      vertex   1.077754e+02 -1.096109e+02 -9.500000e+00
    endloop
  endfacet
  facet normal -0.000000e+00 0.000000e+00 -1.000000e+00
    outer loop
      vertex   1.077754e+02 -1.096109e+02 -9.500000e+00
      vertex   1.039311e+02 -1.097766e+02 -9.500000e+00
      vertex   1.040582e+02 -1.096109e+02 -9.500000e+00
    endloop
  endfacet
  facet normal 0.000000e+00 0.000000e+00 -1.000000e+00
    outer loop
      vertex   1.077754e+02 -1.096109e+02 -9.500000e+00
      vertex   1.040582e+02 -1.096109e+02 -9.500000e+00
      vertex   1.076954e+02 -1.094180e+02 -9.500000e+00
    endloop
  endfacet
  facet normal -0.000000e+00 0.000000e+00 -1.000000e+00
    outer loop
      vertex   1.076954e+02 -1.094180e+02 -9.500000e+00
      vertex   1.040582e+02 -1.096109e+02 -9.500000e+00
      vertex   1.041382e+02 -1.094180e+02 -9.500000e+00
    endloop
  endfacet
  facet normal 0.000000e+00 0.000000e+00 -1.000000e+00
    outer loop
      vertex   1.076954e+02 -1.094180e+02 -9.500000e+00
      vertex   1.041382e+02 -1.094180e+02 -9.500000e+00
      vertex   1.076682e+02 -1.092109e+02 -9.500000e+00
    endloop
  endfacet
  facet normal -0.000000e+00 0.000000e+00 -1.000000e+00
    outer loop
      vertex   1.076682e+02 -1.092109e+02 -9.500000e+00
      vertex   1.041382e+02 -1.094180e+02 -9.500000e+00
      vertex   1.041654e+02 -1.092109e+02 -9.500000e+00
    endloop
  endfacet
  facet normal 0.000000e+00 0.000000e+00 -1.000000e+00
    outer loop
      vertex   1.076682e+02 -1.092109e+02 -9.500000e+00
      vertex   1.041654e+02 -1.092109e+02 -9.500000e+00
      vertex   1.041657e+02 -9.056735e+01 -9.500000e+00
    endloop
  endfacet
  facet normal 0.000000e+00 0.000000e+00 -1.000000e+00
    outer loop
      vertex   1.076682e+02 -1.092109e+02 -9.500000e+00
      vertex   1.041657e+02 -9.056735e+01 -9.500000e+00
      vertex   1.076682e+02 -8.893002e+01 -9.500000e+00
    endloop
  endfacet
  facet normal -0.000000e+00 0.000000e+00 -1.000000e+00
    outer loop
      vertex   1.076682e+02 -8.893002e+01 -9.500000e+00
      vertex   1.041657e+02 -9.056735e+01 -9.500000e+00
      vertex   1.046934e+02 -8.740022e+01 -9.500000e+00
    endloop
  endfacet
  facet normal 0.000000e+00 0.000000e+00 -1.000000e+00
    outer loop
      vertex   1.076682e+02 -8.893002e+01 -9.500000e+00
      vertex   1.046934e+02 -8.740022e+01 -9.500000e+00
      vertex   1.071764e+02 -8.745397e+01 -9.500000e+00
    endloop
  endfacet
  facet normal 0.000000e+00 0.000000e+00 -1.000000e+00
    outer loop
      vertex   1.071764e+02 -8.745397e+01 -9.500000e+00
      vertex   1.046934e+02 -8.740022e+01 -9.500000e+00
      vertex   1.063391e+02 -8.619845e+01 -9.500000e+00
    endloop
  endfacet
  facet normal -0.000000e+00 0.000000e+00 -1.000000e+00
    outer loop
      vertex   1.063391e+02 -8.619845e+01 -9.500000e+00
      vertex   1.046934e+02 -8.740022e+01 -9.500000e+00
      vertex   1.054945e+02 -8.619845e+01 -9.500000e+00
    endloop
  endfacet
  facet normal 0.000000e+00 0.000000e+00 -1.000000e+00
    outer loop
      vertex   1.092682e+02 -8.539845e+01 -9.500000e+00
      vertex   1.450667e+02 -8.682044e+01 -9.500000e+00
      vertex   1.092682e+02 -1.092109e+02 -9.500000e+00
    endloop
  endfacet
  facet normal 0.000000e+00 0.000000e+00 -1.000000e+00
    outer loop
      vertex   1.092682e+02 -1.092109e+02 -9.500000e+00
      vertex   1.450667e+02 -8.682044e+01 -9.500000e+00
      vertex   1.456051e+02 -8.723362e+01 -9.500000e+00
    endloop
  endfacet
  facet normal 0.000000e+00 0.000000e+00 -1.000000e+00
    outer loop
      vertex   1.092682e+02 -1.092109e+02 -9.500000e+00
      vertex   1.456051e+02 -8.723362e+01 -9.500000e+00
      vertex   1.462322e+02 -8.749337e+01 -9.500000e+00
    endloop
  endfacet
  facet normal 0.000000e+00 0.000000e+00 -1.000000e+00
    outer loop
      vertex   1.092427e+02 -8.519819e+01 -9.500000e+00
      vertex   1.443051e+02 -8.498196e+01 -9.500000e+00
      vertex   1.092682e+02 -8.539845e+01 -9.500000e+00
    endloop
  endfacet
  facet normal 0.000000e+00 0.000000e+00 -1.000000e+00
    outer loop
      vertex   1.092682e+02 -8.539845e+01 -9.500000e+00
      vertex   1.443051e+02 -8.498196e+01 -9.500000e+00
      vertex   1.443937e+02 -8.565489e+01 -9.500000e+00
    endloop
  endfacet
  facet normal 0.000000e+00 0.000000e+00 -1.000000e+00
    outer loop
      vertex   1.092682e+02 -8.539845e+01 -9.500000e+00
      vertex   1.443937e+02 -8.565489e+01 -9.500000e+00
      vertex   1.446535e+02 -8.628196e+01 -9.500000e+00
    endloop
  endfacet
  facet normal -0.000000e+00 0.000000e+00 -1.000000e+00
    outer loop
      vertex   1.443051e+02 -8.498196e+01 -9.500000e+00
      vertex   1.092427e+02 -8.519819e+01 -9.500000e+00
      vertex   1.443937e+02 -8.430903e+01 -9.500000e+00
    endloop
  endfacet
  facet normal 0.000000e+00 0.000000e+00 -1.000000e+00
    outer loop
      vertex   1.443937e+02 -8.430903e+01 -9.500000e+00
      vertex   1.092427e+02 -8.519819e+01 -9.500000e+00
      vertex   1.091679e+02 -8.501069e+01 -9.500000e+00
    endloop
  endfacet
  facet normal -0.000000e+00 0.000000e+00 -1.000000e+00
    outer loop
      vertex   1.443937e+02 -8.430903e+01 -9.500000e+00
      vertex   1.091679e+02 -8.501069e+01 -9.500000e+00
      vertex   1.446535e+02 -8.368196e+01 -9.500000e+00
    endloop
  endfacet
  facet normal 0.000000e+00 0.000000e+00 -1.000000e+00
    outer loop
      vertex   1.446535e+02 -8.368196e+01 -9.500000e+00
      vertex   1.091679e+02 -8.501069e+01 -9.500000e+00
      vertex   1.090486e+02 -8.484787e+01 -9.500000e+00
    endloop
  endfacet
  facet normal -0.000000e+00 0.000000e+00 -1.000000e+00
    outer loop
      vertex   1.446535e+02 -8.368196e+01 -9.500000e+00
      vertex   1.090486e+02 -8.484787e+01 -9.500000e+00
      vertex   1.450667e+02 -8.314348e+01 -9.500000e+00
    endloop
  endfacet
  facet normal 0.000000e+00 0.000000e+00 -1.000000e+00
    outer loop
      vertex   1.450667e+02 -8.314348e+01 -9.500000e+00
      vertex   1.090486e+02 -8.484787e+01 -9.500000e+00
      vertex   1.088923e+02 -8.472011e+01 -9.500000e+00
    endloop
  endfacet
  facet normal -0.000000e+00 0.000000e+00 -1.000000e+00
    outer loop
      vertex   1.450667e+02 -8.314348e+01 -9.500000e+00
      vertex   1.088923e+02 -8.472011e+01 -9.500000e+00
      vertex   1.456051e+02 -8.273029e+01 -9.500000e+00
    endloop
  endfacet
  facet normal 0.000000e+00 0.000000e+00 -1.000000e+00
    outer loop
      vertex   1.456051e+02 -8.273029e+01 -9.500000e+00
      vertex   1.088923e+02 -8.472011e+01 -9.500000e+00
      vertex   1.087090e+02 -8.463555e+01 -9.500000e+00
    endloop
  endfacet
  facet normal -0.000000e+00 0.000000e+00 -1.000000e+00
    outer loop
      vertex   1.085103e+02 -8.459956e+01 -9.500000e+00
      vertex   1.083090e+02 -8.461444e+01 -9.500000e+00
      vertex   1.067672e+02 -8.459845e+01 -9.500000e+00
    endloop
  endfacet
  facet normal 0.000000e+00 0.000000e+00 -1.000000e+00
    outer loop
      vertex   1.067672e+02 -8.459845e+01 -9.500000e+00
      vertex   1.083090e+02 -8.461444e+01 -9.500000e+00
      vertex   1.069618e+02 -8.462247e+01 -9.500000e+00
    endloop
  endfacet
  facet normal 0.000000e+00 0.000000e+00 -1.000000e+00
    outer loop
      vertex   1.069618e+02 -8.462247e+01 -9.500000e+00
      vertex   1.083090e+02 -8.461444e+01 -9.500000e+00
      vertex   1.081178e+02 -8.467924e+01 -9.500000e+00
    endloop
  endfacet
  facet normal 0.000000e+00 0.000000e+00 -1.000000e+00
    outer loop
      vertex   1.069618e+02 -8.462247e+01 -9.500000e+00
      vertex   1.081178e+02 -8.467924e+01 -9.500000e+00
      vertex   1.071447e+02 -8.469308e+01 -9.500000e+00
    endloop
  endfacet
  facet normal 0.000000e+00 0.000000e+00 -1.000000e+00
    outer loop
      vertex   1.071447e+02 -8.469308e+01 -9.500000e+00
      vertex   1.081178e+02 -8.467924e+01 -9.500000e+00
      vertex   1.079490e+02 -8.478983e+01 -9.500000e+00
    endloop
  endfacet
  facet normal 0.000000e+00 0.000000e+00 -1.000000e+00
    outer loop
      vertex   1.071447e+02 -8.469308e+01 -9.500000e+00
      vertex   1.079490e+02 -8.478983e+01 -9.500000e+00
      vertex   1.073049e+02 -8.480605e+01 -9.500000e+00
    endloop
  endfacet
  facet normal 0.000000e+00 0.000000e+00 -1.000000e+00
    outer loop
      vertex   1.073049e+02 -8.480605e+01 -9.500000e+00
      vertex   1.079490e+02 -8.478983e+01 -9.500000e+00
      vertex   1.078131e+02 -8.493918e+01 -9.500000e+00
    endloop
  endfacet
  facet normal 0.000000e+00 0.000000e+00 -1.000000e+00
    outer loop
      vertex   1.073049e+02 -8.480605e+01 -9.500000e+00
      vertex   1.078131e+02 -8.493918e+01 -9.500000e+00
      vertex   1.074328e+02 -8.495460e+01 -9.500000e+00
    endloop
  endfacet
  facet normal 0.000000e+00 0.000000e+00 -1.000000e+00
    outer loop
      vertex   1.074328e+02 -8.495460e+01 -9.500000e+00
      vertex   1.078131e+02 -8.493918e+01 -9.500000e+00
      vertex   1.077190e+02 -8.511777e+01 -9.500000e+00
    endloop
  endfacet
  facet normal 0.000000e+00 0.000000e+00 -1.000000e+00
    outer loop
      vertex   1.074328e+02 -8.495460e+01 -9.500000e+00
      vertex   1.077190e+02 -8.511777e+01 -9.500000e+00
      vertex   1.076726e+02 -8.531423e+01 -9.500000e+00
    endloop
  endfacet
  facet normal 0.000000e+00 0.000000e+00 -1.000000e+00
    outer loop
      vertex   1.016646e+02 -8.459845e+01 -9.500000e+00
      vertex   1.050664e+02 -8.459845e+01 -9.500000e+00
      vertex   1.018591e+02 -8.462247e+01 -9.500000e+00
    endloop
  endfacet
  facet normal 0.000000e+00 0.000000e+00 -1.000000e+00
    outer loop
      vertex   1.018591e+02 -8.462247e+01 -9.500000e+00
      vertex   1.050664e+02 -8.459845e+01 -9.500000e+00
      vertex   1.048718e+02 -8.462247e+01 -9.500000e+00
    endloop
  endfacet
  facet normal 0.000000e+00 0.000000e+00 -1.000000e+00
    outer loop
      vertex   1.018591e+02 -8.462247e+01 -9.500000e+00
      vertex   1.048718e+02 -8.462247e+01 -9.500000e+00
      vertex   1.020420e+02 -8.469309e+01 -9.500000e+00
    endloop
  endfacet
  facet normal 0.000000e+00 0.000000e+00 -1.000000e+00
    outer loop
      vertex   1.020420e+02 -8.469309e+01 -9.500000e+00
      vertex   1.048718e+02 -8.462247e+01 -9.500000e+00
      vertex   1.046889e+02 -8.469311e+01 -9.500000e+00
    endloop
  endfacet
  facet normal 0.000000e+00 0.000000e+00 -1.000000e+00
    outer loop
      vertex   1.020420e+02 -8.469309e+01 -9.500000e+00
      vertex   1.046889e+02 -8.469311e+01 -9.500000e+00
      vertex   1.022022e+02 -8.480607e+01 -9.500000e+00
    endloop
  endfacet
  facet normal 0.000000e+00 0.000000e+00 -1.000000e+00
    outer loop
      vertex   1.022022e+02 -8.480607e+01 -9.500000e+00
      vertex   1.046889e+02 -8.469311e+01 -9.500000e+00
      vertex   1.045287e+02 -8.480611e+01 -9.500000e+00
    endloop
  endfacet
  facet normal 0.000000e+00 0.000000e+00 -1.000000e+00
    outer loop
      vertex   1.022022e+02 -8.480607e+01 -9.500000e+00
      vertex   1.045287e+02 -8.480611e+01 -9.500000e+00
      vertex   1.023302e+02 -8.495462e+01 -9.500000e+00
    endloop
  endfacet
  facet normal 0.000000e+00 0.000000e+00 -1.000000e+00
    outer loop
      vertex   1.023302e+02 -8.495462e+01 -9.500000e+00
      vertex   1.045287e+02 -8.480611e+01 -9.500000e+00
      vertex   1.044007e+02 -8.495470e+01 -9.500000e+00
    endloop
  endfacet
  facet normal 0.000000e+00 0.000000e+00 -1.000000e+00
    outer loop
      vertex   1.023302e+02 -8.495462e+01 -9.500000e+00
      vertex   1.044007e+02 -8.495470e+01 -9.500000e+00
      vertex   1.033656e+02 -8.650744e+01 -9.500000e+00
    endloop
  endfacet
  facet normal -0.000000e+00 -0.000000e+00 -1.000000e+00
    outer loop
      vertex   1.478806e+02 -3.052093e+01 -9.500000e+00
      vertex   1.488186e+02 -3.080546e+01 -9.500000e+00
      vertex   1.469051e+02 -3.042486e+01 -9.500000e+00
    endloop
  endfacet
  facet normal 0.000000e+00 0.000000e+00 -1.000000e+00
    outer loop
      vertex   1.469051e+02 -3.042486e+01 -9.500000e+00
      vertex   1.488186e+02 -3.080546e+01 -9.500000e+00
      vertex   1.496830e+02 -3.126751e+01 -9.500000e+00
    endloop
  endfacet
  facet normal 0.000000e+00 0.000000e+00 -1.000000e+00
    outer loop
      vertex   1.469051e+02 -3.042486e+01 -9.500000e+00
      vertex   1.496830e+02 -3.126751e+01 -9.500000e+00
      vertex   1.504407e+02 -3.188933e+01 -9.500000e+00
    endloop
  endfacet
  facet normal -0.000000e+00 -0.000000e+00 -1.000000e+00
    outer loop
      vertex   1.504407e+02 -3.188933e+01 -9.500000e+00
      vertex   1.510625e+02 -3.264701e+01 -9.500000e+00
      vertex   1.469051e+02 -3.042486e+01 -9.500000e+00
    endloop
  endfacet
  facet normal 0.000000e+00 0.000000e+00 -1.000000e+00
    outer loop
      vertex   1.469051e+02 -3.042486e+01 -9.500000e+00
      vertex   1.510625e+02 -3.264701e+01 -9.500000e+00
      vertex   1.515245e+02 -3.351144e+01 -9.500000e+00
    endloop
  endfacet
  facet normal 0.000000e+00 0.000000e+00 -1.000000e+00
    outer loop
      vertex   1.469051e+02 -3.042486e+01 -9.500000e+00
      vertex   1.515245e+02 -3.351144e+01 -9.500000e+00
      vertex   1.518091e+02 -3.444941e+01 -9.500000e+00
    endloop
  endfacet
  facet normal -0.000000e+00 -0.000000e+00 -1.000000e+00
    outer loop
      vertex   1.518091e+02 -3.444941e+01 -9.500000e+00
      vertex   1.519051e+02 -3.542486e+01 -9.500000e+00
      vertex   1.469051e+02 -3.042486e+01 -9.500000e+00
    endloop
  endfacet
  facet normal 0.000000e+00 0.000000e+00 -1.000000e+00
    outer loop
      vertex   1.494165e+02 -8.430903e+01 -9.500000e+00
      vertex   1.519051e+02 -3.542486e+01 -9.500000e+00
      vertex   1.495051e+02 -8.498196e+01 -9.500000e+00
    endloop
  endfacet
  facet normal 0.000000e+00 0.000000e+00 -1.000000e+00
    outer loop
      vertex   1.495051e+02 -8.498196e+01 -9.500000e+00
      vertex   1.519051e+02 -3.542486e+01 -9.500000e+00
      vertex   1.519051e+02 -1.175391e+02 -9.500000e+00
    endloop
  endfacet
  facet normal 0.000000e+00 -0.000000e+00 -1.000000e+00
    outer loop
      vertex   1.495051e+02 -8.498196e+01 -9.500000e+00
      vertex   1.519051e+02 -1.175391e+02 -9.500000e+00
      vertex   1.494165e+02 -8.565489e+01 -9.500000e+00
    endloop
  endfacet
  facet normal 0.000000e+00 -0.000000e+00 -1.000000e+00
    outer loop
      vertex   1.494165e+02 -8.565489e+01 -9.500000e+00
      vertex   1.519051e+02 -1.175391e+02 -9.500000e+00
      vertex   1.491568e+02 -8.628196e+01 -9.500000e+00
    endloop
  endfacet
  facet normal 0.000000e+00 -0.000000e+00 -1.000000e+00
    outer loop
      vertex   1.491568e+02 -8.628196e+01 -9.500000e+00
      vertex   1.519051e+02 -1.175391e+02 -9.500000e+00
      vertex   1.487436e+02 -8.682044e+01 -9.500000e+00
    endloop
  endfacet
  facet normal 0.000000e+00 -0.000000e+00 -1.000000e+00
    outer loop
      vertex   1.487436e+02 -8.682044e+01 -9.500000e+00
      vertex   1.519051e+02 -1.175391e+02 -9.500000e+00
      vertex   1.482051e+02 -8.723362e+01 -9.500000e+00
    endloop
  endfacet
  facet normal 0.000000e+00 -0.000000e+00 -1.000000e+00
    outer loop
      vertex   1.482051e+02 -8.723362e+01 -9.500000e+00
      vertex   1.519051e+02 -1.175391e+02 -9.500000e+00
      vertex   1.475781e+02 -8.749337e+01 -9.500000e+00
    endloop
  endfacet
  facet normal -0.000000e+00 0.000000e+00 -1.000000e+00
    outer loop
      vertex   1.518025e+02 -1.191054e+02 -9.500000e+00
      vertex   1.461549e+02 -1.202371e+02 -9.500000e+00
      vertex   1.519051e+02 -1.175391e+02 -9.500000e+00
    endloop
  endfacet
  facet normal 0.000000e+00 0.000000e+00 -1.000000e+00
    outer loop
      vertex   1.519051e+02 -1.175391e+02 -9.500000e+00
      vertex   1.461549e+02 -1.202371e+02 -9.500000e+00
      vertex   1.455278e+02 -1.199774e+02 -9.500000e+00
    endloop
  endfacet
  facet normal 0.000000e+00 0.000000e+00 -1.000000e+00
    outer loop
      vertex   1.519051e+02 -1.175391e+02 -9.500000e+00
      vertex   1.455278e+02 -1.199774e+02 -9.500000e+00
      vertex   1.448549e+02 -1.198888e+02 -9.500000e+00
    endloop
  endfacet
  facet normal 0.000000e+00 0.000000e+00 -1.000000e+00
    outer loop
      vertex   1.461549e+02 -1.202371e+02 -9.500000e+00
      vertex   1.518025e+02 -1.191054e+02 -9.500000e+00
      vertex   1.466934e+02 -1.206503e+02 -9.500000e+00
    endloop
  endfacet
  facet normal 0.000000e+00 0.000000e+00 -1.000000e+00
    outer loop
      vertex   1.466934e+02 -1.206503e+02 -9.500000e+00
      vertex   1.518025e+02 -1.191054e+02 -9.500000e+00
      vertex   1.514962e+02 -1.206449e+02 -9.500000e+00
    endloop
  endfacet
  facet normal 0.000000e+00 0.000000e+00 -1.000000e+00
    outer loop
      vertex   1.466934e+02 -1.206503e+02 -9.500000e+00
      vertex   1.514962e+02 -1.206449e+02 -9.500000e+00
      vertex   1.471066e+02 -1.211888e+02 -9.500000e+00
    endloop
  endfacet
  facet normal 0.000000e+00 0.000000e+00 -1.000000e+00
    outer loop
      vertex   1.471066e+02 -1.211888e+02 -9.500000e+00
      vertex   1.514962e+02 -1.206449e+02 -9.500000e+00
      vertex   1.473663e+02 -1.218159e+02 -9.500000e+00
    endloop
  endfacet
  facet normal 0.000000e+00 0.000000e+00 -1.000000e+00
    outer loop
      vertex   1.473663e+02 -1.218159e+02 -9.500000e+00
      vertex   1.514962e+02 -1.206449e+02 -9.500000e+00
      vertex   1.509917e+02 -1.221313e+02 -9.500000e+00
    endloop
  endfacet
  facet normal 0.000000e+00 0.000000e+00 -1.000000e+00
    outer loop
      vertex   1.473663e+02 -1.218159e+02 -9.500000e+00
      vertex   1.509917e+02 -1.221313e+02 -9.500000e+00
      vertex   1.474549e+02 -1.224888e+02 -9.500000e+00
    endloop
  endfacet
  facet normal 0.000000e+00 0.000000e+00 -1.000000e+00
    outer loop
      vertex   1.474549e+02 -1.224888e+02 -9.500000e+00
      vertex   1.509917e+02 -1.221313e+02 -9.500000e+00
      vertex   1.502974e+02 -1.235391e+02 -9.500000e+00
    endloop
  endfacet
  facet normal 0.000000e+00 -0.000000e+00 -1.000000e+00
    outer loop
      vertex   1.474549e+02 -1.224888e+02 -9.500000e+00
      vertex   1.502974e+02 -1.235391e+02 -9.500000e+00
      vertex   1.473663e+02 -1.231617e+02 -9.500000e+00
    endloop
  endfacet
  facet normal 0.000000e+00 -0.000000e+00 -1.000000e+00
    outer loop
      vertex   1.473663e+02 -1.231617e+02 -9.500000e+00
      vertex   1.502974e+02 -1.235391e+02 -9.500000e+00
      vertex   1.471066e+02 -1.237888e+02 -9.500000e+00
    endloop
  endfacet
  facet normal 0.000000e+00 0.000000e+00 -1.000000e+00
    outer loop
      vertex   1.471066e+02 -1.237888e+02 -9.500000e+00
      vertex   1.502974e+02 -1.235391e+02 -9.500000e+00
      vertex   1.494254e+02 -1.248442e+02 -9.500000e+00
    endloop
  endfacet
  facet normal 0.000000e+00 -0.000000e+00 -1.000000e+00
    outer loop
      vertex   1.471066e+02 -1.237888e+02 -9.500000e+00
      vertex   1.494254e+02 -1.248442e+02 -9.500000e+00
      vertex   1.466934e+02 -1.243273e+02 -9.500000e+00
    endloop
  endfacet
  facet normal 0.000000e+00 0.000000e+00 -1.000000e+00
    outer loop
      vertex   1.466934e+02 -1.243273e+02 -9.500000e+00
      vertex   1.494254e+02 -1.248442e+02 -9.500000e+00
      vertex   1.483904e+02 -1.260243e+02 -9.500000e+00
    endloop
  endfacet
  facet normal 0.000000e+00 -0.000000e+00 -1.000000e+00
    outer loop
      vertex   1.466934e+02 -1.243273e+02 -9.500000e+00
      vertex   1.483904e+02 -1.260243e+02 -9.500000e+00
      vertex   1.461549e+02 -1.247405e+02 -9.500000e+00
    endloop
  endfacet
  facet normal 0.000000e+00 -0.000000e+00 -1.000000e+00
    outer loop
      vertex   1.461549e+02 -1.247405e+02 -9.500000e+00
      vertex   1.483904e+02 -1.260243e+02 -9.500000e+00
      vertex   1.455278e+02 -1.250002e+02 -9.500000e+00
    endloop
  endfacet
  facet normal 0.000000e+00 0.000000e+00 -1.000000e+00
    outer loop
      vertex   1.455278e+02 -1.250002e+02 -9.500000e+00
      vertex   1.483904e+02 -1.260243e+02 -9.500000e+00
      vertex   1.472103e+02 -1.270593e+02 -9.500000e+00
    endloop
  endfacet
  facet normal 0.000000e+00 -0.000000e+00 -1.000000e+00
    outer loop
      vertex   1.455278e+02 -1.250002e+02 -9.500000e+00
      vertex   1.472103e+02 -1.270593e+02 -9.500000e+00
      vertex   1.448549e+02 -1.250888e+02 -9.500000e+00
    endloop
  endfacet
  facet normal 0.000000e+00 0.000000e+00 -1.000000e+00
    outer loop
      vertex   1.448549e+02 -1.250888e+02 -9.500000e+00
      vertex   1.472103e+02 -1.270593e+02 -9.500000e+00
      vertex   1.459051e+02 -1.279314e+02 -9.500000e+00
    endloop
  endfacet
  facet normal -0.000000e+00 -0.000000e+00 -1.000000e+00
    outer loop
      vertex   1.448549e+02 -1.250888e+02 -9.500000e+00
      vertex   1.459051e+02 -1.279314e+02 -9.500000e+00
      vertex   1.441820e+02 -1.250002e+02 -9.500000e+00
    endloop
  endfacet
  facet normal 0.000000e+00 0.000000e+00 -1.000000e+00
    outer loop
      vertex   1.441820e+02 -1.250002e+02 -9.500000e+00
      vertex   1.459051e+02 -1.279314e+02 -9.500000e+00
      vertex   1.444973e+02 -1.286256e+02 -9.500000e+00
    endloop
  endfacet
  facet normal 0.000000e+00 -0.000000e+00 -1.000000e+00
    outer loop
      vertex   1.441820e+02 -1.250002e+02 -9.500000e+00
      vertex   1.444973e+02 -1.286256e+02 -9.500000e+00
      vertex   1.430110e+02 -1.291302e+02 -9.500000e+00
    endloop
  endfacet
  facet normal -0.000000e+00 0.000000e+00 -1.000000e+00
    outer loop
      vertex   1.441820e+02 -1.250002e+02 -9.500000e+00
      vertex   1.430110e+02 -1.291302e+02 -9.500000e+00
      vertex   1.435549e+02 -1.247405e+02 -9.500000e+00
    endloop
  endfacet
  facet normal 0.000000e+00 0.000000e+00 -1.000000e+00
    outer loop
      vertex   1.435549e+02 -1.247405e+02 -9.500000e+00
      vertex   1.430110e+02 -1.291302e+02 -9.500000e+00
      vertex   1.414715e+02 -1.294364e+02 -9.500000e+00
    endloop
  endfacet
  facet normal 0.000000e+00 0.000000e+00 -1.000000e+00
    outer loop
      vertex   1.435549e+02 -1.247405e+02 -9.500000e+00
      vertex   1.414715e+02 -1.294364e+02 -9.500000e+00
      vertex   1.399051e+02 -1.295391e+02 -9.500000e+00
    endloop
  endfacet
  facet normal 0.000000e+00 0.000000e+00 -1.000000e+00
    outer loop
      vertex   1.732001e+01 -1.295391e+02 -9.500000e+00
      vertex   7.861258e+01 -1.271391e+02 -9.500000e+00
      vertex   1.399051e+02 -1.295391e+02 -9.500000e+00
    endloop
  endfacet
  facet normal 0.000000e+00 0.000000e+00 -1.000000e+00
    outer loop
      vertex   1.399051e+02 -1.295391e+02 -9.500000e+00
      vertex   7.861258e+01 -1.271391e+02 -9.500000e+00
      vertex   7.928551e+01 -1.270505e+02 -9.500000e+00
    endloop
  endfacet
  facet normal 0.000000e+00 0.000000e+00 -1.000000e+00
    outer loop
      vertex   1.399051e+02 -1.295391e+02 -9.500000e+00
      vertex   7.928551e+01 -1.270505e+02 -9.500000e+00
      vertex   7.991258e+01 -1.267907e+02 -9.500000e+00
    endloop
  endfacet
  facet normal 0.000000e+00 0.000000e+00 -1.000000e+00
    outer loop
      vertex   1.575370e+01 -1.294364e+02 -9.500000e+00
      vertex   1.367027e+01 -1.247405e+02 -9.500000e+00
      vertex   1.732001e+01 -1.295391e+02 -9.500000e+00
    endloop
  endfacet
  facet normal 0.000000e+00 0.000000e+00 -1.000000e+00
    outer loop
      vertex   1.732001e+01 -1.295391e+02 -9.500000e+00
      vertex   1.367027e+01 -1.247405e+02 -9.500000e+00
      vertex   1.420874e+01 -1.243273e+02 -9.500000e+00
    endloop
  endfacet
  facet normal 0.000000e+00 0.000000e+00 -1.000000e+00
    outer loop
      vertex   1.732001e+01 -1.295391e+02 -9.500000e+00
      vertex   1.420874e+01 -1.243273e+02 -9.500000e+00
      vertex   1.462193e+01 -1.237888e+02 -9.500000e+00
    endloop
  endfacet
  facet normal 0.000000e+00 0.000000e+00 -1.000000e+00
    outer loop
      vertex   1.575370e+01 -1.294364e+02 -9.500000e+00
      vertex   1.421418e+01 -1.291302e+02 -9.500000e+00
      vertex   1.367027e+01 -1.247405e+02 -9.500000e+00
    endloop
  endfacet
  facet normal 0.000000e+00 -0.000000e+00 -1.000000e+00
    outer loop
      vertex   1.367027e+01 -1.247405e+02 -9.500000e+00
      vertex   1.421418e+01 -1.291302e+02 -9.500000e+00
      vertex   1.304319e+01 -1.250002e+02 -9.500000e+00
    endloop
  endfacet
  facet normal 0.000000e+00 -0.000000e+00 -1.000000e+00
    outer loop
      vertex   1.304319e+01 -1.250002e+02 -9.500000e+00
      vertex   1.421418e+01 -1.291302e+02 -9.500000e+00
      vertex   1.272781e+01 -1.286256e+02 -9.500000e+00
    endloop
  endfacet
  facet normal 0.000000e+00 0.000000e+00 -1.000000e+00
    outer loop
      vertex   1.304319e+01 -1.250002e+02 -9.500000e+00
      vertex   1.272781e+01 -1.286256e+02 -9.500000e+00
      vertex   1.132001e+01 -1.279314e+02 -9.500000e+00
    endloop
  endfacet
  facet normal 0.000000e+00 0.000000e+00 -1.000000e+00
    outer loop
      vertex   1.304319e+01 -1.250002e+02 -9.500000e+00
      vertex   1.132001e+01 -1.279314e+02 -9.500000e+00
      vertex   1.237027e+01 -1.250888e+02 -9.500000e+00
    endloop
  endfacet
  facet normal 0.000000e+00 0.000000e+00 -1.000000e+00
    outer loop
      vertex   1.237027e+01 -1.250888e+02 -9.500000e+00
      vertex   1.132001e+01 -1.279314e+02 -9.500000e+00
      vertex   1.001488e+01 -1.270593e+02 -9.500000e+00
    endloop
  endfacet
  facet normal -0.000000e+00 0.000000e+00 -1.000000e+00
    outer loop
      vertex   1.237027e+01 -1.250888e+02 -9.500000e+00
      vertex   1.001488e+01 -1.270593e+02 -9.500000e+00
      vertex   1.169734e+01 -1.250002e+02 -9.500000e+00
    endloop
  endfacet
  facet normal 0.000000e+00 0.000000e+00 -1.000000e+00
    outer loop
      vertex   1.169734e+01 -1.250002e+02 -9.500000e+00
      vertex   1.001488e+01 -1.270593e+02 -9.500000e+00
      vertex   8.834731e+00 -1.260243e+02 -9.500000e+00
    endloop
  endfacet
  facet normal -0.000000e+00 0.000000e+00 -1.000000e+00
    outer loop
      vertex   1.169734e+01 -1.250002e+02 -9.500000e+00
      vertex   8.834731e+00 -1.260243e+02 -9.500000e+00
      vertex   1.107027e+01 -1.247405e+02 -9.500000e+00
    endloop
  endfacet
  facet normal -0.000000e+00 0.000000e+00 -1.000000e+00
    outer loop
      vertex   1.107027e+01 -1.247405e+02 -9.500000e+00
      vertex   8.834731e+00 -1.260243e+02 -9.500000e+00
      vertex   1.053179e+01 -1.243273e+02 -9.500000e+00
    endloop
  endfacet
  facet normal 0.000000e+00 0.000000e+00 -1.000000e+00
    outer loop
      vertex   1.053179e+01 -1.243273e+02 -9.500000e+00
      vertex   8.834731e+00 -1.260243e+02 -9.500000e+00
      vertex   7.799773e+00 -1.248442e+02 -9.500000e+00
    endloop
  endfacet
  facet normal -0.000000e+00 0.000000e+00 -1.000000e+00
    outer loop
      vertex   1.053179e+01 -1.243273e+02 -9.500000e+00
      vertex   7.799773e+00 -1.248442e+02 -9.500000e+00
      vertex   1.011860e+01 -1.237888e+02 -9.500000e+00
    endloop
  endfacet
  facet normal -0.000000e+00 0.000000e+00 -1.000000e+00
    outer loop
      vertex   1.011860e+01 -1.237888e+02 -9.500000e+00
      vertex   7.799773e+00 -1.248442e+02 -9.500000e+00
      vertex   6.927708e+00 -1.235391e+02 -9.500000e+00
    endloop
  endfacet
  facet normal 0.000000e+00 0.000000e+00 -1.000000e+00
    outer loop
      vertex   1.011860e+01 -1.237888e+02 -9.500000e+00
      vertex   6.927708e+00 -1.235391e+02 -9.500000e+00
      vertex   9.858858e+00 -1.231617e+02 -9.500000e+00
    endloop
  endfacet
  facet normal -0.000000e+00 0.000000e+00 -1.000000e+00
    outer loop
      vertex   9.858858e+00 -1.231617e+02 -9.500000e+00
      vertex   6.927708e+00 -1.235391e+02 -9.500000e+00
      vertex   9.770265e+00 -1.224888e+02 -9.500000e+00
    endloop
  endfacet
  facet normal -0.000000e+00 0.000000e+00 -1.000000e+00
    outer loop
      vertex   9.770265e+00 -1.224888e+02 -9.500000e+00
      vertex   6.927708e+00 -1.235391e+02 -9.500000e+00
      vertex   6.233458e+00 -1.221313e+02 -9.500000e+00
    endloop
  endfacet
  facet normal 0.000000e+00 0.000000e+00 -1.000000e+00
    outer loop
      vertex   9.770265e+00 -1.224888e+02 -9.500000e+00
      vertex   6.233458e+00 -1.221313e+02 -9.500000e+00
      vertex   9.858858e+00 -1.218159e+02 -9.500000e+00
    endloop
  endfacet
  facet normal -0.000000e+00 0.000000e+00 -1.000000e+00
    outer loop
      vertex   9.858858e+00 -1.218159e+02 -9.500000e+00
      vertex   6.233458e+00 -1.221313e+02 -9.500000e+00
      vertex   5.728903e+00 -1.206449e+02 -9.500000e+00
    endloop
  endfacet
  facet normal 0.000000e+00 0.000000e+00 -1.000000e+00
    outer loop
      vertex   9.858858e+00 -1.218159e+02 -9.500000e+00
      vertex   5.728903e+00 -1.206449e+02 -9.500000e+00
      vertex   1.011860e+01 -1.211888e+02 -9.500000e+00
    endloop
  endfacet
  facet normal 0.000000e+00 0.000000e+00 -1.000000e+00
    outer loop
      vertex   1.011860e+01 -1.211888e+02 -9.500000e+00
      vertex   5.728903e+00 -1.206449e+02 -9.500000e+00
      vertex   1.053179e+01 -1.206503e+02 -9.500000e+00
    endloop
  endfacet
  facet normal 0.000000e+00 0.000000e+00 -1.000000e+00
    outer loop
      vertex   1.053179e+01 -1.206503e+02 -9.500000e+00
      vertex   5.728903e+00 -1.206449e+02 -9.500000e+00
      vertex   5.422674e+00 -1.191054e+02 -9.500000e+00
    endloop
  endfacet
  facet normal 0.000000e+00 0.000000e+00 -1.000000e+00
    outer loop
      vertex   1.053179e+01 -1.206503e+02 -9.500000e+00
      vertex   5.422674e+00 -1.191054e+02 -9.500000e+00
      vertex   1.107027e+01 -1.202371e+02 -9.500000e+00
    endloop
  endfacet
  facet normal 0.000000e+00 0.000000e+00 -1.000000e+00
    outer loop
      vertex   1.107027e+01 -1.202371e+02 -9.500000e+00
      vertex   5.422674e+00 -1.191054e+02 -9.500000e+00
      vertex   5.320013e+00 -1.175391e+02 -9.500000e+00
    endloop
  endfacet
  facet normal 0.000000e+00 0.000000e+00 -1.000000e+00
    outer loop
      vertex   1.107027e+01 -1.202371e+02 -9.500000e+00
      vertex   5.320013e+00 -1.175391e+02 -9.500000e+00
      vertex   1.169734e+01 -1.199774e+02 -9.500000e+00
    endloop
  endfacet
  facet normal 0.000000e+00 -0.000000e+00 -1.000000e+00
    outer loop
      vertex   5.320013e+00 -3.042486e+01 -9.500000e+00
      vertex   7.720013e+00 -8.498196e+01 -9.500000e+00
      vertex   5.320013e+00 -1.175391e+02 -9.500000e+00
    endloop
  endfacet
  facet normal 0.000000e+00 0.000000e+00 -1.000000e+00
    outer loop
      vertex   5.320013e+00 -1.175391e+02 -9.500000e+00
      vertex   7.720013e+00 -8.498196e+01 -9.500000e+00
      vertex   7.808606e+00 -8.565489e+01 -9.500000e+00
    endloop
  endfacet
  facet normal 0.000000e+00 0.000000e+00 -1.000000e+00
    outer loop
      vertex   5.320013e+00 -1.175391e+02 -9.500000e+00
      vertex   7.808606e+00 -8.565489e+01 -9.500000e+00
      vertex   8.068347e+00 -8.628196e+01 -9.500000e+00
    endloop
  endfacet
  facet normal 0.000000e+00 0.000000e+00 -1.000000e+00
    outer loop
      vertex   1.469051e+02 -3.042486e+01 -9.500000e+00
      vertex   1.215849e+01 -4.358638e+01 -9.500000e+00
      vertex   5.320013e+00 -3.042486e+01 -9.500000e+00
    endloop
  endfacet
  facet normal 0.000000e+00 0.000000e+00 -1.000000e+00
    outer loop
      vertex   5.320013e+00 -3.042486e+01 -9.500000e+00
      vertex   1.215849e+01 -4.358638e+01 -9.500000e+00
      vertex   1.162001e+01 -4.317319e+01 -9.500000e+00
    endloop
  endfacet
  facet normal 0.000000e+00 0.000000e+00 -1.000000e+00
    outer loop
      vertex   5.320013e+00 -3.042486e+01 -9.500000e+00
      vertex   1.162001e+01 -4.317319e+01 -9.500000e+00
      vertex   1.099294e+01 -4.291345e+01 -9.500000e+00
    endloop
  endfacet
  facet normal -0.000000e+00 0.000000e+00 -1.000000e+00
    outer loop
      vertex   7.808606e+00 -4.609779e+01 -9.500000e+00
      vertex   7.720013e+00 -8.498196e+01 -9.500000e+00
      vertex   7.720013e+00 -4.542486e+01 -9.500000e+00
    endloop
  endfacet
  facet normal -0.000000e+00 0.000000e+00 -1.000000e+00
    outer loop
      vertex   7.720013e+00 -4.542486e+01 -9.500000e+00
      vertex   7.720013e+00 -8.498196e+01 -9.500000e+00
      vertex   5.320013e+00 -3.042486e+01 -9.500000e+00
    endloop
  endfacet
  facet normal 0.000000e+00 0.000000e+00 -1.000000e+00
    outer loop
      vertex   7.720013e+00 -4.542486e+01 -9.500000e+00
      vertex   5.320013e+00 -3.042486e+01 -9.500000e+00
      vertex   7.808606e+00 -4.475193e+01 -9.500000e+00
    endloop
  endfacet
  facet normal 0.000000e+00 0.000000e+00 -1.000000e+00
    outer loop
      vertex   7.808606e+00 -4.475193e+01 -9.500000e+00
      vertex   5.320013e+00 -3.042486e+01 -9.500000e+00
      vertex   8.068347e+00 -4.412486e+01 -9.500000e+00
    endloop
  endfacet
  facet normal 0.000000e+00 0.000000e+00 -1.000000e+00
    outer loop
      vertex   8.068347e+00 -4.412486e+01 -9.500000e+00
      vertex   5.320013e+00 -3.042486e+01 -9.500000e+00
      vertex   8.481535e+00 -4.358638e+01 -9.500000e+00
    endloop
  endfacet
  facet normal 0.000000e+00 0.000000e+00 -1.000000e+00
    outer loop
      vertex   8.481535e+00 -4.358638e+01 -9.500000e+00
      vertex   5.320013e+00 -3.042486e+01 -9.500000e+00
      vertex   9.020013e+00 -4.317319e+01 -9.500000e+00
    endloop
  endfacet
  facet normal 0.000000e+00 0.000000e+00 -1.000000e+00
    outer loop
      vertex   9.020013e+00 -4.317319e+01 -9.500000e+00
      vertex   5.320013e+00 -3.042486e+01 -9.500000e+00
      vertex   9.647083e+00 -4.291345e+01 -9.500000e+00
    endloop
  endfacet
  facet normal 0.000000e+00 0.000000e+00 -1.000000e+00
    outer loop
      vertex   9.647083e+00 -4.291345e+01 -9.500000e+00
      vertex   5.320013e+00 -3.042486e+01 -9.500000e+00
      vertex   1.032001e+01 -4.282486e+01 -9.500000e+00
    endloop
  endfacet
  facet normal 0.000000e+00 0.000000e+00 -1.000000e+00
    outer loop
      vertex   1.032001e+01 -4.282486e+01 -9.500000e+00
      vertex   5.320013e+00 -3.042486e+01 -9.500000e+00
      vertex   1.099294e+01 -4.291345e+01 -9.500000e+00
    endloop
  endfacet
  facet normal -0.000000e+00 0.000000e+00 -1.000000e+00
    outer loop
      vertex   8.068347e+00 -4.672486e+01 -9.500000e+00
      vertex   8.068347e+00 -8.368196e+01 -9.500000e+00
      vertex   7.808606e+00 -4.609779e+01 -9.500000e+00
    endloop
  endfacet
  facet normal 0.000000e+00 -0.000000e+00 -1.000000e+00
    outer loop
      vertex   7.808606e+00 -4.609779e+01 -9.500000e+00
      vertex   8.068347e+00 -8.368196e+01 -9.500000e+00
      vertex   7.808606e+00 -8.430903e+01 -9.500000e+00
    endloop
  endfacet
  facet normal 0.000000e+00 0.000000e+00 -1.000000e+00
    outer loop
      vertex   7.808606e+00 -4.609779e+01 -9.500000e+00
      vertex   7.808606e+00 -8.430903e+01 -9.500000e+00
      vertex   7.720013e+00 -8.498196e+01 -9.500000e+00
    endloop
  endfacet
  facet normal 0.000000e+00 0.000000e+00 -1.000000e+00
    outer loop
      vertex   8.068347e+00 -8.368196e+01 -9.500000e+00
      vertex   8.068347e+00 -4.672486e+01 -9.500000e+00
      vertex   8.481535e+00 -8.314348e+01 -9.500000e+00
    endloop
  endfacet
  facet normal 0.000000e+00 0.000000e+00 -1.000000e+00
    outer loop
      vertex   8.481535e+00 -8.314348e+01 -9.500000e+00
      vertex   8.068347e+00 -4.672486e+01 -9.500000e+00
      vertex   8.481535e+00 -4.726334e+01 -9.500000e+00
    endloop
  endfacet
  facet normal 0.000000e+00 0.000000e+00 -1.000000e+00
    outer loop
      vertex   8.481535e+00 -8.314348e+01 -9.500000e+00
      vertex   8.481535e+00 -4.726334e+01 -9.500000e+00
      vertex   9.020013e+00 -8.273029e+01 -9.500000e+00
    endloop
  endfacet
  facet normal 0.000000e+00 0.000000e+00 -1.000000e+00
    outer loop
      vertex   9.020013e+00 -8.273029e+01 -9.500000e+00
      vertex   8.481535e+00 -4.726334e+01 -9.500000e+00
      vertex   9.020013e+00 -4.767653e+01 -9.500000e+00
    endloop
  endfacet
  facet normal 0.000000e+00 0.000000e+00 -1.000000e+00
    outer loop
      vertex   9.020013e+00 -8.273029e+01 -9.500000e+00
      vertex   9.020013e+00 -4.767653e+01 -9.500000e+00
      vertex   9.647083e+00 -8.247055e+01 -9.500000e+00
    endloop
  endfacet
  facet normal 0.000000e+00 0.000000e+00 -1.000000e+00
    outer loop
      vertex   9.647083e+00 -8.247055e+01 -9.500000e+00
      vertex   9.020013e+00 -4.767653e+01 -9.500000e+00
      vertex   9.647083e+00 -4.793627e+01 -9.500000e+00
    endloop
  endfacet
  facet normal 0.000000e+00 0.000000e+00 -1.000000e+00
    outer loop
      vertex   9.647083e+00 -8.247055e+01 -9.500000e+00
      vertex   9.647083e+00 -4.793627e+01 -9.500000e+00
      vertex   1.032001e+01 -8.238196e+01 -9.500000e+00
    endloop
  endfacet
  facet normal 0.000000e+00 0.000000e+00 -1.000000e+00
    outer loop
      vertex   1.032001e+01 -8.238196e+01 -9.500000e+00
      vertex   9.647083e+00 -4.793627e+01 -9.500000e+00
      vertex   1.032001e+01 -4.802486e+01 -9.500000e+00
    endloop
  endfacet
  facet normal 0.000000e+00 0.000000e+00 -1.000000e+00
    outer loop
      vertex   1.032001e+01 -8.238196e+01 -9.500000e+00
      vertex   1.032001e+01 -4.802486e+01 -9.500000e+00
      vertex   1.099294e+01 -8.247055e+01 -9.500000e+00
    endloop
  endfacet
  facet normal 0.000000e+00 0.000000e+00 -1.000000e+00
    outer loop
      vertex   1.099294e+01 -8.247055e+01 -9.500000e+00
      vertex   1.032001e+01 -4.802486e+01 -9.500000e+00
      vertex   1.099294e+01 -4.793627e+01 -9.500000e+00
    endloop
  endfacet
  facet normal 0.000000e+00 0.000000e+00 -1.000000e+00
    outer loop
      vertex   1.099294e+01 -8.247055e+01 -9.500000e+00
      vertex   1.099294e+01 -4.793627e+01 -9.500000e+00
      vertex   1.162001e+01 -8.273029e+01 -9.500000e+00
    endloop
  endfacet
  facet normal 0.000000e+00 0.000000e+00 -1.000000e+00
    outer loop
      vertex   1.162001e+01 -8.273029e+01 -9.500000e+00
      vertex   1.099294e+01 -4.793627e+01 -9.500000e+00
      vertex   1.162001e+01 -4.767653e+01 -9.500000e+00
    endloop
  endfacet
  facet normal 0.000000e+00 -0.000000e+00 -1.000000e+00
    outer loop
      vertex   7.610117e+01 -1.252120e+02 -9.500000e+00
      vertex   7.636091e+01 -1.258391e+02 -9.500000e+00
      vertex   1.732001e+01 -1.295391e+02 -9.500000e+00
    endloop
  endfacet
  facet normal 0.000000e+00 0.000000e+00 -1.000000e+00
    outer loop
      vertex   1.732001e+01 -1.295391e+02 -9.500000e+00
      vertex   7.636091e+01 -1.258391e+02 -9.500000e+00
      vertex   7.677410e+01 -1.263775e+02 -9.500000e+00
    endloop
  endfacet
  facet normal 0.000000e+00 0.000000e+00 -1.000000e+00
    outer loop
      vertex   1.732001e+01 -1.295391e+02 -9.500000e+00
      vertex   7.677410e+01 -1.263775e+02 -9.500000e+00
      vertex   7.731258e+01 -1.267907e+02 -9.500000e+00
    endloop
  endfacet
  facet normal 0.000000e+00 -0.000000e+00 -1.000000e+00
    outer loop
      vertex   7.731258e+01 -1.267907e+02 -9.500000e+00
      vertex   7.793965e+01 -1.270505e+02 -9.500000e+00
      vertex   1.732001e+01 -1.295391e+02 -9.500000e+00
    endloop
  endfacet
  facet normal 0.000000e+00 0.000000e+00 -1.000000e+00
    outer loop
      vertex   1.732001e+01 -1.295391e+02 -9.500000e+00
      vertex   7.793965e+01 -1.270505e+02 -9.500000e+00
      vertex   7.861258e+01 -1.271391e+02 -9.500000e+00
    endloop
  endfacet
  facet normal 0.000000e+00 0.000000e+00 -1.000000e+00
    outer loop
      vertex   7.991258e+01 -1.267907e+02 -9.500000e+00
      vertex   8.045105e+01 -1.263775e+02 -9.500000e+00
      vertex   1.399051e+02 -1.295391e+02 -9.500000e+00
    endloop
  endfacet
  facet normal 0.000000e+00 0.000000e+00 -1.000000e+00
    outer loop
      vertex   1.399051e+02 -1.295391e+02 -9.500000e+00
      vertex   8.045105e+01 -1.263775e+02 -9.500000e+00
      vertex   8.086424e+01 -1.258391e+02 -9.500000e+00
    endloop
  endfacet
  facet normal 0.000000e+00 0.000000e+00 -1.000000e+00
    outer loop
      vertex   1.399051e+02 -1.295391e+02 -9.500000e+00
      vertex   8.086424e+01 -1.258391e+02 -9.500000e+00
      vertex   8.112398e+01 -1.252120e+02 -9.500000e+00
    endloop
  endfacet
  facet normal -0.000000e+00 -0.000000e+00 -1.000000e+00
    outer loop
      vertex   1.446535e+02 -8.628196e+01 -9.500000e+00
      vertex   1.450667e+02 -8.682044e+01 -9.500000e+00
      vertex   1.092682e+02 -8.539845e+01 -9.500000e+00
    endloop
  endfacet
  facet normal 0.000000e+00 0.000000e+00 -1.000000e+00
    outer loop
      vertex   1.494165e+02 -4.609779e+01 -9.500000e+00
      vertex   1.491568e+02 -8.368196e+01 -9.500000e+00
      vertex   1.491568e+02 -4.672486e+01 -9.500000e+00
    endloop
  endfacet
  facet normal 0.000000e+00 -0.000000e+00 -1.000000e+00
    outer loop
      vertex   1.491568e+02 -4.672486e+01 -9.500000e+00
      vertex   1.491568e+02 -8.368196e+01 -9.500000e+00
      vertex   1.487436e+02 -8.314348e+01 -9.500000e+00
    endloop
  endfacet
  facet normal 0.000000e+00 0.000000e+00 -1.000000e+00
    outer loop
      vertex   1.491568e+02 -4.672486e+01 -9.500000e+00
      vertex   1.487436e+02 -8.314348e+01 -9.500000e+00
      vertex   1.487436e+02 -4.726334e+01 -9.500000e+00
    endloop
  endfacet
  facet normal 0.000000e+00 -0.000000e+00 -1.000000e+00
    outer loop
      vertex   1.487436e+02 -4.726334e+01 -9.500000e+00
      vertex   1.487436e+02 -8.314348e+01 -9.500000e+00
      vertex   1.482051e+02 -8.273029e+01 -9.500000e+00
    endloop
  endfacet
  facet normal 0.000000e+00 0.000000e+00 -1.000000e+00
    outer loop
      vertex   1.487436e+02 -4.726334e+01 -9.500000e+00
      vertex   1.482051e+02 -8.273029e+01 -9.500000e+00
      vertex   1.482051e+02 -4.767653e+01 -9.500000e+00
    endloop
  endfacet
  facet normal 0.000000e+00 0.000000e+00 -1.000000e+00
    outer loop
      vertex   1.482051e+02 -4.767653e+01 -9.500000e+00
      vertex   1.482051e+02 -8.273029e+01 -9.500000e+00
      vertex   1.475781e+02 -8.247055e+01 -9.500000e+00
    endloop
  endfacet
  facet normal 0.000000e+00 0.000000e+00 -1.000000e+00
    outer loop
      vertex   1.482051e+02 -4.767653e+01 -9.500000e+00
      vertex   1.475781e+02 -8.247055e+01 -9.500000e+00
      vertex   1.475781e+02 -4.793627e+01 -9.500000e+00
    endloop
  endfacet
  facet normal 0.000000e+00 -0.000000e+00 -1.000000e+00
    outer loop
      vertex   1.475781e+02 -4.793627e+01 -9.500000e+00
      vertex   1.475781e+02 -8.247055e+01 -9.500000e+00
      vertex   1.469051e+02 -8.238196e+01 -9.500000e+00
    endloop
  endfacet
  facet normal 0.000000e+00 -0.000000e+00 -1.000000e+00
    outer loop
      vertex   1.422549e+02 -1.224888e+02 -9.500000e+00
      vertex   1.423435e+02 -1.231617e+02 -9.500000e+00
      vertex   1.399051e+02 -1.295391e+02 -9.500000e+00
    endloop
  endfacet
  facet normal 0.000000e+00 0.000000e+00 -1.000000e+00
    outer loop
      vertex   1.399051e+02 -1.295391e+02 -9.500000e+00
      vertex   1.423435e+02 -1.231617e+02 -9.500000e+00
      vertex   1.426032e+02 -1.237888e+02 -9.500000e+00
    endloop
  endfacet
  facet normal 0.000000e+00 0.000000e+00 -1.000000e+00
    outer loop
      vertex   1.399051e+02 -1.295391e+02 -9.500000e+00
      vertex   1.426032e+02 -1.237888e+02 -9.500000e+00
      vertex   1.430164e+02 -1.243273e+02 -9.500000e+00
    endloop
  endfacet
  facet normal 0.000000e+00 -0.000000e+00 -1.000000e+00
    outer loop
      vertex   1.430164e+02 -1.243273e+02 -9.500000e+00
      vertex   1.435549e+02 -1.247405e+02 -9.500000e+00
      vertex   1.399051e+02 -1.295391e+02 -9.500000e+00
    endloop
  endfacet
  facet normal -0.000000e+00 0.000000e+00 -1.000000e+00
    outer loop
      vertex   1.448549e+02 -1.198888e+02 -9.500000e+00
      vertex   1.441820e+02 -1.199774e+02 -9.500000e+00
      vertex   1.519051e+02 -1.175391e+02 -9.500000e+00
    endloop
  endfacet
  facet normal 0.000000e+00 -0.000000e+00 -1.000000e+00
    outer loop
      vertex   8.068347e+00 -8.628196e+01 -9.500000e+00
      vertex   8.481535e+00 -8.682044e+01 -9.500000e+00
      vertex   5.320013e+00 -1.175391e+02 -9.500000e+00
    endloop
  endfacet
  facet normal 0.000000e+00 0.000000e+00 -1.000000e+00
    outer loop
      vertex   5.320013e+00 -1.175391e+02 -9.500000e+00
      vertex   8.481535e+00 -8.682044e+01 -9.500000e+00
      vertex   9.020013e+00 -8.723362e+01 -9.500000e+00
    endloop
  endfacet
  facet normal 0.000000e+00 0.000000e+00 -1.000000e+00
    outer loop
      vertex   5.320013e+00 -1.175391e+02 -9.500000e+00
      vertex   9.020013e+00 -8.723362e+01 -9.500000e+00
      vertex   9.647083e+00 -8.749337e+01 -9.500000e+00
    endloop
  endfacet
  facet normal 0.000000e+00 -0.000000e+00 -1.000000e+00
    outer loop
      vertex   9.647083e+00 -8.749337e+01 -9.500000e+00
      vertex   1.032001e+01 -8.758196e+01 -9.500000e+00
      vertex   5.320013e+00 -1.175391e+02 -9.500000e+00
    endloop
  endfacet
  facet normal 0.000000e+00 0.000000e+00 -1.000000e+00
    outer loop
      vertex   5.320013e+00 -1.175391e+02 -9.500000e+00
      vertex   1.032001e+01 -8.758196e+01 -9.500000e+00
      vertex   1.099294e+01 -8.749337e+01 -9.500000e+00
    endloop
  endfacet
  facet normal 0.000000e+00 0.000000e+00 -1.000000e+00
    outer loop
      vertex   1.462193e+01 -1.237888e+02 -9.500000e+00
      vertex   1.488167e+01 -1.231617e+02 -9.500000e+00
      vertex   1.732001e+01 -1.295391e+02 -9.500000e+00
    endloop
  endfacet
  facet normal 0.000000e+00 0.000000e+00 -1.000000e+00
    outer loop
      vertex   1.732001e+01 -1.295391e+02 -9.500000e+00
      vertex   1.488167e+01 -1.231617e+02 -9.500000e+00
      vertex   1.497027e+01 -1.224888e+02 -9.500000e+00
    endloop
  endfacet
  facet normal 9.914449e-01 1.305262e-01 0.000000e+00
    outer loop
      vertex   1.140434e+01 -1.227476e+02 -7.500000e+00
      vertex   1.140434e+01 -1.227476e+02 -7.900000e+00
      vertex   1.137027e+01 -1.224888e+02 -7.500000e+00
    endloop
  endfacet
  facet normal 9.914449e-01 1.305262e-01 0.000000e+00
    outer loop
      vertex   1.137027e+01 -1.224888e+02 -7.500000e+00
      vertex   1.140434e+01 -1.227476e+02 -7.900000e+00
      vertex   1.137027e+01 -1.224888e+02 -7.900000e+00
    endloop
  endfacet
  facet normal 9.914449e-01 -1.305262e-01 0.000000e+00
    outer loop
      vertex   1.137027e+01 -1.224888e+02 -7.500000e+00
      vertex   1.137027e+01 -1.224888e+02 -7.900000e+00
      vertex   1.140434e+01 -1.222300e+02 -7.500000e+00
    endloop
  endfacet
  facet normal 9.914449e-01 -1.305262e-01 0.000000e+00
    outer loop
      vertex   1.140434e+01 -1.222300e+02 -7.500000e+00
      vertex   1.137027e+01 -1.224888e+02 -7.900000e+00
      vertex   1.140434e+01 -1.222300e+02 -7.900000e+00
    endloop
  endfacet
  facet normal 9.238795e-01 -3.826834e-01 0.000000e+00
    outer loop
      vertex   1.140434e+01 -1.222300e+02 -7.500000e+00
      vertex   1.140434e+01 -1.222300e+02 -7.900000e+00
      vertex   1.150424e+01 -1.219888e+02 -7.500000e+00
    endloop
  endfacet
  facet normal 9.238795e-01 -3.826834e-01 4.102849e-15
    outer loop
      vertex   1.150424e+01 -1.219888e+02 -7.500000e+00
      vertex   1.140434e+01 -1.222300e+02 -7.900000e+00
      vertex   1.150424e+01 -1.219888e+02 -7.900000e+00
    endloop
  endfacet
  facet normal 7.933533e-01 -6.087614e-01 3.523197e-15
    outer loop
      vertex   1.150424e+01 -1.219888e+02 -7.500000e+00
      vertex   1.150424e+01 -1.219888e+02 -7.900000e+00
      vertex   1.166316e+01 -1.217817e+02 -7.500000e+00
    endloop
  endfacet
  facet normal 7.933533e-01 -6.087614e-01 0.000000e+00
    outer loop
      vertex   1.166316e+01 -1.217817e+02 -7.500000e+00
      vertex   1.150424e+01 -1.219888e+02 -7.900000e+00
      vertex   1.166316e+01 -1.217817e+02 -7.900000e+00
    endloop
  endfacet
  facet normal 6.087614e-01 -7.933533e-01 0.000000e+00
    outer loop
      vertex   1.166316e+01 -1.217817e+02 -7.500000e+00
      vertex   1.166316e+01 -1.217817e+02 -7.900000e+00
      vertex   1.187027e+01 -1.216228e+02 -7.500000e+00
    endloop
  endfacet
  facet normal 6.087614e-01 -7.933533e-01 2.703444e-15
    outer loop
      vertex   1.187027e+01 -1.216228e+02 -7.500000e+00
      vertex   1.166316e+01 -1.217817e+02 -7.900000e+00
      vertex   1.187027e+01 -1.216228e+02 -7.900000e+00
    endloop
  endfacet
  facet normal 3.826834e-01 -9.238795e-01 1.699456e-15
    outer loop
      vertex   1.187027e+01 -1.216228e+02 -7.500000e+00
      vertex   1.187027e+01 -1.216228e+02 -7.900000e+00
      vertex   1.211145e+01 -1.215229e+02 -7.500000e+00
    endloop
  endfacet
  facet normal 3.826834e-01 -9.238795e-01 0.000000e+00
    outer loop
      vertex   1.211145e+01 -1.215229e+02 -7.500000e+00
      vertex   1.187027e+01 -1.216228e+02 -7.900000e+00
      vertex   1.211145e+01 -1.215229e+02 -7.900000e+00
    endloop
  endfacet
  facet normal 1.305262e-01 -9.914449e-01 0.000000e+00
    outer loop
      vertex   1.211145e+01 -1.215229e+02 -7.500000e+00
      vertex   1.211145e+01 -1.215229e+02 -7.900000e+00
      vertex   1.237027e+01 -1.214888e+02 -7.500000e+00
    endloop
  endfacet
  facet normal 1.305262e-01 -9.914449e-01 0.000000e+00
    outer loop
      vertex   1.237027e+01 -1.214888e+02 -7.500000e+00
      vertex   1.211145e+01 -1.215229e+02 -7.900000e+00
      vertex   1.237027e+01 -1.214888e+02 -7.900000e+00
    endloop
  endfacet
  facet normal -1.305262e-01 -9.914449e-01 -0.000000e+00
    outer loop
      vertex   1.237027e+01 -1.214888e+02 -7.500000e+00
      vertex   1.237027e+01 -1.214888e+02 -7.900000e+00
      vertex   1.262908e+01 -1.215229e+02 -7.500000e+00
    endloop
  endfacet
  facet normal -1.305262e-01 -9.914449e-01 -0.000000e+00
    outer loop
      vertex   1.262908e+01 -1.215229e+02 -7.500000e+00
      vertex   1.237027e+01 -1.214888e+02 -7.900000e+00
      vertex   1.262908e+01 -1.215229e+02 -7.900000e+00
    endloop
  endfacet
  facet normal -3.826834e-01 -9.238795e-01 -0.000000e+00
    outer loop
      vertex   1.262908e+01 -1.215229e+02 -7.500000e+00
      vertex   1.262908e+01 -1.215229e+02 -7.900000e+00
      vertex   1.287027e+01 -1.216228e+02 -7.500000e+00
    endloop
  endfacet
  facet normal -3.826834e-01 -9.238795e-01 -1.699456e-15
    outer loop
      vertex   1.287027e+01 -1.216228e+02 -7.500000e+00
      vertex   1.262908e+01 -1.215229e+02 -7.900000e+00
      vertex   1.287027e+01 -1.216228e+02 -7.900000e+00
    endloop
  endfacet
  facet normal -6.087614e-01 -7.933533e-01 -2.703444e-15
    outer loop
      vertex   1.287027e+01 -1.216228e+02 -7.500000e+00
      vertex   1.287027e+01 -1.216228e+02 -7.900000e+00
      vertex   1.307737e+01 -1.217817e+02 -7.500000e+00
    endloop
  endfacet
  facet normal -6.087614e-01 -7.933533e-01 -0.000000e+00
    outer loop
      vertex   1.307737e+01 -1.217817e+02 -7.500000e+00
      vertex   1.287027e+01 -1.216228e+02 -7.900000e+00
      vertex   1.307737e+01 -1.217817e+02 -7.900000e+00
    endloop
  endfacet
  facet normal -7.933533e-01 -6.087614e-01 -0.000000e+00
    outer loop
      vertex   1.307737e+01 -1.217817e+02 -7.500000e+00
      vertex   1.307737e+01 -1.217817e+02 -7.900000e+00
      vertex   1.323629e+01 -1.219888e+02 -7.500000e+00
    endloop
  endfacet
  facet normal -7.933533e-01 -6.087614e-01 -3.523197e-15
    outer loop
      vertex   1.323629e+01 -1.219888e+02 -7.500000e+00
      vertex   1.307737e+01 -1.217817e+02 -7.900000e+00
      vertex   1.323629e+01 -1.219888e+02 -7.900000e+00
    endloop
  endfacet
  facet normal -9.238795e-01 -3.826834e-01 -4.102849e-15
    outer loop
      vertex   1.323629e+01 -1.219888e+02 -7.500000e+00
      vertex   1.323629e+01 -1.219888e+02 -7.900000e+00
      vertex   1.333619e+01 -1.222300e+02 -7.500000e+00
    endloop
  endfacet
  facet normal -9.238795e-01 -3.826834e-01 -0.000000e+00
    outer loop
      vertex   1.333619e+01 -1.222300e+02 -7.500000e+00
      vertex   1.323629e+01 -1.219888e+02 -7.900000e+00
      vertex   1.333619e+01 -1.222300e+02 -7.900000e+00
    endloop
  endfacet
  facet normal -9.914449e-01 -1.305262e-01 -0.000000e+00
    outer loop
      vertex   1.333619e+01 -1.222300e+02 -7.500000e+00
      vertex   1.333619e+01 -1.222300e+02 -7.900000e+00
      vertex   1.337027e+01 -1.224888e+02 -7.500000e+00
    endloop
  endfacet
  facet normal -9.914449e-01 -1.305262e-01 -0.000000e+00
    outer loop
      vertex   1.337027e+01 -1.224888e+02 -7.500000e+00
      vertex   1.333619e+01 -1.222300e+02 -7.900000e+00
      vertex   1.337027e+01 -1.224888e+02 -7.900000e+00
    endloop
  endfacet
  facet normal -9.914449e-01 1.305262e-01 0.000000e+00
    outer loop
      vertex   1.337027e+01 -1.224888e+02 -7.500000e+00
      vertex   1.337027e+01 -1.224888e+02 -7.900000e+00
      vertex   1.333619e+01 -1.227476e+02 -7.500000e+00
    endloop
  endfacet
  facet normal -9.914449e-01 1.305262e-01 0.000000e+00
    outer loop
      vertex   1.333619e+01 -1.227476e+02 -7.500000e+00
      vertex   1.337027e+01 -1.224888e+02 -7.900000e+00
      vertex   1.333619e+01 -1.227476e+02 -7.900000e+00
    endloop
  endfacet
  facet normal -9.238795e-01 3.826834e-01 0.000000e+00
    outer loop
      vertex   1.333619e+01 -1.227476e+02 -7.500000e+00
      vertex   1.333619e+01 -1.227476e+02 -7.900000e+00
      vertex   1.323629e+01 -1.229888e+02 -7.500000e+00
    endloop
  endfacet
  facet normal -9.238795e-01 3.826834e-01 4.102849e-15
    outer loop
      vertex   1.323629e+01 -1.229888e+02 -7.500000e+00
      vertex   1.333619e+01 -1.227476e+02 -7.900000e+00
      vertex   1.323629e+01 -1.229888e+02 -7.900000e+00
    endloop
  endfacet
  facet normal -7.933533e-01 6.087614e-01 3.523197e-15
    outer loop
      vertex   1.323629e+01 -1.229888e+02 -7.500000e+00
      vertex   1.323629e+01 -1.229888e+02 -7.900000e+00
      vertex   1.307737e+01 -1.231959e+02 -7.500000e+00
    endloop
  endfacet
  facet normal -7.933533e-01 6.087614e-01 0.000000e+00
    outer loop
      vertex   1.307737e+01 -1.231959e+02 -7.500000e+00
      vertex   1.323629e+01 -1.229888e+02 -7.900000e+00
      vertex   1.307737e+01 -1.231959e+02 -7.900000e+00
    endloop
  endfacet
  facet normal -6.087614e-01 7.933533e-01 0.000000e+00
    outer loop
      vertex   1.307737e+01 -1.231959e+02 -7.500000e+00
      vertex   1.307737e+01 -1.231959e+02 -7.900000e+00
      vertex   1.287027e+01 -1.233548e+02 -7.500000e+00
    endloop
  endfacet
  facet normal -6.087614e-01 7.933533e-01 2.703444e-15
    outer loop
      vertex   1.287027e+01 -1.233548e+02 -7.500000e+00
      vertex   1.307737e+01 -1.231959e+02 -7.900000e+00
      vertex   1.287027e+01 -1.233548e+02 -7.900000e+00
    endloop
  endfacet
  facet normal -3.826834e-01 9.238795e-01 1.699456e-15
    outer loop
      vertex   1.287027e+01 -1.233548e+02 -7.500000e+00
      vertex   1.287027e+01 -1.233548e+02 -7.900000e+00
      vertex   1.262908e+01 -1.234547e+02 -7.500000e+00
    endloop
  endfacet
  facet normal -3.826834e-01 9.238795e-01 0.000000e+00
    outer loop
      vertex   1.262908e+01 -1.234547e+02 -7.500000e+00
      vertex   1.287027e+01 -1.233548e+02 -7.900000e+00
      vertex   1.262908e+01 -1.234547e+02 -7.900000e+00
    endloop
  endfacet
  facet normal -1.305262e-01 9.914449e-01 0.000000e+00
    outer loop
      vertex   1.262908e+01 -1.234547e+02 -7.500000e+00
      vertex   1.262908e+01 -1.234547e+02 -7.900000e+00
      vertex   1.237027e+01 -1.234888e+02 -7.500000e+00
    endloop
  endfacet
  facet normal -1.305262e-01 9.914449e-01 0.000000e+00
    outer loop
      vertex   1.237027e+01 -1.234888e+02 -7.500000e+00
      vertex   1.262908e+01 -1.234547e+02 -7.900000e+00
      vertex   1.237027e+01 -1.234888e+02 -7.900000e+00
    endloop
  endfacet
  facet normal 1.305262e-01 9.914449e-01 0.000000e+00
    outer loop
      vertex   1.237027e+01 -1.234888e+02 -7.500000e+00
      vertex   1.237027e+01 -1.234888e+02 -7.900000e+00
      vertex   1.211145e+01 -1.234547e+02 -7.500000e+00
    endloop
  endfacet
  facet normal 1.305262e-01 9.914449e-01 0.000000e+00
    outer loop
      vertex   1.211145e+01 -1.234547e+02 -7.500000e+00
      vertex   1.237027e+01 -1.234888e+02 -7.900000e+00
      vertex   1.211145e+01 -1.234547e+02 -7.900000e+00
    endloop
  endfacet
  facet normal 3.826834e-01 9.238795e-01 0.000000e+00
    outer loop
      vertex   1.211145e+01 -1.234547e+02 -7.500000e+00
      vertex   1.211145e+01 -1.234547e+02 -7.900000e+00
      vertex   1.187027e+01 -1.233548e+02 -7.500000e+00
    endloop
  endfacet
  facet normal 3.826834e-01 9.238795e-01 -1.699456e-15
    outer loop
      vertex   1.187027e+01 -1.233548e+02 -7.500000e+00
      vertex   1.211145e+01 -1.234547e+02 -7.900000e+00
      vertex   1.187027e+01 -1.233548e+02 -7.900000e+00
    endloop
  endfacet
  facet normal 6.087614e-01 7.933533e-01 -2.703444e-15
    outer loop
      vertex   1.187027e+01 -1.233548e+02 -7.500000e+00
      vertex   1.187027e+01 -1.233548e+02 -7.900000e+00
      vertex   1.166316e+01 -1.231959e+02 -7.500000e+00
    endloop
  endfacet
  facet normal 6.087614e-01 7.933533e-01 0.000000e+00
    outer loop
      vertex   1.166316e+01 -1.231959e+02 -7.500000e+00
      vertex   1.187027e+01 -1.233548e+02 -7.900000e+00
      vertex   1.166316e+01 -1.231959e+02 -7.900000e+00
    endloop
  endfacet
  facet normal 7.933533e-01 6.087614e-01 0.000000e+00
    outer loop
      vertex   1.166316e+01 -1.231959e+02 -7.500000e+00
      vertex   1.166316e+01 -1.231959e+02 -7.900000e+00
      vertex   1.150424e+01 -1.229888e+02 -7.500000e+00
    endloop
  endfacet
  facet normal 7.933533e-01 6.087614e-01 -3.523197e-15
    outer loop
      vertex   1.150424e+01 -1.229888e+02 -7.500000e+00
      vertex   1.166316e+01 -1.231959e+02 -7.900000e+00
      vertex   1.150424e+01 -1.229888e+02 -7.900000e+00
    endloop
  endfacet
  facet normal 9.238795e-01 3.826834e-01 -4.102849e-15
    outer loop
      vertex   1.150424e+01 -1.229888e+02 -7.500000e+00
      vertex   1.150424e+01 -1.229888e+02 -7.900000e+00
      vertex   1.140434e+01 -1.227476e+02 -7.500000e+00
    endloop
  endfacet
  facet normal 9.238795e-01 3.826834e-01 0.000000e+00
    outer loop
      vertex   1.140434e+01 -1.227476e+02 -7.500000e+00
      vertex   1.150424e+01 -1.229888e+02 -7.900000e+00
      vertex   1.140434e+01 -1.227476e+02 -7.900000e+00
    endloop
  endfacet
  facet normal 7.040626e-01 9.269160e-02 -7.040626e-01
    outer loop
      vertex   9.354087e+00 -4.568368e+01 -7.900000e+00
      vertex   7.808606e+00 -4.609779e+01 -9.500000e+00
      vertex   9.320013e+00 -4.542486e+01 -7.900000e+00
    endloop
  endfacet
  facet normal 7.040626e-01 9.269160e-02 -7.040626e-01
    outer loop
      vertex   9.320013e+00 -4.542486e+01 -7.900000e+00
      vertex   7.808606e+00 -4.609779e+01 -9.500000e+00
      vertex   7.720013e+00 -4.542486e+01 -9.500000e+00
    endloop
  endfacet
  facet normal 7.040626e-01 -9.269160e-02 -7.040626e-01
    outer loop
      vertex   9.320013e+00 -4.542486e+01 -7.900000e+00
      vertex   7.720013e+00 -4.542486e+01 -9.500000e+00
      vertex   9.354087e+00 -4.516604e+01 -7.900000e+00
    endloop
  endfacet
  facet normal 7.040626e-01 -9.269160e-02 -7.040626e-01
    outer loop
      vertex   9.354087e+00 -4.516604e+01 -7.900000e+00
      vertex   7.720013e+00 -4.542486e+01 -9.500000e+00
      vertex   7.808606e+00 -4.475193e+01 -9.500000e+00
    endloop
  endfacet
  facet normal 6.560819e-01 -2.717580e-01 -7.040626e-01
    outer loop
      vertex   9.354087e+00 -4.516604e+01 -7.900000e+00
      vertex   7.808606e+00 -4.475193e+01 -9.500000e+00
      vertex   9.453987e+00 -4.492486e+01 -7.900000e+00
    endloop
  endfacet
  facet normal 6.560819e-01 -2.717580e-01 -7.040626e-01
    outer loop
      vertex   9.453987e+00 -4.492486e+01 -7.900000e+00
      vertex   7.808606e+00 -4.475193e+01 -9.500000e+00
      vertex   8.068347e+00 -4.412486e+01 -9.500000e+00
    endloop
  endfacet
  facet normal 5.633903e-01 -4.323046e-01 -7.040626e-01
    outer loop
      vertex   9.453987e+00 -4.492486e+01 -7.900000e+00
      vertex   8.068347e+00 -4.412486e+01 -9.500000e+00
      vertex   9.612906e+00 -4.471775e+01 -7.900000e+00
    endloop
  endfacet
  facet normal 5.633903e-01 -4.323046e-01 -7.040626e-01
    outer loop
      vertex   9.612906e+00 -4.471775e+01 -7.900000e+00
      vertex   8.068347e+00 -4.412486e+01 -9.500000e+00
      vertex   8.481535e+00 -4.358638e+01 -9.500000e+00
    endloop
  endfacet
  facet normal 4.323046e-01 -5.633903e-01 -7.040626e-01
    outer loop
      vertex   9.612906e+00 -4.471775e+01 -7.900000e+00
      vertex   8.481535e+00 -4.358638e+01 -9.500000e+00
      vertex   9.820013e+00 -4.455883e+01 -7.900000e+00
    endloop
  endfacet
  facet normal 4.323046e-01 -5.633903e-01 -7.040626e-01
    outer loop
      vertex   9.820013e+00 -4.455883e+01 -7.900000e+00
      vertex   8.481535e+00 -4.358638e+01 -9.500000e+00
      vertex   9.020013e+00 -4.317319e+01 -9.500000e+00
    endloop
  endfacet
  facet normal 2.717580e-01 -6.560819e-01 -7.040626e-01
    outer loop
      vertex   9.820013e+00 -4.455883e+01 -7.900000e+00
      vertex   9.020013e+00 -4.317319e+01 -9.500000e+00
      vertex   1.006119e+01 -4.445893e+01 -7.900000e+00
    endloop
  endfacet
  facet normal 2.717580e-01 -6.560819e-01 -7.040626e-01
    outer loop
      vertex   1.006119e+01 -4.445893e+01 -7.900000e+00
      vertex   9.020013e+00 -4.317319e+01 -9.500000e+00
      vertex   9.647083e+00 -4.291345e+01 -9.500000e+00
    endloop
  endfacet
  facet normal 9.269160e-02 -7.040626e-01 -7.040626e-01
    outer loop
      vertex   1.006119e+01 -4.445893e+01 -7.900000e+00
      vertex   9.647083e+00 -4.291345e+01 -9.500000e+00
      vertex   1.032001e+01 -4.442486e+01 -7.900000e+00
    endloop
  endfacet
  facet normal 9.269160e-02 -7.040626e-01 -7.040626e-01
    outer loop
      vertex   1.032001e+01 -4.442486e+01 -7.900000e+00
      vertex   9.647083e+00 -4.291345e+01 -9.500000e+00
      vertex   1.032001e+01 -4.282486e+01 -9.500000e+00
    endloop
  endfacet
  facet normal -9.269160e-02 -7.040626e-01 -7.040626e-01
    outer loop
      vertex   1.032001e+01 -4.442486e+01 -7.900000e+00
      vertex   1.032001e+01 -4.282486e+01 -9.500000e+00
      vertex   1.057883e+01 -4.445893e+01 -7.900000e+00
    endloop
  endfacet
  facet normal -9.269160e-02 -7.040626e-01 -7.040626e-01
    outer loop
      vertex   1.057883e+01 -4.445893e+01 -7.900000e+00
      vertex   1.032001e+01 -4.282486e+01 -9.500000e+00
      vertex   1.099294e+01 -4.291345e+01 -9.500000e+00
    endloop
  endfacet
  facet normal -2.717580e-01 -6.560819e-01 -7.040626e-01
    outer loop
      vertex   1.057883e+01 -4.445893e+01 -7.900000e+00
      vertex   1.099294e+01 -4.291345e+01 -9.500000e+00
      vertex   1.082001e+01 -4.455883e+01 -7.900000e+00
    endloop
  endfacet
  facet normal -2.717580e-01 -6.560819e-01 -7.040626e-01
    outer loop
      vertex   1.082001e+01 -4.455883e+01 -7.900000e+00
      vertex   1.099294e+01 -4.291345e+01 -9.500000e+00
      vertex   1.162001e+01 -4.317319e+01 -9.500000e+00
    endloop
  endfacet
  facet normal -4.323046e-01 -5.633903e-01 -7.040626e-01
    outer loop
      vertex   1.082001e+01 -4.455883e+01 -7.900000e+00
      vertex   1.162001e+01 -4.317319e+01 -9.500000e+00
      vertex   1.102712e+01 -4.471775e+01 -7.900000e+00
    endloop
  endfacet
  facet normal -4.323046e-01 -5.633903e-01 -7.040626e-01
    outer loop
      vertex   1.102712e+01 -4.471775e+01 -7.900000e+00
      vertex   1.162001e+01 -4.317319e+01 -9.500000e+00
      vertex   1.215849e+01 -4.358638e+01 -9.500000e+00
    endloop
  endfacet
  facet normal -5.633903e-01 -4.323046e-01 -7.040626e-01
    outer loop
      vertex   1.102712e+01 -4.471775e+01 -7.900000e+00
      vertex   1.215849e+01 -4.358638e+01 -9.500000e+00
      vertex   1.118604e+01 -4.492486e+01 -7.900000e+00
    endloop
  endfacet
  facet normal -5.633903e-01 -4.323046e-01 -7.040626e-01
    outer loop
      vertex   1.118604e+01 -4.492486e+01 -7.900000e+00
      vertex   1.215849e+01 -4.358638e+01 -9.500000e+00
      vertex   1.257168e+01 -4.412486e+01 -9.500000e+00
    endloop
  endfacet
  facet normal -6.560819e-01 -2.717580e-01 -7.040626e-01
    outer loop
      vertex   1.118604e+01 -4.492486e+01 -7.900000e+00
      vertex   1.257168e+01 -4.412486e+01 -9.500000e+00
      vertex   1.128594e+01 -4.516604e+01 -7.900000e+00
    endloop
  endfacet
  facet normal -6.560819e-01 -2.717580e-01 -7.040626e-01
    outer loop
      vertex   1.128594e+01 -4.516604e+01 -7.900000e+00
      vertex   1.257168e+01 -4.412486e+01 -9.500000e+00
      vertex   1.283142e+01 -4.475193e+01 -9.500000e+00
    endloop
  endfacet
  facet normal -7.040626e-01 -9.269160e-02 -7.040626e-01
    outer loop
      vertex   1.128594e+01 -4.516604e+01 -7.900000e+00
      vertex   1.283142e+01 -4.475193e+01 -9.500000e+00
      vertex   1.132001e+01 -4.542486e+01 -7.900000e+00
    endloop
  endfacet
  facet normal -7.040626e-01 -9.269160e-02 -7.040626e-01
    outer loop
      vertex   1.132001e+01 -4.542486e+01 -7.900000e+00
      vertex   1.283142e+01 -4.475193e+01 -9.500000e+00
      vertex   1.292001e+01 -4.542486e+01 -9.500000e+00
    endloop
  endfacet
  facet normal -7.040626e-01 9.269160e-02 -7.040626e-01
    outer loop
      vertex   1.132001e+01 -4.542486e+01 -7.900000e+00
      vertex   1.292001e+01 -4.542486e+01 -9.500000e+00
      vertex   1.128594e+01 -4.568368e+01 -7.900000e+00
    endloop
  endfacet
  facet normal -7.040626e-01 9.269160e-02 -7.040626e-01
    outer loop
      vertex   1.128594e+01 -4.568368e+01 -7.900000e+00
      vertex   1.292001e+01 -4.542486e+01 -9.500000e+00
      vertex   1.283142e+01 -4.609779e+01 -9.500000e+00
    endloop
  endfacet
  facet normal -6.560819e-01 2.717580e-01 -7.040626e-01
    outer loop
      vertex   1.128594e+01 -4.568368e+01 -7.900000e+00
      vertex   1.283142e+01 -4.609779e+01 -9.500000e+00
      vertex   1.118604e+01 -4.592486e+01 -7.900000e+00
    endloop
  endfacet
  facet normal -6.560819e-01 2.717580e-01 -7.040626e-01
    outer loop
      vertex   1.118604e+01 -4.592486e+01 -7.900000e+00
      vertex   1.283142e+01 -4.609779e+01 -9.500000e+00
      vertex   1.257168e+01 -4.672486e+01 -9.500000e+00
    endloop
  endfacet
  facet normal -5.633903e-01 4.323046e-01 -7.040626e-01
    outer loop
      vertex   1.118604e+01 -4.592486e+01 -7.900000e+00
      vertex   1.257168e+01 -4.672486e+01 -9.500000e+00
      vertex   1.102712e+01 -4.613197e+01 -7.900000e+00
    endloop
  endfacet
  facet normal -5.633903e-01 4.323046e-01 -7.040626e-01
    outer loop
      vertex   1.102712e+01 -4.613197e+01 -7.900000e+00
      vertex   1.257168e+01 -4.672486e+01 -9.500000e+00
      vertex   1.215849e+01 -4.726334e+01 -9.500000e+00
    endloop
  endfacet
  facet normal -4.323046e-01 5.633903e-01 -7.040626e-01
    outer loop
      vertex   1.102712e+01 -4.613197e+01 -7.900000e+00
      vertex   1.215849e+01 -4.726334e+01 -9.500000e+00
      vertex   1.082001e+01 -4.629089e+01 -7.900000e+00
    endloop
  endfacet
  facet normal -4.323046e-01 5.633903e-01 -7.040626e-01
    outer loop
      vertex   1.082001e+01 -4.629089e+01 -7.900000e+00
      vertex   1.215849e+01 -4.726334e+01 -9.500000e+00
      vertex   1.162001e+01 -4.767653e+01 -9.500000e+00
    endloop
  endfacet
  facet normal -2.717580e-01 6.560819e-01 -7.040626e-01
    outer loop
      vertex   1.082001e+01 -4.629089e+01 -7.900000e+00
      vertex   1.162001e+01 -4.767653e+01 -9.500000e+00
      vertex   1.057883e+01 -4.639079e+01 -7.900000e+00
    endloop
  endfacet
  facet normal -2.717580e-01 6.560819e-01 -7.040626e-01
    outer loop
      vertex   1.057883e+01 -4.639079e+01 -7.900000e+00
      vertex   1.162001e+01 -4.767653e+01 -9.500000e+00
      vertex   1.099294e+01 -4.793627e+01 -9.500000e+00
    endloop
  endfacet
  facet normal -9.269160e-02 7.040626e-01 -7.040626e-01
    outer loop
      vertex   1.057883e+01 -4.639079e+01 -7.900000e+00
      vertex   1.099294e+01 -4.793627e+01 -9.500000e+00
      vertex   1.032001e+01 -4.642486e+01 -7.900000e+00
    endloop
  endfacet
  facet normal -9.269160e-02 7.040626e-01 -7.040626e-01
    outer loop
      vertex   1.032001e+01 -4.642486e+01 -7.900000e+00
      vertex   1.099294e+01 -4.793627e+01 -9.500000e+00
      vertex   1.032001e+01 -4.802486e+01 -9.500000e+00
    endloop
  endfacet
  facet normal 9.269160e-02 7.040626e-01 -7.040626e-01
    outer loop
      vertex   1.032001e+01 -4.642486e+01 -7.900000e+00
      vertex   1.032001e+01 -4.802486e+01 -9.500000e+00
      vertex   1.006119e+01 -4.639079e+01 -7.900000e+00
    endloop
  endfacet
  facet normal 9.269160e-02 7.040626e-01 -7.040626e-01
    outer loop
      vertex   1.006119e+01 -4.639079e+01 -7.900000e+00
      vertex   1.032001e+01 -4.802486e+01 -9.500000e+00
      vertex   9.647083e+00 -4.793627e+01 -9.500000e+00
    endloop
  endfacet
  facet normal 2.717580e-01 6.560819e-01 -7.040626e-01
    outer loop
      vertex   1.006119e+01 -4.639079e+01 -7.900000e+00
      vertex   9.647083e+00 -4.793627e+01 -9.500000e+00
      vertex   9.820013e+00 -4.629089e+01 -7.900000e+00
    endloop
  endfacet
  facet normal 2.717580e-01 6.560819e-01 -7.040626e-01
    outer loop
      vertex   9.820013e+00 -4.629089e+01 -7.900000e+00
      vertex   9.647083e+00 -4.793627e+01 -9.500000e+00
      vertex   9.020013e+00 -4.767653e+01 -9.500000e+00
    endloop
  endfacet
  facet normal 4.323046e-01 5.633903e-01 -7.040626e-01
    outer loop
      vertex   9.820013e+00 -4.629089e+01 -7.900000e+00
      vertex   9.020013e+00 -4.767653e+01 -9.500000e+00
      vertex   9.612906e+00 -4.613197e+01 -7.900000e+00
    endloop
  endfacet
  facet normal 4.323046e-01 5.633903e-01 -7.040626e-01
    outer loop
      vertex   9.612906e+00 -4.613197e+01 -7.900000e+00
      vertex   9.020013e+00 -4.767653e+01 -9.500000e+00
      vertex   8.481535e+00 -4.726334e+01 -9.500000e+00
    endloop
  endfacet
  facet normal 5.633903e-01 4.323046e-01 -7.040626e-01
    outer loop
      vertex   9.612906e+00 -4.613197e+01 -7.900000e+00
      vertex   8.481535e+00 -4.726334e+01 -9.500000e+00
      vertex   9.453987e+00 -4.592486e+01 -7.900000e+00
    endloop
  endfacet
  facet normal 5.633903e-01 4.323046e-01 -7.040626e-01
    outer loop
      vertex   9.453987e+00 -4.592486e+01 -7.900000e+00
      vertex   8.481535e+00 -4.726334e+01 -9.500000e+00
      vertex   8.068347e+00 -4.672486e+01 -9.500000e+00
    endloop
  endfacet
  facet normal 6.560819e-01 2.717580e-01 -7.040626e-01
    outer loop
      vertex   9.453987e+00 -4.592486e+01 -7.900000e+00
      vertex   8.068347e+00 -4.672486e+01 -9.500000e+00
      vertex   9.354087e+00 -4.568368e+01 -7.900000e+00
    endloop
  endfacet
  facet normal 6.560819e-01 2.717580e-01 -7.040626e-01
    outer loop
      vertex   9.354087e+00 -4.568368e+01 -7.900000e+00
      vertex   8.068347e+00 -4.672486e+01 -9.500000e+00
      vertex   7.808606e+00 -4.609779e+01 -9.500000e+00
    endloop
  endfacet
  facet normal 9.914449e-01 1.305262e-01 4.637222e-15
    outer loop
      vertex   9.354087e+00 -4.568368e+01 -7.500000e+00
      vertex   9.354087e+00 -4.568368e+01 -7.900000e+00
      vertex   9.320013e+00 -4.542486e+01 -7.500000e+00
    endloop
  endfacet
  facet normal 9.914449e-01 1.305262e-01 0.000000e+00
    outer loop
      vertex   9.320013e+00 -4.542486e+01 -7.500000e+00
      vertex   9.354087e+00 -4.568368e+01 -7.900000e+00
      vertex   9.320013e+00 -4.542486e+01 -7.900000e+00
    endloop
  endfacet
  facet normal 9.914449e-01 -1.305262e-01 0.000000e+00
    outer loop
      vertex   9.320013e+00 -4.542486e+01 -7.500000e+00
      vertex   9.320013e+00 -4.542486e+01 -7.900000e+00
      vertex   9.354087e+00 -4.516604e+01 -7.500000e+00
    endloop
  endfacet
  facet normal 9.914449e-01 -1.305262e-01 -2.318611e-15
    outer loop
      vertex   9.354087e+00 -4.516604e+01 -7.500000e+00
      vertex   9.320013e+00 -4.542486e+01 -7.900000e+00
      vertex   9.354087e+00 -4.516604e+01 -7.900000e+00
    endloop
  endfacet
  facet normal 9.238795e-01 -3.826834e-01 -6.797823e-15
    outer loop
      vertex   9.354087e+00 -4.516604e+01 -7.500000e+00
      vertex   9.354087e+00 -4.516604e+01 -7.900000e+00
      vertex   9.453987e+00 -4.492486e+01 -7.500000e+00
    endloop
  endfacet
  facet normal 9.238795e-01 -3.826834e-01 0.000000e+00
    outer loop
      vertex   9.453987e+00 -4.492486e+01 -7.500000e+00
      vertex   9.354087e+00 -4.516604e+01 -7.900000e+00
      vertex   9.453987e+00 -4.492486e+01 -7.900000e+00
    endloop
  endfacet
  facet normal 7.933533e-01 -6.087614e-01 0.000000e+00
    outer loop
      vertex   9.453987e+00 -4.492486e+01 -7.500000e+00
      vertex   9.453987e+00 -4.492486e+01 -7.900000e+00
      vertex   9.612906e+00 -4.471775e+01 -7.500000e+00
    endloop
  endfacet
  facet normal 7.933533e-01 -6.087614e-01 0.000000e+00
    outer loop
      vertex   9.612906e+00 -4.471775e+01 -7.500000e+00
      vertex   9.453987e+00 -4.492486e+01 -7.900000e+00
      vertex   9.612906e+00 -4.471775e+01 -7.900000e+00
    endloop
  endfacet
  facet normal 6.087614e-01 -7.933533e-01 0.000000e+00
    outer loop
      vertex   9.612906e+00 -4.471775e+01 -7.500000e+00
      vertex   9.612906e+00 -4.471775e+01 -7.900000e+00
      vertex   9.820013e+00 -4.455883e+01 -7.500000e+00
    endloop
  endfacet
  facet normal 6.087614e-01 -7.933533e-01 2.703444e-15
    outer loop
      vertex   9.820013e+00 -4.455883e+01 -7.500000e+00
      vertex   9.612906e+00 -4.471775e+01 -7.900000e+00
      vertex   9.820013e+00 -4.455883e+01 -7.900000e+00
    endloop
  endfacet
  facet normal 3.826834e-01 -9.238795e-01 1.699456e-15
    outer loop
      vertex   9.820013e+00 -4.455883e+01 -7.500000e+00
      vertex   9.820013e+00 -4.455883e+01 -7.900000e+00
      vertex   1.006119e+01 -4.445893e+01 -7.500000e+00
    endloop
  endfacet
  facet normal 3.826834e-01 -9.238795e-01 0.000000e+00
    outer loop
      vertex   1.006119e+01 -4.445893e+01 -7.500000e+00
      vertex   9.820013e+00 -4.455883e+01 -7.900000e+00
      vertex   1.006119e+01 -4.445893e+01 -7.900000e+00
    endloop
  endfacet
  facet normal 1.305262e-01 -9.914449e-01 0.000000e+00
    outer loop
      vertex   1.006119e+01 -4.445893e+01 -7.500000e+00
      vertex   1.006119e+01 -4.445893e+01 -7.900000e+00
      vertex   1.032001e+01 -4.442486e+01 -7.500000e+00
    endloop
  endfacet
  facet normal 1.305262e-01 -9.914449e-01 0.000000e+00
    outer loop
      vertex   1.032001e+01 -4.442486e+01 -7.500000e+00
      vertex   1.006119e+01 -4.445893e+01 -7.900000e+00
      vertex   1.032001e+01 -4.442486e+01 -7.900000e+00
    endloop
  endfacet
  facet normal -1.305262e-01 -9.914449e-01 -0.000000e+00
    outer loop
      vertex   1.032001e+01 -4.442486e+01 -7.500000e+00
      vertex   1.032001e+01 -4.442486e+01 -7.900000e+00
      vertex   1.057883e+01 -4.445893e+01 -7.500000e+00
    endloop
  endfacet
  facet normal -1.305262e-01 -9.914449e-01 -0.000000e+00
    outer loop
      vertex   1.057883e+01 -4.445893e+01 -7.500000e+00
      vertex   1.032001e+01 -4.442486e+01 -7.900000e+00
      vertex   1.057883e+01 -4.445893e+01 -7.900000e+00
    endloop
  endfacet
  facet normal -3.826834e-01 -9.238795e-01 -0.000000e+00
    outer loop
      vertex   1.057883e+01 -4.445893e+01 -7.500000e+00
      vertex   1.057883e+01 -4.445893e+01 -7.900000e+00
      vertex   1.082001e+01 -4.455883e+01 -7.500000e+00
    endloop
  endfacet
  facet normal -3.826834e-01 -9.238795e-01 -1.699456e-15
    outer loop
      vertex   1.082001e+01 -4.455883e+01 -7.500000e+00
      vertex   1.057883e+01 -4.445893e+01 -7.900000e+00
      vertex   1.082001e+01 -4.455883e+01 -7.900000e+00
    endloop
  endfacet
  facet normal -6.087614e-01 -7.933533e-01 -2.703444e-15
    outer loop
      vertex   1.082001e+01 -4.455883e+01 -7.500000e+00
      vertex   1.082001e+01 -4.455883e+01 -7.900000e+00
      vertex   1.102712e+01 -4.471775e+01 -7.500000e+00
    endloop
  endfacet
  facet normal -6.087614e-01 -7.933533e-01 -0.000000e+00
    outer loop
      vertex   1.102712e+01 -4.471775e+01 -7.500000e+00
      vertex   1.082001e+01 -4.455883e+01 -7.900000e+00
      vertex   1.102712e+01 -4.471775e+01 -7.900000e+00
    endloop
  endfacet
  facet normal -7.933533e-01 -6.087614e-01 -0.000000e+00
    outer loop
      vertex   1.102712e+01 -4.471775e+01 -7.500000e+00
      vertex   1.102712e+01 -4.471775e+01 -7.900000e+00
      vertex   1.118604e+01 -4.492486e+01 -7.500000e+00
    endloop
  endfacet
  facet normal -7.933533e-01 -6.087614e-01 -0.000000e+00
    outer loop
      vertex   1.118604e+01 -4.492486e+01 -7.500000e+00
      vertex   1.102712e+01 -4.471775e+01 -7.900000e+00
      vertex   1.118604e+01 -4.492486e+01 -7.900000e+00
    endloop
  endfacet
  facet normal -9.238795e-01 -3.826834e-01 -0.000000e+00
    outer loop
      vertex   1.118604e+01 -4.492486e+01 -7.500000e+00
      vertex   1.118604e+01 -4.492486e+01 -7.900000e+00
      vertex   1.128594e+01 -4.516604e+01 -7.500000e+00
    endloop
  endfacet
  facet normal -9.238795e-01 -3.826834e-01 -0.000000e+00
    outer loop
      vertex   1.128594e+01 -4.516604e+01 -7.500000e+00
      vertex   1.118604e+01 -4.492486e+01 -7.900000e+00
      vertex   1.128594e+01 -4.516604e+01 -7.900000e+00
    endloop
  endfacet
  facet normal -9.914449e-01 -1.305262e-01 -0.000000e+00
    outer loop
      vertex   1.128594e+01 -4.516604e+01 -7.500000e+00
      vertex   1.128594e+01 -4.516604e+01 -7.900000e+00
      vertex   1.132001e+01 -4.542486e+01 -7.500000e+00
    endloop
  endfacet
  facet normal -9.914449e-01 -1.305262e-01 -0.000000e+00
    outer loop
      vertex   1.132001e+01 -4.542486e+01 -7.500000e+00
      vertex   1.128594e+01 -4.516604e+01 -7.900000e+00
      vertex   1.132001e+01 -4.542486e+01 -7.900000e+00
    endloop
  endfacet
  facet normal -9.914449e-01 1.305262e-01 0.000000e+00
    outer loop
      vertex   1.132001e+01 -4.542486e+01 -7.500000e+00
      vertex   1.132001e+01 -4.542486e+01 -7.900000e+00
      vertex   1.128594e+01 -4.568368e+01 -7.500000e+00
    endloop
  endfacet
  facet normal -9.914449e-01 1.305262e-01 0.000000e+00
    outer loop
      vertex   1.128594e+01 -4.568368e+01 -7.500000e+00
      vertex   1.132001e+01 -4.542486e+01 -7.900000e+00
      vertex   1.128594e+01 -4.568368e+01 -7.900000e+00
    endloop
  endfacet
  facet normal -9.238795e-01 3.826834e-01 0.000000e+00
    outer loop
      vertex   1.128594e+01 -4.568368e+01 -7.500000e+00
      vertex   1.128594e+01 -4.568368e+01 -7.900000e+00
      vertex   1.118604e+01 -4.592486e+01 -7.500000e+00
    endloop
  endfacet
  facet normal -9.238795e-01 3.826834e-01 0.000000e+00
    outer loop
      vertex   1.118604e+01 -4.592486e+01 -7.500000e+00
      vertex   1.128594e+01 -4.568368e+01 -7.900000e+00
      vertex   1.118604e+01 -4.592486e+01 -7.900000e+00
    endloop
  endfacet
  facet normal -7.933533e-01 6.087614e-01 0.000000e+00
    outer loop
      vertex   1.118604e+01 -4.592486e+01 -7.500000e+00
      vertex   1.118604e+01 -4.592486e+01 -7.900000e+00
      vertex   1.102712e+01 -4.613197e+01 -7.500000e+00
    endloop
  endfacet
  facet normal -7.933533e-01 6.087614e-01 0.000000e+00
    outer loop
      vertex   1.102712e+01 -4.613197e+01 -7.500000e+00
      vertex   1.118604e+01 -4.592486e+01 -7.900000e+00
      vertex   1.102712e+01 -4.613197e+01 -7.900000e+00
    endloop
  endfacet
  facet normal -6.087614e-01 7.933533e-01 0.000000e+00
    outer loop
      vertex   1.102712e+01 -4.613197e+01 -7.500000e+00
      vertex   1.102712e+01 -4.613197e+01 -7.900000e+00
      vertex   1.082001e+01 -4.629089e+01 -7.500000e+00
    endloop
  endfacet
  facet normal -6.087614e-01 7.933533e-01 2.703444e-15
    outer loop
      vertex   1.082001e+01 -4.629089e+01 -7.500000e+00
      vertex   1.102712e+01 -4.613197e+01 -7.900000e+00
      vertex   1.082001e+01 -4.629089e+01 -7.900000e+00
    endloop
  endfacet
  facet normal -3.826834e-01 9.238795e-01 1.699456e-15
    outer loop
      vertex   1.082001e+01 -4.629089e+01 -7.500000e+00
      vertex   1.082001e+01 -4.629089e+01 -7.900000e+00
      vertex   1.057883e+01 -4.639079e+01 -7.500000e+00
    endloop
  endfacet
  facet normal -3.826834e-01 9.238795e-01 0.000000e+00
    outer loop
      vertex   1.057883e+01 -4.639079e+01 -7.500000e+00
      vertex   1.082001e+01 -4.629089e+01 -7.900000e+00
      vertex   1.057883e+01 -4.639079e+01 -7.900000e+00
    endloop
  endfacet
  facet normal -1.305262e-01 9.914449e-01 0.000000e+00
    outer loop
      vertex   1.057883e+01 -4.639079e+01 -7.500000e+00
      vertex   1.057883e+01 -4.639079e+01 -7.900000e+00
      vertex   1.032001e+01 -4.642486e+01 -7.500000e+00
    endloop
  endfacet
  facet normal -1.305262e-01 9.914449e-01 0.000000e+00
    outer loop
      vertex   1.032001e+01 -4.642486e+01 -7.500000e+00
      vertex   1.057883e+01 -4.639079e+01 -7.900000e+00
      vertex   1.032001e+01 -4.642486e+01 -7.900000e+00
    endloop
  endfacet
  facet normal 1.305262e-01 9.914449e-01 0.000000e+00
    outer loop
      vertex   1.032001e+01 -4.642486e+01 -7.500000e+00
      vertex   1.032001e+01 -4.642486e+01 -7.900000e+00
      vertex   1.006119e+01 -4.639079e+01 -7.500000e+00
    endloop
  endfacet
  facet normal 1.305262e-01 9.914449e-01 0.000000e+00
    outer loop
      vertex   1.006119e+01 -4.639079e+01 -7.500000e+00
      vertex   1.032001e+01 -4.642486e+01 -7.900000e+00
      vertex   1.006119e+01 -4.639079e+01 -7.900000e+00
    endloop
  endfacet
  facet normal 3.826834e-01 9.238795e-01 0.000000e+00
    outer loop
      vertex   1.006119e+01 -4.639079e+01 -7.500000e+00
      vertex   1.006119e+01 -4.639079e+01 -7.900000e+00
      vertex   9.820013e+00 -4.629089e+01 -7.500000e+00
    endloop
  endfacet
  facet normal 3.826834e-01 9.238795e-01 -1.699456e-15
    outer loop
      vertex   9.820013e+00 -4.629089e+01 -7.500000e+00
      vertex   1.006119e+01 -4.639079e+01 -7.900000e+00
      vertex   9.820013e+00 -4.629089e+01 -7.900000e+00
    endloop
  endfacet
  facet normal 6.087614e-01 7.933533e-01 -2.703444e-15
    outer loop
      vertex   9.820013e+00 -4.629089e+01 -7.500000e+00
      vertex   9.820013e+00 -4.629089e+01 -7.900000e+00
      vertex   9.612906e+00 -4.613197e+01 -7.500000e+00
    endloop
  endfacet
  facet normal 6.087614e-01 7.933533e-01 0.000000e+00
    outer loop
      vertex   9.612906e+00 -4.613197e+01 -7.500000e+00
      vertex   9.820013e+00 -4.629089e+01 -7.900000e+00
      vertex   9.612906e+00 -4.613197e+01 -7.900000e+00
    endloop
  endfacet
  facet normal 7.933533e-01 6.087614e-01 0.000000e+00
    outer loop
      vertex   9.612906e+00 -4.613197e+01 -7.500000e+00
      vertex   9.612906e+00 -4.613197e+01 -7.900000e+00
      vertex   9.453987e+00 -4.592486e+01 -7.500000e+00
    endloop
  endfacet
  facet normal 7.933533e-01 6.087614e-01 0.000000e+00
    outer loop
      vertex   9.453987e+00 -4.592486e+01 -7.500000e+00
      vertex   9.612906e+00 -4.613197e+01 -7.900000e+00
      vertex   9.453987e+00 -4.592486e+01 -7.900000e+00
    endloop
  endfacet
  facet normal 9.238795e-01 3.826834e-01 0.000000e+00
    outer loop
      vertex   9.453987e+00 -4.592486e+01 -7.500000e+00
      vertex   9.453987e+00 -4.592486e+01 -7.900000e+00
      vertex   9.354087e+00 -4.568368e+01 -7.500000e+00
    endloop
  endfacet
  facet normal 9.238795e-01 3.826834e-01 1.359565e-14
    outer loop
      vertex   9.354087e+00 -4.568368e+01 -7.500000e+00
      vertex   9.453987e+00 -4.592486e+01 -7.900000e+00
      vertex   9.354087e+00 -4.568368e+01 -7.900000e+00
    endloop
  endfacet
  facet normal 7.040626e-01 9.269160e-02 -7.040626e-01
    outer loop
      vertex   9.354087e+00 -8.524078e+01 -7.900000e+00
      vertex   7.808606e+00 -8.565489e+01 -9.500000e+00
      vertex   9.320013e+00 -8.498196e+01 -7.900000e+00
    endloop
  endfacet
  facet normal 7.040626e-01 9.269160e-02 -7.040626e-01
    outer loop
      vertex   9.320013e+00 -8.498196e+01 -7.900000e+00
      vertex   7.808606e+00 -8.565489e+01 -9.500000e+00
      vertex   7.720013e+00 -8.498196e+01 -9.500000e+00
    endloop
  endfacet
  facet normal 7.040626e-01 -9.269160e-02 -7.040626e-01
    outer loop
      vertex   9.320013e+00 -8.498196e+01 -7.900000e+00
      vertex   7.720013e+00 -8.498196e+01 -9.500000e+00
      vertex   9.354087e+00 -8.472314e+01 -7.900000e+00
    endloop
  endfacet
  facet normal 7.040626e-01 -9.269160e-02 -7.040626e-01
    outer loop
      vertex   9.354087e+00 -8.472314e+01 -7.900000e+00
      vertex   7.720013e+00 -8.498196e+01 -9.500000e+00
      vertex   7.808606e+00 -8.430903e+01 -9.500000e+00
    endloop
  endfacet
  facet normal 6.560819e-01 -2.717580e-01 -7.040626e-01
    outer loop
      vertex   9.354087e+00 -8.472314e+01 -7.900000e+00
      vertex   7.808606e+00 -8.430903e+01 -9.500000e+00
      vertex   9.453987e+00 -8.448196e+01 -7.900000e+00
    endloop
  endfacet
  facet normal 6.560819e-01 -2.717580e-01 -7.040626e-01
    outer loop
      vertex   9.453987e+00 -8.448196e+01 -7.900000e+00
      vertex   7.808606e+00 -8.430903e+01 -9.500000e+00
      vertex   8.068347e+00 -8.368196e+01 -9.500000e+00
    endloop
  endfacet
  facet normal 5.633903e-01 -4.323046e-01 -7.040626e-01
    outer loop
      vertex   9.453987e+00 -8.448196e+01 -7.900000e+00
      vertex   8.068347e+00 -8.368196e+01 -9.500000e+00
      vertex   9.612906e+00 -8.427485e+01 -7.900000e+00
    endloop
  endfacet
  facet normal 5.633903e-01 -4.323046e-01 -7.040626e-01
    outer loop
      vertex   9.612906e+00 -8.427485e+01 -7.900000e+00
      vertex   8.068347e+00 -8.368196e+01 -9.500000e+00
      vertex   8.481535e+00 -8.314348e+01 -9.500000e+00
    endloop
  endfacet
  facet normal 4.323046e-01 -5.633903e-01 -7.040626e-01
    outer loop
      vertex   9.612906e+00 -8.427485e+01 -7.900000e+00
      vertex   8.481535e+00 -8.314348e+01 -9.500000e+00
      vertex   9.820013e+00 -8.411593e+01 -7.900000e+00
    endloop
  endfacet
  facet normal 4.323046e-01 -5.633903e-01 -7.040626e-01
    outer loop
      vertex   9.820013e+00 -8.411593e+01 -7.900000e+00
      vertex   8.481535e+00 -8.314348e+01 -9.500000e+00
      vertex   9.020013e+00 -8.273029e+01 -9.500000e+00
    endloop
  endfacet
  facet normal 2.717580e-01 -6.560819e-01 -7.040626e-01
    outer loop
      vertex   9.820013e+00 -8.411593e+01 -7.900000e+00
      vertex   9.020013e+00 -8.273029e+01 -9.500000e+00
      vertex   1.006119e+01 -8.401603e+01 -7.900000e+00
    endloop
  endfacet
  facet normal 2.717580e-01 -6.560819e-01 -7.040626e-01
    outer loop
      vertex   1.006119e+01 -8.401603e+01 -7.900000e+00
      vertex   9.020013e+00 -8.273029e+01 -9.500000e+00
      vertex   9.647083e+00 -8.247055e+01 -9.500000e+00
    endloop
  endfacet
  facet normal 9.269160e-02 -7.040626e-01 -7.040626e-01
    outer loop
      vertex   1.006119e+01 -8.401603e+01 -7.900000e+00
      vertex   9.647083e+00 -8.247055e+01 -9.500000e+00
      vertex   1.032001e+01 -8.398196e+01 -7.900000e+00
    endloop
  endfacet
  facet normal 9.269160e-02 -7.040626e-01 -7.040626e-01
    outer loop
      vertex   1.032001e+01 -8.398196e+01 -7.900000e+00
      vertex   9.647083e+00 -8.247055e+01 -9.500000e+00
      vertex   1.032001e+01 -8.238196e+01 -9.500000e+00
    endloop
  endfacet
  facet normal -9.269160e-02 -7.040626e-01 -7.040626e-01
    outer loop
      vertex   1.032001e+01 -8.398196e+01 -7.900000e+00
      vertex   1.032001e+01 -8.238196e+01 -9.500000e+00
      vertex   1.057883e+01 -8.401603e+01 -7.900000e+00
    endloop
  endfacet
  facet normal -9.269160e-02 -7.040626e-01 -7.040626e-01
    outer loop
      vertex   1.057883e+01 -8.401603e+01 -7.900000e+00
      vertex   1.032001e+01 -8.238196e+01 -9.500000e+00
      vertex   1.099294e+01 -8.247055e+01 -9.500000e+00
    endloop
  endfacet
  facet normal -2.717580e-01 -6.560819e-01 -7.040626e-01
    outer loop
      vertex   1.057883e+01 -8.401603e+01 -7.900000e+00
      vertex   1.099294e+01 -8.247055e+01 -9.500000e+00
      vertex   1.082001e+01 -8.411593e+01 -7.900000e+00
    endloop
  endfacet
  facet normal -2.717580e-01 -6.560819e-01 -7.040626e-01
    outer loop
      vertex   1.082001e+01 -8.411593e+01 -7.900000e+00
      vertex   1.099294e+01 -8.247055e+01 -9.500000e+00
      vertex   1.162001e+01 -8.273029e+01 -9.500000e+00
    endloop
  endfacet
  facet normal -4.323046e-01 -5.633903e-01 -7.040626e-01
    outer loop
      vertex   1.082001e+01 -8.411593e+01 -7.900000e+00
      vertex   1.162001e+01 -8.273029e+01 -9.500000e+00
      vertex   1.102712e+01 -8.427485e+01 -7.900000e+00
    endloop
  endfacet
  facet normal -4.323046e-01 -5.633903e-01 -7.040626e-01
    outer loop
      vertex   1.102712e+01 -8.427485e+01 -7.900000e+00
      vertex   1.162001e+01 -8.273029e+01 -9.500000e+00
      vertex   1.215849e+01 -8.314348e+01 -9.500000e+00
    endloop
  endfacet
  facet normal -5.633903e-01 -4.323046e-01 -7.040626e-01
    outer loop
      vertex   1.102712e+01 -8.427485e+01 -7.900000e+00
      vertex   1.215849e+01 -8.314348e+01 -9.500000e+00
      vertex   1.118604e+01 -8.448196e+01 -7.900000e+00
    endloop
  endfacet
  facet normal -5.633903e-01 -4.323046e-01 -7.040626e-01
    outer loop
      vertex   1.118604e+01 -8.448196e+01 -7.900000e+00
      vertex   1.215849e+01 -8.314348e+01 -9.500000e+00
      vertex   1.257168e+01 -8.368196e+01 -9.500000e+00
    endloop
  endfacet
  facet normal -6.560819e-01 -2.717580e-01 -7.040626e-01
    outer loop
      vertex   1.118604e+01 -8.448196e+01 -7.900000e+00
      vertex   1.257168e+01 -8.368196e+01 -9.500000e+00
      vertex   1.128594e+01 -8.472314e+01 -7.900000e+00
    endloop
  endfacet
  facet normal -6.560819e-01 -2.717580e-01 -7.040626e-01
    outer loop
      vertex   1.128594e+01 -8.472314e+01 -7.900000e+00
      vertex   1.257168e+01 -8.368196e+01 -9.500000e+00
      vertex   1.283142e+01 -8.430903e+01 -9.500000e+00
    endloop
  endfacet
  facet normal -7.040626e-01 -9.269160e-02 -7.040626e-01
    outer loop
      vertex   1.128594e+01 -8.472314e+01 -7.900000e+00
      vertex   1.283142e+01 -8.430903e+01 -9.500000e+00
      vertex   1.132001e+01 -8.498196e+01 -7.900000e+00
    endloop
  endfacet
  facet normal -7.040626e-01 -9.269160e-02 -7.040626e-01
    outer loop
      vertex   1.132001e+01 -8.498196e+01 -7.900000e+00
      vertex   1.283142e+01 -8.430903e+01 -9.500000e+00
      vertex   1.292001e+01 -8.498196e+01 -9.500000e+00
    endloop
  endfacet
  facet normal -7.040626e-01 9.269160e-02 -7.040626e-01
    outer loop
      vertex   1.132001e+01 -8.498196e+01 -7.900000e+00
      vertex   1.292001e+01 -8.498196e+01 -9.500000e+00
      vertex   1.128594e+01 -8.524078e+01 -7.900000e+00
    endloop
  endfacet
  facet normal -7.040626e-01 9.269160e-02 -7.040626e-01
    outer loop
      vertex   1.128594e+01 -8.524078e+01 -7.900000e+00
      vertex   1.292001e+01 -8.498196e+01 -9.500000e+00
      vertex   1.283142e+01 -8.565489e+01 -9.500000e+00
    endloop
  endfacet
  facet normal -6.560819e-01 2.717580e-01 -7.040626e-01
    outer loop
      vertex   1.128594e+01 -8.524078e+01 -7.900000e+00
      vertex   1.283142e+01 -8.565489e+01 -9.500000e+00
      vertex   1.118604e+01 -8.548196e+01 -7.900000e+00
    endloop
  endfacet
  facet normal -6.560819e-01 2.717580e-01 -7.040626e-01
    outer loop
      vertex   1.118604e+01 -8.548196e+01 -7.900000e+00
      vertex   1.283142e+01 -8.565489e+01 -9.500000e+00
      vertex   1.257168e+01 -8.628196e+01 -9.500000e+00
    endloop
  endfacet
  facet normal -5.633903e-01 4.323046e-01 -7.040626e-01
    outer loop
      vertex   1.118604e+01 -8.548196e+01 -7.900000e+00
      vertex   1.257168e+01 -8.628196e+01 -9.500000e+00
      vertex   1.102712e+01 -8.568907e+01 -7.900000e+00
    endloop
  endfacet
  facet normal -5.633903e-01 4.323046e-01 -7.040626e-01
    outer loop
      vertex   1.102712e+01 -8.568907e+01 -7.900000e+00
      vertex   1.257168e+01 -8.628196e+01 -9.500000e+00
      vertex   1.215849e+01 -8.682044e+01 -9.500000e+00
    endloop
  endfacet
  facet normal -4.323046e-01 5.633903e-01 -7.040626e-01
    outer loop
      vertex   1.102712e+01 -8.568907e+01 -7.900000e+00
      vertex   1.215849e+01 -8.682044e+01 -9.500000e+00
      vertex   1.082001e+01 -8.584798e+01 -7.900000e+00
    endloop
  endfacet
  facet normal -4.323046e-01 5.633903e-01 -7.040626e-01
    outer loop
      vertex   1.082001e+01 -8.584798e+01 -7.900000e+00
      vertex   1.215849e+01 -8.682044e+01 -9.500000e+00
      vertex   1.162001e+01 -8.723362e+01 -9.500000e+00
    endloop
  endfacet
  facet normal -2.717580e-01 6.560819e-01 -7.040626e-01
    outer loop
      vertex   1.082001e+01 -8.584798e+01 -7.900000e+00
      vertex   1.162001e+01 -8.723362e+01 -9.500000e+00
      vertex   1.057883e+01 -8.594788e+01 -7.900000e+00
    endloop
  endfacet
  facet normal -2.717580e-01 6.560819e-01 -7.040626e-01
    outer loop
      vertex   1.057883e+01 -8.594788e+01 -7.900000e+00
      vertex   1.162001e+01 -8.723362e+01 -9.500000e+00
      vertex   1.099294e+01 -8.749337e+01 -9.500000e+00
    endloop
  endfacet
  facet normal -9.269160e-02 7.040626e-01 -7.040626e-01
    outer loop
      vertex   1.057883e+01 -8.594788e+01 -7.900000e+00
      vertex   1.099294e+01 -8.749337e+01 -9.500000e+00
      vertex   1.032001e+01 -8.598196e+01 -7.900000e+00
    endloop
  endfacet
  facet normal -9.269160e-02 7.040626e-01 -7.040626e-01
    outer loop
      vertex   1.032001e+01 -8.598196e+01 -7.900000e+00
      vertex   1.099294e+01 -8.749337e+01 -9.500000e+00
      vertex   1.032001e+01 -8.758196e+01 -9.500000e+00
    endloop
  endfacet
  facet normal 9.269160e-02 7.040626e-01 -7.040626e-01
    outer loop
      vertex   1.032001e+01 -8.598196e+01 -7.900000e+00
      vertex   1.032001e+01 -8.758196e+01 -9.500000e+00
      vertex   1.006119e+01 -8.594788e+01 -7.900000e+00
    endloop
  endfacet
  facet normal 9.269160e-02 7.040626e-01 -7.040626e-01
    outer loop
      vertex   1.006119e+01 -8.594788e+01 -7.900000e+00
      vertex   1.032001e+01 -8.758196e+01 -9.500000e+00
      vertex   9.647083e+00 -8.749337e+01 -9.500000e+00
    endloop
  endfacet
  facet normal 2.717580e-01 6.560819e-01 -7.040626e-01
    outer loop
      vertex   1.006119e+01 -8.594788e+01 -7.900000e+00
      vertex   9.647083e+00 -8.749337e+01 -9.500000e+00
      vertex   9.820013e+00 -8.584798e+01 -7.900000e+00
    endloop
  endfacet
  facet normal 2.717580e-01 6.560819e-01 -7.040626e-01
    outer loop
      vertex   9.820013e+00 -8.584798e+01 -7.900000e+00
      vertex   9.647083e+00 -8.749337e+01 -9.500000e+00
      vertex   9.020013e+00 -8.723362e+01 -9.500000e+00
    endloop
  endfacet
  facet normal 4.323046e-01 5.633903e-01 -7.040626e-01
    outer loop
      vertex   9.820013e+00 -8.584798e+01 -7.900000e+00
      vertex   9.020013e+00 -8.723362e+01 -9.500000e+00
      vertex   9.612906e+00 -8.568907e+01 -7.900000e+00
    endloop
  endfacet
  facet normal 4.323046e-01 5.633903e-01 -7.040626e-01
    outer loop
      vertex   9.612906e+00 -8.568907e+01 -7.900000e+00
      vertex   9.020013e+00 -8.723362e+01 -9.500000e+00
      vertex   8.481535e+00 -8.682044e+01 -9.500000e+00
    endloop
  endfacet
  facet normal 5.633903e-01 4.323046e-01 -7.040626e-01
    outer loop
      vertex   9.612906e+00 -8.568907e+01 -7.900000e+00
      vertex   8.481535e+00 -8.682044e+01 -9.500000e+00
      vertex   9.453987e+00 -8.548196e+01 -7.900000e+00
    endloop
  endfacet
  facet normal 5.633903e-01 4.323046e-01 -7.040626e-01
    outer loop
      vertex   9.453987e+00 -8.548196e+01 -7.900000e+00
      vertex   8.481535e+00 -8.682044e+01 -9.500000e+00
      vertex   8.068347e+00 -8.628196e+01 -9.500000e+00
    endloop
  endfacet
  facet normal 6.560819e-01 2.717580e-01 -7.040626e-01
    outer loop
      vertex   9.453987e+00 -8.548196e+01 -7.900000e+00
      vertex   8.068347e+00 -8.628196e+01 -9.500000e+00
      vertex   9.354087e+00 -8.524078e+01 -7.900000e+00
    endloop
  endfacet
  facet normal 6.560819e-01 2.717580e-01 -7.040626e-01
    outer loop
      vertex   9.354087e+00 -8.524078e+01 -7.900000e+00
      vertex   8.068347e+00 -8.628196e+01 -9.500000e+00
      vertex   7.808606e+00 -8.565489e+01 -9.500000e+00
    endloop
  endfacet
  facet normal 9.914449e-01 1.305262e-01 0.000000e+00
    outer loop
      vertex   9.354087e+00 -8.524078e+01 -7.500000e+00
      vertex   9.354087e+00 -8.524078e+01 -7.900000e+00
      vertex   9.320013e+00 -8.498196e+01 -7.500000e+00
    endloop
  endfacet
  facet normal 9.914449e-01 1.305262e-01 0.000000e+00
    outer loop
      vertex   9.320013e+00 -8.498196e+01 -7.500000e+00
      vertex   9.354087e+00 -8.524078e+01 -7.900000e+00
      vertex   9.320013e+00 -8.498196e+01 -7.900000e+00
    endloop
  endfacet
  facet normal 9.914449e-01 -1.305262e-01 0.000000e+00
    outer loop
      vertex   9.320013e+00 -8.498196e+01 -7.500000e+00
      vertex   9.320013e+00 -8.498196e+01 -7.900000e+00
      vertex   9.354087e+00 -8.472314e+01 -7.500000e+00
    endloop
  endfacet
  facet normal 9.914449e-01 -1.305262e-01 0.000000e+00
    outer loop
      vertex   9.354087e+00 -8.472314e+01 -7.500000e+00
      vertex   9.320013e+00 -8.498196e+01 -7.900000e+00
      vertex   9.354087e+00 -8.472314e+01 -7.900000e+00
    endloop
  endfacet
  facet normal 9.238795e-01 -3.826834e-01 0.000000e+00
    outer loop
      vertex   9.354087e+00 -8.472314e+01 -7.500000e+00
      vertex   9.354087e+00 -8.472314e+01 -7.900000e+00
      vertex   9.453987e+00 -8.448196e+01 -7.500000e+00
    endloop
  endfacet
  facet normal 9.238795e-01 -3.826834e-01 0.000000e+00
    outer loop
      vertex   9.453987e+00 -8.448196e+01 -7.500000e+00
      vertex   9.354087e+00 -8.472314e+01 -7.900000e+00
      vertex   9.453987e+00 -8.448196e+01 -7.900000e+00
    endloop
  endfacet
  facet normal 7.933533e-01 -6.087614e-01 0.000000e+00
    outer loop
      vertex   9.453987e+00 -8.448196e+01 -7.500000e+00
      vertex   9.453987e+00 -8.448196e+01 -7.900000e+00
      vertex   9.612906e+00 -8.427485e+01 -7.500000e+00
    endloop
  endfacet
  facet normal 7.933533e-01 -6.087614e-01 0.000000e+00
    outer loop
      vertex   9.612906e+00 -8.427485e+01 -7.500000e+00
      vertex   9.453987e+00 -8.448196e+01 -7.900000e+00
      vertex   9.612906e+00 -8.427485e+01 -7.900000e+00
    endloop
  endfacet
  facet normal 6.087614e-01 -7.933533e-01 0.000000e+00
    outer loop
      vertex   9.612906e+00 -8.427485e+01 -7.500000e+00
      vertex   9.612906e+00 -8.427485e+01 -7.900000e+00
      vertex   9.820013e+00 -8.411593e+01 -7.500000e+00
    endloop
  endfacet
  facet normal 6.087614e-01 -7.933533e-01 2.703444e-15
    outer loop
      vertex   9.820013e+00 -8.411593e+01 -7.500000e+00
      vertex   9.612906e+00 -8.427485e+01 -7.900000e+00
      vertex   9.820013e+00 -8.411593e+01 -7.900000e+00
    endloop
  endfacet
  facet normal 3.826834e-01 -9.238795e-01 1.699456e-15
    outer loop
      vertex   9.820013e+00 -8.411593e+01 -7.500000e+00
      vertex   9.820013e+00 -8.411593e+01 -7.900000e+00
      vertex   1.006119e+01 -8.401603e+01 -7.500000e+00
    endloop
  endfacet
  facet normal 3.826834e-01 -9.238795e-01 0.000000e+00
    outer loop
      vertex   1.006119e+01 -8.401603e+01 -7.500000e+00
      vertex   9.820013e+00 -8.411593e+01 -7.900000e+00
      vertex   1.006119e+01 -8.401603e+01 -7.900000e+00
    endloop
  endfacet
  facet normal 1.305262e-01 -9.914449e-01 0.000000e+00
    outer loop
      vertex   1.006119e+01 -8.401603e+01 -7.500000e+00
      vertex   1.006119e+01 -8.401603e+01 -7.900000e+00
      vertex   1.032001e+01 -8.398196e+01 -7.500000e+00
    endloop
  endfacet
  facet normal 1.305262e-01 -9.914449e-01 0.000000e+00
    outer loop
      vertex   1.032001e+01 -8.398196e+01 -7.500000e+00
      vertex   1.006119e+01 -8.401603e+01 -7.900000e+00
      vertex   1.032001e+01 -8.398196e+01 -7.900000e+00
    endloop
  endfacet
  facet normal -1.305262e-01 -9.914449e-01 -0.000000e+00
    outer loop
      vertex   1.032001e+01 -8.398196e+01 -7.500000e+00
      vertex   1.032001e+01 -8.398196e+01 -7.900000e+00
      vertex   1.057883e+01 -8.401603e+01 -7.500000e+00
    endloop
  endfacet
  facet normal -1.305262e-01 -9.914449e-01 -0.000000e+00
    outer loop
      vertex   1.057883e+01 -8.401603e+01 -7.500000e+00
      vertex   1.032001e+01 -8.398196e+01 -7.900000e+00
      vertex   1.057883e+01 -8.401603e+01 -7.900000e+00
    endloop
  endfacet
  facet normal -3.826834e-01 -9.238795e-01 -0.000000e+00
    outer loop
      vertex   1.057883e+01 -8.401603e+01 -7.500000e+00
      vertex   1.057883e+01 -8.401603e+01 -7.900000e+00
      vertex   1.082001e+01 -8.411593e+01 -7.500000e+00
    endloop
  endfacet
  facet normal -3.826834e-01 -9.238795e-01 -1.699456e-15
    outer loop
      vertex   1.082001e+01 -8.411593e+01 -7.500000e+00
      vertex   1.057883e+01 -8.401603e+01 -7.900000e+00
      vertex   1.082001e+01 -8.411593e+01 -7.900000e+00
    endloop
  endfacet
  facet normal -6.087614e-01 -7.933533e-01 -2.703444e-15
    outer loop
      vertex   1.082001e+01 -8.411593e+01 -7.500000e+00
      vertex   1.082001e+01 -8.411593e+01 -7.900000e+00
      vertex   1.102712e+01 -8.427485e+01 -7.500000e+00
    endloop
  endfacet
  facet normal -6.087614e-01 -7.933533e-01 -0.000000e+00
    outer loop
      vertex   1.102712e+01 -8.427485e+01 -7.500000e+00
      vertex   1.082001e+01 -8.411593e+01 -7.900000e+00
      vertex   1.102712e+01 -8.427485e+01 -7.900000e+00
    endloop
  endfacet
  facet normal -7.933533e-01 -6.087614e-01 -0.000000e+00
    outer loop
      vertex   1.102712e+01 -8.427485e+01 -7.500000e+00
      vertex   1.102712e+01 -8.427485e+01 -7.900000e+00
      vertex   1.118604e+01 -8.448196e+01 -7.500000e+00
    endloop
  endfacet
  facet normal -7.933533e-01 -6.087614e-01 -0.000000e+00
    outer loop
      vertex   1.118604e+01 -8.448196e+01 -7.500000e+00
      vertex   1.102712e+01 -8.427485e+01 -7.900000e+00
      vertex   1.118604e+01 -8.448196e+01 -7.900000e+00
    endloop
  endfacet
  facet normal -9.238795e-01 -3.826834e-01 -0.000000e+00
    outer loop
      vertex   1.118604e+01 -8.448196e+01 -7.500000e+00
      vertex   1.118604e+01 -8.448196e+01 -7.900000e+00
      vertex   1.128594e+01 -8.472314e+01 -7.500000e+00
    endloop
  endfacet
  facet normal -9.238795e-01 -3.826834e-01 -0.000000e+00
    outer loop
      vertex   1.128594e+01 -8.472314e+01 -7.500000e+00
      vertex   1.118604e+01 -8.448196e+01 -7.900000e+00
      vertex   1.128594e+01 -8.472314e+01 -7.900000e+00
    endloop
  endfacet
  facet normal -9.914449e-01 -1.305262e-01 -0.000000e+00
    outer loop
      vertex   1.128594e+01 -8.472314e+01 -7.500000e+00
      vertex   1.128594e+01 -8.472314e+01 -7.900000e+00
      vertex   1.132001e+01 -8.498196e+01 -7.500000e+00
    endloop
  endfacet
  facet normal -9.914449e-01 -1.305262e-01 -0.000000e+00
    outer loop
      vertex   1.132001e+01 -8.498196e+01 -7.500000e+00
      vertex   1.128594e+01 -8.472314e+01 -7.900000e+00
      vertex   1.132001e+01 -8.498196e+01 -7.900000e+00
    endloop
  endfacet
  facet normal -9.914449e-01 1.305262e-01 0.000000e+00
    outer loop
      vertex   1.132001e+01 -8.498196e+01 -7.500000e+00
      vertex   1.132001e+01 -8.498196e+01 -7.900000e+00
      vertex   1.128594e+01 -8.524078e+01 -7.500000e+00
    endloop
  endfacet
  facet normal -9.914449e-01 1.305262e-01 0.000000e+00
    outer loop
      vertex   1.128594e+01 -8.524078e+01 -7.500000e+00
      vertex   1.132001e+01 -8.498196e+01 -7.900000e+00
      vertex   1.128594e+01 -8.524078e+01 -7.900000e+00
    endloop
  endfacet
  facet normal -9.238795e-01 3.826834e-01 0.000000e+00
    outer loop
      vertex   1.128594e+01 -8.524078e+01 -7.500000e+00
      vertex   1.128594e+01 -8.524078e+01 -7.900000e+00
      vertex   1.118604e+01 -8.548196e+01 -7.500000e+00
    endloop
  endfacet
  facet normal -9.238795e-01 3.826834e-01 0.000000e+00
    outer loop
      vertex   1.118604e+01 -8.548196e+01 -7.500000e+00
      vertex   1.128594e+01 -8.524078e+01 -7.900000e+00
      vertex   1.118604e+01 -8.548196e+01 -7.900000e+00
    endloop
  endfacet
  facet normal -7.933533e-01 6.087614e-01 0.000000e+00
    outer loop
      vertex   1.118604e+01 -8.548196e+01 -7.500000e+00
      vertex   1.118604e+01 -8.548196e+01 -7.900000e+00
      vertex   1.102712e+01 -8.568907e+01 -7.500000e+00
    endloop
  endfacet
  facet normal -7.933533e-01 6.087614e-01 0.000000e+00
    outer loop
      vertex   1.102712e+01 -8.568907e+01 -7.500000e+00
      vertex   1.118604e+01 -8.548196e+01 -7.900000e+00
      vertex   1.102712e+01 -8.568907e+01 -7.900000e+00
    endloop
  endfacet
  facet normal -6.087614e-01 7.933533e-01 0.000000e+00
    outer loop
      vertex   1.102712e+01 -8.568907e+01 -7.500000e+00
      vertex   1.102712e+01 -8.568907e+01 -7.900000e+00
      vertex   1.082001e+01 -8.584798e+01 -7.500000e+00
    endloop
  endfacet
  facet normal -6.087614e-01 7.933533e-01 2.703444e-15
    outer loop
      vertex   1.082001e+01 -8.584798e+01 -7.500000e+00
      vertex   1.102712e+01 -8.568907e+01 -7.900000e+00
      vertex   1.082001e+01 -8.584798e+01 -7.900000e+00
    endloop
  endfacet
  facet normal -3.826834e-01 9.238795e-01 1.699456e-15
    outer loop
      vertex   1.082001e+01 -8.584798e+01 -7.500000e+00
      vertex   1.082001e+01 -8.584798e+01 -7.900000e+00
      vertex   1.057883e+01 -8.594788e+01 -7.500000e+00
    endloop
  endfacet
  facet normal -3.826834e-01 9.238795e-01 0.000000e+00
    outer loop
      vertex   1.057883e+01 -8.594788e+01 -7.500000e+00
      vertex   1.082001e+01 -8.584798e+01 -7.900000e+00
      vertex   1.057883e+01 -8.594788e+01 -7.900000e+00
    endloop
  endfacet
  facet normal -1.305262e-01 9.914449e-01 0.000000e+00
    outer loop
      vertex   1.057883e+01 -8.594788e+01 -7.500000e+00
      vertex   1.057883e+01 -8.594788e+01 -7.900000e+00
      vertex   1.032001e+01 -8.598196e+01 -7.500000e+00
    endloop
  endfacet
  facet normal -1.305262e-01 9.914449e-01 0.000000e+00
    outer loop
      vertex   1.032001e+01 -8.598196e+01 -7.500000e+00
      vertex   1.057883e+01 -8.594788e+01 -7.900000e+00
      vertex   1.032001e+01 -8.598196e+01 -7.900000e+00
    endloop
  endfacet
  facet normal 1.305262e-01 9.914449e-01 0.000000e+00
    outer loop
      vertex   1.032001e+01 -8.598196e+01 -7.500000e+00
      vertex   1.032001e+01 -8.598196e+01 -7.900000e+00
      vertex   1.006119e+01 -8.594788e+01 -7.500000e+00
    endloop
  endfacet
  facet normal 1.305262e-01 9.914449e-01 0.000000e+00
    outer loop
      vertex   1.006119e+01 -8.594788e+01 -7.500000e+00
      vertex   1.032001e+01 -8.598196e+01 -7.900000e+00
      vertex   1.006119e+01 -8.594788e+01 -7.900000e+00
    endloop
  endfacet
  facet normal 3.826834e-01 9.238795e-01 0.000000e+00
    outer loop
      vertex   1.006119e+01 -8.594788e+01 -7.500000e+00
      vertex   1.006119e+01 -8.594788e+01 -7.900000e+00
      vertex   9.820013e+00 -8.584798e+01 -7.500000e+00
    endloop
  endfacet
  facet normal 3.826834e-01 9.238795e-01 -1.699456e-15
    outer loop
      vertex   9.820013e+00 -8.584798e+01 -7.500000e+00
      vertex   1.006119e+01 -8.594788e+01 -7.900000e+00
      vertex   9.820013e+00 -8.584798e+01 -7.900000e+00
    endloop
  endfacet
  facet normal 6.087614e-01 7.933533e-01 -2.703444e-15
    outer loop
      vertex   9.820013e+00 -8.584798e+01 -7.500000e+00
      vertex   9.820013e+00 -8.584798e+01 -7.900000e+00
      vertex   9.612906e+00 -8.568907e+01 -7.500000e+00
    endloop
  endfacet
  facet normal 6.087614e-01 7.933533e-01 0.000000e+00
    outer loop
      vertex   9.612906e+00 -8.568907e+01 -7.500000e+00
      vertex   9.820013e+00 -8.584798e+01 -7.900000e+00
      vertex   9.612906e+00 -8.568907e+01 -7.900000e+00
    endloop
  endfacet
  facet normal 7.933533e-01 6.087614e-01 0.000000e+00
    outer loop
      vertex   9.612906e+00 -8.568907e+01 -7.500000e+00
      vertex   9.612906e+00 -8.568907e+01 -7.900000e+00
      vertex   9.453987e+00 -8.548196e+01 -7.500000e+00
    endloop
  endfacet
  facet normal 7.933533e-01 6.087614e-01 0.000000e+00
    outer loop
      vertex   9.453987e+00 -8.548196e+01 -7.500000e+00
      vertex   9.612906e+00 -8.568907e+01 -7.900000e+00
      vertex   9.453987e+00 -8.548196e+01 -7.900000e+00
    endloop
  endfacet
  facet normal 9.238795e-01 3.826834e-01 0.000000e+00
    outer loop
      vertex   9.453987e+00 -8.548196e+01 -7.500000e+00
      vertex   9.453987e+00 -8.548196e+01 -7.900000e+00
      vertex   9.354087e+00 -8.524078e+01 -7.500000e+00
    endloop
  endfacet
  facet normal 9.238795e-01 3.826834e-01 0.000000e+00
    outer loop
      vertex   9.354087e+00 -8.524078e+01 -7.500000e+00
      vertex   9.453987e+00 -8.548196e+01 -7.900000e+00
      vertex   9.354087e+00 -8.524078e+01 -7.900000e+00
    endloop
  endfacet
  facet normal 7.040626e-01 9.269160e-02 -7.040626e-01
    outer loop
      vertex   7.764665e+01 -1.247979e+02 -7.900000e+00
      vertex   7.610117e+01 -1.252120e+02 -9.500000e+00
      vertex   7.761258e+01 -1.245391e+02 -7.900000e+00
    endloop
  endfacet
  facet normal 7.040626e-01 9.269160e-02 -7.040626e-01
    outer loop
      vertex   7.761258e+01 -1.245391e+02 -7.900000e+00
      vertex   7.610117e+01 -1.252120e+02 -9.500000e+00
      vertex   7.601258e+01 -1.245391e+02 -9.500000e+00
    endloop
  endfacet
  facet normal 7.040626e-01 -9.269160e-02 -7.040626e-01
    outer loop
      vertex   7.761258e+01 -1.245391e+02 -7.900000e+00
      vertex   7.601258e+01 -1.245391e+02 -9.500000e+00
      vertex   7.764665e+01 -1.242802e+02 -7.900000e+00
    endloop
  endfacet
  facet normal 7.040626e-01 -9.269160e-02 -7.040626e-01
    outer loop
      vertex   7.764665e+01 -1.242802e+02 -7.900000e+00
      vertex   7.601258e+01 -1.245391e+02 -9.500000e+00
      vertex   7.610117e+01 -1.238661e+02 -9.500000e+00
    endloop
  endfacet
  facet normal 6.560819e-01 -2.717580e-01 -7.040626e-01
    outer loop
      vertex   7.764665e+01 -1.242802e+02 -7.900000e+00
      vertex   7.610117e+01 -1.238661e+02 -9.500000e+00
      vertex   7.774655e+01 -1.240391e+02 -7.900000e+00
    endloop
  endfacet
  facet normal 6.560819e-01 -2.717580e-01 -7.040626e-01
    outer loop
      vertex   7.774655e+01 -1.240391e+02 -7.900000e+00
      vertex   7.610117e+01 -1.238661e+02 -9.500000e+00
      vertex   7.636091e+01 -1.232391e+02 -9.500000e+00
    endloop
  endfacet
  facet normal 5.633903e-01 -4.323046e-01 -7.040626e-01
    outer loop
      vertex   7.774655e+01 -1.240391e+02 -7.900000e+00
      vertex   7.636091e+01 -1.232391e+02 -9.500000e+00
      vertex   7.790547e+01 -1.238320e+02 -7.900000e+00
    endloop
  endfacet
  facet normal 5.633903e-01 -4.323046e-01 -7.040626e-01
    outer loop
      vertex   7.790547e+01 -1.238320e+02 -7.900000e+00
      vertex   7.636091e+01 -1.232391e+02 -9.500000e+00
      vertex   7.677410e+01 -1.227006e+02 -9.500000e+00
    endloop
  endfacet
  facet normal 4.323046e-01 -5.633903e-01 -7.040626e-01
    outer loop
      vertex   7.790547e+01 -1.238320e+02 -7.900000e+00
      vertex   7.677410e+01 -1.227006e+02 -9.500000e+00
      vertex   7.811258e+01 -1.236730e+02 -7.900000e+00
    endloop
  endfacet
  facet normal 4.323046e-01 -5.633903e-01 -7.040626e-01
    outer loop
      vertex   7.811258e+01 -1.236730e+02 -7.900000e+00
      vertex   7.677410e+01 -1.227006e+02 -9.500000e+00
      vertex   7.731258e+01 -1.222874e+02 -9.500000e+00
    endloop
  endfacet
  facet normal 2.717580e-01 -6.560819e-01 -7.040626e-01
    outer loop
      vertex   7.811258e+01 -1.236730e+02 -7.900000e+00
      vertex   7.731258e+01 -1.222874e+02 -9.500000e+00
      vertex   7.835376e+01 -1.235731e+02 -7.900000e+00
    endloop
  endfacet
  facet normal 2.717580e-01 -6.560819e-01 -7.040626e-01
    outer loop
      vertex   7.835376e+01 -1.235731e+02 -7.900000e+00
      vertex   7.731258e+01 -1.222874e+02 -9.500000e+00
      vertex   7.793965e+01 -1.220277e+02 -9.500000e+00
    endloop
  endfacet
  facet normal 9.269160e-02 -7.040626e-01 -7.040626e-01
    outer loop
      vertex   7.835376e+01 -1.235731e+02 -7.900000e+00
      vertex   7.793965e+01 -1.220277e+02 -9.500000e+00
      vertex   7.861258e+01 -1.235391e+02 -7.900000e+00
    endloop
  endfacet
  facet normal 9.269160e-02 -7.040626e-01 -7.040626e-01
    outer loop
      vertex   7.861258e+01 -1.235391e+02 -7.900000e+00
      vertex   7.793965e+01 -1.220277e+02 -9.500000e+00
      vertex   7.861258e+01 -1.219391e+02 -9.500000e+00
    endloop
  endfacet
  facet normal -9.269160e-02 -7.040626e-01 -7.040626e-01
    outer loop
      vertex   7.861258e+01 -1.235391e+02 -7.900000e+00
      vertex   7.861258e+01 -1.219391e+02 -9.500000e+00
      vertex   7.887139e+01 -1.235731e+02 -7.900000e+00
    endloop
  endfacet
  facet normal -9.269160e-02 -7.040626e-01 -7.040626e-01
    outer loop
      vertex   7.887139e+01 -1.235731e+02 -7.900000e+00
      vertex   7.861258e+01 -1.219391e+02 -9.500000e+00
      vertex   7.928551e+01 -1.220277e+02 -9.500000e+00
    endloop
  endfacet
  facet normal -2.717580e-01 -6.560819e-01 -7.040626e-01
    outer loop
      vertex   7.887139e+01 -1.235731e+02 -7.900000e+00
      vertex   7.928551e+01 -1.220277e+02 -9.500000e+00
      vertex   7.911258e+01 -1.236730e+02 -7.900000e+00
    endloop
  endfacet
  facet normal -2.717580e-01 -6.560819e-01 -7.040626e-01
    outer loop
      vertex   7.911258e+01 -1.236730e+02 -7.900000e+00
      vertex   7.928551e+01 -1.220277e+02 -9.500000e+00
      vertex   7.991258e+01 -1.222874e+02 -9.500000e+00
    endloop
  endfacet
  facet normal -4.323046e-01 -5.633903e-01 -7.040626e-01
    outer loop
      vertex   7.911258e+01 -1.236730e+02 -7.900000e+00
      vertex   7.991258e+01 -1.222874e+02 -9.500000e+00
      vertex   7.931968e+01 -1.238320e+02 -7.900000e+00
    endloop
  endfacet
  facet normal -4.323046e-01 -5.633903e-01 -7.040626e-01
    outer loop
      vertex   7.931968e+01 -1.238320e+02 -7.900000e+00
      vertex   7.991258e+01 -1.222874e+02 -9.500000e+00
      vertex   8.045105e+01 -1.227006e+02 -9.500000e+00
    endloop
  endfacet
  facet normal -5.633903e-01 -4.323046e-01 -7.040626e-01
    outer loop
      vertex   7.931968e+01 -1.238320e+02 -7.900000e+00
      vertex   8.045105e+01 -1.227006e+02 -9.500000e+00
      vertex   7.947860e+01 -1.240391e+02 -7.900000e+00
    endloop
  endfacet
  facet normal -5.633903e-01 -4.323046e-01 -7.040626e-01
    outer loop
      vertex   7.947860e+01 -1.240391e+02 -7.900000e+00
      vertex   8.045105e+01 -1.227006e+02 -9.500000e+00
      vertex   8.086424e+01 -1.232391e+02 -9.500000e+00
    endloop
  endfacet
  facet normal -6.560819e-01 -2.717580e-01 -7.040626e-01
    outer loop
      vertex   7.947860e+01 -1.240391e+02 -7.900000e+00
      vertex   8.086424e+01 -1.232391e+02 -9.500000e+00
      vertex   7.957850e+01 -1.242802e+02 -7.900000e+00
    endloop
  endfacet
  facet normal -6.560819e-01 -2.717580e-01 -7.040626e-01
    outer loop
      vertex   7.957850e+01 -1.242802e+02 -7.900000e+00
      vertex   8.086424e+01 -1.232391e+02 -9.500000e+00
      vertex   8.112398e+01 -1.238661e+02 -9.500000e+00
    endloop
  endfacet
  facet normal -7.040626e-01 -9.269160e-02 -7.040626e-01
    outer loop
      vertex   7.957850e+01 -1.242802e+02 -7.900000e+00
      vertex   8.112398e+01 -1.238661e+02 -9.500000e+00
      vertex   7.961258e+01 -1.245391e+02 -7.900000e+00
    endloop
  endfacet
  facet normal -7.040626e-01 -9.269160e-02 -7.040626e-01
    outer loop
      vertex   7.961258e+01 -1.245391e+02 -7.900000e+00
      vertex   8.112398e+01 -1.238661e+02 -9.500000e+00
      vertex   8.121258e+01 -1.245391e+02 -9.500000e+00
    endloop
  endfacet
  facet normal -7.040626e-01 9.269160e-02 -7.040626e-01
    outer loop
      vertex   7.961258e+01 -1.245391e+02 -7.900000e+00
      vertex   8.121258e+01 -1.245391e+02 -9.500000e+00
      vertex   7.957850e+01 -1.247979e+02 -7.900000e+00
    endloop
  endfacet
  facet normal -7.040626e-01 9.269160e-02 -7.040626e-01
    outer loop
      vertex   7.957850e+01 -1.247979e+02 -7.900000e+00
      vertex   8.121258e+01 -1.245391e+02 -9.500000e+00
      vertex   8.112398e+01 -1.252120e+02 -9.500000e+00
    endloop
  endfacet
  facet normal -6.560819e-01 2.717580e-01 -7.040626e-01
    outer loop
      vertex   7.957850e+01 -1.247979e+02 -7.900000e+00
      vertex   8.112398e+01 -1.252120e+02 -9.500000e+00
      vertex   7.947860e+01 -1.250391e+02 -7.900000e+00
    endloop
  endfacet
  facet normal -6.560819e-01 2.717580e-01 -7.040626e-01
    outer loop
      vertex   7.947860e+01 -1.250391e+02 -7.900000e+00
      vertex   8.112398e+01 -1.252120e+02 -9.500000e+00
      vertex   8.086424e+01 -1.258391e+02 -9.500000e+00
    endloop
  endfacet
  facet normal -5.633903e-01 4.323046e-01 -7.040626e-01
    outer loop
      vertex   7.947860e+01 -1.250391e+02 -7.900000e+00
      vertex   8.086424e+01 -1.258391e+02 -9.500000e+00
      vertex   7.931968e+01 -1.252462e+02 -7.900000e+00
    endloop
  endfacet
  facet normal -5.633903e-01 4.323046e-01 -7.040626e-01
    outer loop
      vertex   7.931968e+01 -1.252462e+02 -7.900000e+00
      vertex   8.086424e+01 -1.258391e+02 -9.500000e+00
      vertex   8.045105e+01 -1.263775e+02 -9.500000e+00
    endloop
  endfacet
  facet normal -4.323046e-01 5.633903e-01 -7.040626e-01
    outer loop
      vertex   7.931968e+01 -1.252462e+02 -7.900000e+00
      vertex   8.045105e+01 -1.263775e+02 -9.500000e+00
      vertex   7.911258e+01 -1.254051e+02 -7.900000e+00
    endloop
  endfacet
  facet normal -4.323046e-01 5.633903e-01 -7.040626e-01
    outer loop
      vertex   7.911258e+01 -1.254051e+02 -7.900000e+00
      vertex   8.045105e+01 -1.263775e+02 -9.500000e+00
      vertex   7.991258e+01 -1.267907e+02 -9.500000e+00
    endloop
  endfacet
  facet normal -2.717580e-01 6.560819e-01 -7.040626e-01
    outer loop
      vertex   7.911258e+01 -1.254051e+02 -7.900000e+00
      vertex   7.991258e+01 -1.267907e+02 -9.500000e+00
      vertex   7.887139e+01 -1.255050e+02 -7.900000e+00
    endloop
  endfacet
  facet normal -2.717580e-01 6.560819e-01 -7.040626e-01
    outer loop
      vertex   7.887139e+01 -1.255050e+02 -7.900000e+00
      vertex   7.991258e+01 -1.267907e+02 -9.500000e+00
      vertex   7.928551e+01 -1.270505e+02 -9.500000e+00
    endloop
  endfacet
  facet normal -9.269160e-02 7.040626e-01 -7.040626e-01
    outer loop
      vertex   7.887139e+01 -1.255050e+02 -7.900000e+00
      vertex   7.928551e+01 -1.270505e+02 -9.500000e+00
      vertex   7.861258e+01 -1.255391e+02 -7.900000e+00
    endloop
  endfacet
  facet normal -9.269160e-02 7.040626e-01 -7.040626e-01
    outer loop
      vertex   7.861258e+01 -1.255391e+02 -7.900000e+00
      vertex   7.928551e+01 -1.270505e+02 -9.500000e+00
      vertex   7.861258e+01 -1.271391e+02 -9.500000e+00
    endloop
  endfacet
  facet normal 9.269160e-02 7.040626e-01 -7.040626e-01
    outer loop
      vertex   7.861258e+01 -1.255391e+02 -7.900000e+00
      vertex   7.861258e+01 -1.271391e+02 -9.500000e+00
      vertex   7.835376e+01 -1.255050e+02 -7.900000e+00
    endloop
  endfacet
  facet normal 9.269160e-02 7.040626e-01 -7.040626e-01
    outer loop
      vertex   7.835376e+01 -1.255050e+02 -7.900000e+00
      vertex   7.861258e+01 -1.271391e+02 -9.500000e+00
      vertex   7.793965e+01 -1.270505e+02 -9.500000e+00
    endloop
  endfacet
  facet normal 2.717580e-01 6.560819e-01 -7.040626e-01
    outer loop
      vertex   7.835376e+01 -1.255050e+02 -7.900000e+00
      vertex   7.793965e+01 -1.270505e+02 -9.500000e+00
      vertex   7.811258e+01 -1.254051e+02 -7.900000e+00
    endloop
  endfacet
  facet normal 2.717580e-01 6.560819e-01 -7.040626e-01
    outer loop
      vertex   7.811258e+01 -1.254051e+02 -7.900000e+00
      vertex   7.793965e+01 -1.270505e+02 -9.500000e+00
      vertex   7.731258e+01 -1.267907e+02 -9.500000e+00
    endloop
  endfacet
  facet normal 4.323046e-01 5.633903e-01 -7.040626e-01
    outer loop
      vertex   7.811258e+01 -1.254051e+02 -7.900000e+00
      vertex   7.731258e+01 -1.267907e+02 -9.500000e+00
      vertex   7.790547e+01 -1.252462e+02 -7.900000e+00
    endloop
  endfacet
  facet normal 4.323046e-01 5.633903e-01 -7.040626e-01
    outer loop
      vertex   7.790547e+01 -1.252462e+02 -7.900000e+00
      vertex   7.731258e+01 -1.267907e+02 -9.500000e+00
      vertex   7.677410e+01 -1.263775e+02 -9.500000e+00
    endloop
  endfacet
  facet normal 5.633903e-01 4.323046e-01 -7.040626e-01
    outer loop
      vertex   7.790547e+01 -1.252462e+02 -7.900000e+00
      vertex   7.677410e+01 -1.263775e+02 -9.500000e+00
      vertex   7.774655e+01 -1.250391e+02 -7.900000e+00
    endloop
  endfacet
  facet normal 5.633903e-01 4.323046e-01 -7.040626e-01
    outer loop
      vertex   7.774655e+01 -1.250391e+02 -7.900000e+00
      vertex   7.677410e+01 -1.263775e+02 -9.500000e+00
      vertex   7.636091e+01 -1.258391e+02 -9.500000e+00
    endloop
  endfacet
  facet normal 6.560819e-01 2.717580e-01 -7.040626e-01
    outer loop
      vertex   7.774655e+01 -1.250391e+02 -7.900000e+00
      vertex   7.636091e+01 -1.258391e+02 -9.500000e+00
      vertex   7.764665e+01 -1.247979e+02 -7.900000e+00
    endloop
  endfacet
  facet normal 6.560819e-01 2.717580e-01 -7.040626e-01
    outer loop
      vertex   7.764665e+01 -1.247979e+02 -7.900000e+00
      vertex   7.636091e+01 -1.258391e+02 -9.500000e+00
      vertex   7.610117e+01 -1.252120e+02 -9.500000e+00
    endloop
  endfacet
  facet normal 9.914449e-01 1.305262e-01 0.000000e+00
    outer loop
      vertex   7.764665e+01 -1.247979e+02 -7.500000e+00
      vertex   7.764665e+01 -1.247979e+02 -7.900000e+00
      vertex   7.761258e+01 -1.245391e+02 -7.500000e+00
    endloop
  endfacet
  facet normal 9.914449e-01 1.305262e-01 0.000000e+00
    outer loop
      vertex   7.761258e+01 -1.245391e+02 -7.500000e+00
      vertex   7.764665e+01 -1.247979e+02 -7.900000e+00
      vertex   7.761258e+01 -1.245391e+02 -7.900000e+00
    endloop
  endfacet
  facet normal 9.914449e-01 -1.305262e-01 0.000000e+00
    outer loop
      vertex   7.761258e+01 -1.245391e+02 -7.500000e+00
      vertex   7.761258e+01 -1.245391e+02 -7.900000e+00
      vertex   7.764665e+01 -1.242802e+02 -7.500000e+00
    endloop
  endfacet
  facet normal 9.914449e-01 -1.305262e-01 0.000000e+00
    outer loop
      vertex   7.764665e+01 -1.242802e+02 -7.500000e+00
      vertex   7.761258e+01 -1.245391e+02 -7.900000e+00
      vertex   7.764665e+01 -1.242802e+02 -7.900000e+00
    endloop
  endfacet
  facet normal 9.238795e-01 -3.826834e-01 0.000000e+00
    outer loop
      vertex   7.764665e+01 -1.242802e+02 -7.500000e+00
      vertex   7.764665e+01 -1.242802e+02 -7.900000e+00
      vertex   7.774655e+01 -1.240391e+02 -7.500000e+00
    endloop
  endfacet
  facet normal 9.238795e-01 -3.826834e-01 -1.359565e-14
    outer loop
      vertex   7.774655e+01 -1.240391e+02 -7.500000e+00
      vertex   7.764665e+01 -1.242802e+02 -7.900000e+00
      vertex   7.774655e+01 -1.240391e+02 -7.900000e+00
    endloop
  endfacet
  facet normal 7.933533e-01 -6.087614e-01 -2.162755e-14
    outer loop
      vertex   7.774655e+01 -1.240391e+02 -7.500000e+00
      vertex   7.774655e+01 -1.240391e+02 -7.900000e+00
      vertex   7.790547e+01 -1.238320e+02 -7.500000e+00
    endloop
  endfacet
  facet normal 7.933533e-01 -6.087614e-01 0.000000e+00
    outer loop
      vertex   7.790547e+01 -1.238320e+02 -7.500000e+00
      vertex   7.774655e+01 -1.240391e+02 -7.900000e+00
      vertex   7.790547e+01 -1.238320e+02 -7.900000e+00
    endloop
  endfacet
  facet normal 6.087614e-01 -7.933533e-01 0.000000e+00
    outer loop
      vertex   7.790547e+01 -1.238320e+02 -7.500000e+00
      vertex   7.790547e+01 -1.238320e+02 -7.900000e+00
      vertex   7.811258e+01 -1.236730e+02 -7.500000e+00
    endloop
  endfacet
  facet normal 6.087614e-01 -7.933533e-01 0.000000e+00
    outer loop
      vertex   7.811258e+01 -1.236730e+02 -7.500000e+00
      vertex   7.790547e+01 -1.238320e+02 -7.900000e+00
      vertex   7.811258e+01 -1.236730e+02 -7.900000e+00
    endloop
  endfacet
  facet normal 3.826834e-01 -9.238795e-01 0.000000e+00
    outer loop
      vertex   7.811258e+01 -1.236730e+02 -7.500000e+00
      vertex   7.811258e+01 -1.236730e+02 -7.900000e+00
      vertex   7.835376e+01 -1.235731e+02 -7.500000e+00
    endloop
  endfacet
  facet normal 3.826834e-01 -9.238795e-01 0.000000e+00
    outer loop
      vertex   7.835376e+01 -1.235731e+02 -7.500000e+00
      vertex   7.811258e+01 -1.236730e+02 -7.900000e+00
      vertex   7.835376e+01 -1.235731e+02 -7.900000e+00
    endloop
  endfacet
  facet normal 1.305262e-01 -9.914449e-01 0.000000e+00
    outer loop
      vertex   7.835376e+01 -1.235731e+02 -7.500000e+00
      vertex   7.835376e+01 -1.235731e+02 -7.900000e+00
      vertex   7.861258e+01 -1.235391e+02 -7.500000e+00
    endloop
  endfacet
  facet normal 1.305262e-01 -9.914449e-01 0.000000e+00
    outer loop
      vertex   7.861258e+01 -1.235391e+02 -7.500000e+00
      vertex   7.835376e+01 -1.235731e+02 -7.900000e+00
      vertex   7.861258e+01 -1.235391e+02 -7.900000e+00
    endloop
  endfacet
  facet normal -1.305262e-01 -9.914449e-01 -0.000000e+00
    outer loop
      vertex   7.861258e+01 -1.235391e+02 -7.500000e+00
      vertex   7.861258e+01 -1.235391e+02 -7.900000e+00
      vertex   7.887139e+01 -1.235731e+02 -7.500000e+00
    endloop
  endfacet
  facet normal -1.305262e-01 -9.914449e-01 -0.000000e+00
    outer loop
      vertex   7.887139e+01 -1.235731e+02 -7.500000e+00
      vertex   7.861258e+01 -1.235391e+02 -7.900000e+00
      vertex   7.887139e+01 -1.235731e+02 -7.900000e+00
    endloop
  endfacet
  facet normal -3.826834e-01 -9.238795e-01 -0.000000e+00
    outer loop
      vertex   7.887139e+01 -1.235731e+02 -7.500000e+00
      vertex   7.887139e+01 -1.235731e+02 -7.900000e+00
      vertex   7.911258e+01 -1.236730e+02 -7.500000e+00
    endloop
  endfacet
  facet normal -3.826834e-01 -9.238795e-01 -0.000000e+00
    outer loop
      vertex   7.911258e+01 -1.236730e+02 -7.500000e+00
      vertex   7.887139e+01 -1.235731e+02 -7.900000e+00
      vertex   7.911258e+01 -1.236730e+02 -7.900000e+00
    endloop
  endfacet
  facet normal -6.087614e-01 -7.933533e-01 -0.000000e+00
    outer loop
      vertex   7.911258e+01 -1.236730e+02 -7.500000e+00
      vertex   7.911258e+01 -1.236730e+02 -7.900000e+00
      vertex   7.931968e+01 -1.238320e+02 -7.500000e+00
    endloop
  endfacet
  facet normal -6.087614e-01 -7.933533e-01 -0.000000e+00
    outer loop
      vertex   7.931968e+01 -1.238320e+02 -7.500000e+00
      vertex   7.911258e+01 -1.236730e+02 -7.900000e+00
      vertex   7.931968e+01 -1.238320e+02 -7.900000e+00
    endloop
  endfacet
  facet normal -7.933533e-01 -6.087614e-01 -0.000000e+00
    outer loop
      vertex   7.931968e+01 -1.238320e+02 -7.500000e+00
      vertex   7.931968e+01 -1.238320e+02 -7.900000e+00
      vertex   7.947860e+01 -1.240391e+02 -7.500000e+00
    endloop
  endfacet
  facet normal -7.933533e-01 -6.087614e-01 2.162755e-14
    outer loop
      vertex   7.947860e+01 -1.240391e+02 -7.500000e+00
      vertex   7.931968e+01 -1.238320e+02 -7.900000e+00
      vertex   7.947860e+01 -1.240391e+02 -7.900000e+00
    endloop
  endfacet
  facet normal -9.238795e-01 -3.826834e-01 1.359565e-14
    outer loop
      vertex   7.947860e+01 -1.240391e+02 -7.500000e+00
      vertex   7.947860e+01 -1.240391e+02 -7.900000e+00
      vertex   7.957850e+01 -1.242802e+02 -7.500000e+00
    endloop
  endfacet
  facet normal -9.238795e-01 -3.826834e-01 -0.000000e+00
    outer loop
      vertex   7.957850e+01 -1.242802e+02 -7.500000e+00
      vertex   7.947860e+01 -1.240391e+02 -7.900000e+00
      vertex   7.957850e+01 -1.242802e+02 -7.900000e+00
    endloop
  endfacet
  facet normal -9.914449e-01 -1.305262e-01 -0.000000e+00
    outer loop
      vertex   7.957850e+01 -1.242802e+02 -7.500000e+00
      vertex   7.957850e+01 -1.242802e+02 -7.900000e+00
      vertex   7.961258e+01 -1.245391e+02 -7.500000e+00
    endloop
  endfacet
  facet normal -9.914449e-01 -1.305262e-01 -0.000000e+00
    outer loop
      vertex   7.961258e+01 -1.245391e+02 -7.500000e+00
      vertex   7.957850e+01 -1.242802e+02 -7.900000e+00
      vertex   7.961258e+01 -1.245391e+02 -7.900000e+00
    endloop
  endfacet
  facet normal -9.914449e-01 1.305262e-01 0.000000e+00
    outer loop
      vertex   7.961258e+01 -1.245391e+02 -7.500000e+00
      vertex   7.961258e+01 -1.245391e+02 -7.900000e+00
      vertex   7.957850e+01 -1.247979e+02 -7.500000e+00
    endloop
  endfacet
  facet normal -9.914449e-01 1.305262e-01 0.000000e+00
    outer loop
      vertex   7.957850e+01 -1.247979e+02 -7.500000e+00
      vertex   7.961258e+01 -1.245391e+02 -7.900000e+00
      vertex   7.957850e+01 -1.247979e+02 -7.900000e+00
    endloop
  endfacet
  facet normal -9.238795e-01 3.826834e-01 0.000000e+00
    outer loop
      vertex   7.957850e+01 -1.247979e+02 -7.500000e+00
      vertex   7.957850e+01 -1.247979e+02 -7.900000e+00
      vertex   7.947860e+01 -1.250391e+02 -7.500000e+00
    endloop
  endfacet
  facet normal -9.238795e-01 3.826834e-01 -1.359565e-14
    outer loop
      vertex   7.947860e+01 -1.250391e+02 -7.500000e+00
      vertex   7.957850e+01 -1.247979e+02 -7.900000e+00
      vertex   7.947860e+01 -1.250391e+02 -7.900000e+00
    endloop
  endfacet
  facet normal -7.933533e-01 6.087614e-01 -2.162755e-14
    outer loop
      vertex   7.947860e+01 -1.250391e+02 -7.500000e+00
      vertex   7.947860e+01 -1.250391e+02 -7.900000e+00
      vertex   7.931968e+01 -1.252462e+02 -7.500000e+00
    endloop
  endfacet
  facet normal -7.933533e-01 6.087614e-01 0.000000e+00
    outer loop
      vertex   7.931968e+01 -1.252462e+02 -7.500000e+00
      vertex   7.947860e+01 -1.250391e+02 -7.900000e+00
      vertex   7.931968e+01 -1.252462e+02 -7.900000e+00
    endloop
  endfacet
  facet normal -6.087614e-01 7.933533e-01 0.000000e+00
    outer loop
      vertex   7.931968e+01 -1.252462e+02 -7.500000e+00
      vertex   7.931968e+01 -1.252462e+02 -7.900000e+00
      vertex   7.911258e+01 -1.254051e+02 -7.500000e+00
    endloop
  endfacet
  facet normal -6.087614e-01 7.933533e-01 0.000000e+00
    outer loop
      vertex   7.911258e+01 -1.254051e+02 -7.500000e+00
      vertex   7.931968e+01 -1.252462e+02 -7.900000e+00
      vertex   7.911258e+01 -1.254051e+02 -7.900000e+00
    endloop
  endfacet
  facet normal -3.826834e-01 9.238795e-01 0.000000e+00
    outer loop
      vertex   7.911258e+01 -1.254051e+02 -7.500000e+00
      vertex   7.911258e+01 -1.254051e+02 -7.900000e+00
      vertex   7.887139e+01 -1.255050e+02 -7.500000e+00
    endloop
  endfacet
  facet normal -3.826834e-01 9.238795e-01 0.000000e+00
    outer loop
      vertex   7.887139e+01 -1.255050e+02 -7.500000e+00
      vertex   7.911258e+01 -1.254051e+02 -7.900000e+00
      vertex   7.887139e+01 -1.255050e+02 -7.900000e+00
    endloop
  endfacet
  facet normal -1.305262e-01 9.914449e-01 0.000000e+00
    outer loop
      vertex   7.887139e+01 -1.255050e+02 -7.500000e+00
      vertex   7.887139e+01 -1.255050e+02 -7.900000e+00
      vertex   7.861258e+01 -1.255391e+02 -7.500000e+00
    endloop
  endfacet
  facet normal -1.305262e-01 9.914449e-01 0.000000e+00
    outer loop
      vertex   7.861258e+01 -1.255391e+02 -7.500000e+00
      vertex   7.887139e+01 -1.255050e+02 -7.900000e+00
      vertex   7.861258e+01 -1.255391e+02 -7.900000e+00
    endloop
  endfacet
  facet normal 1.305262e-01 9.914449e-01 0.000000e+00
    outer loop
      vertex   7.861258e+01 -1.255391e+02 -7.500000e+00
      vertex   7.861258e+01 -1.255391e+02 -7.900000e+00
      vertex   7.835376e+01 -1.255050e+02 -7.500000e+00
    endloop
  endfacet
  facet normal 1.305262e-01 9.914449e-01 0.000000e+00
    outer loop
      vertex   7.835376e+01 -1.255050e+02 -7.500000e+00
      vertex   7.861258e+01 -1.255391e+02 -7.900000e+00
      vertex   7.835376e+01 -1.255050e+02 -7.900000e+00
    endloop
  endfacet
  facet normal 3.826834e-01 9.238795e-01 0.000000e+00
    outer loop
      vertex   7.835376e+01 -1.255050e+02 -7.500000e+00
      vertex   7.835376e+01 -1.255050e+02 -7.900000e+00
      vertex   7.811258e+01 -1.254051e+02 -7.500000e+00
    endloop
  endfacet
  facet normal 3.826834e-01 9.238795e-01 0.000000e+00
    outer loop
      vertex   7.811258e+01 -1.254051e+02 -7.500000e+00
      vertex   7.835376e+01 -1.255050e+02 -7.900000e+00
      vertex   7.811258e+01 -1.254051e+02 -7.900000e+00
    endloop
  endfacet
  facet normal 6.087614e-01 7.933533e-01 0.000000e+00
    outer loop
      vertex   7.811258e+01 -1.254051e+02 -7.500000e+00
      vertex   7.811258e+01 -1.254051e+02 -7.900000e+00
      vertex   7.790547e+01 -1.252462e+02 -7.500000e+00
    endloop
  endfacet
  facet normal 6.087614e-01 7.933533e-01 0.000000e+00
    outer loop
      vertex   7.790547e+01 -1.252462e+02 -7.500000e+00
      vertex   7.811258e+01 -1.254051e+02 -7.900000e+00
      vertex   7.790547e+01 -1.252462e+02 -7.900000e+00
    endloop
  endfacet
  facet normal 7.933533e-01 6.087614e-01 0.000000e+00
    outer loop
      vertex   7.790547e+01 -1.252462e+02 -7.500000e+00
      vertex   7.790547e+01 -1.252462e+02 -7.900000e+00
      vertex   7.774655e+01 -1.250391e+02 -7.500000e+00
    endloop
  endfacet
  facet normal 7.933533e-01 6.087614e-01 2.162755e-14
    outer loop
      vertex   7.774655e+01 -1.250391e+02 -7.500000e+00
      vertex   7.790547e+01 -1.252462e+02 -7.900000e+00
      vertex   7.774655e+01 -1.250391e+02 -7.900000e+00
    endloop
  endfacet
  facet normal 9.238795e-01 3.826834e-01 1.359565e-14
    outer loop
      vertex   7.774655e+01 -1.250391e+02 -7.500000e+00
      vertex   7.774655e+01 -1.250391e+02 -7.900000e+00
      vertex   7.764665e+01 -1.247979e+02 -7.500000e+00
    endloop
  endfacet
  facet normal 9.238795e-01 3.826834e-01 0.000000e+00
    outer loop
      vertex   7.764665e+01 -1.247979e+02 -7.500000e+00
      vertex   7.774655e+01 -1.250391e+02 -7.900000e+00
      vertex   7.764665e+01 -1.247979e+02 -7.900000e+00
    endloop
  endfacet
  facet normal 7.040626e-01 9.269160e-02 -7.040626e-01
    outer loop
      vertex   1.438890e+02 -1.227476e+02 -7.900000e+00
      vertex   1.423435e+02 -1.231617e+02 -9.500000e+00
      vertex   1.438549e+02 -1.224888e+02 -7.900000e+00
    endloop
  endfacet
  facet normal 7.040626e-01 9.269160e-02 -7.040626e-01
    outer loop
      vertex   1.438549e+02 -1.224888e+02 -7.900000e+00
      vertex   1.423435e+02 -1.231617e+02 -9.500000e+00
      vertex   1.422549e+02 -1.224888e+02 -9.500000e+00
    endloop
  endfacet
  facet normal 7.040626e-01 -9.269160e-02 -7.040626e-01
    outer loop
      vertex   1.438549e+02 -1.224888e+02 -7.900000e+00
      vertex   1.422549e+02 -1.224888e+02 -9.500000e+00
      vertex   1.438890e+02 -1.222300e+02 -7.900000e+00
    endloop
  endfacet
  facet normal 7.040626e-01 -9.269160e-02 -7.040626e-01
    outer loop
      vertex   1.438890e+02 -1.222300e+02 -7.900000e+00
      vertex   1.422549e+02 -1.224888e+02 -9.500000e+00
      vertex   1.423435e+02 -1.218159e+02 -9.500000e+00
    endloop
  endfacet
  facet normal 6.560819e-01 -2.717580e-01 -7.040626e-01
    outer loop
      vertex   1.438890e+02 -1.222300e+02 -7.900000e+00
      vertex   1.423435e+02 -1.218159e+02 -9.500000e+00
      vertex   1.439889e+02 -1.219888e+02 -7.900000e+00
    endloop
  endfacet
  facet normal 6.560819e-01 -2.717580e-01 -7.040626e-01
    outer loop
      vertex   1.439889e+02 -1.219888e+02 -7.900000e+00
      vertex   1.423435e+02 -1.218159e+02 -9.500000e+00
      vertex   1.426032e+02 -1.211888e+02 -9.500000e+00
    endloop
  endfacet
  facet normal 5.633903e-01 -4.323046e-01 -7.040626e-01
    outer loop
      vertex   1.439889e+02 -1.219888e+02 -7.900000e+00
      vertex   1.426032e+02 -1.211888e+02 -9.500000e+00
      vertex   1.441478e+02 -1.217817e+02 -7.900000e+00
    endloop
  endfacet
  facet normal 5.633903e-01 -4.323046e-01 -7.040626e-01
    outer loop
      vertex   1.441478e+02 -1.217817e+02 -7.900000e+00
      vertex   1.426032e+02 -1.211888e+02 -9.500000e+00
      vertex   1.430164e+02 -1.206503e+02 -9.500000e+00
    endloop
  endfacet
  facet normal 4.323046e-01 -5.633903e-01 -7.040626e-01
    outer loop
      vertex   1.441478e+02 -1.217817e+02 -7.900000e+00
      vertex   1.430164e+02 -1.206503e+02 -9.500000e+00
      vertex   1.443549e+02 -1.216228e+02 -7.900000e+00
    endloop
  endfacet
  facet normal 4.323046e-01 -5.633903e-01 -7.040626e-01
    outer loop
      vertex   1.443549e+02 -1.216228e+02 -7.900000e+00
      vertex   1.430164e+02 -1.206503e+02 -9.500000e+00
      vertex   1.435549e+02 -1.202371e+02 -9.500000e+00
    endloop
  endfacet
  facet normal 2.717580e-01 -6.560819e-01 -7.040626e-01
    outer loop
      vertex   1.443549e+02 -1.216228e+02 -7.900000e+00
      vertex   1.435549e+02 -1.202371e+02 -9.500000e+00
      vertex   1.445961e+02 -1.215229e+02 -7.900000e+00
    endloop
  endfacet
  facet normal 2.717580e-01 -6.560819e-01 -7.040626e-01
    outer loop
      vertex   1.445961e+02 -1.215229e+02 -7.900000e+00
      vertex   1.435549e+02 -1.202371e+02 -9.500000e+00
      vertex   1.441820e+02 -1.199774e+02 -9.500000e+00
    endloop
  endfacet
  facet normal 9.269160e-02 -7.040626e-01 -7.040626e-01
    outer loop
      vertex   1.445961e+02 -1.215229e+02 -7.900000e+00
      vertex   1.441820e+02 -1.199774e+02 -9.500000e+00
      vertex   1.448549e+02 -1.214888e+02 -7.900000e+00
    endloop
  endfacet
  facet normal 9.269160e-02 -7.040626e-01 -7.040626e-01
    outer loop
      vertex   1.448549e+02 -1.214888e+02 -7.900000e+00
      vertex   1.441820e+02 -1.199774e+02 -9.500000e+00
      vertex   1.448549e+02 -1.198888e+02 -9.500000e+00
    endloop
  endfacet
  facet normal -9.269160e-02 -7.040626e-01 -7.040626e-01
    outer loop
      vertex   1.448549e+02 -1.214888e+02 -7.900000e+00
      vertex   1.448549e+02 -1.198888e+02 -9.500000e+00
      vertex   1.451137e+02 -1.215229e+02 -7.900000e+00
    endloop
  endfacet
  facet normal -9.269160e-02 -7.040626e-01 -7.040626e-01
    outer loop
      vertex   1.451137e+02 -1.215229e+02 -7.900000e+00
      vertex   1.448549e+02 -1.198888e+02 -9.500000e+00
      vertex   1.455278e+02 -1.199774e+02 -9.500000e+00
    endloop
  endfacet
  facet normal -2.717580e-01 -6.560819e-01 -7.040626e-01
    outer loop
      vertex   1.451137e+02 -1.215229e+02 -7.900000e+00
      vertex   1.455278e+02 -1.199774e+02 -9.500000e+00
      vertex   1.453549e+02 -1.216228e+02 -7.900000e+00
    endloop
  endfacet
  facet normal -2.717580e-01 -6.560819e-01 -7.040626e-01
    outer loop
      vertex   1.453549e+02 -1.216228e+02 -7.900000e+00
      vertex   1.455278e+02 -1.199774e+02 -9.500000e+00
      vertex   1.461549e+02 -1.202371e+02 -9.500000e+00
    endloop
  endfacet
  facet normal -4.323046e-01 -5.633903e-01 -7.040626e-01
    outer loop
      vertex   1.453549e+02 -1.216228e+02 -7.900000e+00
      vertex   1.461549e+02 -1.202371e+02 -9.500000e+00
      vertex   1.455620e+02 -1.217817e+02 -7.900000e+00
    endloop
  endfacet
  facet normal -4.323046e-01 -5.633903e-01 -7.040626e-01
    outer loop
      vertex   1.455620e+02 -1.217817e+02 -7.900000e+00
      vertex   1.461549e+02 -1.202371e+02 -9.500000e+00
      vertex   1.466934e+02 -1.206503e+02 -9.500000e+00
    endloop
  endfacet
  facet normal -5.633903e-01 -4.323046e-01 -7.040626e-01
    outer loop
      vertex   1.455620e+02 -1.217817e+02 -7.900000e+00
      vertex   1.466934e+02 -1.206503e+02 -9.500000e+00
      vertex   1.457209e+02 -1.219888e+02 -7.900000e+00
    endloop
  endfacet
  facet normal -5.633903e-01 -4.323046e-01 -7.040626e-01
    outer loop
      vertex   1.457209e+02 -1.219888e+02 -7.900000e+00
      vertex   1.466934e+02 -1.206503e+02 -9.500000e+00
      vertex   1.471066e+02 -1.211888e+02 -9.500000e+00
    endloop
  endfacet
  facet normal -6.560819e-01 -2.717580e-01 -7.040626e-01
    outer loop
      vertex   1.457209e+02 -1.219888e+02 -7.900000e+00
      vertex   1.471066e+02 -1.211888e+02 -9.500000e+00
      vertex   1.458208e+02 -1.222300e+02 -7.900000e+00
    endloop
  endfacet
  facet normal -6.560819e-01 -2.717580e-01 -7.040626e-01
    outer loop
      vertex   1.458208e+02 -1.222300e+02 -7.900000e+00
      vertex   1.471066e+02 -1.211888e+02 -9.500000e+00
      vertex   1.473663e+02 -1.218159e+02 -9.500000e+00
    endloop
  endfacet
  facet normal -7.040626e-01 -9.269160e-02 -7.040626e-01
    outer loop
      vertex   1.458208e+02 -1.222300e+02 -7.900000e+00
      vertex   1.473663e+02 -1.218159e+02 -9.500000e+00
      vertex   1.458549e+02 -1.224888e+02 -7.900000e+00
    endloop
  endfacet
  facet normal -7.040626e-01 -9.269160e-02 -7.040626e-01
    outer loop
      vertex   1.458549e+02 -1.224888e+02 -7.900000e+00
      vertex   1.473663e+02 -1.218159e+02 -9.500000e+00
      vertex   1.474549e+02 -1.224888e+02 -9.500000e+00
    endloop
  endfacet
  facet normal -7.040626e-01 9.269160e-02 -7.040626e-01
    outer loop
      vertex   1.458549e+02 -1.224888e+02 -7.900000e+00
      vertex   1.474549e+02 -1.224888e+02 -9.500000e+00
      vertex   1.458208e+02 -1.227476e+02 -7.900000e+00
    endloop
  endfacet
  facet normal -7.040626e-01 9.269160e-02 -7.040626e-01
    outer loop
      vertex   1.458208e+02 -1.227476e+02 -7.900000e+00
      vertex   1.474549e+02 -1.224888e+02 -9.500000e+00
      vertex   1.473663e+02 -1.231617e+02 -9.500000e+00
    endloop
  endfacet
  facet normal -6.560819e-01 2.717580e-01 -7.040626e-01
    outer loop
      vertex   1.458208e+02 -1.227476e+02 -7.900000e+00
      vertex   1.473663e+02 -1.231617e+02 -9.500000e+00
      vertex   1.457209e+02 -1.229888e+02 -7.900000e+00
    endloop
  endfacet
  facet normal -6.560819e-01 2.717580e-01 -7.040626e-01
    outer loop
      vertex   1.457209e+02 -1.229888e+02 -7.900000e+00
      vertex   1.473663e+02 -1.231617e+02 -9.500000e+00
      vertex   1.471066e+02 -1.237888e+02 -9.500000e+00
    endloop
  endfacet
  facet normal -5.633903e-01 4.323046e-01 -7.040626e-01
    outer loop
      vertex   1.457209e+02 -1.229888e+02 -7.900000e+00
      vertex   1.471066e+02 -1.237888e+02 -9.500000e+00
      vertex   1.455620e+02 -1.231959e+02 -7.900000e+00
    endloop
  endfacet
  facet normal -5.633903e-01 4.323046e-01 -7.040626e-01
    outer loop
      vertex   1.455620e+02 -1.231959e+02 -7.900000e+00
      vertex   1.471066e+02 -1.237888e+02 -9.500000e+00
      vertex   1.466934e+02 -1.243273e+02 -9.500000e+00
    endloop
  endfacet
  facet normal -4.323046e-01 5.633903e-01 -7.040626e-01
    outer loop
      vertex   1.455620e+02 -1.231959e+02 -7.900000e+00
      vertex   1.466934e+02 -1.243273e+02 -9.500000e+00
      vertex   1.453549e+02 -1.233548e+02 -7.900000e+00
    endloop
  endfacet
  facet normal -4.323046e-01 5.633903e-01 -7.040626e-01
    outer loop
      vertex   1.453549e+02 -1.233548e+02 -7.900000e+00
      vertex   1.466934e+02 -1.243273e+02 -9.500000e+00
      vertex   1.461549e+02 -1.247405e+02 -9.500000e+00
    endloop
  endfacet
  facet normal -2.717580e-01 6.560819e-01 -7.040626e-01
    outer loop
      vertex   1.453549e+02 -1.233548e+02 -7.900000e+00
      vertex   1.461549e+02 -1.247405e+02 -9.500000e+00
      vertex   1.451137e+02 -1.234547e+02 -7.900000e+00
    endloop
  endfacet
  facet normal -2.717580e-01 6.560819e-01 -7.040626e-01
    outer loop
      vertex   1.451137e+02 -1.234547e+02 -7.900000e+00
      vertex   1.461549e+02 -1.247405e+02 -9.500000e+00
      vertex   1.455278e+02 -1.250002e+02 -9.500000e+00
    endloop
  endfacet
  facet normal -9.269160e-02 7.040626e-01 -7.040626e-01
    outer loop
      vertex   1.451137e+02 -1.234547e+02 -7.900000e+00
      vertex   1.455278e+02 -1.250002e+02 -9.500000e+00
      vertex   1.448549e+02 -1.234888e+02 -7.900000e+00
    endloop
  endfacet
  facet normal -9.269160e-02 7.040626e-01 -7.040626e-01
    outer loop
      vertex   1.448549e+02 -1.234888e+02 -7.900000e+00
      vertex   1.455278e+02 -1.250002e+02 -9.500000e+00
      vertex   1.448549e+02 -1.250888e+02 -9.500000e+00
    endloop
  endfacet
  facet normal 9.269160e-02 7.040626e-01 -7.040626e-01
    outer loop
      vertex   1.448549e+02 -1.234888e+02 -7.900000e+00
      vertex   1.448549e+02 -1.250888e+02 -9.500000e+00
      vertex   1.445961e+02 -1.234547e+02 -7.900000e+00
    endloop
  endfacet
  facet normal 9.269160e-02 7.040626e-01 -7.040626e-01
    outer loop
      vertex   1.445961e+02 -1.234547e+02 -7.900000e+00
      vertex   1.448549e+02 -1.250888e+02 -9.500000e+00
      vertex   1.441820e+02 -1.250002e+02 -9.500000e+00
    endloop
  endfacet
  facet normal 2.717580e-01 6.560819e-01 -7.040626e-01
    outer loop
      vertex   1.445961e+02 -1.234547e+02 -7.900000e+00
      vertex   1.441820e+02 -1.250002e+02 -9.500000e+00
      vertex   1.443549e+02 -1.233548e+02 -7.900000e+00
    endloop
  endfacet
  facet normal 2.717580e-01 6.560819e-01 -7.040626e-01
    outer loop
      vertex   1.443549e+02 -1.233548e+02 -7.900000e+00
      vertex   1.441820e+02 -1.250002e+02 -9.500000e+00
      vertex   1.435549e+02 -1.247405e+02 -9.500000e+00
    endloop
  endfacet
  facet normal 4.323046e-01 5.633903e-01 -7.040626e-01
    outer loop
      vertex   1.443549e+02 -1.233548e+02 -7.900000e+00
      vertex   1.435549e+02 -1.247405e+02 -9.500000e+00
      vertex   1.441478e+02 -1.231959e+02 -7.900000e+00
    endloop
  endfacet
  facet normal 4.323046e-01 5.633903e-01 -7.040626e-01
    outer loop
      vertex   1.441478e+02 -1.231959e+02 -7.900000e+00
      vertex   1.435549e+02 -1.247405e+02 -9.500000e+00
      vertex   1.430164e+02 -1.243273e+02 -9.500000e+00
    endloop
  endfacet
  facet normal 5.633903e-01 4.323046e-01 -7.040626e-01
    outer loop
      vertex   1.441478e+02 -1.231959e+02 -7.900000e+00
      vertex   1.430164e+02 -1.243273e+02 -9.500000e+00
      vertex   1.439889e+02 -1.229888e+02 -7.900000e+00
    endloop
  endfacet
  facet normal 5.633903e-01 4.323046e-01 -7.040626e-01
    outer loop
      vertex   1.439889e+02 -1.229888e+02 -7.900000e+00
      vertex   1.430164e+02 -1.243273e+02 -9.500000e+00
      vertex   1.426032e+02 -1.237888e+02 -9.500000e+00
    endloop
  endfacet
  facet normal 6.560819e-01 2.717580e-01 -7.040626e-01
    outer loop
      vertex   1.439889e+02 -1.229888e+02 -7.900000e+00
      vertex   1.426032e+02 -1.237888e+02 -9.500000e+00
      vertex   1.438890e+02 -1.227476e+02 -7.900000e+00
    endloop
  endfacet
  facet normal 6.560819e-01 2.717580e-01 -7.040626e-01
    outer loop
      vertex   1.438890e+02 -1.227476e+02 -7.900000e+00
      vertex   1.426032e+02 -1.237888e+02 -9.500000e+00
      vertex   1.423435e+02 -1.231617e+02 -9.500000e+00
    endloop
  endfacet
  facet normal 9.914449e-01 1.305262e-01 0.000000e+00
    outer loop
      vertex   1.438890e+02 -1.227476e+02 -7.500000e+00
      vertex   1.438890e+02 -1.227476e+02 -7.900000e+00
      vertex   1.438549e+02 -1.224888e+02 -7.500000e+00
    endloop
  endfacet
  facet normal 9.914449e-01 1.305262e-01 0.000000e+00
    outer loop
      vertex   1.438549e+02 -1.224888e+02 -7.500000e+00
      vertex   1.438890e+02 -1.227476e+02 -7.900000e+00
      vertex   1.438549e+02 -1.224888e+02 -7.900000e+00
    endloop
  endfacet
  facet normal 9.914449e-01 -1.305262e-01 0.000000e+00
    outer loop
      vertex   1.438549e+02 -1.224888e+02 -7.500000e+00
      vertex   1.438549e+02 -1.224888e+02 -7.900000e+00
      vertex   1.438890e+02 -1.222300e+02 -7.500000e+00
    endloop
  endfacet
  facet normal 9.914449e-01 -1.305262e-01 0.000000e+00
    outer loop
      vertex   1.438890e+02 -1.222300e+02 -7.500000e+00
      vertex   1.438549e+02 -1.224888e+02 -7.900000e+00
      vertex   1.438890e+02 -1.222300e+02 -7.900000e+00
    endloop
  endfacet
  facet normal 9.238795e-01 -3.826834e-01 0.000000e+00
    outer loop
      vertex   1.438890e+02 -1.222300e+02 -7.500000e+00
      vertex   1.438890e+02 -1.222300e+02 -7.900000e+00
      vertex   1.439889e+02 -1.219888e+02 -7.500000e+00
    endloop
  endfacet
  facet normal 9.238795e-01 -3.826834e-01 -1.359565e-14
    outer loop
      vertex   1.439889e+02 -1.219888e+02 -7.500000e+00
      vertex   1.438890e+02 -1.222300e+02 -7.900000e+00
      vertex   1.439889e+02 -1.219888e+02 -7.900000e+00
    endloop
  endfacet
  facet normal 7.933533e-01 -6.087614e-01 -2.162755e-14
    outer loop
      vertex   1.439889e+02 -1.219888e+02 -7.500000e+00
      vertex   1.439889e+02 -1.219888e+02 -7.900000e+00
      vertex   1.441478e+02 -1.217817e+02 -7.500000e+00
    endloop
  endfacet
  facet normal 7.933533e-01 -6.087614e-01 0.000000e+00
    outer loop
      vertex   1.441478e+02 -1.217817e+02 -7.500000e+00
      vertex   1.439889e+02 -1.219888e+02 -7.900000e+00
      vertex   1.441478e+02 -1.217817e+02 -7.900000e+00
    endloop
  endfacet
  facet normal 6.087614e-01 -7.933533e-01 0.000000e+00
    outer loop
      vertex   1.441478e+02 -1.217817e+02 -7.500000e+00
      vertex   1.441478e+02 -1.217817e+02 -7.900000e+00
      vertex   1.443549e+02 -1.216228e+02 -7.500000e+00
    endloop
  endfacet
  facet normal 6.087614e-01 -7.933533e-01 4.325510e-14
    outer loop
      vertex   1.443549e+02 -1.216228e+02 -7.500000e+00
      vertex   1.441478e+02 -1.217817e+02 -7.900000e+00
      vertex   1.443549e+02 -1.216228e+02 -7.900000e+00
    endloop
  endfacet
  facet normal 3.826834e-01 -9.238795e-01 2.719129e-14
    outer loop
      vertex   1.443549e+02 -1.216228e+02 -7.500000e+00
      vertex   1.443549e+02 -1.216228e+02 -7.900000e+00
      vertex   1.445961e+02 -1.215229e+02 -7.500000e+00
    endloop
  endfacet
  facet normal 3.826834e-01 -9.238795e-01 0.000000e+00
    outer loop
      vertex   1.445961e+02 -1.215229e+02 -7.500000e+00
      vertex   1.443549e+02 -1.216228e+02 -7.900000e+00
      vertex   1.445961e+02 -1.215229e+02 -7.900000e+00
    endloop
  endfacet
  facet normal 1.305262e-01 -9.914449e-01 0.000000e+00
    outer loop
      vertex   1.445961e+02 -1.215229e+02 -7.500000e+00
      vertex   1.445961e+02 -1.215229e+02 -7.900000e+00
      vertex   1.448549e+02 -1.214888e+02 -7.500000e+00
    endloop
  endfacet
  facet normal 1.305262e-01 -9.914449e-01 0.000000e+00
    outer loop
      vertex   1.448549e+02 -1.214888e+02 -7.500000e+00
      vertex   1.445961e+02 -1.215229e+02 -7.900000e+00
      vertex   1.448549e+02 -1.214888e+02 -7.900000e+00
    endloop
  endfacet
  facet normal -1.305262e-01 -9.914449e-01 -0.000000e+00
    outer loop
      vertex   1.448549e+02 -1.214888e+02 -7.500000e+00
      vertex   1.448549e+02 -1.214888e+02 -7.900000e+00
      vertex   1.451137e+02 -1.215229e+02 -7.500000e+00
    endloop
  endfacet
  facet normal -1.305262e-01 -9.914449e-01 -0.000000e+00
    outer loop
      vertex   1.451137e+02 -1.215229e+02 -7.500000e+00
      vertex   1.448549e+02 -1.214888e+02 -7.900000e+00
      vertex   1.451137e+02 -1.215229e+02 -7.900000e+00
    endloop
  endfacet
  facet normal -3.826834e-01 -9.238795e-01 -0.000000e+00
    outer loop
      vertex   1.451137e+02 -1.215229e+02 -7.500000e+00
      vertex   1.451137e+02 -1.215229e+02 -7.900000e+00
      vertex   1.453549e+02 -1.216228e+02 -7.500000e+00
    endloop
  endfacet
  facet normal -3.826834e-01 -9.238795e-01 -2.719129e-14
    outer loop
      vertex   1.453549e+02 -1.216228e+02 -7.500000e+00
      vertex   1.451137e+02 -1.215229e+02 -7.900000e+00
      vertex   1.453549e+02 -1.216228e+02 -7.900000e+00
    endloop
  endfacet
  facet normal -6.087614e-01 -7.933533e-01 -4.325510e-14
    outer loop
      vertex   1.453549e+02 -1.216228e+02 -7.500000e+00
      vertex   1.453549e+02 -1.216228e+02 -7.900000e+00
      vertex   1.455620e+02 -1.217817e+02 -7.500000e+00
    endloop
  endfacet
  facet normal -6.087614e-01 -7.933533e-01 -0.000000e+00
    outer loop
      vertex   1.455620e+02 -1.217817e+02 -7.500000e+00
      vertex   1.453549e+02 -1.216228e+02 -7.900000e+00
      vertex   1.455620e+02 -1.217817e+02 -7.900000e+00
    endloop
  endfacet
  facet normal -7.933533e-01 -6.087614e-01 -0.000000e+00
    outer loop
      vertex   1.455620e+02 -1.217817e+02 -7.500000e+00
      vertex   1.455620e+02 -1.217817e+02 -7.900000e+00
      vertex   1.457209e+02 -1.219888e+02 -7.500000e+00
    endloop
  endfacet
  facet normal -7.933533e-01 -6.087614e-01 2.162755e-14
    outer loop
      vertex   1.457209e+02 -1.219888e+02 -7.500000e+00
      vertex   1.455620e+02 -1.217817e+02 -7.900000e+00
      vertex   1.457209e+02 -1.219888e+02 -7.900000e+00
    endloop
  endfacet
  facet normal -9.238795e-01 -3.826834e-01 1.359565e-14
    outer loop
      vertex   1.457209e+02 -1.219888e+02 -7.500000e+00
      vertex   1.457209e+02 -1.219888e+02 -7.900000e+00
      vertex   1.458208e+02 -1.222300e+02 -7.500000e+00
    endloop
  endfacet
  facet normal -9.238795e-01 -3.826834e-01 -0.000000e+00
    outer loop
      vertex   1.458208e+02 -1.222300e+02 -7.500000e+00
      vertex   1.457209e+02 -1.219888e+02 -7.900000e+00
      vertex   1.458208e+02 -1.222300e+02 -7.900000e+00
    endloop
  endfacet
  facet normal -9.914449e-01 -1.305262e-01 -0.000000e+00
    outer loop
      vertex   1.458208e+02 -1.222300e+02 -7.500000e+00
      vertex   1.458208e+02 -1.222300e+02 -7.900000e+00
      vertex   1.458549e+02 -1.224888e+02 -7.500000e+00
    endloop
  endfacet
  facet normal -9.914449e-01 -1.305262e-01 -0.000000e+00
    outer loop
      vertex   1.458549e+02 -1.224888e+02 -7.500000e+00
      vertex   1.458208e+02 -1.222300e+02 -7.900000e+00
      vertex   1.458549e+02 -1.224888e+02 -7.900000e+00
    endloop
  endfacet
  facet normal -9.914449e-01 1.305262e-01 0.000000e+00
    outer loop
      vertex   1.458549e+02 -1.224888e+02 -7.500000e+00
      vertex   1.458549e+02 -1.224888e+02 -7.900000e+00
      vertex   1.458208e+02 -1.227476e+02 -7.500000e+00
    endloop
  endfacet
  facet normal -9.914449e-01 1.305262e-01 0.000000e+00
    outer loop
      vertex   1.458208e+02 -1.227476e+02 -7.500000e+00
      vertex   1.458549e+02 -1.224888e+02 -7.900000e+00
      vertex   1.458208e+02 -1.227476e+02 -7.900000e+00
    endloop
  endfacet
  facet normal -9.238795e-01 3.826834e-01 0.000000e+00
    outer loop
      vertex   1.458208e+02 -1.227476e+02 -7.500000e+00
      vertex   1.458208e+02 -1.227476e+02 -7.900000e+00
      vertex   1.457209e+02 -1.229888e+02 -7.500000e+00
    endloop
  endfacet
  facet normal -9.238795e-01 3.826834e-01 -1.359565e-14
    outer loop
      vertex   1.457209e+02 -1.229888e+02 -7.500000e+00
      vertex   1.458208e+02 -1.227476e+02 -7.900000e+00
      vertex   1.457209e+02 -1.229888e+02 -7.900000e+00
    endloop
  endfacet
  facet normal -7.933533e-01 6.087614e-01 -2.162755e-14
    outer loop
      vertex   1.457209e+02 -1.229888e+02 -7.500000e+00
      vertex   1.457209e+02 -1.229888e+02 -7.900000e+00
      vertex   1.455620e+02 -1.231959e+02 -7.500000e+00
    endloop
  endfacet
  facet normal -7.933533e-01 6.087614e-01 0.000000e+00
    outer loop
      vertex   1.455620e+02 -1.231959e+02 -7.500000e+00
      vertex   1.457209e+02 -1.229888e+02 -7.900000e+00
      vertex   1.455620e+02 -1.231959e+02 -7.900000e+00
    endloop
  endfacet
  facet normal -6.087614e-01 7.933533e-01 0.000000e+00
    outer loop
      vertex   1.455620e+02 -1.231959e+02 -7.500000e+00
      vertex   1.455620e+02 -1.231959e+02 -7.900000e+00
      vertex   1.453549e+02 -1.233548e+02 -7.500000e+00
    endloop
  endfacet
  facet normal -6.087614e-01 7.933533e-01 4.325510e-14
    outer loop
      vertex   1.453549e+02 -1.233548e+02 -7.500000e+00
      vertex   1.455620e+02 -1.231959e+02 -7.900000e+00
      vertex   1.453549e+02 -1.233548e+02 -7.900000e+00
    endloop
  endfacet
  facet normal -3.826834e-01 9.238795e-01 2.719129e-14
    outer loop
      vertex   1.453549e+02 -1.233548e+02 -7.500000e+00
      vertex   1.453549e+02 -1.233548e+02 -7.900000e+00
      vertex   1.451137e+02 -1.234547e+02 -7.500000e+00
    endloop
  endfacet
  facet normal -3.826834e-01 9.238795e-01 0.000000e+00
    outer loop
      vertex   1.451137e+02 -1.234547e+02 -7.500000e+00
      vertex   1.453549e+02 -1.233548e+02 -7.900000e+00
      vertex   1.451137e+02 -1.234547e+02 -7.900000e+00
    endloop
  endfacet
  facet normal -1.305262e-01 9.914449e-01 0.000000e+00
    outer loop
      vertex   1.451137e+02 -1.234547e+02 -7.500000e+00
      vertex   1.451137e+02 -1.234547e+02 -7.900000e+00
      vertex   1.448549e+02 -1.234888e+02 -7.500000e+00
    endloop
  endfacet
  facet normal -1.305262e-01 9.914449e-01 0.000000e+00
    outer loop
      vertex   1.448549e+02 -1.234888e+02 -7.500000e+00
      vertex   1.451137e+02 -1.234547e+02 -7.900000e+00
      vertex   1.448549e+02 -1.234888e+02 -7.900000e+00
    endloop
  endfacet
  facet normal 1.305262e-01 9.914449e-01 0.000000e+00
    outer loop
      vertex   1.448549e+02 -1.234888e+02 -7.500000e+00
      vertex   1.448549e+02 -1.234888e+02 -7.900000e+00
      vertex   1.445961e+02 -1.234547e+02 -7.500000e+00
    endloop
  endfacet
  facet normal 1.305262e-01 9.914449e-01 0.000000e+00
    outer loop
      vertex   1.445961e+02 -1.234547e+02 -7.500000e+00
      vertex   1.448549e+02 -1.234888e+02 -7.900000e+00
      vertex   1.445961e+02 -1.234547e+02 -7.900000e+00
    endloop
  endfacet
  facet normal 3.826834e-01 9.238795e-01 0.000000e+00
    outer loop
      vertex   1.445961e+02 -1.234547e+02 -7.500000e+00
      vertex   1.445961e+02 -1.234547e+02 -7.900000e+00
      vertex   1.443549e+02 -1.233548e+02 -7.500000e+00
    endloop
  endfacet
  facet normal 3.826834e-01 9.238795e-01 -2.719129e-14
    outer loop
      vertex   1.443549e+02 -1.233548e+02 -7.500000e+00
      vertex   1.445961e+02 -1.234547e+02 -7.900000e+00
      vertex   1.443549e+02 -1.233548e+02 -7.900000e+00
    endloop
  endfacet
  facet normal 6.087614e-01 7.933533e-01 -4.325510e-14
    outer loop
      vertex   1.443549e+02 -1.233548e+02 -7.500000e+00
      vertex   1.443549e+02 -1.233548e+02 -7.900000e+00
      vertex   1.441478e+02 -1.231959e+02 -7.500000e+00
    endloop
  endfacet
  facet normal 6.087614e-01 7.933533e-01 0.000000e+00
    outer loop
      vertex   1.441478e+02 -1.231959e+02 -7.500000e+00
      vertex   1.443549e+02 -1.233548e+02 -7.900000e+00
      vertex   1.441478e+02 -1.231959e+02 -7.900000e+00
    endloop
  endfacet
  facet normal 7.933533e-01 6.087614e-01 0.000000e+00
    outer loop
      vertex   1.441478e+02 -1.231959e+02 -7.500000e+00
      vertex   1.441478e+02 -1.231959e+02 -7.900000e+00
      vertex   1.439889e+02 -1.229888e+02 -7.500000e+00
    endloop
  endfacet
  facet normal 7.933533e-01 6.087614e-01 2.162755e-14
    outer loop
      vertex   1.439889e+02 -1.229888e+02 -7.500000e+00
      vertex   1.441478e+02 -1.231959e+02 -7.900000e+00
      vertex   1.439889e+02 -1.229888e+02 -7.900000e+00
    endloop
  endfacet
  facet normal 9.238795e-01 3.826834e-01 1.359565e-14
    outer loop
      vertex   1.439889e+02 -1.229888e+02 -7.500000e+00
      vertex   1.439889e+02 -1.229888e+02 -7.900000e+00
      vertex   1.438890e+02 -1.227476e+02 -7.500000e+00
    endloop
  endfacet
  facet normal 9.238795e-01 3.826834e-01 0.000000e+00
    outer loop
      vertex   1.438890e+02 -1.227476e+02 -7.500000e+00
      vertex   1.439889e+02 -1.229888e+02 -7.900000e+00
      vertex   1.438890e+02 -1.227476e+02 -7.900000e+00
    endloop
  endfacet
  facet normal 7.040626e-01 9.269160e-02 -7.040626e-01
    outer loop
      vertex   1.459392e+02 -8.524078e+01 -7.900000e+00
      vertex   1.443937e+02 -8.565489e+01 -9.500000e+00
      vertex   1.459051e+02 -8.498196e+01 -7.900000e+00
    endloop
  endfacet
  facet normal 7.040626e-01 9.269160e-02 -7.040626e-01
    outer loop
      vertex   1.459051e+02 -8.498196e+01 -7.900000e+00
      vertex   1.443937e+02 -8.565489e+01 -9.500000e+00
      vertex   1.443051e+02 -8.498196e+01 -9.500000e+00
    endloop
  endfacet
  facet normal 7.040626e-01 -9.269160e-02 -7.040626e-01
    outer loop
      vertex   1.459051e+02 -8.498196e+01 -7.900000e+00
      vertex   1.443051e+02 -8.498196e+01 -9.500000e+00
      vertex   1.459392e+02 -8.472314e+01 -7.900000e+00
    endloop
  endfacet
  facet normal 7.040626e-01 -9.269160e-02 -7.040626e-01
    outer loop
      vertex   1.459392e+02 -8.472314e+01 -7.900000e+00
      vertex   1.443051e+02 -8.498196e+01 -9.500000e+00
      vertex   1.443937e+02 -8.430903e+01 -9.500000e+00
    endloop
  endfacet
  facet normal 6.560819e-01 -2.717580e-01 -7.040626e-01
    outer loop
      vertex   1.459392e+02 -8.472314e+01 -7.900000e+00
      vertex   1.443937e+02 -8.430903e+01 -9.500000e+00
      vertex   1.460391e+02 -8.448196e+01 -7.900000e+00
    endloop
  endfacet
  facet normal 6.560819e-01 -2.717580e-01 -7.040626e-01
    outer loop
      vertex   1.460391e+02 -8.448196e+01 -7.900000e+00
      vertex   1.443937e+02 -8.430903e+01 -9.500000e+00
      vertex   1.446535e+02 -8.368196e+01 -9.500000e+00
    endloop
  endfacet
  facet normal 5.633903e-01 -4.323046e-01 -7.040626e-01
    outer loop
      vertex   1.460391e+02 -8.448196e+01 -7.900000e+00
      vertex   1.446535e+02 -8.368196e+01 -9.500000e+00
      vertex   1.461980e+02 -8.427485e+01 -7.900000e+00
    endloop
  endfacet
  facet normal 5.633903e-01 -4.323046e-01 -7.040626e-01
    outer loop
      vertex   1.461980e+02 -8.427485e+01 -7.900000e+00
      vertex   1.446535e+02 -8.368196e+01 -9.500000e+00
      vertex   1.450667e+02 -8.314348e+01 -9.500000e+00
    endloop
  endfacet
  facet normal 4.323046e-01 -5.633903e-01 -7.040626e-01
    outer loop
      vertex   1.461980e+02 -8.427485e+01 -7.900000e+00
      vertex   1.450667e+02 -8.314348e+01 -9.500000e+00
      vertex   1.464051e+02 -8.411593e+01 -7.900000e+00
    endloop
  endfacet
  facet normal 4.323046e-01 -5.633903e-01 -7.040626e-01
    outer loop
      vertex   1.464051e+02 -8.411593e+01 -7.900000e+00
      vertex   1.450667e+02 -8.314348e+01 -9.500000e+00
      vertex   1.456051e+02 -8.273029e+01 -9.500000e+00
    endloop
  endfacet
  facet normal 2.717580e-01 -6.560819e-01 -7.040626e-01
    outer loop
      vertex   1.464051e+02 -8.411593e+01 -7.900000e+00
      vertex   1.456051e+02 -8.273029e+01 -9.500000e+00
      vertex   1.466463e+02 -8.401603e+01 -7.900000e+00
    endloop
  endfacet
  facet normal 2.717580e-01 -6.560819e-01 -7.040626e-01
    outer loop
      vertex   1.466463e+02 -8.401603e+01 -7.900000e+00
      vertex   1.456051e+02 -8.273029e+01 -9.500000e+00
      vertex   1.462322e+02 -8.247055e+01 -9.500000e+00
    endloop
  endfacet
  facet normal 9.269160e-02 -7.040626e-01 -7.040626e-01
    outer loop
      vertex   1.466463e+02 -8.401603e+01 -7.900000e+00
      vertex   1.462322e+02 -8.247055e+01 -9.500000e+00
      vertex   1.469051e+02 -8.398196e+01 -7.900000e+00
    endloop
  endfacet
  facet normal 9.269160e-02 -7.040626e-01 -7.040626e-01
    outer loop
      vertex   1.469051e+02 -8.398196e+01 -7.900000e+00
      vertex   1.462322e+02 -8.247055e+01 -9.500000e+00
      vertex   1.469051e+02 -8.238196e+01 -9.500000e+00
    endloop
  endfacet
  facet normal -9.269160e-02 -7.040626e-01 -7.040626e-01
    outer loop
      vertex   1.469051e+02 -8.398196e+01 -7.900000e+00
      vertex   1.469051e+02 -8.238196e+01 -9.500000e+00
      vertex   1.471640e+02 -8.401603e+01 -7.900000e+00
    endloop
  endfacet
  facet normal -9.269160e-02 -7.040626e-01 -7.040626e-01
    outer loop
      vertex   1.471640e+02 -8.401603e+01 -7.900000e+00
      vertex   1.469051e+02 -8.238196e+01 -9.500000e+00
      vertex   1.475781e+02 -8.247055e+01 -9.500000e+00
    endloop
  endfacet
  facet normal -2.717580e-01 -6.560819e-01 -7.040626e-01
    outer loop
      vertex   1.471640e+02 -8.401603e+01 -7.900000e+00
      vertex   1.475781e+02 -8.247055e+01 -9.500000e+00
      vertex   1.474051e+02 -8.411593e+01 -7.900000e+00
    endloop
  endfacet
  facet normal -2.717580e-01 -6.560819e-01 -7.040626e-01
    outer loop
      vertex   1.474051e+02 -8.411593e+01 -7.900000e+00
      vertex   1.475781e+02 -8.247055e+01 -9.500000e+00
      vertex   1.482051e+02 -8.273029e+01 -9.500000e+00
    endloop
  endfacet
  facet normal -4.323046e-01 -5.633903e-01 -7.040626e-01
    outer loop
      vertex   1.474051e+02 -8.411593e+01 -7.900000e+00
      vertex   1.482051e+02 -8.273029e+01 -9.500000e+00
      vertex   1.476122e+02 -8.427485e+01 -7.900000e+00
    endloop
  endfacet
  facet normal -4.323046e-01 -5.633903e-01 -7.040626e-01
    outer loop
      vertex   1.476122e+02 -8.427485e+01 -7.900000e+00
      vertex   1.482051e+02 -8.273029e+01 -9.500000e+00
      vertex   1.487436e+02 -8.314348e+01 -9.500000e+00
    endloop
  endfacet
  facet normal -5.633903e-01 -4.323046e-01 -7.040626e-01
    outer loop
      vertex   1.476122e+02 -8.427485e+01 -7.900000e+00
      vertex   1.487436e+02 -8.314348e+01 -9.500000e+00
      vertex   1.477712e+02 -8.448196e+01 -7.900000e+00
    endloop
  endfacet
  facet normal -5.633903e-01 -4.323046e-01 -7.040626e-01
    outer loop
      vertex   1.477712e+02 -8.448196e+01 -7.900000e+00
      vertex   1.487436e+02 -8.314348e+01 -9.500000e+00
      vertex   1.491568e+02 -8.368196e+01 -9.500000e+00
    endloop
  endfacet
  facet normal -6.560819e-01 -2.717580e-01 -7.040626e-01
    outer loop
      vertex   1.477712e+02 -8.448196e+01 -7.900000e+00
      vertex   1.491568e+02 -8.368196e+01 -9.500000e+00
      vertex   1.478711e+02 -8.472314e+01 -7.900000e+00
    endloop
  endfacet
  facet normal -6.560819e-01 -2.717580e-01 -7.040626e-01
    outer loop
      vertex   1.478711e+02 -8.472314e+01 -7.900000e+00
      vertex   1.491568e+02 -8.368196e+01 -9.500000e+00
      vertex   1.494165e+02 -8.430903e+01 -9.500000e+00
    endloop
  endfacet
  facet normal -7.040626e-01 -9.269160e-02 -7.040626e-01
    outer loop
      vertex   1.478711e+02 -8.472314e+01 -7.900000e+00
      vertex   1.494165e+02 -8.430903e+01 -9.500000e+00
      vertex   1.479051e+02 -8.498196e+01 -7.900000e+00
    endloop
  endfacet
  facet normal -7.040626e-01 -9.269160e-02 -7.040626e-01
    outer loop
      vertex   1.479051e+02 -8.498196e+01 -7.900000e+00
      vertex   1.494165e+02 -8.430903e+01 -9.500000e+00
      vertex   1.495051e+02 -8.498196e+01 -9.500000e+00
    endloop
  endfacet
  facet normal -7.040626e-01 9.269160e-02 -7.040626e-01
    outer loop
      vertex   1.479051e+02 -8.498196e+01 -7.900000e+00
      vertex   1.495051e+02 -8.498196e+01 -9.500000e+00
      vertex   1.478711e+02 -8.524078e+01 -7.900000e+00
    endloop
  endfacet
  facet normal -7.040626e-01 9.269160e-02 -7.040626e-01
    outer loop
      vertex   1.478711e+02 -8.524078e+01 -7.900000e+00
      vertex   1.495051e+02 -8.498196e+01 -9.500000e+00
      vertex   1.494165e+02 -8.565489e+01 -9.500000e+00
    endloop
  endfacet
  facet normal -6.560819e-01 2.717580e-01 -7.040626e-01
    outer loop
      vertex   1.478711e+02 -8.524078e+01 -7.900000e+00
      vertex   1.494165e+02 -8.565489e+01 -9.500000e+00
      vertex   1.477712e+02 -8.548196e+01 -7.900000e+00
    endloop
  endfacet
  facet normal -6.560819e-01 2.717580e-01 -7.040626e-01
    outer loop
      vertex   1.477712e+02 -8.548196e+01 -7.900000e+00
      vertex   1.494165e+02 -8.565489e+01 -9.500000e+00
      vertex   1.491568e+02 -8.628196e+01 -9.500000e+00
    endloop
  endfacet
  facet normal -5.633903e-01 4.323046e-01 -7.040626e-01
    outer loop
      vertex   1.477712e+02 -8.548196e+01 -7.900000e+00
      vertex   1.491568e+02 -8.628196e+01 -9.500000e+00
      vertex   1.476122e+02 -8.568907e+01 -7.900000e+00
    endloop
  endfacet
  facet normal -5.633903e-01 4.323046e-01 -7.040626e-01
    outer loop
      vertex   1.476122e+02 -8.568907e+01 -7.900000e+00
      vertex   1.491568e+02 -8.628196e+01 -9.500000e+00
      vertex   1.487436e+02 -8.682044e+01 -9.500000e+00
    endloop
  endfacet
  facet normal -4.323046e-01 5.633903e-01 -7.040626e-01
    outer loop
      vertex   1.476122e+02 -8.568907e+01 -7.900000e+00
      vertex   1.487436e+02 -8.682044e+01 -9.500000e+00
      vertex   1.474051e+02 -8.584798e+01 -7.900000e+00
    endloop
  endfacet
  facet normal -4.323046e-01 5.633903e-01 -7.040626e-01
    outer loop
      vertex   1.474051e+02 -8.584798e+01 -7.900000e+00
      vertex   1.487436e+02 -8.682044e+01 -9.500000e+00
      vertex   1.482051e+02 -8.723362e+01 -9.500000e+00
    endloop
  endfacet
  facet normal -2.717580e-01 6.560819e-01 -7.040626e-01
    outer loop
      vertex   1.474051e+02 -8.584798e+01 -7.900000e+00
      vertex   1.482051e+02 -8.723362e+01 -9.500000e+00
      vertex   1.471640e+02 -8.594788e+01 -7.900000e+00
    endloop
  endfacet
  facet normal -2.717580e-01 6.560819e-01 -7.040626e-01
    outer loop
      vertex   1.471640e+02 -8.594788e+01 -7.900000e+00
      vertex   1.482051e+02 -8.723362e+01 -9.500000e+00
      vertex   1.475781e+02 -8.749337e+01 -9.500000e+00
    endloop
  endfacet
  facet normal -9.269160e-02 7.040626e-01 -7.040626e-01
    outer loop
      vertex   1.471640e+02 -8.594788e+01 -7.900000e+00
      vertex   1.475781e+02 -8.749337e+01 -9.500000e+00
      vertex   1.469051e+02 -8.598196e+01 -7.900000e+00
    endloop
  endfacet
  facet normal -9.269160e-02 7.040626e-01 -7.040626e-01
    outer loop
      vertex   1.469051e+02 -8.598196e+01 -7.900000e+00
      vertex   1.475781e+02 -8.749337e+01 -9.500000e+00
      vertex   1.469051e+02 -8.758196e+01 -9.500000e+00
    endloop
  endfacet
  facet normal 9.269160e-02 7.040626e-01 -7.040626e-01
    outer loop
      vertex   1.469051e+02 -8.598196e+01 -7.900000e+00
      vertex   1.469051e+02 -8.758196e+01 -9.500000e+00
      vertex   1.466463e+02 -8.594788e+01 -7.900000e+00
    endloop
  endfacet
  facet normal 9.269160e-02 7.040626e-01 -7.040626e-01
    outer loop
      vertex   1.466463e+02 -8.594788e+01 -7.900000e+00
      vertex   1.469051e+02 -8.758196e+01 -9.500000e+00
      vertex   1.462322e+02 -8.749337e+01 -9.500000e+00
    endloop
  endfacet
  facet normal 2.717580e-01 6.560819e-01 -7.040626e-01
    outer loop
      vertex   1.466463e+02 -8.594788e+01 -7.900000e+00
      vertex   1.462322e+02 -8.749337e+01 -9.500000e+00
      vertex   1.464051e+02 -8.584798e+01 -7.900000e+00
    endloop
  endfacet
  facet normal 2.717580e-01 6.560819e-01 -7.040626e-01
    outer loop
      vertex   1.464051e+02 -8.584798e+01 -7.900000e+00
      vertex   1.462322e+02 -8.749337e+01 -9.500000e+00
      vertex   1.456051e+02 -8.723362e+01 -9.500000e+00
    endloop
  endfacet
  facet normal 4.323046e-01 5.633903e-01 -7.040626e-01
    outer loop
      vertex   1.464051e+02 -8.584798e+01 -7.900000e+00
      vertex   1.456051e+02 -8.723362e+01 -9.500000e+00
      vertex   1.461980e+02 -8.568907e+01 -7.900000e+00
    endloop
  endfacet
  facet normal 4.323046e-01 5.633903e-01 -7.040626e-01
    outer loop
      vertex   1.461980e+02 -8.568907e+01 -7.900000e+00
      vertex   1.456051e+02 -8.723362e+01 -9.500000e+00
      vertex   1.450667e+02 -8.682044e+01 -9.500000e+00
    endloop
  endfacet
  facet normal 5.633903e-01 4.323046e-01 -7.040626e-01
    outer loop
      vertex   1.461980e+02 -8.568907e+01 -7.900000e+00
      vertex   1.450667e+02 -8.682044e+01 -9.500000e+00
      vertex   1.460391e+02 -8.548196e+01 -7.900000e+00
    endloop
  endfacet
  facet normal 5.633903e-01 4.323046e-01 -7.040626e-01
    outer loop
      vertex   1.460391e+02 -8.548196e+01 -7.900000e+00
      vertex   1.450667e+02 -8.682044e+01 -9.500000e+00
      vertex   1.446535e+02 -8.628196e+01 -9.500000e+00
    endloop
  endfacet
  facet normal 6.560819e-01 2.717580e-01 -7.040626e-01
    outer loop
      vertex   1.460391e+02 -8.548196e+01 -7.900000e+00
      vertex   1.446535e+02 -8.628196e+01 -9.500000e+00
      vertex   1.459392e+02 -8.524078e+01 -7.900000e+00
    endloop
  endfacet
  facet normal 6.560819e-01 2.717580e-01 -7.040626e-01
    outer loop
      vertex   1.459392e+02 -8.524078e+01 -7.900000e+00
      vertex   1.446535e+02 -8.628196e+01 -9.500000e+00
      vertex   1.443937e+02 -8.565489e+01 -9.500000e+00
    endloop
  endfacet
  facet normal 9.914449e-01 1.305262e-01 0.000000e+00
    outer loop
      vertex   1.459392e+02 -8.524078e+01 -7.500000e+00
      vertex   1.459392e+02 -8.524078e+01 -7.900000e+00
      vertex   1.459051e+02 -8.498196e+01 -7.500000e+00
    endloop
  endfacet
  facet normal 9.914449e-01 1.305262e-01 0.000000e+00
    outer loop
      vertex   1.459051e+02 -8.498196e+01 -7.500000e+00
      vertex   1.459392e+02 -8.524078e+01 -7.900000e+00
      vertex   1.459051e+02 -8.498196e+01 -7.900000e+00
    endloop
  endfacet
  facet normal 9.914449e-01 -1.305262e-01 0.000000e+00
    outer loop
      vertex   1.459051e+02 -8.498196e+01 -7.500000e+00
      vertex   1.459051e+02 -8.498196e+01 -7.900000e+00
      vertex   1.459392e+02 -8.472314e+01 -7.500000e+00
    endloop
  endfacet
  facet normal 9.914449e-01 -1.305262e-01 0.000000e+00
    outer loop
      vertex   1.459392e+02 -8.472314e+01 -7.500000e+00
      vertex   1.459051e+02 -8.498196e+01 -7.900000e+00
      vertex   1.459392e+02 -8.472314e+01 -7.900000e+00
    endloop
  endfacet
  facet normal 9.238795e-01 -3.826834e-01 0.000000e+00
    outer loop
      vertex   1.459392e+02 -8.472314e+01 -7.500000e+00
      vertex   1.459392e+02 -8.472314e+01 -7.900000e+00
      vertex   1.460391e+02 -8.448196e+01 -7.500000e+00
    endloop
  endfacet
  facet normal 9.238795e-01 -3.826834e-01 -1.359565e-14
    outer loop
      vertex   1.460391e+02 -8.448196e+01 -7.500000e+00
      vertex   1.459392e+02 -8.472314e+01 -7.900000e+00
      vertex   1.460391e+02 -8.448196e+01 -7.900000e+00
    endloop
  endfacet
  facet normal 7.933533e-01 -6.087614e-01 -2.162755e-14
    outer loop
      vertex   1.460391e+02 -8.448196e+01 -7.500000e+00
      vertex   1.460391e+02 -8.448196e+01 -7.900000e+00
      vertex   1.461980e+02 -8.427485e+01 -7.500000e+00
    endloop
  endfacet
  facet normal 7.933533e-01 -6.087614e-01 0.000000e+00
    outer loop
      vertex   1.461980e+02 -8.427485e+01 -7.500000e+00
      vertex   1.460391e+02 -8.448196e+01 -7.900000e+00
      vertex   1.461980e+02 -8.427485e+01 -7.900000e+00
    endloop
  endfacet
  facet normal 6.087614e-01 -7.933533e-01 0.000000e+00
    outer loop
      vertex   1.461980e+02 -8.427485e+01 -7.500000e+00
      vertex   1.461980e+02 -8.427485e+01 -7.900000e+00
      vertex   1.464051e+02 -8.411593e+01 -7.500000e+00
    endloop
  endfacet
  facet normal 6.087614e-01 -7.933533e-01 4.325510e-14
    outer loop
      vertex   1.464051e+02 -8.411593e+01 -7.500000e+00
      vertex   1.461980e+02 -8.427485e+01 -7.900000e+00
      vertex   1.464051e+02 -8.411593e+01 -7.900000e+00
    endloop
  endfacet
  facet normal 3.826834e-01 -9.238795e-01 2.719129e-14
    outer loop
      vertex   1.464051e+02 -8.411593e+01 -7.500000e+00
      vertex   1.464051e+02 -8.411593e+01 -7.900000e+00
      vertex   1.466463e+02 -8.401603e+01 -7.500000e+00
    endloop
  endfacet
  facet normal 3.826834e-01 -9.238795e-01 0.000000e+00
    outer loop
      vertex   1.466463e+02 -8.401603e+01 -7.500000e+00
      vertex   1.464051e+02 -8.411593e+01 -7.900000e+00
      vertex   1.466463e+02 -8.401603e+01 -7.900000e+00
    endloop
  endfacet
  facet normal 1.305262e-01 -9.914449e-01 0.000000e+00
    outer loop
      vertex   1.466463e+02 -8.401603e+01 -7.500000e+00
      vertex   1.466463e+02 -8.401603e+01 -7.900000e+00
      vertex   1.469051e+02 -8.398196e+01 -7.500000e+00
    endloop
  endfacet
  facet normal 1.305262e-01 -9.914449e-01 0.000000e+00
    outer loop
      vertex   1.469051e+02 -8.398196e+01 -7.500000e+00
      vertex   1.466463e+02 -8.401603e+01 -7.900000e+00
      vertex   1.469051e+02 -8.398196e+01 -7.900000e+00
    endloop
  endfacet
  facet normal -1.305262e-01 -9.914449e-01 -0.000000e+00
    outer loop
      vertex   1.469051e+02 -8.398196e+01 -7.500000e+00
      vertex   1.469051e+02 -8.398196e+01 -7.900000e+00
      vertex   1.471640e+02 -8.401603e+01 -7.500000e+00
    endloop
  endfacet
  facet normal -1.305262e-01 -9.914449e-01 -0.000000e+00
    outer loop
      vertex   1.471640e+02 -8.401603e+01 -7.500000e+00
      vertex   1.469051e+02 -8.398196e+01 -7.900000e+00
      vertex   1.471640e+02 -8.401603e+01 -7.900000e+00
    endloop
  endfacet
  facet normal -3.826834e-01 -9.238795e-01 -0.000000e+00
    outer loop
      vertex   1.471640e+02 -8.401603e+01 -7.500000e+00
      vertex   1.471640e+02 -8.401603e+01 -7.900000e+00
      vertex   1.474051e+02 -8.411593e+01 -7.500000e+00
    endloop
  endfacet
  facet normal -3.826834e-01 -9.238795e-01 -2.719129e-14
    outer loop
      vertex   1.474051e+02 -8.411593e+01 -7.500000e+00
      vertex   1.471640e+02 -8.401603e+01 -7.900000e+00
      vertex   1.474051e+02 -8.411593e+01 -7.900000e+00
    endloop
  endfacet
  facet normal -6.087614e-01 -7.933533e-01 -4.325510e-14
    outer loop
      vertex   1.474051e+02 -8.411593e+01 -7.500000e+00
      vertex   1.474051e+02 -8.411593e+01 -7.900000e+00
      vertex   1.476122e+02 -8.427485e+01 -7.500000e+00
    endloop
  endfacet
  facet normal -6.087614e-01 -7.933533e-01 -0.000000e+00
    outer loop
      vertex   1.476122e+02 -8.427485e+01 -7.500000e+00
      vertex   1.474051e+02 -8.411593e+01 -7.900000e+00
      vertex   1.476122e+02 -8.427485e+01 -7.900000e+00
    endloop
  endfacet
  facet normal -7.933533e-01 -6.087614e-01 -0.000000e+00
    outer loop
      vertex   1.476122e+02 -8.427485e+01 -7.500000e+00
      vertex   1.476122e+02 -8.427485e+01 -7.900000e+00
      vertex   1.477712e+02 -8.448196e+01 -7.500000e+00
    endloop
  endfacet
  facet normal -7.933533e-01 -6.087614e-01 2.162755e-14
    outer loop
      vertex   1.477712e+02 -8.448196e+01 -7.500000e+00
      vertex   1.476122e+02 -8.427485e+01 -7.900000e+00
      vertex   1.477712e+02 -8.448196e+01 -7.900000e+00
    endloop
  endfacet
  facet normal -9.238795e-01 -3.826834e-01 1.359565e-14
    outer loop
      vertex   1.477712e+02 -8.448196e+01 -7.500000e+00
      vertex   1.477712e+02 -8.448196e+01 -7.900000e+00
      vertex   1.478711e+02 -8.472314e+01 -7.500000e+00
    endloop
  endfacet
  facet normal -9.238795e-01 -3.826834e-01 -0.000000e+00
    outer loop
      vertex   1.478711e+02 -8.472314e+01 -7.500000e+00
      vertex   1.477712e+02 -8.448196e+01 -7.900000e+00
      vertex   1.478711e+02 -8.472314e+01 -7.900000e+00
    endloop
  endfacet
  facet normal -9.914449e-01 -1.305262e-01 -0.000000e+00
    outer loop
      vertex   1.478711e+02 -8.472314e+01 -7.500000e+00
      vertex   1.478711e+02 -8.472314e+01 -7.900000e+00
      vertex   1.479051e+02 -8.498196e+01 -7.500000e+00
    endloop
  endfacet
  facet normal -9.914449e-01 -1.305262e-01 -0.000000e+00
    outer loop
      vertex   1.479051e+02 -8.498196e+01 -7.500000e+00
      vertex   1.478711e+02 -8.472314e+01 -7.900000e+00
      vertex   1.479051e+02 -8.498196e+01 -7.900000e+00
    endloop
  endfacet
  facet normal -9.914449e-01 1.305262e-01 0.000000e+00
    outer loop
      vertex   1.479051e+02 -8.498196e+01 -7.500000e+00
      vertex   1.479051e+02 -8.498196e+01 -7.900000e+00
      vertex   1.478711e+02 -8.524078e+01 -7.500000e+00
    endloop
  endfacet
  facet normal -9.914449e-01 1.305262e-01 0.000000e+00
    outer loop
      vertex   1.478711e+02 -8.524078e+01 -7.500000e+00
      vertex   1.479051e+02 -8.498196e+01 -7.900000e+00
      vertex   1.478711e+02 -8.524078e+01 -7.900000e+00
    endloop
  endfacet
  facet normal -9.238795e-01 3.826834e-01 0.000000e+00
    outer loop
      vertex   1.478711e+02 -8.524078e+01 -7.500000e+00
      vertex   1.478711e+02 -8.524078e+01 -7.900000e+00
      vertex   1.477712e+02 -8.548196e+01 -7.500000e+00
    endloop
  endfacet
  facet normal -9.238795e-01 3.826834e-01 -1.359565e-14
    outer loop
      vertex   1.477712e+02 -8.548196e+01 -7.500000e+00
      vertex   1.478711e+02 -8.524078e+01 -7.900000e+00
      vertex   1.477712e+02 -8.548196e+01 -7.900000e+00
    endloop
  endfacet
  facet normal -7.933533e-01 6.087614e-01 -2.162755e-14
    outer loop
      vertex   1.477712e+02 -8.548196e+01 -7.500000e+00
      vertex   1.477712e+02 -8.548196e+01 -7.900000e+00
      vertex   1.476122e+02 -8.568907e+01 -7.500000e+00
    endloop
  endfacet
  facet normal -7.933533e-01 6.087614e-01 0.000000e+00
    outer loop
      vertex   1.476122e+02 -8.568907e+01 -7.500000e+00
      vertex   1.477712e+02 -8.548196e+01 -7.900000e+00
      vertex   1.476122e+02 -8.568907e+01 -7.900000e+00
    endloop
  endfacet
  facet normal -6.087614e-01 7.933533e-01 0.000000e+00
    outer loop
      vertex   1.476122e+02 -8.568907e+01 -7.500000e+00
      vertex   1.476122e+02 -8.568907e+01 -7.900000e+00
      vertex   1.474051e+02 -8.584798e+01 -7.500000e+00
    endloop
  endfacet
  facet normal -6.087614e-01 7.933533e-01 4.325510e-14
    outer loop
      vertex   1.474051e+02 -8.584798e+01 -7.500000e+00
      vertex   1.476122e+02 -8.568907e+01 -7.900000e+00
      vertex   1.474051e+02 -8.584798e+01 -7.900000e+00
    endloop
  endfacet
  facet normal -3.826834e-01 9.238795e-01 2.719129e-14
    outer loop
      vertex   1.474051e+02 -8.584798e+01 -7.500000e+00
      vertex   1.474051e+02 -8.584798e+01 -7.900000e+00
      vertex   1.471640e+02 -8.594788e+01 -7.500000e+00
    endloop
  endfacet
  facet normal -3.826834e-01 9.238795e-01 0.000000e+00
    outer loop
      vertex   1.471640e+02 -8.594788e+01 -7.500000e+00
      vertex   1.474051e+02 -8.584798e+01 -7.900000e+00
      vertex   1.471640e+02 -8.594788e+01 -7.900000e+00
    endloop
  endfacet
  facet normal -1.305262e-01 9.914449e-01 0.000000e+00
    outer loop
      vertex   1.471640e+02 -8.594788e+01 -7.500000e+00
      vertex   1.471640e+02 -8.594788e+01 -7.900000e+00
      vertex   1.469051e+02 -8.598196e+01 -7.500000e+00
    endloop
  endfacet
  facet normal -1.305262e-01 9.914449e-01 0.000000e+00
    outer loop
      vertex   1.469051e+02 -8.598196e+01 -7.500000e+00
      vertex   1.471640e+02 -8.594788e+01 -7.900000e+00
      vertex   1.469051e+02 -8.598196e+01 -7.900000e+00
    endloop
  endfacet
  facet normal 1.305262e-01 9.914449e-01 0.000000e+00
    outer loop
      vertex   1.469051e+02 -8.598196e+01 -7.500000e+00
      vertex   1.469051e+02 -8.598196e+01 -7.900000e+00
      vertex   1.466463e+02 -8.594788e+01 -7.500000e+00
    endloop
  endfacet
  facet normal 1.305262e-01 9.914449e-01 0.000000e+00
    outer loop
      vertex   1.466463e+02 -8.594788e+01 -7.500000e+00
      vertex   1.469051e+02 -8.598196e+01 -7.900000e+00
      vertex   1.466463e+02 -8.594788e+01 -7.900000e+00
    endloop
  endfacet
  facet normal 3.826834e-01 9.238795e-01 0.000000e+00
    outer loop
      vertex   1.466463e+02 -8.594788e+01 -7.500000e+00
      vertex   1.466463e+02 -8.594788e+01 -7.900000e+00
      vertex   1.464051e+02 -8.584798e+01 -7.500000e+00
    endloop
  endfacet
  facet normal 3.826834e-01 9.238795e-01 -2.719129e-14
    outer loop
      vertex   1.464051e+02 -8.584798e+01 -7.500000e+00
      vertex   1.466463e+02 -8.594788e+01 -7.900000e+00
      vertex   1.464051e+02 -8.584798e+01 -7.900000e+00
    endloop
  endfacet
  facet normal 6.087614e-01 7.933533e-01 -4.325510e-14
    outer loop
      vertex   1.464051e+02 -8.584798e+01 -7.500000e+00
      vertex   1.464051e+02 -8.584798e+01 -7.900000e+00
      vertex   1.461980e+02 -8.568907e+01 -7.500000e+00
    endloop
  endfacet
  facet normal 6.087614e-01 7.933533e-01 0.000000e+00
    outer loop
      vertex   1.461980e+02 -8.568907e+01 -7.500000e+00
      vertex   1.464051e+02 -8.584798e+01 -7.900000e+00
      vertex   1.461980e+02 -8.568907e+01 -7.900000e+00
    endloop
  endfacet
  facet normal 7.933533e-01 6.087614e-01 0.000000e+00
    outer loop
      vertex   1.461980e+02 -8.568907e+01 -7.500000e+00
      vertex   1.461980e+02 -8.568907e+01 -7.900000e+00
      vertex   1.460391e+02 -8.548196e+01 -7.500000e+00
    endloop
  endfacet
  facet normal 7.933533e-01 6.087614e-01 2.162755e-14
    outer loop
      vertex   1.460391e+02 -8.548196e+01 -7.500000e+00
      vertex   1.461980e+02 -8.568907e+01 -7.900000e+00
      vertex   1.460391e+02 -8.548196e+01 -7.900000e+00
    endloop
  endfacet
  facet normal 9.238795e-01 3.826834e-01 1.359565e-14
    outer loop
      vertex   1.460391e+02 -8.548196e+01 -7.500000e+00
      vertex   1.460391e+02 -8.548196e+01 -7.900000e+00
      vertex   1.459392e+02 -8.524078e+01 -7.500000e+00
    endloop
  endfacet
  facet normal 9.238795e-01 3.826834e-01 0.000000e+00
    outer loop
      vertex   1.459392e+02 -8.524078e+01 -7.500000e+00
      vertex   1.460391e+02 -8.548196e+01 -7.900000e+00
      vertex   1.459392e+02 -8.524078e+01 -7.900000e+00
    endloop
  endfacet
  facet normal 7.040626e-01 9.269160e-02 -7.040626e-01
    outer loop
      vertex   1.459392e+02 -4.568368e+01 -7.900000e+00
      vertex   1.443937e+02 -4.609779e+01 -9.500000e+00
      vertex   1.459051e+02 -4.542486e+01 -7.900000e+00
    endloop
  endfacet
  facet normal 7.040626e-01 9.269160e-02 -7.040626e-01
    outer loop
      vertex   1.459051e+02 -4.542486e+01 -7.900000e+00
      vertex   1.443937e+02 -4.609779e+01 -9.500000e+00
      vertex   1.443051e+02 -4.542486e+01 -9.500000e+00
    endloop
  endfacet
  facet normal 7.040626e-01 -9.269160e-02 -7.040626e-01
    outer loop
      vertex   1.459051e+02 -4.542486e+01 -7.900000e+00
      vertex   1.443051e+02 -4.542486e+01 -9.500000e+00
      vertex   1.459392e+02 -4.516604e+01 -7.900000e+00
    endloop
  endfacet
  facet normal 7.040626e-01 -9.269160e-02 -7.040626e-01
    outer loop
      vertex   1.459392e+02 -4.516604e+01 -7.900000e+00
      vertex   1.443051e+02 -4.542486e+01 -9.500000e+00
      vertex   1.443937e+02 -4.475193e+01 -9.500000e+00
    endloop
  endfacet
  facet normal 6.560819e-01 -2.717580e-01 -7.040626e-01
    outer loop
      vertex   1.459392e+02 -4.516604e+01 -7.900000e+00
      vertex   1.443937e+02 -4.475193e+01 -9.500000e+00
      vertex   1.460391e+02 -4.492486e+01 -7.900000e+00
    endloop
  endfacet
  facet normal 6.560819e-01 -2.717580e-01 -7.040626e-01
    outer loop
      vertex   1.460391e+02 -4.492486e+01 -7.900000e+00
      vertex   1.443937e+02 -4.475193e+01 -9.500000e+00
      vertex   1.446535e+02 -4.412486e+01 -9.500000e+00
    endloop
  endfacet
  facet normal 5.633903e-01 -4.323046e-01 -7.040626e-01
    outer loop
      vertex   1.460391e+02 -4.492486e+01 -7.900000e+00
      vertex   1.446535e+02 -4.412486e+01 -9.500000e+00
      vertex   1.461980e+02 -4.471775e+01 -7.900000e+00
    endloop
  endfacet
  facet normal 5.633903e-01 -4.323046e-01 -7.040626e-01
    outer loop
      vertex   1.461980e+02 -4.471775e+01 -7.900000e+00
      vertex   1.446535e+02 -4.412486e+01 -9.500000e+00
      vertex   1.450667e+02 -4.358638e+01 -9.500000e+00
    endloop
  endfacet
  facet normal 4.323046e-01 -5.633903e-01 -7.040626e-01
    outer loop
      vertex   1.461980e+02 -4.471775e+01 -7.900000e+00
      vertex   1.450667e+02 -4.358638e+01 -9.500000e+00
      vertex   1.464051e+02 -4.455883e+01 -7.900000e+00
    endloop
  endfacet
  facet normal 4.323046e-01 -5.633903e-01 -7.040626e-01
    outer loop
      vertex   1.464051e+02 -4.455883e+01 -7.900000e+00
      vertex   1.450667e+02 -4.358638e+01 -9.500000e+00
      vertex   1.456051e+02 -4.317319e+01 -9.500000e+00
    endloop
  endfacet
  facet normal 2.717580e-01 -6.560819e-01 -7.040626e-01
    outer loop
      vertex   1.464051e+02 -4.455883e+01 -7.900000e+00
      vertex   1.456051e+02 -4.317319e+01 -9.500000e+00
      vertex   1.466463e+02 -4.445893e+01 -7.900000e+00
    endloop
  endfacet
  facet normal 2.717580e-01 -6.560819e-01 -7.040626e-01
    outer loop
      vertex   1.466463e+02 -4.445893e+01 -7.900000e+00
      vertex   1.456051e+02 -4.317319e+01 -9.500000e+00
      vertex   1.462322e+02 -4.291345e+01 -9.500000e+00
    endloop
  endfacet
  facet normal 9.269160e-02 -7.040626e-01 -7.040626e-01
    outer loop
      vertex   1.466463e+02 -4.445893e+01 -7.900000e+00
      vertex   1.462322e+02 -4.291345e+01 -9.500000e+00
      vertex   1.469051e+02 -4.442486e+01 -7.900000e+00
    endloop
  endfacet
  facet normal 9.269160e-02 -7.040626e-01 -7.040626e-01
    outer loop
      vertex   1.469051e+02 -4.442486e+01 -7.900000e+00
      vertex   1.462322e+02 -4.291345e+01 -9.500000e+00
      vertex   1.469051e+02 -4.282486e+01 -9.500000e+00
    endloop
  endfacet
  facet normal -9.269160e-02 -7.040626e-01 -7.040626e-01
    outer loop
      vertex   1.469051e+02 -4.442486e+01 -7.900000e+00
      vertex   1.469051e+02 -4.282486e+01 -9.500000e+00
      vertex   1.471640e+02 -4.445893e+01 -7.900000e+00
    endloop
  endfacet
  facet normal -9.269160e-02 -7.040626e-01 -7.040626e-01
    outer loop
      vertex   1.471640e+02 -4.445893e+01 -7.900000e+00
      vertex   1.469051e+02 -4.282486e+01 -9.500000e+00
      vertex   1.475781e+02 -4.291345e+01 -9.500000e+00
    endloop
  endfacet
  facet normal -2.717580e-01 -6.560819e-01 -7.040626e-01
    outer loop
      vertex   1.471640e+02 -4.445893e+01 -7.900000e+00
      vertex   1.475781e+02 -4.291345e+01 -9.500000e+00
      vertex   1.474051e+02 -4.455883e+01 -7.900000e+00
    endloop
  endfacet
  facet normal -2.717580e-01 -6.560819e-01 -7.040626e-01
    outer loop
      vertex   1.474051e+02 -4.455883e+01 -7.900000e+00
      vertex   1.475781e+02 -4.291345e+01 -9.500000e+00
      vertex   1.482051e+02 -4.317319e+01 -9.500000e+00
    endloop
  endfacet
  facet normal -4.323046e-01 -5.633903e-01 -7.040626e-01
    outer loop
      vertex   1.474051e+02 -4.455883e+01 -7.900000e+00
      vertex   1.482051e+02 -4.317319e+01 -9.500000e+00
      vertex   1.476122e+02 -4.471775e+01 -7.900000e+00
    endloop
  endfacet
  facet normal -4.323046e-01 -5.633903e-01 -7.040626e-01
    outer loop
      vertex   1.476122e+02 -4.471775e+01 -7.900000e+00
      vertex   1.482051e+02 -4.317319e+01 -9.500000e+00
      vertex   1.487436e+02 -4.358638e+01 -9.500000e+00
    endloop
  endfacet
  facet normal -5.633903e-01 -4.323046e-01 -7.040626e-01
    outer loop
      vertex   1.476122e+02 -4.471775e+01 -7.900000e+00
      vertex   1.487436e+02 -4.358638e+01 -9.500000e+00
      vertex   1.477712e+02 -4.492486e+01 -7.900000e+00
    endloop
  endfacet
  facet normal -5.633903e-01 -4.323046e-01 -7.040626e-01
    outer loop
      vertex   1.477712e+02 -4.492486e+01 -7.900000e+00
      vertex   1.487436e+02 -4.358638e+01 -9.500000e+00
      vertex   1.491568e+02 -4.412486e+01 -9.500000e+00
    endloop
  endfacet
  facet normal -6.560819e-01 -2.717580e-01 -7.040626e-01
    outer loop
      vertex   1.477712e+02 -4.492486e+01 -7.900000e+00
      vertex   1.491568e+02 -4.412486e+01 -9.500000e+00
      vertex   1.478711e+02 -4.516604e+01 -7.900000e+00
    endloop
  endfacet
  facet normal -6.560819e-01 -2.717580e-01 -7.040626e-01
    outer loop
      vertex   1.478711e+02 -4.516604e+01 -7.900000e+00
      vertex   1.491568e+02 -4.412486e+01 -9.500000e+00
      vertex   1.494165e+02 -4.475193e+01 -9.500000e+00
    endloop
  endfacet
  facet normal -7.040626e-01 -9.269160e-02 -7.040626e-01
    outer loop
      vertex   1.478711e+02 -4.516604e+01 -7.900000e+00
      vertex   1.494165e+02 -4.475193e+01 -9.500000e+00
      vertex   1.479051e+02 -4.542486e+01 -7.900000e+00
    endloop
  endfacet
  facet normal -7.040626e-01 -9.269160e-02 -7.040626e-01
    outer loop
      vertex   1.479051e+02 -4.542486e+01 -7.900000e+00
      vertex   1.494165e+02 -4.475193e+01 -9.500000e+00
      vertex   1.495051e+02 -4.542486e+01 -9.500000e+00
    endloop
  endfacet
  facet normal -7.040626e-01 9.269160e-02 -7.040626e-01
    outer loop
      vertex   1.479051e+02 -4.542486e+01 -7.900000e+00
      vertex   1.495051e+02 -4.542486e+01 -9.500000e+00
      vertex   1.478711e+02 -4.568368e+01 -7.900000e+00
    endloop
  endfacet
  facet normal -7.040626e-01 9.269160e-02 -7.040626e-01
    outer loop
      vertex   1.478711e+02 -4.568368e+01 -7.900000e+00
      vertex   1.495051e+02 -4.542486e+01 -9.500000e+00
      vertex   1.494165e+02 -4.609779e+01 -9.500000e+00
    endloop
  endfacet
  facet normal -6.560819e-01 2.717580e-01 -7.040626e-01
    outer loop
      vertex   1.478711e+02 -4.568368e+01 -7.900000e+00
      vertex   1.494165e+02 -4.609779e+01 -9.500000e+00
      vertex   1.477712e+02 -4.592486e+01 -7.900000e+00
    endloop
  endfacet
  facet normal -6.560819e-01 2.717580e-01 -7.040626e-01
    outer loop
      vertex   1.477712e+02 -4.592486e+01 -7.900000e+00
      vertex   1.494165e+02 -4.609779e+01 -9.500000e+00
      vertex   1.491568e+02 -4.672486e+01 -9.500000e+00
    endloop
  endfacet
  facet normal -5.633903e-01 4.323046e-01 -7.040626e-01
    outer loop
      vertex   1.477712e+02 -4.592486e+01 -7.900000e+00
      vertex   1.491568e+02 -4.672486e+01 -9.500000e+00
      vertex   1.476122e+02 -4.613197e+01 -7.900000e+00
    endloop
  endfacet
  facet normal -5.633903e-01 4.323046e-01 -7.040626e-01
    outer loop
      vertex   1.476122e+02 -4.613197e+01 -7.900000e+00
      vertex   1.491568e+02 -4.672486e+01 -9.500000e+00
      vertex   1.487436e+02 -4.726334e+01 -9.500000e+00
    endloop
  endfacet
  facet normal -4.323046e-01 5.633903e-01 -7.040626e-01
    outer loop
      vertex   1.476122e+02 -4.613197e+01 -7.900000e+00
      vertex   1.487436e+02 -4.726334e+01 -9.500000e+00
      vertex   1.474051e+02 -4.629089e+01 -7.900000e+00
    endloop
  endfacet
  facet normal -4.323046e-01 5.633903e-01 -7.040626e-01
    outer loop
      vertex   1.474051e+02 -4.629089e+01 -7.900000e+00
      vertex   1.487436e+02 -4.726334e+01 -9.500000e+00
      vertex   1.482051e+02 -4.767653e+01 -9.500000e+00
    endloop
  endfacet
  facet normal -2.717580e-01 6.560819e-01 -7.040626e-01
    outer loop
      vertex   1.474051e+02 -4.629089e+01 -7.900000e+00
      vertex   1.482051e+02 -4.767653e+01 -9.500000e+00
      vertex   1.471640e+02 -4.639079e+01 -7.900000e+00
    endloop
  endfacet
  facet normal -2.717580e-01 6.560819e-01 -7.040626e-01
    outer loop
      vertex   1.471640e+02 -4.639079e+01 -7.900000e+00
      vertex   1.482051e+02 -4.767653e+01 -9.500000e+00
      vertex   1.475781e+02 -4.793627e+01 -9.500000e+00
    endloop
  endfacet
  facet normal -9.269160e-02 7.040626e-01 -7.040626e-01
    outer loop
      vertex   1.471640e+02 -4.639079e+01 -7.900000e+00
      vertex   1.475781e+02 -4.793627e+01 -9.500000e+00
      vertex   1.469051e+02 -4.642486e+01 -7.900000e+00
    endloop
  endfacet
  facet normal -9.269160e-02 7.040626e-01 -7.040626e-01
    outer loop
      vertex   1.469051e+02 -4.642486e+01 -7.900000e+00
      vertex   1.475781e+02 -4.793627e+01 -9.500000e+00
      vertex   1.469051e+02 -4.802486e+01 -9.500000e+00
    endloop
  endfacet
  facet normal 9.269160e-02 7.040626e-01 -7.040626e-01
    outer loop
      vertex   1.469051e+02 -4.642486e+01 -7.900000e+00
      vertex   1.469051e+02 -4.802486e+01 -9.500000e+00
      vertex   1.466463e+02 -4.639079e+01 -7.900000e+00
    endloop
  endfacet
  facet normal 9.269160e-02 7.040626e-01 -7.040626e-01
    outer loop
      vertex   1.466463e+02 -4.639079e+01 -7.900000e+00
      vertex   1.469051e+02 -4.802486e+01 -9.500000e+00
      vertex   1.462322e+02 -4.793627e+01 -9.500000e+00
    endloop
  endfacet
  facet normal 2.717580e-01 6.560819e-01 -7.040626e-01
    outer loop
      vertex   1.466463e+02 -4.639079e+01 -7.900000e+00
      vertex   1.462322e+02 -4.793627e+01 -9.500000e+00
      vertex   1.464051e+02 -4.629089e+01 -7.900000e+00
    endloop
  endfacet
  facet normal 2.717580e-01 6.560819e-01 -7.040626e-01
    outer loop
      vertex   1.464051e+02 -4.629089e+01 -7.900000e+00
      vertex   1.462322e+02 -4.793627e+01 -9.500000e+00
      vertex   1.456051e+02 -4.767653e+01 -9.500000e+00
    endloop
  endfacet
  facet normal 4.323046e-01 5.633903e-01 -7.040626e-01
    outer loop
      vertex   1.464051e+02 -4.629089e+01 -7.900000e+00
      vertex   1.456051e+02 -4.767653e+01 -9.500000e+00
      vertex   1.461980e+02 -4.613197e+01 -7.900000e+00
    endloop
  endfacet
  facet normal 4.323046e-01 5.633903e-01 -7.040626e-01
    outer loop
      vertex   1.461980e+02 -4.613197e+01 -7.900000e+00
      vertex   1.456051e+02 -4.767653e+01 -9.500000e+00
      vertex   1.450667e+02 -4.726334e+01 -9.500000e+00
    endloop
  endfacet
  facet normal 5.633903e-01 4.323046e-01 -7.040626e-01
    outer loop
      vertex   1.461980e+02 -4.613197e+01 -7.900000e+00
      vertex   1.450667e+02 -4.726334e+01 -9.500000e+00
      vertex   1.460391e+02 -4.592486e+01 -7.900000e+00
    endloop
  endfacet
  facet normal 5.633903e-01 4.323046e-01 -7.040626e-01
    outer loop
      vertex   1.460391e+02 -4.592486e+01 -7.900000e+00
      vertex   1.450667e+02 -4.726334e+01 -9.500000e+00
      vertex   1.446535e+02 -4.672486e+01 -9.500000e+00
    endloop
  endfacet
  facet normal 6.560819e-01 2.717580e-01 -7.040626e-01
    outer loop
      vertex   1.460391e+02 -4.592486e+01 -7.900000e+00
      vertex   1.446535e+02 -4.672486e+01 -9.500000e+00
      vertex   1.459392e+02 -4.568368e+01 -7.900000e+00
    endloop
  endfacet
  facet normal 6.560819e-01 2.717580e-01 -7.040626e-01
    outer loop
      vertex   1.459392e+02 -4.568368e+01 -7.900000e+00
      vertex   1.446535e+02 -4.672486e+01 -9.500000e+00
      vertex   1.443937e+02 -4.609779e+01 -9.500000e+00
    endloop
  endfacet
  facet normal 9.914449e-01 1.305262e-01 0.000000e+00
    outer loop
      vertex   1.459392e+02 -4.568368e+01 -7.500000e+00
      vertex   1.459392e+02 -4.568368e+01 -7.900000e+00
      vertex   1.459051e+02 -4.542486e+01 -7.500000e+00
    endloop
  endfacet
  facet normal 9.914449e-01 1.305262e-01 0.000000e+00
    outer loop
      vertex   1.459051e+02 -4.542486e+01 -7.500000e+00
      vertex   1.459392e+02 -4.568368e+01 -7.900000e+00
      vertex   1.459051e+02 -4.542486e+01 -7.900000e+00
    endloop
  endfacet
  facet normal 9.914449e-01 -1.305262e-01 0.000000e+00
    outer loop
      vertex   1.459051e+02 -4.542486e+01 -7.500000e+00
      vertex   1.459051e+02 -4.542486e+01 -7.900000e+00
      vertex   1.459392e+02 -4.516604e+01 -7.500000e+00
    endloop
  endfacet
  facet normal 9.914449e-01 -1.305262e-01 0.000000e+00
    outer loop
      vertex   1.459392e+02 -4.516604e+01 -7.500000e+00
      vertex   1.459051e+02 -4.542486e+01 -7.900000e+00
      vertex   1.459392e+02 -4.516604e+01 -7.900000e+00
    endloop
  endfacet
  facet normal 9.238795e-01 -3.826834e-01 0.000000e+00
    outer loop
      vertex   1.459392e+02 -4.516604e+01 -7.500000e+00
      vertex   1.459392e+02 -4.516604e+01 -7.900000e+00
      vertex   1.460391e+02 -4.492486e+01 -7.500000e+00
    endloop
  endfacet
  facet normal 9.238795e-01 -3.826834e-01 0.000000e+00
    outer loop
      vertex   1.460391e+02 -4.492486e+01 -7.500000e+00
      vertex   1.459392e+02 -4.516604e+01 -7.900000e+00
      vertex   1.460391e+02 -4.492486e+01 -7.900000e+00
    endloop
  endfacet
  facet normal 7.933533e-01 -6.087614e-01 0.000000e+00
    outer loop
      vertex   1.460391e+02 -4.492486e+01 -7.500000e+00
      vertex   1.460391e+02 -4.492486e+01 -7.900000e+00
      vertex   1.461980e+02 -4.471775e+01 -7.500000e+00
    endloop
  endfacet
  facet normal 7.933533e-01 -6.087614e-01 0.000000e+00
    outer loop
      vertex   1.461980e+02 -4.471775e+01 -7.500000e+00
      vertex   1.460391e+02 -4.492486e+01 -7.900000e+00
      vertex   1.461980e+02 -4.471775e+01 -7.900000e+00
    endloop
  endfacet
  facet normal 6.087614e-01 -7.933533e-01 0.000000e+00
    outer loop
      vertex   1.461980e+02 -4.471775e+01 -7.500000e+00
      vertex   1.461980e+02 -4.471775e+01 -7.900000e+00
      vertex   1.464051e+02 -4.455883e+01 -7.500000e+00
    endloop
  endfacet
  facet normal 6.087614e-01 -7.933533e-01 4.325510e-14
    outer loop
      vertex   1.464051e+02 -4.455883e+01 -7.500000e+00
      vertex   1.461980e+02 -4.471775e+01 -7.900000e+00
      vertex   1.464051e+02 -4.455883e+01 -7.900000e+00
    endloop
  endfacet
  facet normal 3.826834e-01 -9.238795e-01 2.719129e-14
    outer loop
      vertex   1.464051e+02 -4.455883e+01 -7.500000e+00
      vertex   1.464051e+02 -4.455883e+01 -7.900000e+00
      vertex   1.466463e+02 -4.445893e+01 -7.500000e+00
    endloop
  endfacet
  facet normal 3.826834e-01 -9.238795e-01 0.000000e+00
    outer loop
      vertex   1.466463e+02 -4.445893e+01 -7.500000e+00
      vertex   1.464051e+02 -4.455883e+01 -7.900000e+00
      vertex   1.466463e+02 -4.445893e+01 -7.900000e+00
    endloop
  endfacet
  facet normal 1.305262e-01 -9.914449e-01 0.000000e+00
    outer loop
      vertex   1.466463e+02 -4.445893e+01 -7.500000e+00
      vertex   1.466463e+02 -4.445893e+01 -7.900000e+00
      vertex   1.469051e+02 -4.442486e+01 -7.500000e+00
    endloop
  endfacet
  facet normal 1.305262e-01 -9.914449e-01 0.000000e+00
    outer loop
      vertex   1.469051e+02 -4.442486e+01 -7.500000e+00
      vertex   1.466463e+02 -4.445893e+01 -7.900000e+00
      vertex   1.469051e+02 -4.442486e+01 -7.900000e+00
    endloop
  endfacet
  facet normal -1.305262e-01 -9.914449e-01 -0.000000e+00
    outer loop
      vertex   1.469051e+02 -4.442486e+01 -7.500000e+00
      vertex   1.469051e+02 -4.442486e+01 -7.900000e+00
      vertex   1.471640e+02 -4.445893e+01 -7.500000e+00
    endloop
  endfacet
  facet normal -1.305262e-01 -9.914449e-01 -0.000000e+00
    outer loop
      vertex   1.471640e+02 -4.445893e+01 -7.500000e+00
      vertex   1.469051e+02 -4.442486e+01 -7.900000e+00
      vertex   1.471640e+02 -4.445893e+01 -7.900000e+00
    endloop
  endfacet
  facet normal -3.826834e-01 -9.238795e-01 -0.000000e+00
    outer loop
      vertex   1.471640e+02 -4.445893e+01 -7.500000e+00
      vertex   1.471640e+02 -4.445893e+01 -7.900000e+00
      vertex   1.474051e+02 -4.455883e+01 -7.500000e+00
    endloop
  endfacet
  facet normal -3.826834e-01 -9.238795e-01 -2.719129e-14
    outer loop
      vertex   1.474051e+02 -4.455883e+01 -7.500000e+00
      vertex   1.471640e+02 -4.445893e+01 -7.900000e+00
      vertex   1.474051e+02 -4.455883e+01 -7.900000e+00
    endloop
  endfacet
  facet normal -6.087614e-01 -7.933533e-01 -4.325510e-14
    outer loop
      vertex   1.474051e+02 -4.455883e+01 -7.500000e+00
      vertex   1.474051e+02 -4.455883e+01 -7.900000e+00
      vertex   1.476122e+02 -4.471775e+01 -7.500000e+00
    endloop
  endfacet
  facet normal -6.087614e-01 -7.933533e-01 -0.000000e+00
    outer loop
      vertex   1.476122e+02 -4.471775e+01 -7.500000e+00
      vertex   1.474051e+02 -4.455883e+01 -7.900000e+00
      vertex   1.476122e+02 -4.471775e+01 -7.900000e+00
    endloop
  endfacet
  facet normal -7.933533e-01 -6.087614e-01 -0.000000e+00
    outer loop
      vertex   1.476122e+02 -4.471775e+01 -7.500000e+00
      vertex   1.476122e+02 -4.471775e+01 -7.900000e+00
      vertex   1.477712e+02 -4.492486e+01 -7.500000e+00
    endloop
  endfacet
  facet normal -7.933533e-01 -6.087614e-01 -0.000000e+00
    outer loop
      vertex   1.477712e+02 -4.492486e+01 -7.500000e+00
      vertex   1.476122e+02 -4.471775e+01 -7.900000e+00
      vertex   1.477712e+02 -4.492486e+01 -7.900000e+00
    endloop
  endfacet
  facet normal -9.238795e-01 -3.826834e-01 -0.000000e+00
    outer loop
      vertex   1.477712e+02 -4.492486e+01 -7.500000e+00
      vertex   1.477712e+02 -4.492486e+01 -7.900000e+00
      vertex   1.478711e+02 -4.516604e+01 -7.500000e+00
    endloop
  endfacet
  facet normal -9.238795e-01 -3.826834e-01 -0.000000e+00
    outer loop
      vertex   1.478711e+02 -4.516604e+01 -7.500000e+00
      vertex   1.477712e+02 -4.492486e+01 -7.900000e+00
      vertex   1.478711e+02 -4.516604e+01 -7.900000e+00
    endloop
  endfacet
  facet normal -9.914449e-01 -1.305262e-01 -0.000000e+00
    outer loop
      vertex   1.478711e+02 -4.516604e+01 -7.500000e+00
      vertex   1.478711e+02 -4.516604e+01 -7.900000e+00
      vertex   1.479051e+02 -4.542486e+01 -7.500000e+00
    endloop
  endfacet
  facet normal -9.914449e-01 -1.305262e-01 -0.000000e+00
    outer loop
      vertex   1.479051e+02 -4.542486e+01 -7.500000e+00
      vertex   1.478711e+02 -4.516604e+01 -7.900000e+00
      vertex   1.479051e+02 -4.542486e+01 -7.900000e+00
    endloop
  endfacet
  facet normal -9.914449e-01 1.305262e-01 0.000000e+00
    outer loop
      vertex   1.479051e+02 -4.542486e+01 -7.500000e+00
      vertex   1.479051e+02 -4.542486e+01 -7.900000e+00
      vertex   1.478711e+02 -4.568368e+01 -7.500000e+00
    endloop
  endfacet
  facet normal -9.914449e-01 1.305262e-01 0.000000e+00
    outer loop
      vertex   1.478711e+02 -4.568368e+01 -7.500000e+00
      vertex   1.479051e+02 -4.542486e+01 -7.900000e+00
      vertex   1.478711e+02 -4.568368e+01 -7.900000e+00
    endloop
  endfacet
  facet normal -9.238795e-01 3.826834e-01 0.000000e+00
    outer loop
      vertex   1.478711e+02 -4.568368e+01 -7.500000e+00
      vertex   1.478711e+02 -4.568368e+01 -7.900000e+00
      vertex   1.477712e+02 -4.592486e+01 -7.500000e+00
    endloop
  endfacet
  facet normal -9.238795e-01 3.826834e-01 0.000000e+00
    outer loop
      vertex   1.477712e+02 -4.592486e+01 -7.500000e+00
      vertex   1.478711e+02 -4.568368e+01 -7.900000e+00
      vertex   1.477712e+02 -4.592486e+01 -7.900000e+00
    endloop
  endfacet
  facet normal -7.933533e-01 6.087614e-01 0.000000e+00
    outer loop
      vertex   1.477712e+02 -4.592486e+01 -7.500000e+00
      vertex   1.477712e+02 -4.592486e+01 -7.900000e+00
      vertex   1.476122e+02 -4.613197e+01 -7.500000e+00
    endloop
  endfacet
  facet normal -7.933533e-01 6.087614e-01 0.000000e+00
    outer loop
      vertex   1.476122e+02 -4.613197e+01 -7.500000e+00
      vertex   1.477712e+02 -4.592486e+01 -7.900000e+00
      vertex   1.476122e+02 -4.613197e+01 -7.900000e+00
    endloop
  endfacet
  facet normal -6.087614e-01 7.933533e-01 0.000000e+00
    outer loop
      vertex   1.476122e+02 -4.613197e+01 -7.500000e+00
      vertex   1.476122e+02 -4.613197e+01 -7.900000e+00
      vertex   1.474051e+02 -4.629089e+01 -7.500000e+00
    endloop
  endfacet
  facet normal -6.087614e-01 7.933533e-01 4.325510e-14
    outer loop
      vertex   1.474051e+02 -4.629089e+01 -7.500000e+00
      vertex   1.476122e+02 -4.613197e+01 -7.900000e+00
      vertex   1.474051e+02 -4.629089e+01 -7.900000e+00
    endloop
  endfacet
  facet normal -3.826834e-01 9.238795e-01 2.719129e-14
    outer loop
      vertex   1.474051e+02 -4.629089e+01 -7.500000e+00
      vertex   1.474051e+02 -4.629089e+01 -7.900000e+00
      vertex   1.471640e+02 -4.639079e+01 -7.500000e+00
    endloop
  endfacet
  facet normal -3.826834e-01 9.238795e-01 0.000000e+00
    outer loop
      vertex   1.471640e+02 -4.639079e+01 -7.500000e+00
      vertex   1.474051e+02 -4.629089e+01 -7.900000e+00
      vertex   1.471640e+02 -4.639079e+01 -7.900000e+00
    endloop
  endfacet
  facet normal -1.305262e-01 9.914449e-01 0.000000e+00
    outer loop
      vertex   1.471640e+02 -4.639079e+01 -7.500000e+00
      vertex   1.471640e+02 -4.639079e+01 -7.900000e+00
      vertex   1.469051e+02 -4.642486e+01 -7.500000e+00
    endloop
  endfacet
  facet normal -1.305262e-01 9.914449e-01 0.000000e+00
    outer loop
      vertex   1.469051e+02 -4.642486e+01 -7.500000e+00
      vertex   1.471640e+02 -4.639079e+01 -7.900000e+00
      vertex   1.469051e+02 -4.642486e+01 -7.900000e+00
    endloop
  endfacet
  facet normal 1.305262e-01 9.914449e-01 0.000000e+00
    outer loop
      vertex   1.469051e+02 -4.642486e+01 -7.500000e+00
      vertex   1.469051e+02 -4.642486e+01 -7.900000e+00
      vertex   1.466463e+02 -4.639079e+01 -7.500000e+00
    endloop
  endfacet
  facet normal 1.305262e-01 9.914449e-01 0.000000e+00
    outer loop
      vertex   1.466463e+02 -4.639079e+01 -7.500000e+00
      vertex   1.469051e+02 -4.642486e+01 -7.900000e+00
      vertex   1.466463e+02 -4.639079e+01 -7.900000e+00
    endloop
  endfacet
  facet normal 3.826834e-01 9.238795e-01 0.000000e+00
    outer loop
      vertex   1.466463e+02 -4.639079e+01 -7.500000e+00
      vertex   1.466463e+02 -4.639079e+01 -7.900000e+00
      vertex   1.464051e+02 -4.629089e+01 -7.500000e+00
    endloop
  endfacet
  facet normal 3.826834e-01 9.238795e-01 -2.719129e-14
    outer loop
      vertex   1.464051e+02 -4.629089e+01 -7.500000e+00
      vertex   1.466463e+02 -4.639079e+01 -7.900000e+00
      vertex   1.464051e+02 -4.629089e+01 -7.900000e+00
    endloop
  endfacet
  facet normal 6.087614e-01 7.933533e-01 -4.325510e-14
    outer loop
      vertex   1.464051e+02 -4.629089e+01 -7.500000e+00
      vertex   1.464051e+02 -4.629089e+01 -7.900000e+00
      vertex   1.461980e+02 -4.613197e+01 -7.500000e+00
    endloop
  endfacet
  facet normal 6.087614e-01 7.933533e-01 0.000000e+00
    outer loop
      vertex   1.461980e+02 -4.613197e+01 -7.500000e+00
      vertex   1.464051e+02 -4.629089e+01 -7.900000e+00
      vertex   1.461980e+02 -4.613197e+01 -7.900000e+00
    endloop
  endfacet
  facet normal 7.933533e-01 6.087614e-01 0.000000e+00
    outer loop
      vertex   1.461980e+02 -4.613197e+01 -7.500000e+00
      vertex   1.461980e+02 -4.613197e+01 -7.900000e+00
      vertex   1.460391e+02 -4.592486e+01 -7.500000e+00
    endloop
  endfacet
  facet normal 7.933533e-01 6.087614e-01 0.000000e+00
    outer loop
      vertex   1.460391e+02 -4.592486e+01 -7.500000e+00
      vertex   1.461980e+02 -4.613197e+01 -7.900000e+00
      vertex   1.460391e+02 -4.592486e+01 -7.900000e+00
    endloop
  endfacet
  facet normal 9.238795e-01 3.826834e-01 0.000000e+00
    outer loop
      vertex   1.460391e+02 -4.592486e+01 -7.500000e+00
      vertex   1.460391e+02 -4.592486e+01 -7.900000e+00
      vertex   1.459392e+02 -4.568368e+01 -7.500000e+00
    endloop
  endfacet
  facet normal 9.238795e-01 3.826834e-01 0.000000e+00
    outer loop
      vertex   1.459392e+02 -4.568368e+01 -7.500000e+00
      vertex   1.460391e+02 -4.592486e+01 -7.900000e+00
      vertex   1.459392e+02 -4.568368e+01 -7.900000e+00
    endloop
  endfacet
  facet normal -6.540313e-02 -9.978589e-01 0.000000e+00
    outer loop
      vertex   1.732001e+01 -1.295391e+02 -9.500000e+00
      vertex   1.732001e+01 -1.295391e+02 -7.500000e+00
      vertex   1.575370e+01 -1.294364e+02 -9.500000e+00
    endloop
  endfacet
  facet normal -6.540313e-02 -9.978589e-01 0.000000e+00
    outer loop
      vertex   1.575370e+01 -1.294364e+02 -9.500000e+00
      vertex   1.732001e+01 -1.295391e+02 -7.500000e+00
      vertex   1.575370e+01 -1.294364e+02 -7.500000e+00
    endloop
  endfacet
  facet normal -1.950903e-01 -9.807853e-01 0.000000e+00
    outer loop
      vertex   1.575370e+01 -1.294364e+02 -9.500000e+00
      vertex   1.575370e+01 -1.294364e+02 -7.500000e+00
      vertex   1.421418e+01 -1.291302e+02 -9.500000e+00
    endloop
  endfacet
  facet normal -1.950903e-01 -9.807853e-01 0.000000e+00
    outer loop
      vertex   1.421418e+01 -1.291302e+02 -9.500000e+00
      vertex   1.575370e+01 -1.294364e+02 -7.500000e+00
      vertex   1.421418e+01 -1.291302e+02 -7.500000e+00
    endloop
  endfacet
  facet normal -3.214395e-01 -9.469301e-01 0.000000e+00
    outer loop
      vertex   1.421418e+01 -1.291302e+02 -9.500000e+00
      vertex   1.421418e+01 -1.291302e+02 -7.500000e+00
      vertex   1.272781e+01 -1.286256e+02 -9.500000e+00
    endloop
  endfacet
  facet normal -3.214395e-01 -9.469301e-01 0.000000e+00
    outer loop
      vertex   1.272781e+01 -1.286256e+02 -9.500000e+00
      vertex   1.421418e+01 -1.291302e+02 -7.500000e+00
      vertex   1.272781e+01 -1.286256e+02 -7.500000e+00
    endloop
  endfacet
  facet normal -4.422887e-01 -8.968727e-01 0.000000e+00
    outer loop
      vertex   1.272781e+01 -1.286256e+02 -9.500000e+00
      vertex   1.272781e+01 -1.286256e+02 -7.500000e+00
      vertex   1.132001e+01 -1.279314e+02 -9.500000e+00
    endloop
  endfacet
  facet normal -4.422887e-01 -8.968727e-01 0.000000e+00
    outer loop
      vertex   1.132001e+01 -1.279314e+02 -9.500000e+00
      vertex   1.272781e+01 -1.286256e+02 -7.500000e+00
      vertex   1.132001e+01 -1.279314e+02 -7.500000e+00
    endloop
  endfacet
  facet normal -5.555702e-01 -8.314696e-01 0.000000e+00
    outer loop
      vertex   1.132001e+01 -1.279314e+02 -9.500000e+00
      vertex   1.132001e+01 -1.279314e+02 -7.500000e+00
      vertex   1.001488e+01 -1.270593e+02 -9.500000e+00
    endloop
  endfacet
  facet normal -5.555702e-01 -8.314696e-01 0.000000e+00
    outer loop
      vertex   1.001488e+01 -1.270593e+02 -9.500000e+00
      vertex   1.132001e+01 -1.279314e+02 -7.500000e+00
      vertex   1.001488e+01 -1.270593e+02 -7.500000e+00
    endloop
  endfacet
  facet normal -6.593458e-01 -7.518398e-01 0.000000e+00
    outer loop
      vertex   1.001488e+01 -1.270593e+02 -9.500000e+00
      vertex   1.001488e+01 -1.270593e+02 -7.500000e+00
      vertex   8.834731e+00 -1.260243e+02 -9.500000e+00
    endloop
  endfacet
  facet normal -6.593458e-01 -7.518398e-01 0.000000e+00
    outer loop
      vertex   8.834731e+00 -1.260243e+02 -9.500000e+00
      vertex   1.001488e+01 -1.270593e+02 -7.500000e+00
      vertex   8.834731e+00 -1.260243e+02 -7.500000e+00
    endloop
  endfacet
  facet normal -7.518398e-01 -6.593458e-01 0.000000e+00
    outer loop
      vertex   8.834731e+00 -1.260243e+02 -9.500000e+00
      vertex   8.834731e+00 -1.260243e+02 -7.500000e+00
      vertex   7.799773e+00 -1.248442e+02 -9.500000e+00
    endloop
  endfacet
  facet normal -7.518398e-01 -6.593458e-01 0.000000e+00
    outer loop
      vertex   7.799773e+00 -1.248442e+02 -9.500000e+00
      vertex   8.834731e+00 -1.260243e+02 -7.500000e+00
      vertex   7.799773e+00 -1.248442e+02 -7.500000e+00
    endloop
  endfacet
  facet normal -8.314696e-01 -5.555702e-01 0.000000e+00
    outer loop
      vertex   7.799773e+00 -1.248442e+02 -9.500000e+00
      vertex   7.799773e+00 -1.248442e+02 -7.500000e+00
      vertex   6.927708e+00 -1.235391e+02 -9.500000e+00
    endloop
  endfacet
  facet normal -8.314696e-01 -5.555702e-01 0.000000e+00
    outer loop
      vertex   6.927708e+00 -1.235391e+02 -9.500000e+00
      vertex   7.799773e+00 -1.248442e+02 -7.500000e+00
      vertex   6.927708e+00 -1.235391e+02 -7.500000e+00
    endloop
  endfacet
  facet normal -8.968727e-01 -4.422887e-01 0.000000e+00
    outer loop
      vertex   6.927708e+00 -1.235391e+02 -9.500000e+00
      vertex   6.927708e+00 -1.235391e+02 -7.500000e+00
      vertex   6.233458e+00 -1.221313e+02 -9.500000e+00
    endloop
  endfacet
  facet normal -8.968727e-01 -4.422887e-01 0.000000e+00
    outer loop
      vertex   6.233458e+00 -1.221313e+02 -9.500000e+00
      vertex   6.927708e+00 -1.235391e+02 -7.500000e+00
      vertex   6.233458e+00 -1.221313e+02 -7.500000e+00
    endloop
  endfacet
  facet normal -9.469301e-01 -3.214395e-01 0.000000e+00
    outer loop
      vertex   6.233458e+00 -1.221313e+02 -9.500000e+00
      vertex   6.233458e+00 -1.221313e+02 -7.500000e+00
      vertex   5.728903e+00 -1.206449e+02 -9.500000e+00
    endloop
  endfacet
  facet normal -9.469301e-01 -3.214395e-01 0.000000e+00
    outer loop
      vertex   5.728903e+00 -1.206449e+02 -9.500000e+00
      vertex   6.233458e+00 -1.221313e+02 -7.500000e+00
      vertex   5.728903e+00 -1.206449e+02 -7.500000e+00
    endloop
  endfacet
  facet normal -9.807853e-01 -1.950903e-01 0.000000e+00
    outer loop
      vertex   5.728903e+00 -1.206449e+02 -9.500000e+00
      vertex   5.728903e+00 -1.206449e+02 -7.500000e+00
      vertex   5.422674e+00 -1.191054e+02 -9.500000e+00
    endloop
  endfacet
  facet normal -9.807853e-01 -1.950903e-01 0.000000e+00
    outer loop
      vertex   5.422674e+00 -1.191054e+02 -9.500000e+00
      vertex   5.728903e+00 -1.206449e+02 -7.500000e+00
      vertex   5.422674e+00 -1.191054e+02 -7.500000e+00
    endloop
  endfacet
  facet normal -9.978589e-01 -6.540313e-02 0.000000e+00
    outer loop
      vertex   5.422674e+00 -1.191054e+02 -9.500000e+00
      vertex   5.422674e+00 -1.191054e+02 -7.500000e+00
      vertex   5.320013e+00 -1.175391e+02 -9.500000e+00
    endloop
  endfacet
  facet normal -9.978589e-01 -6.540313e-02 0.000000e+00
    outer loop
      vertex   5.320013e+00 -1.175391e+02 -9.500000e+00
      vertex   5.422674e+00 -1.191054e+02 -7.500000e+00
      vertex   5.320013e+00 -1.175391e+02 -7.500000e+00
    endloop
  endfacet
  facet normal -0.000000e+00 -1.000000e+00 -0.000000e+00
    outer loop
      vertex   1.399051e+02 -1.295391e+02 -7.500000e+00
      vertex   1.732001e+01 -1.295391e+02 -7.500000e+00
      vertex   1.399051e+02 -1.295391e+02 -9.500000e+00
    endloop
  endfacet
  facet normal 0.000000e+00 -1.000000e+00 0.000000e+00
    outer loop
      vertex   1.399051e+02 -1.295391e+02 -9.500000e+00
      vertex   1.732001e+01 -1.295391e+02 -7.500000e+00
      vertex   1.732001e+01 -1.295391e+02 -9.500000e+00
    endloop
  endfacet
  facet normal 9.978589e-01 -6.540313e-02 0.000000e+00
    outer loop
      vertex   1.519051e+02 -1.175391e+02 -9.500000e+00
      vertex   1.519051e+02 -1.175391e+02 -7.500000e+00
      vertex   1.518025e+02 -1.191054e+02 -9.500000e+00
    endloop
  endfacet
  facet normal 9.978589e-01 -6.540313e-02 0.000000e+00
    outer loop
      vertex   1.518025e+02 -1.191054e+02 -9.500000e+00
      vertex   1.519051e+02 -1.175391e+02 -7.500000e+00
      vertex   1.518025e+02 -1.191054e+02 -7.500000e+00
    endloop
  endfacet
  facet normal 9.807853e-01 -1.950903e-01 0.000000e+00
    outer loop
      vertex   1.518025e+02 -1.191054e+02 -9.500000e+00
      vertex   1.518025e+02 -1.191054e+02 -7.500000e+00
      vertex   1.514962e+02 -1.206449e+02 -9.500000e+00
    endloop
  endfacet
  facet normal 9.807853e-01 -1.950903e-01 0.000000e+00
    outer loop
      vertex   1.514962e+02 -1.206449e+02 -9.500000e+00
      vertex   1.518025e+02 -1.191054e+02 -7.500000e+00
      vertex   1.514962e+02 -1.206449e+02 -7.500000e+00
    endloop
  endfacet
  facet normal 9.469301e-01 -3.214395e-01 0.000000e+00
    outer loop
      vertex   1.514962e+02 -1.206449e+02 -9.500000e+00
      vertex   1.514962e+02 -1.206449e+02 -7.500000e+00
      vertex   1.509917e+02 -1.221313e+02 -9.500000e+00
    endloop
  endfacet
  facet normal 9.469301e-01 -3.214395e-01 0.000000e+00
    outer loop
      vertex   1.509917e+02 -1.221313e+02 -9.500000e+00
      vertex   1.514962e+02 -1.206449e+02 -7.500000e+00
      vertex   1.509917e+02 -1.221313e+02 -7.500000e+00
    endloop
  endfacet
  facet normal 8.968727e-01 -4.422887e-01 0.000000e+00
    outer loop
      vertex   1.509917e+02 -1.221313e+02 -9.500000e+00
      vertex   1.509917e+02 -1.221313e+02 -7.500000e+00
      vertex   1.502974e+02 -1.235391e+02 -9.500000e+00
    endloop
  endfacet
  facet normal 8.968727e-01 -4.422887e-01 0.000000e+00
    outer loop
      vertex   1.502974e+02 -1.235391e+02 -9.500000e+00
      vertex   1.509917e+02 -1.221313e+02 -7.500000e+00
      vertex   1.502974e+02 -1.235391e+02 -7.500000e+00
    endloop
  endfacet
  facet normal 8.314696e-01 -5.555702e-01 0.000000e+00
    outer loop
      vertex   1.502974e+02 -1.235391e+02 -9.500000e+00
      vertex   1.502974e+02 -1.235391e+02 -7.500000e+00
      vertex   1.494254e+02 -1.248442e+02 -9.500000e+00
    endloop
  endfacet
  facet normal 8.314696e-01 -5.555702e-01 0.000000e+00
    outer loop
      vertex   1.494254e+02 -1.248442e+02 -9.500000e+00
      vertex   1.502974e+02 -1.235391e+02 -7.500000e+00
      vertex   1.494254e+02 -1.248442e+02 -7.500000e+00
    endloop
  endfacet
  facet normal 7.518398e-01 -6.593458e-01 0.000000e+00
    outer loop
      vertex   1.494254e+02 -1.248442e+02 -9.500000e+00
      vertex   1.494254e+02 -1.248442e+02 -7.500000e+00
      vertex   1.483904e+02 -1.260243e+02 -9.500000e+00
    endloop
  endfacet
  facet normal 7.518398e-01 -6.593458e-01 0.000000e+00
    outer loop
      vertex   1.483904e+02 -1.260243e+02 -9.500000e+00
      vertex   1.494254e+02 -1.248442e+02 -7.500000e+00
      vertex   1.483904e+02 -1.260243e+02 -7.500000e+00
    endloop
  endfacet
  facet normal 6.593458e-01 -7.518398e-01 0.000000e+00
    outer loop
      vertex   1.483904e+02 -1.260243e+02 -9.500000e+00
      vertex   1.483904e+02 -1.260243e+02 -7.500000e+00
      vertex   1.472103e+02 -1.270593e+02 -9.500000e+00
    endloop
  endfacet
  facet normal 6.593458e-01 -7.518398e-01 0.000000e+00
    outer loop
      vertex   1.472103e+02 -1.270593e+02 -9.500000e+00
      vertex   1.483904e+02 -1.260243e+02 -7.500000e+00
      vertex   1.472103e+02 -1.270593e+02 -7.500000e+00
    endloop
  endfacet
  facet normal 5.555702e-01 -8.314696e-01 0.000000e+00
    outer loop
      vertex   1.472103e+02 -1.270593e+02 -9.500000e+00
      vertex   1.472103e+02 -1.270593e+02 -7.500000e+00
      vertex   1.459051e+02 -1.279314e+02 -9.500000e+00
    endloop
  endfacet
  facet normal 5.555702e-01 -8.314696e-01 0.000000e+00
    outer loop
      vertex   1.459051e+02 -1.279314e+02 -9.500000e+00
      vertex   1.472103e+02 -1.270593e+02 -7.500000e+00
      vertex   1.459051e+02 -1.279314e+02 -7.500000e+00
    endloop
  endfacet
  facet normal 4.422887e-01 -8.968727e-01 0.000000e+00
    outer loop
      vertex   1.459051e+02 -1.279314e+02 -9.500000e+00
      vertex   1.459051e+02 -1.279314e+02 -7.500000e+00
      vertex   1.444973e+02 -1.286256e+02 -9.500000e+00
    endloop
  endfacet
  facet normal 4.422887e-01 -8.968727e-01 0.000000e+00
    outer loop
      vertex   1.444973e+02 -1.286256e+02 -9.500000e+00
      vertex   1.459051e+02 -1.279314e+02 -7.500000e+00
      vertex   1.444973e+02 -1.286256e+02 -7.500000e+00
    endloop
  endfacet
  facet normal 3.214395e-01 -9.469301e-01 0.000000e+00
    outer loop
      vertex   1.444973e+02 -1.286256e+02 -9.500000e+00
      vertex   1.444973e+02 -1.286256e+02 -7.500000e+00
      vertex   1.430110e+02 -1.291302e+02 -9.500000e+00
    endloop
  endfacet
  facet normal 3.214395e-01 -9.469301e-01 0.000000e+00
    outer loop
      vertex   1.430110e+02 -1.291302e+02 -9.500000e+00
      vertex   1.444973e+02 -1.286256e+02 -7.500000e+00
      vertex   1.430110e+02 -1.291302e+02 -7.500000e+00
    endloop
  endfacet
  facet normal 1.950903e-01 -9.807853e-01 0.000000e+00
    outer loop
      vertex   1.430110e+02 -1.291302e+02 -9.500000e+00
      vertex   1.430110e+02 -1.291302e+02 -7.500000e+00
      vertex   1.414715e+02 -1.294364e+02 -9.500000e+00
    endloop
  endfacet
  facet normal 1.950903e-01 -9.807853e-01 0.000000e+00
    outer loop
      vertex   1.414715e+02 -1.294364e+02 -9.500000e+00
      vertex   1.430110e+02 -1.291302e+02 -7.500000e+00
      vertex   1.414715e+02 -1.294364e+02 -7.500000e+00
    endloop
  endfacet
  facet normal 6.540313e-02 -9.978589e-01 0.000000e+00
    outer loop
      vertex   1.414715e+02 -1.294364e+02 -9.500000e+00
      vertex   1.414715e+02 -1.294364e+02 -7.500000e+00
      vertex   1.399051e+02 -1.295391e+02 -9.500000e+00
    endloop
  endfacet
  facet normal 6.540313e-02 -9.978589e-01 0.000000e+00
    outer loop
      vertex   1.399051e+02 -1.295391e+02 -9.500000e+00
      vertex   1.414715e+02 -1.294364e+02 -7.500000e+00
      vertex   1.399051e+02 -1.295391e+02 -7.500000e+00
    endloop
  endfacet
  facet normal 1.000000e+00 6.922484e-16 -4.600054e-11
    outer loop
      vertex   1.519051e+02 -3.542486e+01 -7.500000e+00
      vertex   1.519051e+02 -1.175391e+02 -7.500000e+00
      vertex   1.519051e+02 -3.542486e+01 -9.500000e+00
    endloop
  endfacet
  facet normal 1.000000e+00 1.121096e-12 0.000000e+00
    outer loop
      vertex   1.519051e+02 -3.542486e+01 -9.500000e+00
      vertex   1.519051e+02 -1.175391e+02 -7.500000e+00
      vertex   1.519051e+02 -1.175391e+02 -9.500000e+00
    endloop
  endfacet
  facet normal -1.000000e+00 1.019556e-16 0.000000e+00
    outer loop
      vertex   5.320013e+00 -1.175391e+02 -7.500000e+00
      vertex   5.320013e+00 -3.042486e+01 -7.500000e+00
      vertex   5.320013e+00 -1.175391e+02 -9.500000e+00
    endloop
  endfacet
  facet normal -1.000000e+00 1.019556e-16 0.000000e+00
    outer loop
      vertex   5.320013e+00 -1.175391e+02 -9.500000e+00
      vertex   5.320013e+00 -3.042486e+01 -7.500000e+00
      vertex   5.320013e+00 -3.042486e+01 -9.500000e+00
    endloop
  endfacet
endsolid
